started_utc=2026-07-22T18:24:09.846048062Z
command= /home/qinhaiyan/glm52-goal-runs/24-tp_allreduce_reachability/kernel-harness/serving_native/run.sh tp4_allreduce_decode_m16 --candidate /home/qinhaiyan/glm52-goal-runs/24-tp_allreduce_reachability/kernel-harness/serving_native/candidates/reference.py --execution-mode cuda_graph --stream nondefault --warmup 10 --repeat 100 --output /tmp/tp_allreduce_reachability_20260722T181038Z/paired/m16_reference_control.json
timeout_seconds=1800

*****************************************
Setting OMP_NUM_THREADS environment variable for each process to be 1 in default, to avoid your system being overloaded, please further tune the variable for optimal performance in your application as needed. 
*****************************************
/home/qinhaiyan/glm52-goal-runs/24-tp_allreduce_reachability/kernel-harness/.venv/lib/python3.12/site-packages/torch/distributed/c10d_logger.py:83: UserWarning: barrier(): using the device under current context. You can specify `device_id` in `init_process_group` to mute this warning.
  return func(*args, **kwargs)
[rank0]:[W722 18:24:23.176167613 ProcessGroupNCCL.cpp:5188] Guessing device ID based on global rank. This can cause a hang if rank to GPU mapping is heterogeneous. You can specify device_id in init_process_group()
{
  "all_reduce_trace": {
    "enabled": false,
    "evidence_valid": null,
    "failure_counts_by_rank": null,
    "measurement_instrumented": false,
    "paths_by_rank": null,
    "replay_limitation": "Python observes eager dispatch or CUDA graph capture only; CUDA graph replay does not re-enter this hook. Correlate stable kernel names in an Nsight Systems trace to prove replay execution."
  },
  "allreduce": {
    "candidate_capture_context_by_rank": [
      {
        "communicators": {
          "custom": {
            "algorithm": "ONE_SHOT_PUSH",
            "class": "sglang.srt.distributed.device_communicators.custom_all_reduce_v2.CustomAllReduceV2",
            "fields": {
              "config": "ModeConfig(one_shot_push_threshold=2097152, one_shot_pull_threshold=2097152)",
              "disabled": "False",
              "max_size": "16777216",
              "override_algo": "None",
              "rank": "0",
              "tms_cudagraph": "False",
              "world_size": "4"
            },
            "python_id": 126596510742432,
            "should_custom_ar": {
              "value": true
            }
          },
          "pymscclpp": {
            "should_mscclpp_allreduce": {
              "value": false
            }
          },
          "pynccl": {
            "class": "sglang.srt.distributed.device_communicators.pynccl.PyNcclCommunicator",
            "fields": {
              "disabled": "False",
              "rank": "0",
              "world_size": "4"
            },
            "python_id": 126596511354368,
            "symmetric_pool_enabled": {
              "value": false
            }
          },
          "quick": {
            "should_quick_allreduce": {
              "value": false
            }
          },
          "torch_symmetric_memory": {
            "should_torch_symm_mem_allreduce": {
              "value": false
            }
          }
        },
        "dtype": "torch.bfloat16",
        "execution_mode": "cuda_graph",
        "group_name": "tp:0",
        "group_ranks": [
          0,
          1,
          2,
          3
        ],
        "local_size": 0,
        "message_bytes": 196608,
        "phase": "candidate_capture",
        "predicted_reference_algorithm": "ONE_SHOT_PUSH",
        "predicted_reference_backend": "custom_all_reduce_outplace",
        "rank": 0,
        "shape": [
          16,
          6144
        ],
        "stream": {
          "cuda_stream": 94143453564960,
          "requested": "nondefault"
        },
        "stride": [
          6144,
          1
        ],
        "world_size": 4
      },
      {
        "communicators": {
          "custom": {
            "algorithm": "ONE_SHOT_PUSH",
            "class": "sglang.srt.distributed.device_communicators.custom_all_reduce_v2.CustomAllReduceV2",
            "fields": {
              "config": "ModeConfig(one_shot_push_threshold=2097152, one_shot_pull_threshold=2097152)",
              "disabled": "False",
              "max_size": "16777216",
              "override_algo": "None",
              "rank": "1",
              "tms_cudagraph": "False",
              "world_size": "4"
            },
            "python_id": 128487410751712,
            "should_custom_ar": {
              "value": true
            }
          },
          "pymscclpp": {
            "should_mscclpp_allreduce": {
              "value": false
            }
          },
          "pynccl": {
            "class": "sglang.srt.distributed.device_communicators.pynccl.PyNcclCommunicator",
            "fields": {
              "disabled": "False",
              "rank": "1",
              "world_size": "4"
            },
            "python_id": 128487374638400,
            "symmetric_pool_enabled": {
              "value": false
            }
          },
          "quick": {
            "should_quick_allreduce": {
              "value": false
            }
          },
          "torch_symmetric_memory": {
            "should_torch_symm_mem_allreduce": {
              "value": false
            }
          }
        },
        "dtype": "torch.bfloat16",
        "execution_mode": "cuda_graph",
        "group_name": "tp:0",
        "group_ranks": [
          0,
          1,
          2,
          3
        ],
        "local_size": 0,
        "message_bytes": 196608,
        "phase": "candidate_capture",
        "predicted_reference_algorithm": "ONE_SHOT_PUSH",
        "predicted_reference_backend": "custom_all_reduce_outplace",
        "rank": 1,
        "shape": [
          16,
          6144
        ],
        "stream": {
          "cuda_stream": 96834508634944,
          "requested": "nondefault"
        },
        "stride": [
          6144,
          1
        ],
        "world_size": 4
      },
      {
        "communicators": {
          "custom": {
            "algorithm": "ONE_SHOT_PUSH",
            "class": "sglang.srt.distributed.device_communicators.custom_all_reduce_v2.CustomAllReduceV2",
            "fields": {
              "config": "ModeConfig(one_shot_push_threshold=2097152, one_shot_pull_threshold=2097152)",
              "disabled": "False",
              "max_size": "16777216",
              "override_algo": "None",
              "rank": "2",
              "tms_cudagraph": "False",
              "world_size": "4"
            },
            "python_id": 129044910392048,
            "should_custom_ar": {
              "value": true
            }
          },
          "pymscclpp": {
            "should_mscclpp_allreduce": {
              "value": false
            }
          },
          "pynccl": {
            "class": "sglang.srt.distributed.device_communicators.pynccl.PyNcclCommunicator",
            "fields": {
              "disabled": "False",
              "rank": "2",
              "world_size": "4"
            },
            "python_id": 129044909976384,
            "symmetric_pool_enabled": {
              "value": false
            }
          },
          "quick": {
            "should_quick_allreduce": {
              "value": false
            }
          },
          "torch_symmetric_memory": {
            "should_torch_symm_mem_allreduce": {
              "value": false
            }
          }
        },
        "dtype": "torch.bfloat16",
        "execution_mode": "cuda_graph",
        "group_name": "tp:0",
        "group_ranks": [
          0,
          1,
          2,
          3
        ],
        "local_size": 0,
        "message_bytes": 196608,
        "phase": "candidate_capture",
        "predicted_reference_algorithm": "ONE_SHOT_PUSH",
        "predicted_reference_backend": "custom_all_reduce_outplace",
        "rank": 2,
        "shape": [
          16,
          6144
        ],
        "stream": {
          "cuda_stream": 111134130753888,
          "requested": "nondefault"
        },
        "stride": [
          6144,
          1
        ],
        "world_size": 4
      },
      {
        "communicators": {
          "custom": {
            "algorithm": "ONE_SHOT_PUSH",
            "class": "sglang.srt.distributed.device_communicators.custom_all_reduce_v2.CustomAllReduceV2",
            "fields": {
              "config": "ModeConfig(one_shot_push_threshold=2097152, one_shot_pull_threshold=2097152)",
              "disabled": "False",
              "max_size": "16777216",
              "override_algo": "None",
              "rank": "3",
              "tms_cudagraph": "False",
              "world_size": "4"
            },
            "python_id": 138790072195392,
            "should_custom_ar": {
              "value": true
            }
          },
          "pymscclpp": {
            "should_mscclpp_allreduce": {
              "value": false
            }
          },
          "pynccl": {
            "class": "sglang.srt.distributed.device_communicators.pynccl.PyNcclCommunicator",
            "fields": {
              "disabled": "False",
              "rank": "3",
              "world_size": "4"
            },
            "python_id": 138790929654864,
            "symmetric_pool_enabled": {
              "value": false
            }
          },
          "quick": {
            "should_quick_allreduce": {
              "value": false
            }
          },
          "torch_symmetric_memory": {
            "should_torch_symm_mem_allreduce": {
              "value": false
            }
          }
        },
        "dtype": "torch.bfloat16",
        "execution_mode": "cuda_graph",
        "group_name": "tp:0",
        "group_ranks": [
          0,
          1,
          2,
          3
        ],
        "local_size": 0,
        "message_bytes": 196608,
        "phase": "candidate_capture",
        "predicted_reference_algorithm": "ONE_SHOT_PUSH",
        "predicted_reference_backend": "custom_all_reduce_outplace",
        "rank": 3,
        "shape": [
          16,
          6144
        ],
        "stream": {
          "cuda_stream": 93876962936960,
          "requested": "nondefault"
        },
        "stride": [
          6144,
          1
        ],
        "world_size": 4
      }
    ],
    "candidate_contract_by_rank": [
      {
        "exact_values": true,
        "local_poststate": "reduced",
        "output": {
          "device": "cuda:0",
          "dtype": "torch.bfloat16",
          "shape": [
            16,
            6144
          ],
          "stride": [
            6144,
            1
          ]
        },
        "output_aliases_local": true,
        "source_immutable": true
      },
      {
        "exact_values": true,
        "local_poststate": "reduced",
        "output": {
          "device": "cuda:1",
          "dtype": "torch.bfloat16",
          "shape": [
            16,
            6144
          ],
          "stride": [
            6144,
            1
          ]
        },
        "output_aliases_local": true,
        "source_immutable": true
      },
      {
        "exact_values": true,
        "local_poststate": "reduced",
        "output": {
          "device": "cuda:2",
          "dtype": "torch.bfloat16",
          "shape": [
            16,
            6144
          ],
          "stride": [
            6144,
            1
          ]
        },
        "output_aliases_local": true,
        "source_immutable": true
      },
      {
        "exact_values": true,
        "local_poststate": "reduced",
        "output": {
          "device": "cuda:3",
          "dtype": "torch.bfloat16",
          "shape": [
            16,
            6144
          ],
          "stride": [
            6144,
            1
          ]
        },
        "output_aliases_local": true,
        "source_immutable": true
      }
    ],
    "exact_oracle": "hash[row,col]=(37*(row%127)+17*(col%127)+13*(row%127)*(col%127))%127; base_variant=((hash+shift)%127)-63 for shifts [0,31]; source=base+2*rank-(world_size-1); expected=world_size*base",
    "message_bytes": 196608,
    "reference_contract_by_rank": [
      {
        "exact_values": true,
        "local_poststate": "reduced",
        "output": {
          "device": "cuda:0",
          "dtype": "torch.bfloat16",
          "shape": [
            16,
            6144
          ],
          "stride": [
            6144,
            1
          ]
        },
        "output_aliases_local": true,
        "source_immutable": true
      },
      {
        "exact_values": true,
        "local_poststate": "reduced",
        "output": {
          "device": "cuda:1",
          "dtype": "torch.bfloat16",
          "shape": [
            16,
            6144
          ],
          "stride": [
            6144,
            1
          ]
        },
        "output_aliases_local": true,
        "source_immutable": true
      },
      {
        "exact_values": true,
        "local_poststate": "reduced",
        "output": {
          "device": "cuda:2",
          "dtype": "torch.bfloat16",
          "shape": [
            16,
            6144
          ],
          "stride": [
            6144,
            1
          ]
        },
        "output_aliases_local": true,
        "source_immutable": true
      },
      {
        "exact_values": true,
        "local_poststate": "reduced",
        "output": {
          "device": "cuda:3",
          "dtype": "torch.bfloat16",
          "shape": [
            16,
            6144
          ],
          "stride": [
            6144,
            1
          ]
        },
        "output_aliases_local": true,
        "source_immutable": true
      }
    ],
    "reference_dispatch_by_rank": [
      {
        "communicators": {
          "custom": {
            "algorithm": "ONE_SHOT_PUSH",
            "class": "sglang.srt.distributed.device_communicators.custom_all_reduce_v2.CustomAllReduceV2",
            "fields": {
              "config": "ModeConfig(one_shot_push_threshold=2097152, one_shot_pull_threshold=2097152)",
              "disabled": "False",
              "max_size": "16777216",
              "override_algo": "None",
              "rank": "0",
              "tms_cudagraph": "False",
              "world_size": "4"
            },
            "python_id": 126596510742432,
            "should_custom_ar": {
              "value": true
            }
          },
          "pymscclpp": {
            "should_mscclpp_allreduce": {
              "value": false
            }
          },
          "pynccl": {
            "class": "sglang.srt.distributed.device_communicators.pynccl.PyNcclCommunicator",
            "fields": {
              "disabled": "False",
              "rank": "0",
              "world_size": "4"
            },
            "python_id": 126596511354368,
            "symmetric_pool_enabled": {
              "value": false
            }
          },
          "quick": {
            "should_quick_allreduce": {
              "value": false
            }
          },
          "torch_symmetric_memory": {
            "should_torch_symm_mem_allreduce": {
              "value": false
            }
          }
        },
        "dtype": "torch.bfloat16",
        "execution_mode": "cuda_graph",
        "group_name": "tp:0",
        "group_ranks": [
          0,
          1,
          2,
          3
        ],
        "local_size": 0,
        "message_bytes": 196608,
        "phase": "reference_capture",
        "predicted_reference_algorithm": "ONE_SHOT_PUSH",
        "predicted_reference_backend": "custom_all_reduce_outplace",
        "rank": 0,
        "shape": [
          16,
          6144
        ],
        "stream": {
          "cuda_stream": 94143453564960,
          "requested": "nondefault"
        },
        "stride": [
          6144,
          1
        ],
        "world_size": 4
      },
      {
        "communicators": {
          "custom": {
            "algorithm": "ONE_SHOT_PUSH",
            "class": "sglang.srt.distributed.device_communicators.custom_all_reduce_v2.CustomAllReduceV2",
            "fields": {
              "config": "ModeConfig(one_shot_push_threshold=2097152, one_shot_pull_threshold=2097152)",
              "disabled": "False",
              "max_size": "16777216",
              "override_algo": "None",
              "rank": "1",
              "tms_cudagraph": "False",
              "world_size": "4"
            },
            "python_id": 128487410751712,
            "should_custom_ar": {
              "value": true
            }
          },
          "pymscclpp": {
            "should_mscclpp_allreduce": {
              "value": false
            }
          },
          "pynccl": {
            "class": "sglang.srt.distributed.device_communicators.pynccl.PyNcclCommunicator",
            "fields": {
              "disabled": "False",
              "rank": "1",
              "world_size": "4"
            },
            "python_id": 128487374638400,
            "symmetric_pool_enabled": {
              "value": false
            }
          },
          "quick": {
            "should_quick_allreduce": {
              "value": false
            }
          },
          "torch_symmetric_memory": {
            "should_torch_symm_mem_allreduce": {
              "value": false
            }
          }
        },
        "dtype": "torch.bfloat16",
        "execution_mode": "cuda_graph",
        "group_name": "tp:0",
        "group_ranks": [
          0,
          1,
          2,
          3
        ],
        "local_size": 0,
        "message_bytes": 196608,
        "phase": "reference_capture",
        "predicted_reference_algorithm": "ONE_SHOT_PUSH",
        "predicted_reference_backend": "custom_all_reduce_outplace",
        "rank": 1,
        "shape": [
          16,
          6144
        ],
        "stream": {
          "cuda_stream": 96834508634944,
          "requested": "nondefault"
        },
        "stride": [
          6144,
          1
        ],
        "world_size": 4
      },
      {
        "communicators": {
          "custom": {
            "algorithm": "ONE_SHOT_PUSH",
            "class": "sglang.srt.distributed.device_communicators.custom_all_reduce_v2.CustomAllReduceV2",
            "fields": {
              "config": "ModeConfig(one_shot_push_threshold=2097152, one_shot_pull_threshold=2097152)",
              "disabled": "False",
              "max_size": "16777216",
              "override_algo": "None",
              "rank": "2",
              "tms_cudagraph": "False",
              "world_size": "4"
            },
            "python_id": 129044910392048,
            "should_custom_ar": {
              "value": true
            }
          },
          "pymscclpp": {
            "should_mscclpp_allreduce": {
              "value": false
            }
          },
          "pynccl": {
            "class": "sglang.srt.distributed.device_communicators.pynccl.PyNcclCommunicator",
            "fields": {
              "disabled": "False",
              "rank": "2",
              "world_size": "4"
            },
            "python_id": 129044909976384,
            "symmetric_pool_enabled": {
              "value": false
            }
          },
          "quick": {
            "should_quick_allreduce": {
              "value": false
            }
          },
          "torch_symmetric_memory": {
            "should_torch_symm_mem_allreduce": {
              "value": false
            }
          }
        },
        "dtype": "torch.bfloat16",
        "execution_mode": "cuda_graph",
        "group_name": "tp:0",
        "group_ranks": [
          0,
          1,
          2,
          3
        ],
        "local_size": 0,
        "message_bytes": 196608,
        "phase": "reference_capture",
        "predicted_reference_algorithm": "ONE_SHOT_PUSH",
        "predicted_reference_backend": "custom_all_reduce_outplace",
        "rank": 2,
        "shape": [
          16,
          6144
        ],
        "stream": {
          "cuda_stream": 111134130753888,
          "requested": "nondefault"
        },
        "stride": [
          6144,
          1
        ],
        "world_size": 4
      },
      {
        "communicators": {
          "custom": {
            "algorithm": "ONE_SHOT_PUSH",
            "class": "sglang.srt.distributed.device_communicators.custom_all_reduce_v2.CustomAllReduceV2",
            "fields": {
              "config": "ModeConfig(one_shot_push_threshold=2097152, one_shot_pull_threshold=2097152)",
              "disabled": "False",
              "max_size": "16777216",
              "override_algo": "None",
              "rank": "3",
              "tms_cudagraph": "False",
              "world_size": "4"
            },
            "python_id": 138790072195392,
            "should_custom_ar": {
              "value": true
            }
          },
          "pymscclpp": {
            "should_mscclpp_allreduce": {
              "value": false
            }
          },
          "pynccl": {
            "class": "sglang.srt.distributed.device_communicators.pynccl.PyNcclCommunicator",
            "fields": {
              "disabled": "False",
              "rank": "3",
              "world_size": "4"
            },
            "python_id": 138790929654864,
            "symmetric_pool_enabled": {
              "value": false
            }
          },
          "quick": {
            "should_quick_allreduce": {
              "value": false
            }
          },
          "torch_symmetric_memory": {
            "should_torch_symm_mem_allreduce": {
              "value": false
            }
          }
        },
        "dtype": "torch.bfloat16",
        "execution_mode": "cuda_graph",
        "group_name": "tp:0",
        "group_ranks": [
          0,
          1,
          2,
          3
        ],
        "local_size": 0,
        "message_bytes": 196608,
        "phase": "reference_capture",
        "predicted_reference_algorithm": "ONE_SHOT_PUSH",
        "predicted_reference_backend": "custom_all_reduce_outplace",
        "rank": 3,
        "shape": [
          16,
          6144
        ],
        "stream": {
          "cuda_stream": 93876962936960,
          "requested": "nondefault"
        },
        "stride": [
          6144,
          1
        ],
        "world_size": 4
      }
    ]
  },
  "candidate": {
    "collective_only": {
      "median_ms": 0.06923199817538261,
      "min_ms": 0.038975998759269714,
      "p95_ms": 0.6178560256958008
    },
    "gate_metric": "ready_region.rank_max_ms",
    "manifest": {
      "entries": [
        {
          "path": "reference.py",
          "sha256": "cd7c03e7f394193f654f9c98529ed76954465e811d81c36e340eb660723e81cf",
          "size": 130,
          "type": "file"
        }
      ],
      "entrypoint": "/home/qinhaiyan/glm52-goal-runs/24-tp_allreduce_reachability/kernel-harness/serving_native/candidates/reference.py",
      "entrypoint_sha256_at_import": "cd7c03e7f394193f654f9c98529ed76954465e811d81c36e340eb660723e81cf",
      "excluded_generated_files": [
        "**/__pycache__/**",
        "**/*.pyc"
      ],
      "manifest_sha256": "f00a44678366993025834bcd10520d16b41e9ce7c5a87b03ce7f51da3a270988",
      "requested_path": "/home/qinhaiyan/glm52-goal-runs/24-tp_allreduce_reachability/kernel-harness/serving_native/candidates/reference.py",
      "root": "/home/qinhaiyan/glm52-goal-runs/24-tp_allreduce_reachability/kernel-harness/serving_native/candidates"
    },
    "paired_p10_speedup": 0.6121937953943692,
    "paired_p90_speedup": 1.5021928266102715,
    "passes_3pct_median_gate": false,
    "readiness_probe_overhead_median_ms": 0.13740799948573112,
    "ready_region": {
      "median_ms": 0.21451199799776077,
      "min_ms": 0.15241600573062897,
      "p95_ms": 0.6279039978981018
    },
    "speedup": 0.998427595722223,
    "speedup_metric": "paired ready-region rank-max"
  },
  "correctness": {
    "alternating_input_variants": 2,
    "candidate_state_guarded": true,
    "exact_full_checks": "before and after timing",
    "exact_full_tensor_consumer": "every warmup and measured sample",
    "exact_position_probe": "every warmup and measured sample",
    "passed": true,
    "validation_errors_aggregated_over_tp_cpu_group": true
  },
  "disposition": "tp4_diagnostic_no_replacement",
  "environment": {
    "device": {
      "capability": [
        10,
        0
      ],
      "name": "NVIDIA B200",
      "rank": 0,
      "total_memory": 191490555904
    },
    "device_by_rank": [
      {
        "capability": [
          10,
          0
        ],
        "name": "NVIDIA B200",
        "rank": 0,
        "total_memory": 191490555904
      },
      {
        "capability": [
          10,
          0
        ],
        "name": "NVIDIA B200",
        "rank": 1,
        "total_memory": 191490555904
      },
      {
        "capability": [
          10,
          0
        ],
        "name": "NVIDIA B200",
        "rank": 2,
        "total_memory": 191490555904
      },
      {
        "capability": [
          10,
          0
        ],
        "name": "NVIDIA B200",
        "rank": 3,
        "total_memory": 191490555904
      }
    ],
    "env": {
      "CUDA_VISIBLE_DEVICES": "0,1,2,3",
      "NCCL_ALGO": null,
      "NCCL_PROTO": null,
      "SGLANG_ALL_REDUCE_TRACE": null,
      "SGLANG_GLM52_OPT": "0",
      "SGLANG_OPT_USE_CUSTOM_ALL_REDUCE_V2": null,
      "SGLANG_ROOT": "/home/qinhaiyan/glm52-goal-runs/24-tp_allreduce_reachability/sglang"
    },
    "kernel_harness_git": {
      "branch": "goal/glm52-prod-24-tp_allreduce_reachability",
      "dirty": false,
      "root": "/home/qinhaiyan/glm52-goal-runs/24-tp_allreduce_reachability/kernel-harness",
      "sha": "46ba02607b54f62cdef5a43c99e558b12b545aa6",
      "status": []
    },
    "packages": {
      "flashinfer": {
        "path": "/mnt/OS-oKqEXySb/home/qinhaiyan/miniconda3/envs/sglang/lib/python3.12/site-packages/flashinfer/__init__.py",
        "version": "0.6.12"
      },
      "sgl_kernel": {
        "path": "/mnt/OS-oKqEXySb/home/qinhaiyan/miniconda3/envs/sglang/lib/python3.12/site-packages/sgl_kernel/__init__.py",
        "version": "0.4.4"
      },
      "sglang": {
        "path": "/home/qinhaiyan/glm52-goal-runs/24-tp_allreduce_reachability/sglang/python/sglang/__init__.py",
        "version": "0.5.15"
      },
      "torch": {
        "cuda": "13.0",
        "nccl": [
          2,
          28,
          9
        ],
        "path": "/mnt/OS-oKqEXySb/home/qinhaiyan/miniconda3/envs/sglang/lib/python3.12/site-packages/torch/__init__.py",
        "version": "2.11.0+cu130"
      },
      "triton": {
        "path": "/mnt/OS-oKqEXySb/home/qinhaiyan/miniconda3/envs/sglang/lib/python3.12/site-packages/triton/__init__.py",
        "version": "3.6.0"
      }
    },
    "python": "/home/qinhaiyan/glm52-goal-runs/24-tp_allreduce_reachability/kernel-harness/.venv/bin/python",
    "python_version": "3.12.13 | packaged by Anaconda, Inc. | (main, Jul  9 2026, 14:38:16) [GCC 14.3.0]",
    "sglang_git": {
      "branch": "goal/glm52-prod-24-tp_allreduce_reachability",
      "dirty": false,
      "root": "/home/qinhaiyan/glm52-goal-runs/24-tp_allreduce_reachability/sglang",
      "sha": "49c03b20e861782002eec6f5be7126e7e19c2d28",
      "status": []
    }
  },
  "execution": {
    "cuda_stream": 94143453564960,
    "default_to_execution_waits_outside_timing": 7,
    "mode": "cuda_graph",
    "nvtx_measurement_range": "serving_native/tp4_allreduce_decode_m16/cuda_graph/nondefault/paired",
    "nvtx_rank_synchronization": "rank 0 push after a TP CPU-group barrier; all ranks wait at a second barrier before measurement and before rank 0 pop",
    "stream": "nondefault"
  },
  "gate": {
    "candidate_present": true,
    "metric": "paired ready-region rank-max p50 speedup",
    "minimum_speedup": 1.03,
    "passed": false,
    "performance_eligible": true,
    "stock_fallback_active": true
  },
  "production_acceptance": "This direct TP4 callable is not proof of the GLM serving caller/ABI and cannot be relabeled as TP8 evidence.",
  "raw_samples": {
    "candidate": [
      {
        "collective_only": {
          "local_ms": 0.04230400174856186,
          "rank_max_ms": 0.07747200131416321,
          "rank_ms": [
            0.04230400174856186,
            0.056352000683546066,
            0.07747200131416321,
            0.053279999643564224
          ]
        },
        "position": 1,
        "readiness_probe_exact": true,
        "ready_region": {
          "local_ms": 0.2008959949016571,
          "rank_max_ms": 0.21449600160121918,
          "rank_ms": [
            0.2008959949016571,
            0.18348799645900726,
            0.1534080058336258,
            0.21449600160121918
          ]
        },
        "sample_index": 0,
        "scheduled_start_arrival_ns_by_rank": [
          740766613252632,
          740766613024129,
          740766612811338,
          740766613155350
        ],
        "scheduled_start_target_ns_by_rank": [
          740766618252632,
          740766618252632,
          740766618252632,
          740766618252632
        ],
        "start_record_bracket_ns_by_rank": [
          [
            740766618253759,
            740766618308100
          ],
          [
            740766618253724,
            740766618295346
          ],
          [
            740766618253101,
            740766618275093
          ],
          [
            740766618253378,
            740766618299895
          ]
        ],
        "start_record_envelope_span_ns": 54999,
        "variant": 0
      },
      {
        "collective_only": {
          "local_ms": 0.03888000175356865,
          "rank_max_ms": 0.06431999802589417,
          "rank_ms": [
            0.03888000175356865,
            0.047968000173568726,
            0.06431999802589417,
            0.04774399846792221
          ]
        },
        "position": 0,
        "readiness_probe_exact": true,
        "ready_region": {
          "local_ms": 0.18003199994564056,
          "rank_max_ms": 0.18540799617767334,
          "rank_ms": [
            0.18003199994564056,
            0.17615999281406403,
            0.1475200057029724,
            0.18540799617767334
          ]
        },
        "sample_index": 1,
        "scheduled_start_arrival_ns_by_rank": [
          740766624259223,
          740766623984146,
          740766623657358,
          740766624287163
        ],
        "scheduled_start_target_ns_by_rank": [
          740766629287163,
          740766629287163,
          740766629287163,
          740766629287163
        ],
        "start_record_bracket_ns_by_rank": [
          [
            740766629288141,
            740766629337097
          ],
          [
            740766629288298,
            740766629328402
          ],
          [
            740766629287658,
            740766629312728
          ],
          [
            740766629287944,
            740766629328685
          ]
        ],
        "start_record_envelope_span_ns": 49439,
        "variant": 1
      },
      {
        "collective_only": {
          "local_ms": 0.04291199892759323,
          "rank_max_ms": 0.07091200351715088,
          "rank_ms": [
            0.04291199892759323,
            0.05849599838256836,
            0.07091200351715088,
            0.056095998734235764
          ]
        },
        "position": 1,
        "readiness_probe_exact": true,
        "ready_region": {
          "local_ms": 0.2040960043668747,
          "rank_max_ms": 0.2040960043668747,
          "rank_ms": [
            0.2040960043668747,
            0.19225600361824036,
            0.17903999984264374,
            0.1998399943113327
          ]
        },
        "sample_index": 2,
        "scheduled_start_arrival_ns_by_rank": [
          740766656255643,
          740766655880391,
          740766655822600,
          740766656072549
        ],
        "scheduled_start_target_ns_by_rank": [
          740766661255643,
          740766661255643,
          740766661255643,
          740766661255643
        ],
        "start_record_bracket_ns_by_rank": [
          [
            740766661256477,
            740766661312176
          ],
          [
            740766661256560,
            740766661298956
          ],
          [
            740766661256220,
            740766661288106
          ],
          [
            740766661256673,
            740766661300286
          ]
        ],
        "start_record_envelope_span_ns": 55956,
        "variant": 0
      },
      {
        "collective_only": {
          "local_ms": 0.03843199834227562,
          "rank_max_ms": 0.06630399823188782,
          "rank_ms": [
            0.03843199834227562,
            0.05183999985456467,
            0.06630399823188782,
            0.06371200084686279
          ]
        },
        "position": 0,
        "readiness_probe_exact": true,
        "ready_region": {
          "local_ms": 0.194240003824234,
          "rank_max_ms": 0.194240003824234,
          "rank_ms": [
            0.194240003824234,
            0.18704000115394592,
            0.16291199624538422,
            0.14553600549697876
          ]
        },
        "sample_index": 3,
        "scheduled_start_arrival_ns_by_rank": [
          740766666077702,
          740766666184267,
          740766665863013,
          740766665958822
        ],
        "scheduled_start_target_ns_by_rank": [
          740766671184267,
          740766671184267,
          740766671184267,
          740766671184267
        ],
        "start_record_bracket_ns_by_rank": [
          [
            740766671185356,
            740766671247618
          ],
          [
            740766671185127,
            740766671234647
          ],
          [
            740766671184760,
            740766671221406
          ],
          [
            740766671184711,
            740766671219144
          ]
        ],
        "start_record_envelope_span_ns": 62907,
        "variant": 1
      },
      {
        "collective_only": {
          "local_ms": 0.04025600105524063,
          "rank_max_ms": 0.05734400078654289,
          "rank_ms": [
            0.04025600105524063,
            0.046271998435258865,
            0.04364800080657005,
            0.05734400078654289
          ]
        },
        "position": 1,
        "readiness_probe_exact": true,
        "ready_region": {
          "local_ms": 0.20582400262355804,
          "rank_max_ms": 0.20582400262355804,
          "rank_ms": [
            0.20582400262355804,
            0.16223999857902527,
            0.17289599776268005,
            0.1820800006389618
          ]
        },
        "sample_index": 4,
        "scheduled_start_arrival_ns_by_rank": [
          740766697969628,
          740766697910750,
          740766697717710,
          740766697994002
        ],
        "scheduled_start_target_ns_by_rank": [
          740766702994002,
          740766702994002,
          740766702994002,
          740766702994002
        ],
        "start_record_bracket_ns_by_rank": [
          [
            740766702994784,
            740766703056652
          ],
          [
            740766702994888,
            740766703049833
          ],
          [
            740766703027349,
            740766703054278
          ],
          [
            740766702994865,
            740766703039651
          ]
        ],
        "start_record_envelope_span_ns": 61868,
        "variant": 0
      },
      {
        "collective_only": {
          "local_ms": 0.038176000118255615,
          "rank_max_ms": 0.0666240006685257,
          "rank_ms": [
            0.038176000118255615,
            0.05407999828457832,
            0.0666240006685257,
            0.05215999856591225
          ]
        },
        "position": 0,
        "readiness_probe_exact": true,
        "ready_region": {
          "local_ms": 0.18035200238227844,
          "rank_max_ms": 0.18035200238227844,
          "rank_ms": [
            0.18035200238227844,
            0.15087999403476715,
            0.1416960060596466,
            0.16256000101566315
          ]
        },
        "sample_index": 5,
        "scheduled_start_arrival_ns_by_rank": [
          740766709314159,
          740766709186191,
          740766709153930,
          740766709225201
        ],
        "scheduled_start_target_ns_by_rank": [
          740766714314159,
          740766714314159,
          740766714314159,
          740766714314159
        ],
        "start_record_bracket_ns_by_rank": [
          [
            740766714315070,
            740766714363343
          ],
          [
            740766714315167,
            740766714348673
          ],
          [
            740766714314603,
            740766714336802
          ],
          [
            740766714314941,
            740766714349061
          ]
        ],
        "start_record_envelope_span_ns": 48740,
        "variant": 1
      },
      {
        "collective_only": {
          "local_ms": 0.0416640006005764,
          "rank_max_ms": 0.07142399996519089,
          "rank_ms": [
            0.0416640006005764,
            0.05961599946022034,
            0.07142399996519089,
            0.054816000163555145
          ]
        },
        "position": 1,
        "readiness_probe_exact": true,
        "ready_region": {
          "local_ms": 0.19648000597953796,
          "rank_max_ms": 0.19648000597953796,
          "rank_ms": [
            0.19648000597953796,
            0.1594880074262619,
            0.15161600708961487,
            0.18768000602722168
          ]
        },
        "sample_index": 6,
        "scheduled_start_arrival_ns_by_rank": [
          740766743270063,
          740766742849730,
          740766743353636,
          740766742995812
        ],
        "scheduled_start_target_ns_by_rank": [
          740766748353636,
          740766748353636,
          740766748353636,
          740766748353636
        ],
        "start_record_bracket_ns_by_rank": [
          [
            740766748354741,
            740766748407710
          ],
          [
            740766748354559,
            740766748391054
          ],
          [
            740766748354111,
            740766748378767
          ],
          [
            740766748354547,
            740766748392398
          ]
        ],
        "start_record_envelope_span_ns": 53599,
        "variant": 0
      },
      {
        "collective_only": {
          "local_ms": 0.038975998759269714,
          "rank_max_ms": 0.06806399673223495,
          "rank_ms": [
            0.038975998759269714,
            0.056671999394893646,
            0.06806399673223495,
            0.0530879981815815
          ]
        },
        "position": 0,
        "readiness_probe_exact": true,
        "ready_region": {
          "local_ms": 0.18595199286937714,
          "rank_max_ms": 0.18595199286937714,
          "rank_ms": [
            0.18595199286937714,
            0.14524799585342407,
            0.1345919966697693,
            0.17033599317073822
          ]
        },
        "sample_index": 7,
        "scheduled_start_arrival_ns_by_rank": [
          740766754262433,
          740766753804784,
          740766753628545,
          740766753908040
        ],
        "scheduled_start_target_ns_by_rank": [
          740766759262433,
          740766759262433,
          740766759262433,
          740766759262433
        ],
        "start_record_bracket_ns_by_rank": [
          [
            740766759263387,
            740766759311789
          ],
          [
            740766759263251,
            740766759295217
          ],
          [
            740766759262952,
            740766759283152
          ],
          [
            740766759263050,
            740766759297267
          ]
        ],
        "start_record_envelope_span_ns": 48837,
        "variant": 1
      },
      {
        "collective_only": {
          "local_ms": 0.05321599915623665,
          "rank_max_ms": 0.0798719972372055,
          "rank_ms": [
            0.05321599915623665,
            0.06755200028419495,
            0.0798719972372055,
            0.07763200253248215
          ]
        },
        "position": 1,
        "readiness_probe_exact": true,
        "ready_region": {
          "local_ms": 0.19993600249290466,
          "rank_max_ms": 0.19993600249290466,
          "rank_ms": [
            0.19993600249290466,
            0.16115200519561768,
            0.14265599846839905,
            0.1480640023946762
          ]
        },
        "sample_index": 8,
        "scheduled_start_arrival_ns_by_rank": [
          740766784115449,
          740766784029271,
          740766783822684,
          740766783836945
        ],
        "scheduled_start_target_ns_by_rank": [
          740766789115449,
          740766789115449,
          740766789115449,
          740766789115449
        ],
        "start_record_bracket_ns_by_rank": [
          [
            740766789116526,
            740766789165845
          ],
          [
            740766789116274,
            740766789150287
          ],
          [
            740766789116014,
            740766789137369
          ],
          [
            740766789115892,
            740766789138797
          ]
        ],
        "start_record_envelope_span_ns": 49953,
        "variant": 0
      },
      {
        "collective_only": {
          "local_ms": 0.04476799815893173,
          "rank_max_ms": 0.08115199953317642,
          "rank_ms": [
            0.04476799815893173,
            0.06335999816656113,
            0.08115199953317642,
            0.06272000074386597
          ]
        },
        "position": 0,
        "readiness_probe_exact": true,
        "ready_region": {
          "local_ms": 0.2311680018901825,
          "rank_max_ms": 0.2311680018901825,
          "rank_ms": [
            0.2311680018901825,
            0.16713599860668182,
            0.13545599579811096,
            0.1974399983882904
          ]
        },
        "sample_index": 9,
        "scheduled_start_arrival_ns_by_rank": [
          740766794845452,
          740766794783885,
          740766794628369,
          740766794631946
        ],
        "scheduled_start_target_ns_by_rank": [
          740766799845452,
          740766799845452,
          740766799845452,
          740766799845452
        ],
        "start_record_bracket_ns_by_rank": [
          [
            740766799846238,
            740766799901675
          ],
          [
            740766799846439,
            740766799882052
          ],
          [
            740766799845907,
            740766799867418
          ],
          [
            740766799846137,
            740766799883341
          ]
        ],
        "start_record_envelope_span_ns": 55768,
        "variant": 1
      },
      {
        "collective_only": {
          "local_ms": 0.044224001467227936,
          "rank_max_ms": 0.09747199714183807,
          "rank_ms": [
            0.044224001467227936,
            0.06224000081419945,
            0.09747199714183807,
            0.06428799778223038
          ]
        },
        "position": 1,
        "readiness_probe_exact": true,
        "ready_region": {
          "local_ms": 0.20796799659729004,
          "rank_max_ms": 0.20796799659729004,
          "rank_ms": [
            0.20796799659729004,
            0.18806399405002594,
            0.16630400717258453,
            0.17295999825000763
          ]
        },
        "sample_index": 10,
        "scheduled_start_arrival_ns_by_rank": [
          740766825167024,
          740766824849154,
          740766824734909,
          740766825069960
        ],
        "scheduled_start_target_ns_by_rank": [
          740766830167024,
          740766830167024,
          740766830167024,
          740766830167024
        ],
        "start_record_bracket_ns_by_rank": [
          [
            740766830168454,
            740766830241471
          ],
          [
            740766830167626,
            740766830225891
          ],
          [
            740766830167459,
            740766830206200
          ],
          [
            740766830167578,
            740766830222560
          ]
        ],
        "start_record_envelope_span_ns": 74012,
        "variant": 0
      },
      {
        "collective_only": {
          "local_ms": 0.039455998688936234,
          "rank_max_ms": 0.07158400118350983,
          "rank_ms": [
            0.039455998688936234,
            0.05241600051522255,
            0.07158400118350983,
            0.05369599908590317
          ]
        },
        "position": 0,
        "readiness_probe_exact": true,
        "ready_region": {
          "local_ms": 0.1828480064868927,
          "rank_max_ms": 0.18777599930763245,
          "rank_ms": [
            0.1828480064868927,
            0.159743994474411,
            0.13334399461746216,
            0.18777599930763245
          ]
        },
        "sample_index": 11,
        "scheduled_start_arrival_ns_by_rank": [
          740766836351166,
          740766836409953,
          740766836433886,
          740766836075475
        ],
        "scheduled_start_target_ns_by_rank": [
          740766841433886,
          740766841433886,
          740766841433886,
          740766841433886
        ],
        "start_record_bracket_ns_by_rank": [
          [
            740766841435244,
            740766841484938
          ],
          [
            740766841434386,
            740766841473823
          ],
          [
            740766841434388,
            740766841455335
          ],
          [
            740766841435535,
            740766841474723
          ]
        ],
        "start_record_envelope_span_ns": 50552,
        "variant": 1
      },
      {
        "collective_only": {
          "local_ms": 0.05142400041222572,
          "rank_max_ms": 0.08617600053548813,
          "rank_ms": [
            0.05142400041222572,
            0.06800000369548798,
            0.08617600053548813,
            0.05305600166320801
          ]
        },
        "position": 1,
        "readiness_probe_exact": true,
        "ready_region": {
          "local_ms": 0.2141440063714981,
          "rank_max_ms": 0.31145599484443665,
          "rank_ms": [
            0.2141440063714981,
            0.18009600043296814,
            0.15263999998569489,
            0.31145599484443665
          ]
        },
        "sample_index": 12,
        "scheduled_start_arrival_ns_by_rank": [
          740766867699358,
          740766867403388,
          740766867293656,
          740766867530638
        ],
        "scheduled_start_target_ns_by_rank": [
          740766872699358,
          740766872699358,
          740766872699358,
          740766872699358
        ],
        "start_record_bracket_ns_by_rank": [
          [
            740766872700771,
            740766872760048
          ],
          [
            740766872699760,
            740766872741894
          ],
          [
            740766872699843,
            740766872722621
          ],
          [
            740766872701651,
            740766872759152
          ]
        ],
        "start_record_envelope_span_ns": 60288,
        "variant": 0
      },
      {
        "collective_only": {
          "local_ms": 0.043296001851558685,
          "rank_max_ms": 0.07708799839019775,
          "rank_ms": [
            0.043296001851558685,
            0.06054399907588959,
            0.07708799839019775,
            0.05804799869656563
          ]
        },
        "position": 0,
        "readiness_probe_exact": true,
        "ready_region": {
          "local_ms": 0.21747200191020966,
          "rank_max_ms": 0.21747200191020966,
          "rank_ms": [
            0.21747200191020966,
            0.18515199422836304,
            0.1618880033493042,
            0.21699200570583344
          ]
        },
        "sample_index": 13,
        "scheduled_start_arrival_ns_by_rank": [
          740766876983227,
          740766876654978,
          740766876667945,
          740766876894150
        ],
        "scheduled_start_target_ns_by_rank": [
          740766881983227,
          740766881983227,
          740766881983227,
          740766881983227
        ],
        "start_record_bracket_ns_by_rank": [
          [
            740766881984289,
            740766882051939
          ],
          [
            740766881983636,
            740766882036084
          ],
          [
            740766881983745,
            740766882019561
          ],
          [
            740766881984290,
            740766882037333
          ]
        ],
        "start_record_envelope_span_ns": 68303,
        "variant": 1
      },
      {
        "collective_only": {
          "local_ms": 0.0379519984126091,
          "rank_max_ms": 0.060095999389886856,
          "rank_ms": [
            0.0379519984126091,
            0.04585599899291992,
            0.060095999389886856,
            0.049375999718904495
          ]
        },
        "position": 1,
        "readiness_probe_exact": true,
        "ready_region": {
          "local_ms": 0.23824000358581543,
          "rank_max_ms": 0.23824000358581543,
          "rank_ms": [
            0.23824000358581543,
            0.16208000481128693,
            0.1619199961423874,
            0.17824000120162964
          ]
        },
        "sample_index": 14,
        "scheduled_start_arrival_ns_by_rank": [
          740766907784037,
          740766907536865,
          740766907472853,
          740766907739189
        ],
        "scheduled_start_target_ns_by_rank": [
          740766912784037,
          740766912784037,
          740766912784037,
          740766912784037
        ],
        "start_record_bracket_ns_by_rank": [
          [
            740766912784851,
            740766912832543
          ],
          [
            740766912784778,
            740766912826013
          ],
          [
            740766912784517,
            740766912811108
          ],
          [
            740766912784906,
            740766912822120
          ]
        ],
        "start_record_envelope_span_ns": 48026,
        "variant": 0
      },
      {
        "collective_only": {
          "local_ms": 0.047775998711586,
          "rank_max_ms": 0.07292799651622772,
          "rank_ms": [
            0.047775998711586,
            0.0692799985408783,
            0.07292799651622772,
            0.05651199817657471
          ]
        },
        "position": 0,
        "readiness_probe_exact": true,
        "ready_region": {
          "local_ms": 0.1887039989233017,
          "rank_max_ms": 0.21904000639915466,
          "rank_ms": [
            0.1887039989233017,
            0.14720000326633453,
            0.17190399765968323,
            0.21904000639915466
          ]
        },
        "sample_index": 15,
        "scheduled_start_arrival_ns_by_rank": [
          740766917929010,
          740766917686845,
          740766917599855,
          740766917746766
        ],
        "scheduled_start_target_ns_by_rank": [
          740766922929010,
          740766922929010,
          740766922929010,
          740766922929010
        ],
        "start_record_bracket_ns_by_rank": [
          [
            740766922929778,
            740766922977155
          ],
          [
            740766922929398,
            740766922957627
          ],
          [
            740766922929434,
            740766922954640
          ],
          [
            740766922929765,
            740766922969758
          ]
        ],
        "start_record_envelope_span_ns": 47757,
        "variant": 1
      },
      {
        "collective_only": {
          "local_ms": 0.04886399954557419,
          "rank_max_ms": 0.08908800035715103,
          "rank_ms": [
            0.04886399954557419,
            0.05615999922156334,
            0.08908800035715103,
            0.06678400188684464
          ]
        },
        "position": 1,
        "readiness_probe_exact": true,
        "ready_region": {
          "local_ms": 0.2141759991645813,
          "rank_max_ms": 0.2460159957408905,
          "rank_ms": [
            0.2141759991645813,
            0.2460159957408905,
            0.15033599734306335,
            0.20217600464820862
          ]
        },
        "sample_index": 16,
        "scheduled_start_arrival_ns_by_rank": [
          740766950613043,
          740766950185641,
          740766950144821,
          740766950585587
        ],
        "scheduled_start_target_ns_by_rank": [
          740766955613043,
          740766955613043,
          740766955613043,
          740766955613043
        ],
        "start_record_bracket_ns_by_rank": [
          [
            740766955613978,
            740766955677692
          ],
          [
            740766955614046,
            740766955668807
          ],
          [
            740766955613555,
            740766955636445
          ],
          [
            740766955613810,
            740766955656958
          ]
        ],
        "start_record_envelope_span_ns": 64137,
        "variant": 0
      },
      {
        "collective_only": {
          "local_ms": 0.04092799872159958,
          "rank_max_ms": 0.06569600105285645,
          "rank_ms": [
            0.04092799872159958,
            0.038656000047922134,
            0.06569600105285645,
            0.052352000027894974
          ]
        },
        "position": 0,
        "readiness_probe_exact": true,
        "ready_region": {
          "local_ms": 0.1738239973783493,
          "rank_max_ms": 0.19846400618553162,
          "rank_ms": [
            0.1738239973783493,
            0.19846400618553162,
            0.14998400211334229,
            0.16806399822235107
          ]
        },
        "sample_index": 17,
        "scheduled_start_arrival_ns_by_rank": [
          740766962078101,
          740766961733750,
          740766961373643,
          740766961648740
        ],
        "scheduled_start_target_ns_by_rank": [
          740766967078101,
          740766967078101,
          740766967078101,
          740766967078101
        ],
        "start_record_bracket_ns_by_rank": [
          [
            740766967078747,
            740766967125616
          ],
          [
            740766967079125,
            740766967125930
          ],
          [
            740766967078558,
            740766967100656
          ],
          [
            740766967078869,
            740766967111917
          ]
        ],
        "start_record_envelope_span_ns": 47372,
        "variant": 1
      },
      {
        "collective_only": {
          "local_ms": 0.056992001831531525,
          "rank_max_ms": 0.09296000003814697,
          "rank_ms": [
            0.056992001831531525,
            0.06380800157785416,
            0.09296000003814697,
            0.057151999324560165
          ]
        },
        "position": 1,
        "readiness_probe_exact": true,
        "ready_region": {
          "local_ms": 0.20895999670028687,
          "rank_max_ms": 0.286080002784729,
          "rank_ms": [
            0.20895999670028687,
            0.21715199947357178,
            0.152319997549057,
            0.286080002784729
          ]
        },
        "sample_index": 18,
        "scheduled_start_arrival_ns_by_rank": [
          740766994562229,
          740766994599081,
          740766994113985,
          740766994419647
        ],
        "scheduled_start_target_ns_by_rank": [
          740766999599081,
          740766999599081,
          740766999599081,
          740766999599081
        ],
        "start_record_bracket_ns_by_rank": [
          [
            740766999600296,
            740766999659864
          ],
          [
            740766999600342,
            740766999654085
          ],
          [
            740766999599565,
            740766999623114
          ],
          [
            740766999602795,
            740766999664546
          ]
        ],
        "start_record_envelope_span_ns": 64981,
        "variant": 0
      },
      {
        "collective_only": {
          "local_ms": 0.048608001321554184,
          "rank_max_ms": 0.08230400085449219,
          "rank_ms": [
            0.048608001321554184,
            0.047231998294591904,
            0.08230400085449219,
            0.06428799778223038
          ]
        },
        "position": 0,
        "readiness_probe_exact": true,
        "ready_region": {
          "local_ms": 0.2128320038318634,
          "rank_max_ms": 0.21619200706481934,
          "rank_ms": [
            0.2128320038318634,
            0.21619200706481934,
            0.1544640064239502,
            0.20131200551986694
          ]
        },
        "sample_index": 19,
        "scheduled_start_arrival_ns_by_rank": [
          740767005432230,
          740767005631633,
          740767004683100,
          740767004818549
        ],
        "scheduled_start_target_ns_by_rank": [
          740767010631633,
          740767010631633,
          740767010631633,
          740767010631633
        ],
        "start_record_bracket_ns_by_rank": [
          [
            740767010632641,
            740767010690280
          ],
          [
            740767010632848,
            740767010690454
          ],
          [
            740767010632081,
            740767010656379
          ],
          [
            740767010632614,
            740767010673781
          ]
        ],
        "start_record_envelope_span_ns": 58373,
        "variant": 1
      },
      {
        "collective_only": {
          "local_ms": 0.040608000010252,
          "rank_max_ms": 0.07017599791288376,
          "rank_ms": [
            0.040608000010252,
            0.039583999663591385,
            0.07017599791288376,
            0.04412800073623657
          ]
        },
        "position": 1,
        "readiness_probe_exact": true,
        "ready_region": {
          "local_ms": 0.17455999553203583,
          "rank_max_ms": 0.18163199722766876,
          "rank_ms": [
            0.17455999553203583,
            0.179967999458313,
            0.13065600395202637,
            0.18163199722766876
          ]
        },
        "sample_index": 20,
        "scheduled_start_arrival_ns_by_rank": [
          740767038846931,
          740767038702242,
          740767038767935,
          740767039346659
        ],
        "scheduled_start_target_ns_by_rank": [
          740767044346659,
          740767044346659,
          740767044346659,
          740767044346659
        ],
        "start_record_bracket_ns_by_rank": [
          [
            740767044347329,
            740767044396437
          ],
          [
            740767044347599,
            740767044395348
          ],
          [
            740767044347142,
            740767044366885
          ],
          [
            740767044348060,
            740767044387623
          ]
        ],
        "start_record_envelope_span_ns": 49295,
        "variant": 0
      },
      {
        "collective_only": {
          "local_ms": 0.04598399996757507,
          "rank_max_ms": 0.07923199981451035,
          "rank_ms": [
            0.04598399996757507,
            0.04835199937224388,
            0.07923199981451035,
            0.054655998945236206
          ]
        },
        "position": 0,
        "readiness_probe_exact": true,
        "ready_region": {
          "local_ms": 0.20828799903392792,
          "rank_max_ms": 0.20828799903392792,
          "rank_ms": [
            0.20828799903392792,
            0.20815999805927277,
            0.15760000050067902,
            0.20476800203323364
          ]
        },
        "sample_index": 21,
        "scheduled_start_arrival_ns_by_rank": [
          740767049499065,
          740767049628254,
          740767049302086,
          740767049663468
        ],
        "scheduled_start_target_ns_by_rank": [
          740767054663468,
          740767054663468,
          740767054663468,
          740767054663468
        ],
        "start_record_bracket_ns_by_rank": [
          [
            740767054664246,
            740767054720954
          ],
          [
            740767054664248,
            740767054720420
          ],
          [
            740767054663970,
            740767054688425
          ],
          [
            740767054664203,
            740767054707824
          ]
        ],
        "start_record_envelope_span_ns": 56984,
        "variant": 1
      },
      {
        "collective_only": {
          "local_ms": 0.06623999774456024,
          "rank_max_ms": 0.09471999853849411,
          "rank_ms": [
            0.06623999774456024,
            0.06191999837756157,
            0.09471999853849411,
            0.07177600264549255
          ]
        },
        "position": 1,
        "readiness_probe_exact": true,
        "ready_region": {
          "local_ms": 0.18371200561523438,
          "rank_max_ms": 0.21766400337219238,
          "rank_ms": [
            0.18371200561523438,
            0.21766400337219238,
            0.15007999539375305,
            0.2101760059595108
          ]
        },
        "sample_index": 22,
        "scheduled_start_arrival_ns_by_rank": [
          740767082682836,
          740767082990291,
          740767082699444,
          740767083118452
        ],
        "scheduled_start_target_ns_by_rank": [
          740767088118452,
          740767088118452,
          740767088118452,
          740767088118452
        ],
        "start_record_bracket_ns_by_rank": [
          [
            740767088119461,
            740767088166351
          ],
          [
            740767088119606,
            740767088172649
          ],
          [
            740767088118918,
            740767088139530
          ],
          [
            740767088119587,
            740767088161096
          ]
        ],
        "start_record_envelope_span_ns": 53731,
        "variant": 0
      },
      {
        "collective_only": {
          "local_ms": 0.05158400163054466,
          "rank_max_ms": 0.07964800298213959,
          "rank_ms": [
            0.05158400163054466,
            0.04867200180888176,
            0.07964800298213959,
            0.06371200084686279
          ]
        },
        "position": 0,
        "readiness_probe_exact": true,
        "ready_region": {
          "local_ms": 0.19193600118160248,
          "rank_max_ms": 0.2141759991645813,
          "rank_ms": [
            0.19193600118160248,
            0.2141759991645813,
            0.15542399883270264,
            0.20022399723529816
          ]
        },
        "sample_index": 23,
        "scheduled_start_arrival_ns_by_rank": [
          740767094098879,
          740767094290696,
          740767093766190,
          740767094217092
        ],
        "scheduled_start_target_ns_by_rank": [
          740767099290696,
          740767099290696,
          740767099290696,
          740767099290696
        ],
        "start_record_bracket_ns_by_rank": [
          [
            740767099291540,
            740767099341492
          ],
          [
            740767099291384,
            740767099343735
          ],
          [
            740767099291174,
            740767099313622
          ],
          [
            740767099291432,
            740767099328948
          ]
        ],
        "start_record_envelope_span_ns": 52561,
        "variant": 1
      },
      {
        "collective_only": {
          "local_ms": 0.04492799937725067,
          "rank_max_ms": 0.07545600086450577,
          "rank_ms": [
            0.04492799937725067,
            0.043455999344587326,
            0.07545600086450577,
            0.055456001311540604
          ]
        },
        "position": 1,
        "readiness_probe_exact": true,
        "ready_region": {
          "local_ms": 0.20892800390720367,
          "rank_max_ms": 0.2407039999961853,
          "rank_ms": [
            0.20892800390720367,
            0.23315200209617615,
            0.1645440012216568,
            0.2407039999961853
          ]
        },
        "sample_index": 24,
        "scheduled_start_arrival_ns_by_rank": [
          740767128833511,
          740767128750471,
          740767128573936,
          740767128814345
        ],
        "scheduled_start_target_ns_by_rank": [
          740767133833511,
          740767133833511,
          740767133833511,
          740767133833511
        ],
        "start_record_bracket_ns_by_rank": [
          [
            740767133834148,
            740767133889658
          ],
          [
            740767133834509,
            740767133889705
          ],
          [
            740767133833998,
            740767133858756
          ],
          [
            740767133834359,
            740767133879077
          ]
        ],
        "start_record_envelope_span_ns": 55707,
        "variant": 0
      },
      {
        "collective_only": {
          "local_ms": 0.04278400167822838,
          "rank_max_ms": 0.08073599636554718,
          "rank_ms": [
            0.04278400167822838,
            0.04972799867391586,
            0.08073599636554718,
            0.05507199838757515
          ]
        },
        "position": 0,
        "readiness_probe_exact": true,
        "ready_region": {
          "local_ms": 0.23206399381160736,
          "rank_max_ms": 0.31404799222946167,
          "rank_ms": [
            0.23206399381160736,
            0.23587200045585632,
            0.16444799304008484,
            0.31404799222946167
          ]
        },
        "sample_index": 25,
        "scheduled_start_arrival_ns_by_rank": [
          740767139850905,
          740767139715946,
          740767139448817,
          740767139777497
        ],
        "scheduled_start_target_ns_by_rank": [
          740767144850905,
          740767144850905,
          740767144850905,
          740767144850905
        ],
        "start_record_bracket_ns_by_rank": [
          [
            740767144852036,
            740767144911398
          ],
          [
            740767144851546,
            740767144907093
          ],
          [
            740767144851407,
            740767144874594
          ],
          [
            740767144851955,
            740767144903205
          ]
        ],
        "start_record_envelope_span_ns": 59991,
        "variant": 1
      },
      {
        "collective_only": {
          "local_ms": 0.04310400038957596,
          "rank_max_ms": 0.07545600086450577,
          "rank_ms": [
            0.04310400038957596,
            0.04303999990224838,
            0.07545600086450577,
            0.05593600124120712
          ]
        },
        "position": 1,
        "readiness_probe_exact": true,
        "ready_region": {
          "local_ms": 0.21065600216388702,
          "rank_max_ms": 0.2147199958562851,
          "rank_ms": [
            0.21065600216388702,
            0.2147199958562851,
            0.15481600165367126,
            0.18848000466823578
          ]
        },
        "sample_index": 26,
        "scheduled_start_arrival_ns_by_rank": [
          740767171816902,
          740767171883691,
          740767171557876,
          740767171741253
        ],
        "scheduled_start_target_ns_by_rank": [
          740767176883691,
          740767176883691,
          740767176883691,
          740767176883691
        ],
        "start_record_bracket_ns_by_rank": [
          [
            740767176884817,
            740767176938056
          ],
          [
            740767176884868,
            740767176938036
          ],
          [
            740767176884169,
            740767176906856
          ],
          [
            740767176884661,
            740767176923410
          ]
        ],
        "start_record_envelope_span_ns": 53887,
        "variant": 0
      },
      {
        "collective_only": {
          "local_ms": 0.04428799822926521,
          "rank_max_ms": 0.07619199901819229,
          "rank_ms": [
            0.04428799822926521,
            0.04729599878191948,
            0.07619199901819229,
            0.060416001826524734
          ]
        },
        "position": 0,
        "readiness_probe_exact": true,
        "ready_region": {
          "local_ms": 0.21488000452518463,
          "rank_max_ms": 0.21488000452518463,
          "rank_ms": [
            0.21488000452518463,
            0.2110079973936081,
            0.16652800142765045,
            0.20579199492931366
          ]
        },
        "sample_index": 27,
        "scheduled_start_arrival_ns_by_rank": [
          740767182598476,
          740767182725101,
          740767182226356,
          740767182476260
        ],
        "scheduled_start_target_ns_by_rank": [
          740767187725101,
          740767187725101,
          740767187725101,
          740767187725101
        ],
        "start_record_bracket_ns_by_rank": [
          [
            740767187726720,
            740767187785456
          ],
          [
            740767187726128,
            740767187784671
          ],
          [
            740767187725533,
            740767187754839
          ],
          [
            740767187725991,
            740767187771106
          ]
        ],
        "start_record_envelope_span_ns": 59923,
        "variant": 1
      },
      {
        "collective_only": {
          "local_ms": 0.04009599983692169,
          "rank_max_ms": 0.06716799736022949,
          "rank_ms": [
            0.04009599983692169,
            0.04435199871659279,
            0.06716799736022949,
            0.06358399987220764
          ]
        },
        "position": 1,
        "readiness_probe_exact": true,
        "ready_region": {
          "local_ms": 0.18768000602722168,
          "rank_max_ms": 0.18963199853897095,
          "rank_ms": [
            0.18768000602722168,
            0.18963199853897095,
            0.16156800091266632,
            0.14905600249767303
          ]
        },
        "sample_index": 28,
        "scheduled_start_arrival_ns_by_rank": [
          740767214334295,
          740767214594276,
          740767214184078,
          740767214670631
        ],
        "scheduled_start_target_ns_by_rank": [
          740767219670631,
          740767219670631,
          740767219670631,
          740767219670631
        ],
        "start_record_bracket_ns_by_rank": [
          [
            740767219671572,
            740767219724925
          ],
          [
            740767219671522,
            740767219722920
          ],
          [
            740767219671027,
            740767219699488
          ],
          [
            740767219670972,
            740767219701767
          ]
        ],
        "start_record_envelope_span_ns": 53953,
        "variant": 0
      },
      {
        "collective_only": {
          "local_ms": 0.2186560034751892,
          "rank_max_ms": 0.2837440073490143,
          "rank_ms": [
            0.2186560034751892,
            0.04483199864625931,
            0.2837440073490143,
            0.060864001512527466
          ]
        },
        "position": 0,
        "readiness_probe_exact": true,
        "ready_region": {
          "local_ms": 0.2577599883079529,
          "rank_max_ms": 0.29392001032829285,
          "rank_ms": [
            0.2577599883079529,
            0.21059200167655945,
            0.29392001032829285,
            0.15836800634860992
          ]
        },
        "sample_index": 29,
        "scheduled_start_arrival_ns_by_rank": [
          740767225962343,
          740767225979728,
          740767225695014,
          740767225618972
        ],
        "scheduled_start_target_ns_by_rank": [
          740767230979728,
          740767230979728,
          740767230979728,
          740767230979728
        ],
        "start_record_bracket_ns_by_rank": [
          [
            740767230988021,
            740767231080146
          ],
          [
            740767231163842,
            740767231250560
          ],
          [
            740767230980033,
            740767231014145
          ],
          [
            740767231206599,
            740767231235437
          ]
        ],
        "start_record_envelope_span_ns": 270527,
        "variant": 1
      },
      {
        "collective_only": {
          "local_ms": 0.04662400111556053,
          "rank_max_ms": 0.0822720006108284,
          "rank_ms": [
            0.04662400111556053,
            0.04816000163555145,
            0.0822720006108284,
            0.059039998799562454
          ]
        },
        "position": 1,
        "readiness_probe_exact": true,
        "ready_region": {
          "local_ms": 0.24054400622844696,
          "rank_max_ms": 0.2407039999961853,
          "rank_ms": [
            0.24054400622844696,
            0.2407039999961853,
            0.1637440025806427,
            0.2264000028371811
          ]
        },
        "sample_index": 30,
        "scheduled_start_arrival_ns_by_rank": [
          740767259488707,
          740767259656142,
          740767259443855,
          740767259833969
        ],
        "scheduled_start_target_ns_by_rank": [
          740767264833969,
          740767264833969,
          740767264833969,
          740767264833969
        ],
        "start_record_bracket_ns_by_rank": [
          [
            740767264835010,
            740767264894297
          ],
          [
            740767264835052,
            740767264893153
          ],
          [
            740767264834385,
            740767264858111
          ],
          [
            740767264834932,
            740767264880228
          ]
        ],
        "start_record_envelope_span_ns": 59912,
        "variant": 0
      },
      {
        "collective_only": {
          "local_ms": 0.036448001861572266,
          "rank_max_ms": 0.06390400230884552,
          "rank_ms": [
            0.036448001861572266,
            0.04335999861359596,
            0.06390400230884552,
            0.04758400097489357
          ]
        },
        "position": 0,
        "readiness_probe_exact": true,
        "ready_region": {
          "local_ms": 0.1693120002746582,
          "rank_max_ms": 0.1693120002746582,
          "rank_ms": [
            0.1693120002746582,
            0.1632319986820221,
            0.12537600100040436,
            0.16579200327396393
          ]
        },
        "sample_index": 31,
        "scheduled_start_arrival_ns_by_rank": [
          740767270456121,
          740767271038109,
          740767271179071,
          740767271111012
        ],
        "scheduled_start_target_ns_by_rank": [
          740767276179071,
          740767276179071,
          740767276179071,
          740767276179071
        ],
        "start_record_bracket_ns_by_rank": [
          [
            740767276179983,
            740767276233110
          ],
          [
            740767276180140,
            740767276228097
          ],
          [
            740767276179562,
            740767276206569
          ],
          [
            740767276180400,
            740767276223168
          ]
        ],
        "start_record_envelope_span_ns": 53548,
        "variant": 1
      },
      {
        "collective_only": {
          "local_ms": 0.2008959949016571,
          "rank_max_ms": 0.6318399906158447,
          "rank_ms": [
            0.2008959949016571,
            0.12639999389648438,
            0.6318399906158447,
            0.037248000502586365
          ]
        },
        "position": 1,
        "readiness_probe_exact": true,
        "ready_region": {
          "local_ms": 0.20985600352287292,
          "rank_max_ms": 0.6420159935951233,
          "rank_ms": [
            0.20985600352287292,
            0.20262399315834045,
            0.6420159935951233,
            0.20608000457286835
          ]
        },
        "sample_index": 32,
        "scheduled_start_arrival_ns_by_rank": [
          740767302669973,
          740767302760640,
          740767302431817,
          740767302834296
        ],
        "scheduled_start_target_ns_by_rank": [
          740767307834296,
          740767307834296,
          740767307834296,
          740767307834296
        ],
        "start_record_bracket_ns_by_rank": [
          [
            740767308405390,
            740767308464548
          ],
          [
            740767308481578,
            740767308537735
          ],
          [
            740767308009678,
            740767308032608
          ],
          [
            740767308580455,
            740767308624475
          ]
        ],
        "start_record_envelope_span_ns": 614797,
        "variant": 0
      },
      {
        "collective_only": {
          "local_ms": 0.04396799951791763,
          "rank_max_ms": 0.1045759990811348,
          "rank_ms": [
            0.04396799951791763,
            0.04572800174355507,
            0.1045759990811348,
            0.08419200032949448
          ]
        },
        "position": 0,
        "readiness_probe_exact": true,
        "ready_region": {
          "local_ms": 0.20243200659751892,
          "rank_max_ms": 0.2186879962682724,
          "rank_ms": [
            0.20243200659751892,
            0.2043199986219406,
            0.16307200491428375,
            0.2186879962682724
          ]
        },
        "sample_index": 33,
        "scheduled_start_arrival_ns_by_rank": [
          740767313546797,
          740767314140927,
          740767313525360,
          740767313708199
        ],
        "scheduled_start_target_ns_by_rank": [
          740767319140927,
          740767319140927,
          740767319140927,
          740767319140927
        ],
        "start_record_bracket_ns_by_rank": [
          [
            740767319141886,
            740767319223736
          ],
          [
            740767319142423,
            740767319221823
          ],
          [
            740767319141363,
            740767319162920
          ],
          [
            740767319142118,
            740767319181738
          ]
        ],
        "start_record_envelope_span_ns": 82373,
        "variant": 1
      },
      {
        "collective_only": {
          "local_ms": 0.045184001326560974,
          "rank_max_ms": 0.07308799773454666,
          "rank_ms": [
            0.045184001326560974,
            0.03964800015091896,
            0.07308799773454666,
            0.04873599857091904
          ]
        },
        "position": 1,
        "readiness_probe_exact": true,
        "ready_region": {
          "local_ms": 0.20934399962425232,
          "rank_max_ms": 0.20934399962425232,
          "rank_ms": [
            0.20934399962425232,
            0.20601600408554077,
            0.15689599514007568,
            0.1929280012845993
          ]
        },
        "sample_index": 34,
        "scheduled_start_arrival_ns_by_rank": [
          740767344868724,
          740767344974915,
          740767344643794,
          740767344843610
        ],
        "scheduled_start_target_ns_by_rank": [
          740767349974915,
          740767349974915,
          740767349974915,
          740767349974915
        ],
        "start_record_bracket_ns_by_rank": [
          [
            740767349975720,
            740767350037741
          ],
          [
            740767349975813,
            740767350043280
          ],
          [
            740767349975458,
            740767350013570
          ],
          [
            740767349975430,
            740767350029939
          ]
        ],
        "start_record_envelope_span_ns": 67850,
        "variant": 0
      },
      {
        "collective_only": {
          "local_ms": 0.04867200180888176,
          "rank_max_ms": 0.08323200047016144,
          "rank_ms": [
            0.04867200180888176,
            0.05907199904322624,
            0.08323200047016144,
            0.07097599655389786
          ]
        },
        "position": 0,
        "readiness_probe_exact": true,
        "ready_region": {
          "local_ms": 0.21887999773025513,
          "rank_max_ms": 0.21887999773025513,
          "rank_ms": [
            0.21887999773025513,
            0.21216000616550446,
            0.17235200107097626,
            0.2120320051908493
          ]
        },
        "sample_index": 35,
        "scheduled_start_arrival_ns_by_rank": [
          740767356616344,
          740767356548713,
          740767356182890,
          740767356505594
        ],
        "scheduled_start_target_ns_by_rank": [
          740767361616344,
          740767361616344,
          740767361616344,
          740767361616344
        ],
        "start_record_bracket_ns_by_rank": [
          [
            740767361617936,
            740767361684853
          ],
          [
            740767361617568,
            740767361674958
          ],
          [
            740767361616912,
            740767361649607
          ],
          [
            740767361617609,
            740767361663920
          ]
        ],
        "start_record_envelope_span_ns": 67941,
        "variant": 1
      },
      {
        "collective_only": {
          "local_ms": 0.06431999802589417,
          "rank_max_ms": 0.07023999840021133,
          "rank_ms": [
            0.06431999802589417,
            0.04294399917125702,
            0.07023999840021133,
            0.05516799911856651
          ]
        },
        "position": 1,
        "readiness_probe_exact": true,
        "ready_region": {
          "local_ms": 0.19286400079727173,
          "rank_max_ms": 0.23887999355793,
          "rank_ms": [
            0.19286400079727173,
            0.23206399381160736,
            0.1916159987449646,
            0.23887999355793
          ]
        },
        "sample_index": 36,
        "scheduled_start_arrival_ns_by_rank": [
          740767387779021,
          740767387897447,
          740767387765078,
          740767387875604
        ],
        "scheduled_start_target_ns_by_rank": [
          740767392897447,
          740767392897447,
          740767392897447,
          740767392897447
        ],
        "start_record_bracket_ns_by_rank": [
          [
            740767392898273,
            740767392935296
          ],
          [
            740767392898547,
            740767392955960
          ],
          [
            740767392898095,
            740767392931390
          ],
          [
            740767392898678,
            740767392946347
          ]
        ],
        "start_record_envelope_span_ns": 57865,
        "variant": 0
      },
      {
        "collective_only": {
          "local_ms": 0.050655998289585114,
          "rank_max_ms": 0.058687999844551086,
          "rank_ms": [
            0.050655998289585114,
            0.0570559985935688,
            0.058687999844551086,
            0.04009599983692169
          ]
        },
        "position": 0,
        "readiness_probe_exact": true,
        "ready_region": {
          "local_ms": 0.18918399512767792,
          "rank_max_ms": 0.2316800057888031,
          "rank_ms": [
            0.18918399512767792,
            0.1568640023469925,
            0.17430399358272552,
            0.2316800057888031
          ]
        },
        "sample_index": 37,
        "scheduled_start_arrival_ns_by_rank": [
          740767399046559,
          740767398680013,
          740767399073458,
          740767398701905
        ],
        "scheduled_start_target_ns_by_rank": [
          740767404073458,
          740767404073458,
          740767404073458,
          740767404073458
        ],
        "start_record_bracket_ns_by_rank": [
          [
            740767404074193,
            740767404108655
          ],
          [
            740767404073863,
            740767404102509
          ],
          [
            740767404074032,
            740767404102388
          ],
          [
            740767404074429,
            740767404118641
          ]
        ],
        "start_record_envelope_span_ns": 44778,
        "variant": 1
      },
      {
        "collective_only": {
          "local_ms": 0.05804799869656563,
          "rank_max_ms": 0.06531199812889099,
          "rank_ms": [
            0.05804799869656563,
            0.0416640006005764,
            0.06531199812889099,
            0.05587200075387955
          ]
        },
        "position": 1,
        "readiness_probe_exact": true,
        "ready_region": {
          "local_ms": 0.18025599420070648,
          "rank_max_ms": 0.19475199282169342,
          "rank_ms": [
            0.18025599420070648,
            0.19475199282169342,
            0.1578879952430725,
            0.19014400243759155
          ]
        },
        "sample_index": 38,
        "scheduled_start_arrival_ns_by_rank": [
          740767433781925,
          740767433815557,
          740767433934731,
          740767434311802
        ],
        "scheduled_start_target_ns_by_rank": [
          740767439311802,
          740767439311802,
          740767439311802,
          740767439311802
        ],
        "start_record_bracket_ns_by_rank": [
          [
            740767439312867,
            740767439348694
          ],
          [
            740767439312665,
            740767439363702
          ],
          [
            740767439312378,
            740767439341491
          ],
          [
            740767439312996,
            740767439351809
          ]
        ],
        "start_record_envelope_span_ns": 51324,
        "variant": 0
      },
      {
        "collective_only": {
          "local_ms": 0.08313599973917007,
          "rank_max_ms": 0.09433600306510925,
          "rank_ms": [
            0.08313599973917007,
            0.060256000608205795,
            0.09433600306510925,
            0.04233599826693535
          ]
        },
        "position": 0,
        "readiness_probe_exact": true,
        "ready_region": {
          "local_ms": 0.141184002161026,
          "rank_max_ms": 0.24796800315380096,
          "rank_ms": [
            0.141184002161026,
            0.17033599317073822,
            0.14662399888038635,
            0.24796800315380096
          ]
        },
        "sample_index": 39,
        "scheduled_start_arrival_ns_by_rank": [
          740767444778108,
          740767444973174,
          740767444680211,
          740767444850531
        ],
        "scheduled_start_target_ns_by_rank": [
          740767449973174,
          740767449973174,
          740767449973174,
          740767449973174
        ],
        "start_record_bracket_ns_by_rank": [
          [
            740767449974011,
            740767450013111
          ],
          [
            740767449974115,
            740767450035900
          ],
          [
            740767449973697,
            740767450010257
          ],
          [
            740767449976993,
            740767450054440
          ]
        ],
        "start_record_envelope_span_ns": 80743,
        "variant": 1
      },
      {
        "collective_only": {
          "local_ms": 0.06700800359249115,
          "rank_max_ms": 0.07964800298213959,
          "rank_ms": [
            0.06700800359249115,
            0.04809600114822388,
            0.07964800298213959,
            0.06777600198984146
          ]
        },
        "position": 1,
        "readiness_probe_exact": true,
        "ready_region": {
          "local_ms": 0.2008640021085739,
          "rank_max_ms": 0.23731200397014618,
          "rank_ms": [
            0.2008640021085739,
            0.23731200397014618,
            0.15107199549674988,
            0.2024960070848465
          ]
        },
        "sample_index": 40,
        "scheduled_start_arrival_ns_by_rank": [
          740767474801210,
          740767474526782,
          740767474515848,
          740767474605832
        ],
        "scheduled_start_target_ns_by_rank": [
          740767479801210,
          740767479801210,
          740767479801210,
          740767479801210
        ],
        "start_record_bracket_ns_by_rank": [
          [
            740767479802377,
            740767479841801
          ],
          [
            740767479803357,
            740767479864286
          ],
          [
            740767479801896,
            740767479829847
          ],
          [
            740767479802141,
            740767479841898
          ]
        ],
        "start_record_envelope_span_ns": 62390,
        "variant": 0
      },
      {
        "collective_only": {
          "local_ms": 0.06176000088453293,
          "rank_max_ms": 0.07241600006818771,
          "rank_ms": [
            0.06176000088453293,
            0.045152001082897186,
            0.07241600006818771,
            0.06358399987220764
          ]
        },
        "position": 0,
        "readiness_probe_exact": true,
        "ready_region": {
          "local_ms": 0.1963520050048828,
          "rank_max_ms": 0.21087999641895294,
          "rank_ms": [
            0.1963520050048828,
            0.21087999641895294,
            0.16518400609493256,
            0.1815679967403412
          ]
        },
        "sample_index": 41,
        "scheduled_start_arrival_ns_by_rank": [
          740767484829678,
          740767484919440,
          740767484741981,
          740767485263092
        ],
        "scheduled_start_target_ns_by_rank": [
          740767490263092,
          740767490263092,
          740767490263092,
          740767490263092
        ],
        "start_record_bracket_ns_by_rank": [
          [
            740767490264337,
            740767490305103
          ],
          [
            740767490264452,
            740767490322692
          ],
          [
            740767490263854,
            740767490294024
          ],
          [
            740767490264081,
            740767490303902
          ]
        ],
        "start_record_envelope_span_ns": 58838,
        "variant": 1
      },
      {
        "collective_only": {
          "local_ms": 0.040608000010252,
          "rank_max_ms": 0.05462399870157242,
          "rank_ms": [
            0.040608000010252,
            0.03964800015091896,
            0.05462399870157242,
            0.041280001401901245
          ]
        },
        "position": 1,
        "readiness_probe_exact": true,
        "ready_region": {
          "local_ms": 0.18559999763965607,
          "rank_max_ms": 0.18559999763965607,
          "rank_ms": [
            0.18559999763965607,
            0.150751993060112,
            0.1478399932384491,
            0.16592000424861908
          ]
        },
        "sample_index": 42,
        "scheduled_start_arrival_ns_by_rank": [
          740767515333048,
          740767515248129,
          740767515291015,
          740767515385363
        ],
        "scheduled_start_target_ns_by_rank": [
          740767520385363,
          740767520385363,
          740767520385363,
          740767520385363
        ],
        "start_record_bracket_ns_by_rank": [
          [
            740767520386766,
            740767520421901
          ],
          [
            740767520385795,
            740767520422708
          ],
          [
            740767520385863,
            740767520408720
          ],
          [
            740767520386295,
            740767520422150
          ]
        ],
        "start_record_envelope_span_ns": 36913,
        "variant": 0
      },
      {
        "collective_only": {
          "local_ms": 0.04287999868392944,
          "rank_max_ms": 0.06128000095486641,
          "rank_ms": [
            0.04287999868392944,
            0.04278400167822838,
            0.06128000095486641,
            0.049536000937223434
          ]
        },
        "position": 0,
        "readiness_probe_exact": true,
        "ready_region": {
          "local_ms": 0.19392000138759613,
          "rank_max_ms": 0.19392000138759613,
          "rank_ms": [
            0.19392000138759613,
            0.16864000260829926,
            0.15494400262832642,
            0.15539200603961945
          ]
        },
        "sample_index": 43,
        "scheduled_start_arrival_ns_by_rank": [
          740767524380190,
          740767525627574,
          740767525134129,
          740767525177900
        ],
        "scheduled_start_target_ns_by_rank": [
          740767530627574,
          740767530627574,
          740767530627574,
          740767530627574
        ],
        "start_record_bracket_ns_by_rank": [
          [
            740767530628529,
            740767530669226
          ],
          [
            740767530628249,
            740767530669742
          ],
          [
            740767530628022,
            740767530652472
          ],
          [
            740767530628394,
            740767530663242
          ]
        ],
        "start_record_envelope_span_ns": 41720,
        "variant": 1
      },
      {
        "collective_only": {
          "local_ms": 0.043136000633239746,
          "rank_max_ms": 0.04460800066590309,
          "rank_ms": [
            0.043136000633239746,
            0.03446400165557861,
            0.043616000562906265,
            0.04460800066590309
          ]
        },
        "position": 1,
        "readiness_probe_exact": true,
        "ready_region": {
          "local_ms": 0.13996799290180206,
          "rank_max_ms": 0.17692799866199493,
          "rank_ms": [
            0.13996799290180206,
            0.17692799866199493,
            0.16060799360275269,
            0.16102400422096252
          ]
        },
        "sample_index": 44,
        "scheduled_start_arrival_ns_by_rank": [
          740767556463328,
          740767556862240,
          740767556673004,
          740767556785719
        ],
        "scheduled_start_target_ns_by_rank": [
          740767561862240,
          740767561862240,
          740767561862240,
          740767561862240
        ],
        "start_record_bracket_ns_by_rank": [
          [
            740767561862955,
            740767561891793
          ],
          [
            740767561863161,
            740767561900721
          ],
          [
            740767561863033,
            740767561892802
          ],
          [
            740767561862836,
            740767561892749
          ]
        ],
        "start_record_envelope_span_ns": 37885,
        "variant": 0
      },
      {
        "collective_only": {
          "local_ms": 0.03302399814128876,
          "rank_max_ms": 0.04025600105524063,
          "rank_ms": [
            0.03302399814128876,
            0.04025600105524063,
            0.035392001271247864,
            0.035551998764276505
          ]
        },
        "position": 0,
        "readiness_probe_exact": true,
        "ready_region": {
          "local_ms": 0.16064000129699707,
          "rank_max_ms": 0.18412800133228302,
          "rank_ms": [
            0.16064000129699707,
            0.14451199769973755,
            0.18412800133228302,
            0.17526400089263916
          ]
        },
        "sample_index": 45,
        "scheduled_start_arrival_ns_by_rank": [
          740767565954422,
          740767566323165,
          740767566503938,
          740767566585039
        ],
        "scheduled_start_target_ns_by_rank": [
          740767571585039,
          740767571585039,
          740767571585039,
          740767571585039
        ],
        "start_record_bracket_ns_by_rank": [
          [
            740767571585984,
            740767571621725
          ],
          [
            740767571585438,
            740767571616144
          ],
          [
            740767571585830,
            740767571621141
          ],
          [
            740767571585744,
            740767571620971
          ]
        ],
        "start_record_envelope_span_ns": 36287,
        "variant": 1
      },
      {
        "collective_only": {
          "local_ms": 0.0692799985408783,
          "rank_max_ms": 0.0692799985408783,
          "rank_ms": [
            0.0692799985408783,
            0.041760001331567764,
            0.05619199946522713,
            0.05417599901556969
          ]
        },
        "position": 1,
        "readiness_probe_exact": true,
        "ready_region": {
          "local_ms": 0.14684799313545227,
          "rank_max_ms": 0.20764799416065216,
          "rank_ms": [
            0.14684799313545227,
            0.1955839991569519,
            0.20764799416065216,
            0.20723199844360352
          ]
        },
        "sample_index": 46,
        "scheduled_start_arrival_ns_by_rank": [
          740767598533314,
          740767598928202,
          740767599214871,
          740767599214829
        ],
        "scheduled_start_target_ns_by_rank": [
          740767604214871,
          740767604214871,
          740767604214871,
          740767604214871
        ],
        "start_record_bracket_ns_by_rank": [
          [
            740767604215352,
            740767604239654
          ],
          [
            740767604215746,
            740767604266450
          ],
          [
            740767604215887,
            740767604255703
          ],
          [
            740767604215767,
            740767604255773
          ]
        ],
        "start_record_envelope_span_ns": 51098,
        "variant": 0
      },
      {
        "collective_only": {
          "local_ms": 0.050303999334573746,
          "rank_max_ms": 0.051263999193906784,
          "rank_ms": [
            0.050303999334573746,
            0.04054399952292442,
            0.051263999193906784,
            0.05119999870657921
          ]
        },
        "position": 0,
        "readiness_probe_exact": true,
        "ready_region": {
          "local_ms": 0.20844799280166626,
          "rank_max_ms": 0.20902399718761444,
          "rank_ms": [
            0.20844799280166626,
            0.19760000705718994,
            0.20876799523830414,
            0.20902399718761444
          ]
        },
        "sample_index": 47,
        "scheduled_start_arrival_ns_by_rank": [
          740767609560443,
          740767610239036,
          740767609798003,
          740767609797862
        ],
        "scheduled_start_target_ns_by_rank": [
          740767615239036,
          740767615239036,
          740767615239036,
          740767615239036
        ],
        "start_record_bracket_ns_by_rank": [
          [
            740767615240197,
            740767615285286
          ],
          [
            740767615239970,
            740767615292212
          ],
          [
            740767615240092,
            740767615282050
          ],
          [
            740767615240157,
            740767615282006
          ]
        ],
        "start_record_envelope_span_ns": 52242,
        "variant": 1
      },
      {
        "collective_only": {
          "local_ms": 0.05740800127387047,
          "rank_max_ms": 0.06668800115585327,
          "rank_ms": [
            0.05740800127387047,
            0.06668800115585327,
            0.056543998420238495,
            0.05580800026655197
          ]
        },
        "position": 1,
        "readiness_probe_exact": true,
        "ready_region": {
          "local_ms": 0.18307200074195862,
          "rank_max_ms": 0.2264000028371811,
          "rank_ms": [
            0.18307200074195862,
            0.2264000028371811,
            0.21955199539661407,
            0.21907199919223785
          ]
        },
        "sample_index": 48,
        "scheduled_start_arrival_ns_by_rank": [
          740767642684506,
          740767643100275,
          740767642831124,
          740767642830800
        ],
        "scheduled_start_target_ns_by_rank": [
          740767648100275,
          740767648100275,
          740767648100275,
          740767648100275
        ],
        "start_record_bracket_ns_by_rank": [
          [
            740767648101026,
            740767648137193
          ],
          [
            740767648101410,
            740767648152026
          ],
          [
            740767648101215,
            740767648138997
          ],
          [
            740767648101151,
            740767648138785
          ]
        ],
        "start_record_envelope_span_ns": 51000,
        "variant": 0
      },
      {
        "collective_only": {
          "local_ms": 0.06703999638557434,
          "rank_max_ms": 0.06703999638557434,
          "rank_ms": [
            0.06703999638557434,
            0.04364800080657005,
            0.05740800127387047,
            0.056095998734235764
          ]
        },
        "position": 0,
        "readiness_probe_exact": true,
        "ready_region": {
          "local_ms": 0.16332800686359406,
          "rank_max_ms": 0.2531520128250122,
          "rank_ms": [
            0.16332800686359406,
            0.2531520128250122,
            0.21436800062656403,
            0.21427200734615326
          ]
        },
        "sample_index": 49,
        "scheduled_start_arrival_ns_by_rank": [
          740767653084954,
          740767653700558,
          740767653775233,
          740767653775047
        ],
        "scheduled_start_target_ns_by_rank": [
          740767658775233,
          740767658775233,
          740767658775233,
          740767658775233
        ],
        "start_record_bracket_ns_by_rank": [
          [
            740767658775857,
            740767658808307
          ],
          [
            740767658776088,
            740767658831134
          ],
          [
            740767658776184,
            740767658819301
          ],
          [
            740767658776143,
            740767658819121
          ]
        ],
        "start_record_envelope_span_ns": 55277,
        "variant": 1
      },
      {
        "collective_only": {
          "local_ms": 0.07023999840021133,
          "rank_max_ms": 0.07023999840021133,
          "rank_ms": [
            0.07023999840021133,
            0.04428799822926521,
            0.06844799965620041,
            0.06659200042486191
          ]
        },
        "position": 1,
        "readiness_probe_exact": true,
        "ready_region": {
          "local_ms": 0.2070399969816208,
          "rank_max_ms": 0.2396160066127777,
          "rank_ms": [
            0.2070399969816208,
            0.2396160066127777,
            0.23017600178718567,
            0.2303999960422516
          ]
        },
        "sample_index": 50,
        "scheduled_start_arrival_ns_by_rank": [
          740767685840583,
          740767685963834,
          740767685879380,
          740767685879642
        ],
        "scheduled_start_target_ns_by_rank": [
          740767690963834,
          740767690963834,
          740767690963834,
          740767690963834
        ],
        "start_record_bracket_ns_by_rank": [
          [
            740767690964750,
            740767691023739
          ],
          [
            740767690964892,
            740767691050202
          ],
          [
            740767690964741,
            740767691029138
          ],
          [
            740767690964660,
            740767691029019
          ]
        ],
        "start_record_envelope_span_ns": 85542,
        "variant": 0
      },
      {
        "collective_only": {
          "local_ms": 0.06147199869155884,
          "rank_max_ms": 0.06351999938488007,
          "rank_ms": [
            0.06147199869155884,
            0.04819199815392494,
            0.06351999938488007,
            0.05859199911355972
          ]
        },
        "position": 0,
        "readiness_probe_exact": true,
        "ready_region": {
          "local_ms": 0.19888000190258026,
          "rank_max_ms": 0.21747200191020966,
          "rank_ms": [
            0.19888000190258026,
            0.21747200191020966,
            0.16729600727558136,
            0.1923840045928955
          ]
        },
        "sample_index": 51,
        "scheduled_start_arrival_ns_by_rank": [
          740767695888414,
          740767696452298,
          740767696230647,
          740767696353505
        ],
        "scheduled_start_target_ns_by_rank": [
          740767701452298,
          740767701452298,
          740767701452298,
          740767701452298
        ],
        "start_record_bracket_ns_by_rank": [
          [
            740767701453590,
            740767701495801
          ],
          [
            740767701453433,
            740767701509910
          ],
          [
            740767701453006,
            740767701492775
          ],
          [
            740767701453218,
            740767701493185
          ]
        ],
        "start_record_envelope_span_ns": 56904,
        "variant": 1
      },
      {
        "collective_only": {
          "local_ms": 0.060864001512527466,
          "rank_max_ms": 0.06147199869155884,
          "rank_ms": [
            0.060864001512527466,
            0.04476799815893173,
            0.06147199869155884,
            0.05382400006055832
          ]
        },
        "position": 1,
        "readiness_probe_exact": true,
        "ready_region": {
          "local_ms": 0.18611200153827667,
          "rank_max_ms": 0.20710399746894836,
          "rank_ms": [
            0.18611200153827667,
            0.20710399746894836,
            0.17059199512004852,
            0.1968960016965866
          ]
        },
        "sample_index": 52,
        "scheduled_start_arrival_ns_by_rank": [
          740767726825347,
          740767727171162,
          740767727106920,
          740767727427704
        ],
        "scheduled_start_target_ns_by_rank": [
          740767732427704,
          740767732427704,
          740767732427704,
          740767732427704
        ],
        "start_record_bracket_ns_by_rank": [
          [
            740767732428700,
            740767732468376
          ],
          [
            740767732428687,
            740767732484448
          ],
          [
            740767732428795,
            740767732469308
          ],
          [
            740767732428525,
            740767732471706
          ]
        ],
        "start_record_envelope_span_ns": 55923,
        "variant": 0
      },
      {
        "collective_only": {
          "local_ms": 0.051552001386880875,
          "rank_max_ms": 0.051552001386880875,
          "rank_ms": [
            0.051552001386880875,
            0.04102399945259094,
            0.047968000173568726,
            0.04902400076389313
          ]
        },
        "position": 0,
        "readiness_probe_exact": true,
        "ready_region": {
          "local_ms": 0.18531200289726257,
          "rank_max_ms": 0.20297600328922272,
          "rank_ms": [
            0.18531200289726257,
            0.18460799753665924,
            0.20297600328922272,
            0.19475199282169342
          ]
        },
        "sample_index": 53,
        "scheduled_start_arrival_ns_by_rank": [
          740767736742000,
          740767737262047,
          740767736826934,
          740767736943722
        ],
        "scheduled_start_target_ns_by_rank": [
          740767742262047,
          740767742262047,
          740767742262047,
          740767742262047
        ],
        "start_record_bracket_ns_by_rank": [
          [
            740767742263343,
            740767742301639
          ],
          [
            740767742263277,
            740767742314904
          ],
          [
            740767742263464,
            740767742307930
          ],
          [
            740767742263074,
            740767742304660
          ]
        ],
        "start_record_envelope_span_ns": 51830,
        "variant": 1
      },
      {
        "collective_only": {
          "local_ms": 0.05113599821925163,
          "rank_max_ms": 0.05142400041222572,
          "rank_ms": [
            0.05113599821925163,
            0.04137599840760231,
            0.04864000156521797,
            0.05142400041222572
          ]
        },
        "position": 1,
        "readiness_probe_exact": true,
        "ready_region": {
          "local_ms": 0.22259199619293213,
          "rank_max_ms": 0.22259199619293213,
          "rank_ms": [
            0.22259199619293213,
            0.18812799453735352,
            0.20070399343967438,
            0.1921599954366684
          ]
        },
        "sample_index": 54,
        "scheduled_start_arrival_ns_by_rank": [
          740767767908413,
          740767768508496,
          740767768655768,
          740767767926238
        ],
        "scheduled_start_target_ns_by_rank": [
          740767773655768,
          740767773655768,
          740767773655768,
          740767773655768
        ],
        "start_record_bracket_ns_by_rank": [
          [
            740767773656976,
            740767773698823
          ],
          [
            740767773656832,
            740767773707142
          ],
          [
            740767773656712,
            740767773699892
          ],
          [
            740767773656886,
            740767773697093
          ]
        ],
        "start_record_envelope_span_ns": 50430,
        "variant": 0
      },
      {
        "collective_only": {
          "local_ms": 0.05036799982190132,
          "rank_max_ms": 0.05097600072622299,
          "rank_ms": [
            0.05036799982190132,
            0.039712000638246536,
            0.05036799982190132,
            0.05097600072622299
          ]
        },
        "position": 0,
        "readiness_probe_exact": true,
        "ready_region": {
          "local_ms": 0.19254399836063385,
          "rank_max_ms": 0.19254399836063385,
          "rank_ms": [
            0.19254399836063385,
            0.19228799641132355,
            0.17692799866199493,
            0.18457600474357605
          ]
        },
        "sample_index": 55,
        "scheduled_start_arrival_ns_by_rank": [
          740767779330258,
          740767779489615,
          740767779100902,
          740767779084698
        ],
        "scheduled_start_target_ns_by_rank": [
          740767784489615,
          740767784489615,
          740767784489615,
          740767784489615
        ],
        "start_record_bracket_ns_by_rank": [
          [
            740767784490785,
            740767784528161
          ],
          [
            740767784490778,
            740767784539053
          ],
          [
            740767784490489,
            740767784528919
          ],
          [
            740767784490633,
            740767784527403
          ]
        ],
        "start_record_envelope_span_ns": 48564,
        "variant": 1
      },
      {
        "collective_only": {
          "local_ms": 0.06419199705123901,
          "rank_max_ms": 0.06486400216817856,
          "rank_ms": [
            0.06419199705123901,
            0.0461760014295578,
            0.06486400216817856,
            0.06272000074386597
          ]
        },
        "position": 1,
        "readiness_probe_exact": true,
        "ready_region": {
          "local_ms": 0.17721599340438843,
          "rank_max_ms": 0.21452799439430237,
          "rank_ms": [
            0.17721599340438843,
            0.21452799439430237,
            0.15919999778270721,
            0.17235200107097626
          ]
        },
        "sample_index": 56,
        "scheduled_start_arrival_ns_by_rank": [
          740767808780577,
          740767809029240,
          740767809069279,
          740767809217055
        ],
        "scheduled_start_target_ns_by_rank": [
          740767814217055,
          740767814217055,
          740767814217055,
          740767814217055
        ],
        "start_record_bracket_ns_by_rank": [
          [
            740767814218223,
            740767814254010
          ],
          [
            740767814218119,
            740767814272615
          ],
          [
            740767814217845,
            740767814253844
          ],
          [
            740767814218075,
            740767814254178
          ]
        ],
        "start_record_envelope_span_ns": 54770,
        "variant": 0
      },
      {
        "collective_only": {
          "local_ms": 0.056992001831531525,
          "rank_max_ms": 0.056992001831531525,
          "rank_ms": [
            0.056992001831531525,
            0.04566400125622749,
            0.05507199838757515,
            0.05238400027155876
          ]
        },
        "position": 0,
        "readiness_probe_exact": true,
        "ready_region": {
          "local_ms": 0.19705599546432495,
          "rank_max_ms": 0.19913600385189056,
          "rank_ms": [
            0.19705599546432495,
            0.18991999328136444,
            0.19913600385189056,
            0.19782400131225586
          ]
        },
        "sample_index": 57,
        "scheduled_start_arrival_ns_by_rank": [
          740767818914571,
          740767819437191,
          740767819418066,
          740767819617418
        ],
        "scheduled_start_target_ns_by_rank": [
          740767824617418,
          740767824617418,
          740767824617418,
          740767824617418
        ],
        "start_record_bracket_ns_by_rank": [
          [
            740767824618610,
            740767824660060
          ],
          [
            740767824618424,
            740767824669219
          ],
          [
            740767824618509,
            740767824661191
          ],
          [
            740767824618398,
            740767824658689
          ]
        ],
        "start_record_envelope_span_ns": 50821,
        "variant": 1
      },
      {
        "collective_only": {
          "local_ms": 0.06652799993753433,
          "rank_max_ms": 0.06652799993753433,
          "rank_ms": [
            0.06652799993753433,
            0.04195199906826019,
            0.06003199890255928,
            0.05721599981188774
          ]
        },
        "position": 1,
        "readiness_probe_exact": true,
        "ready_region": {
          "local_ms": 0.15641599893569946,
          "rank_max_ms": 0.19593599438667297,
          "rank_ms": [
            0.15641599893569946,
            0.19593599438667297,
            0.16624000668525696,
            0.1738560050725937
          ]
        },
        "sample_index": 58,
        "scheduled_start_arrival_ns_by_rank": [
          740767849674172,
          740767850676506,
          740767850418223,
          740767850506607
        ],
        "scheduled_start_target_ns_by_rank": [
          740767855676506,
          740767855676506,
          740767855676506,
          740767855676506
        ],
        "start_record_bracket_ns_by_rank": [
          [
            740767855677063,
            740767855705184
          ],
          [
            740767855677641,
            740767855730703
          ],
          [
            740767855677097,
            740767855713819
          ],
          [
            740767855677405,
            740767855714257
          ]
        ],
        "start_record_envelope_span_ns": 53640,
        "variant": 0
      },
      {
        "collective_only": {
          "local_ms": 0.051392000168561935,
          "rank_max_ms": 0.05177599936723709,
          "rank_ms": [
            0.051392000168561935,
            0.039455998688936234,
            0.05177599936723709,
            0.05104000121355057
          ]
        },
        "position": 0,
        "readiness_probe_exact": true,
        "ready_region": {
          "local_ms": 0.18163199722766876,
          "rank_max_ms": 0.18163199722766876,
          "rank_ms": [
            0.18163199722766876,
            0.17923200130462646,
            0.16582399606704712,
            0.16697600483894348
          ]
        },
        "sample_index": 59,
        "scheduled_start_arrival_ns_by_rank": [
          740767861124383,
          740767861152967,
          740767861321928,
          740767861485742
        ],
        "scheduled_start_target_ns_by_rank": [
          740767866485742,
          740767866485742,
          740767866485742,
          740767866485742
        ],
        "start_record_bracket_ns_by_rank": [
          [
            740767866486825,
            740767866524042
          ],
          [
            740767866486801,
            740767866535276
          ],
          [
            740767866486681,
            740767866524126
          ],
          [
            740767866486350,
            740767866524900
          ]
        ],
        "start_record_envelope_span_ns": 48926,
        "variant": 1
      },
      {
        "collective_only": {
          "local_ms": 0.06752000004053116,
          "rank_max_ms": 0.07472000271081924,
          "rank_ms": [
            0.06752000004053116,
            0.061216000467538834,
            0.07472000271081924,
            0.07407999783754349
          ]
        },
        "position": 1,
        "readiness_probe_exact": true,
        "ready_region": {
          "local_ms": 0.24959999322891235,
          "rank_max_ms": 0.24959999322891235,
          "rank_ms": [
            0.24959999322891235,
            0.20272000133991241,
            0.18454399704933167,
            0.20291200280189514
          ]
        },
        "sample_index": 60,
        "scheduled_start_arrival_ns_by_rank": [
          740767893512227,
          740767893889578,
          740767894127254,
          740767893778936
        ],
        "scheduled_start_target_ns_by_rank": [
          740767899127254,
          740767899127254,
          740767899127254,
          740767899127254
        ],
        "start_record_bracket_ns_by_rank": [
          [
            740767899129015,
            740767899175560
          ],
          [
            740767899128388,
            740767899180315
          ],
          [
            740767899128187,
            740767899165736
          ],
          [
            740767899128270,
            740767899167878
          ]
        ],
        "start_record_envelope_span_ns": 52128,
        "variant": 0
      },
      {
        "collective_only": {
          "local_ms": 0.05398400127887726,
          "rank_max_ms": 0.05398400127887726,
          "rank_ms": [
            0.05398400127887726,
            0.040383998304605484,
            0.0453759990632534,
            0.05286400020122528
          ]
        },
        "position": 0,
        "readiness_probe_exact": true,
        "ready_region": {
          "local_ms": 0.19280000030994415,
          "rank_max_ms": 0.21094399690628052,
          "rank_ms": [
            0.19280000030994415,
            0.20416000485420227,
            0.21094399690628052,
            0.18489600718021393
          ]
        },
        "sample_index": 61,
        "scheduled_start_arrival_ns_by_rank": [
          740767904575738,
          740767904658787,
          740767904673032,
          740767904988451
        ],
        "scheduled_start_target_ns_by_rank": [
          740767909988451,
          740767909988451,
          740767909988451,
          740767909988451
        ],
        "start_record_bracket_ns_by_rank": [
          [
            740767909989411,
            740767910037522
          ],
          [
            740767909989716,
            740767910051519
          ],
          [
            740767909990246,
            740767910049526
          ],
          [
            740767909989379,
            740767910034806
          ]
        ],
        "start_record_envelope_span_ns": 62140,
        "variant": 1
      },
      {
        "collective_only": {
          "local_ms": 0.05503999814391136,
          "rank_max_ms": 0.05503999814391136,
          "rank_ms": [
            0.05503999814391136,
            0.04291199892759323,
            0.05251200124621391,
            0.04944000020623207
          ]
        },
        "position": 1,
        "readiness_probe_exact": true,
        "ready_region": {
          "local_ms": 0.20150400698184967,
          "rank_max_ms": 0.20723199844360352,
          "rank_ms": [
            0.20150400698184967,
            0.20499199628829956,
            0.20723199844360352,
            0.20121599733829498
          ]
        },
        "sample_index": 62,
        "scheduled_start_arrival_ns_by_rank": [
          740767936384235,
          740767936551984,
          740767936361237,
          740767936214578
        ],
        "scheduled_start_target_ns_by_rank": [
          740767941551984,
          740767941551984,
          740767941551984,
          740767941551984
        ],
        "start_record_bracket_ns_by_rank": [
          [
            740767941553897,
            740767941594528
          ],
          [
            740767941553188,
            740767941605418
          ],
          [
            740767941553071,
            740767941597138
          ],
          [
            740767941553014,
            740767941594692
          ]
        ],
        "start_record_envelope_span_ns": 52404,
        "variant": 0
      },
      {
        "collective_only": {
          "local_ms": 0.061503998935222626,
          "rank_max_ms": 0.061503998935222626,
          "rank_ms": [
            0.061503998935222626,
            0.04310400038957596,
            0.05862399935722351,
            0.05673599988222122
          ]
        },
        "position": 0,
        "readiness_probe_exact": true,
        "ready_region": {
          "local_ms": 0.19116799533367157,
          "rank_max_ms": 0.20179200172424316,
          "rank_ms": [
            0.19116799533367157,
            0.20137600600719452,
            0.20179200172424316,
            0.19148799777030945
          ]
        },
        "sample_index": 63,
        "scheduled_start_arrival_ns_by_rank": [
          740767947241894,
          740767947356217,
          740767947610566,
          740767947403766
        ],
        "scheduled_start_target_ns_by_rank": [
          740767952610566,
          740767952610566,
          740767952610566,
          740767952610566
        ],
        "start_record_bracket_ns_by_rank": [
          [
            740767952612063,
            740767952651175
          ],
          [
            740767952613048,
            740767952670505
          ],
          [
            740767952611944,
            740767952654420
          ],
          [
            740767952612026,
            740767952657391
          ]
        ],
        "start_record_envelope_span_ns": 58561,
        "variant": 1
      },
      {
        "collective_only": {
          "local_ms": 0.046720001846551895,
          "rank_max_ms": 0.05385600030422211,
          "rank_ms": [
            0.046720001846551895,
            0.042047999799251556,
            0.05145600065588951,
            0.05385600030422211
          ]
        },
        "position": 1,
        "readiness_probe_exact": true,
        "ready_region": {
          "local_ms": 0.20848000049591064,
          "rank_max_ms": 0.20848000049591064,
          "rank_ms": [
            0.20848000049591064,
            0.19603200256824493,
            0.20207999646663666,
            0.2003519982099533
          ]
        },
        "sample_index": 64,
        "scheduled_start_arrival_ns_by_rank": [
          740767979364926,
          740767979515300,
          740767979471973,
          740767979332334
        ],
        "scheduled_start_target_ns_by_rank": [
          740767984515300,
          740767984515300,
          740767984515300,
          740767984515300
        ],
        "start_record_bracket_ns_by_rank": [
          [
            740767984516570,
            740767984565317
          ],
          [
            740767984516490,
            740767984570275
          ],
          [
            740767984516552,
            740767984559913
          ],
          [
            740767984516390,
            740767984558341
          ]
        ],
        "start_record_envelope_span_ns": 53885,
        "variant": 0
      },
      {
        "collective_only": {
          "local_ms": 0.05382400006055832,
          "rank_max_ms": 0.05382400006055832,
          "rank_ms": [
            0.05382400006055832,
            0.04025600105524063,
            0.04057599976658821,
            0.04118400067090988
          ]
        },
        "position": 0,
        "readiness_probe_exact": true,
        "ready_region": {
          "local_ms": 0.20550400018692017,
          "rank_max_ms": 0.22752000391483307,
          "rank_ms": [
            0.20550400018692017,
            0.21001599729061127,
            0.22752000391483307,
            0.21686400473117828
          ]
        },
        "sample_index": 65,
        "scheduled_start_arrival_ns_by_rank": [
          740767989607488,
          740767989666843,
          740767989816609,
          740767989974987
        ],
        "scheduled_start_target_ns_by_rank": [
          740767994974987,
          740767994974987,
          740767994974987,
          740767994974987
        ],
        "start_record_bracket_ns_by_rank": [
          [
            740767994976030,
            740767995027507
          ],
          [
            740767994976003,
            740767995039531
          ],
          [
            740767994975866,
            740767995041854
          ],
          [
            740767994975764,
            740767995040992
          ]
        ],
        "start_record_envelope_span_ns": 66090,
        "variant": 1
      },
      {
        "collective_only": {
          "local_ms": 0.059007998555898666,
          "rank_max_ms": 0.059007998555898666,
          "rank_ms": [
            0.059007998555898666,
            0.043487999588251114,
            0.05567999929189682,
            0.05532800033688545
          ]
        },
        "position": 1,
        "readiness_probe_exact": true,
        "ready_region": {
          "local_ms": 0.18758399784564972,
          "rank_max_ms": 0.20604799687862396,
          "rank_ms": [
            0.18758399784564972,
            0.19388799369335175,
            0.20604799687862396,
            0.18963199853897095
          ]
        },
        "sample_index": 66,
        "scheduled_start_arrival_ns_by_rank": [
          740768019328465,
          740768019476416,
          740768019263273,
          740768019366003
        ],
        "scheduled_start_target_ns_by_rank": [
          740768024476416,
          740768024476416,
          740768024476416,
          740768024476416
        ],
        "start_record_bracket_ns_by_rank": [
          [
            740768024477463,
            740768024515920
          ],
          [
            740768024477716,
            740768024531821
          ],
          [
            740768024477415,
            740768024520538
          ],
          [
            740768024477269,
            740768024518226
          ]
        ],
        "start_record_envelope_span_ns": 54552,
        "variant": 0
      },
      {
        "collective_only": {
          "local_ms": 0.053599998354911804,
          "rank_max_ms": 0.053599998354911804,
          "rank_ms": [
            0.053599998354911804,
            0.04064000025391579,
            0.0488319993019104,
            0.050016000866889954
          ]
        },
        "position": 0,
        "readiness_probe_exact": true,
        "ready_region": {
          "local_ms": 0.17308799922466278,
          "rank_max_ms": 0.20112000405788422,
          "rank_ms": [
            0.17308799922466278,
            0.19302399456501007,
            0.20112000405788422,
            0.19023999571800232
          ]
        },
        "sample_index": 67,
        "scheduled_start_arrival_ns_by_rank": [
          740768029865059,
          740768030494833,
          740768030322626,
          740768030134352
        ],
        "scheduled_start_target_ns_by_rank": [
          740768035494833,
          740768035494833,
          740768035494833,
          740768035494833
        ],
        "start_record_bracket_ns_by_rank": [
          [
            740768035495673,
            740768035535200
          ],
          [
            740768035496277,
            740768035548213
          ],
          [
            740768035496017,
            740768035540542
          ],
          [
            740768035495843,
            740768035537995
          ]
        ],
        "start_record_envelope_span_ns": 52540,
        "variant": 1
      },
      {
        "collective_only": {
          "local_ms": 0.03686400130391121,
          "rank_max_ms": 0.04335999861359596,
          "rank_ms": [
            0.03686400130391121,
            0.04335999861359596,
            0.042688000947237015,
            0.04012800008058548
          ]
        },
        "position": 1,
        "readiness_probe_exact": true,
        "ready_region": {
          "local_ms": 0.22198399901390076,
          "rank_max_ms": 0.22198399901390076,
          "rank_ms": [
            0.22198399901390076,
            0.20943999290466309,
            0.2099519968032837,
            0.2128320038318634
          ]
        },
        "sample_index": 68,
        "scheduled_start_arrival_ns_by_rank": [
          740768062881770,
          740768062861186,
          740768062978991,
          740768062897428
        ],
        "scheduled_start_target_ns_by_rank": [
          740768067978991,
          740768067978991,
          740768067978991,
          740768067978991
        ],
        "start_record_bracket_ns_by_rank": [
          [
            740768067980146,
            740768068032871
          ],
          [
            740768067979937,
            740768068029193
          ],
          [
            740768067980104,
            740768068029803
          ],
          [
            740768067980116,
            740768068032780
          ]
        ],
        "start_record_envelope_span_ns": 52934,
        "variant": 0
      },
      {
        "collective_only": {
          "local_ms": 0.04771199822425842,
          "rank_max_ms": 0.06063999980688095,
          "rank_ms": [
            0.04771199822425842,
            0.04227200150489807,
            0.06063999980688095,
            0.0490880012512207
          ]
        },
        "position": 0,
        "readiness_probe_exact": true,
        "ready_region": {
          "local_ms": 0.2016959935426712,
          "rank_max_ms": 0.22300800681114197,
          "rank_ms": [
            0.2016959935426712,
            0.22300800681114197,
            0.1621759980916977,
            0.18982400000095367
          ]
        },
        "sample_index": 69,
        "scheduled_start_arrival_ns_by_rank": [
          740768074310754,
          740768073715263,
          740768073731003,
          740768074272470
        ],
        "scheduled_start_target_ns_by_rank": [
          740768079310754,
          740768079310754,
          740768079310754,
          740768079310754
        ],
        "start_record_bracket_ns_by_rank": [
          [
            740768079312114,
            740768079358848
          ],
          [
            740768079312578,
            740768079362242
          ],
          [
            740768079311377,
            740768079343159
          ],
          [
            740768079311718,
            740768079351485
          ]
        ],
        "start_record_envelope_span_ns": 50865,
        "variant": 1
      },
      {
        "collective_only": {
          "local_ms": 0.2454719990491867,
          "rank_max_ms": 0.2455040067434311,
          "rank_ms": [
            0.2454719990491867,
            0.2455040067434311,
            0.06547199934720993,
            0.03174399957060814
          ]
        },
        "position": 1,
        "readiness_probe_exact": true,
        "ready_region": {
          "local_ms": 0.2552320063114166,
          "rank_max_ms": 0.2553919851779938,
          "rank_ms": [
            0.2552320063114166,
            0.2553919851779938,
            0.16380800306797028,
            0.16182400286197662
          ]
        },
        "sample_index": 70,
        "scheduled_start_arrival_ns_by_rank": [
          740768108183827,
          740768109130234,
          740768109278300,
          740768108755906
        ],
        "scheduled_start_target_ns_by_rank": [
          740768114278300,
          740768114278300,
          740768114278300,
          740768114278300
        ],
        "start_record_bracket_ns_by_rank": [
          [
            740768114279217,
            740768114317487
          ],
          [
            740768114279194,
            740768114315243
          ],
          [
            740768114457552,
            740768114496383
          ],
          [
            740768114493817,
            740768114528517
          ]
        ],
        "start_record_envelope_span_ns": 249323,
        "variant": 0
      },
      {
        "collective_only": {
          "local_ms": 0.04121600091457367,
          "rank_max_ms": 0.04121600091457367,
          "rank_ms": [
            0.04121600091457367,
            0.03961599990725517,
            0.03951999917626381,
            0.0323840007185936
          ]
        },
        "position": 0,
        "readiness_probe_exact": true,
        "ready_region": {
          "local_ms": 0.16524800658226013,
          "rank_max_ms": 0.17059199512004852,
          "rank_ms": [
            0.16524800658226013,
            0.16524800658226013,
            0.17059199512004852,
            0.16233600676059723
          ]
        },
        "sample_index": 71,
        "scheduled_start_arrival_ns_by_rank": [
          740768120476703,
          740768120514989,
          740768120148047,
          740768120354389
        ],
        "scheduled_start_target_ns_by_rank": [
          740768125514989,
          740768125514989,
          740768125514989,
          740768125514989
        ],
        "start_record_bracket_ns_by_rank": [
          [
            740768125516072,
            740768125549745
          ],
          [
            740768125515913,
            740768125551237
          ],
          [
            740768125515935,
            740768125552172
          ],
          [
            740768125516010,
            740768125556897
          ]
        ],
        "start_record_envelope_span_ns": 40984,
        "variant": 1
      },
      {
        "collective_only": {
          "local_ms": 0.03776000067591667,
          "rank_max_ms": 1.064479947090149,
          "rank_ms": [
            0.03776000067591667,
            0.4551999866962433,
            1.064479947090149,
            0.5302720069885254
          ]
        },
        "position": 1,
        "readiness_probe_exact": true,
        "ready_region": {
          "local_ms": 0.18051199615001678,
          "rank_max_ms": 1.0744960308074951,
          "rank_ms": [
            0.18051199615001678,
            0.4654400050640106,
            1.0744960308074951,
            0.5403519868850708
          ]
        },
        "sample_index": 72,
        "scheduled_start_arrival_ns_by_rank": [
          740768153400636,
          740768153727970,
          740768154025947,
          740768153469411
        ],
        "scheduled_start_target_ns_by_rank": [
          740768159025947,
          740768159025947,
          740768159025947,
          740768159025947
        ],
        "start_record_bracket_ns_by_rank": [
          [
            740768160757802,
            740768160807156
          ],
          [
            740768160349796,
            740768160391046
          ],
          [
            740768159741282,
            740768159781829
          ],
          [
            740768160270988,
            740768160312265
          ]
        ],
        "start_record_envelope_span_ns": 1065874,
        "variant": 0
      },
      {
        "collective_only": {
          "local_ms": 0.035551998764276505,
          "rank_max_ms": 0.05478399991989136,
          "rank_ms": [
            0.035551998764276505,
            0.05478399991989136,
            0.0522879995405674,
            0.052032001316547394
          ]
        },
        "position": 0,
        "readiness_probe_exact": true,
        "ready_region": {
          "local_ms": 0.20211200416088104,
          "rank_max_ms": 0.20211200416088104,
          "rank_ms": [
            0.20211200416088104,
            0.19340799748897552,
            0.19654400646686554,
            0.18902400135993958
          ]
        },
        "sample_index": 73,
        "scheduled_start_arrival_ns_by_rank": [
          740768166769656,
          740768166747763,
          740768166899702,
          740768166995588
        ],
        "scheduled_start_target_ns_by_rank": [
          740768171995588,
          740768171995588,
          740768171995588,
          740768171995588
        ],
        "start_record_bracket_ns_by_rank": [
          [
            740768172022335,
            740768172067706
          ],
          [
            740768171996417,
            740768172052016
          ],
          [
            740768172016950,
            740768172052847
          ],
          [
            740768171996263,
            740768172052691
          ]
        ],
        "start_record_envelope_span_ns": 71443,
        "variant": 1
      },
      {
        "collective_only": {
          "local_ms": 0.040672000497579575,
          "rank_max_ms": 0.060447998344898224,
          "rank_ms": [
            0.040672000497579575,
            0.05446400120854378,
            0.060447998344898224,
            0.05104000121355057
          ]
        },
        "position": 1,
        "readiness_probe_exact": true,
        "ready_region": {
          "local_ms": 0.19308799505233765,
          "rank_max_ms": 0.1982399970293045,
          "rank_ms": [
            0.19308799505233765,
            0.1982399970293045,
            0.1868479996919632,
            0.1812479943037033
          ]
        },
        "sample_index": 74,
        "scheduled_start_arrival_ns_by_rank": [
          740768199280388,
          740768198759433,
          740768198968995,
          740768198959909
        ],
        "scheduled_start_target_ns_by_rank": [
          740768204280388,
          740768204280388,
          740768204280388,
          740768204280388
        ],
        "start_record_bracket_ns_by_rank": [
          [
            740768204281615,
            740768204334223
          ],
          [
            740768204282080,
            740768204322659
          ],
          [
            740768204281204,
            740768204317083
          ],
          [
            740768204281295,
            740768204319900
          ]
        ],
        "start_record_envelope_span_ns": 53019,
        "variant": 0
      },
      {
        "collective_only": {
          "local_ms": 0.0453759990632534,
          "rank_max_ms": 0.05657599866390228,
          "rank_ms": [
            0.0453759990632534,
            0.05539200082421303,
            0.05657599866390228,
            0.0560000017285347
          ]
        },
        "position": 0,
        "readiness_probe_exact": true,
        "ready_region": {
          "local_ms": 0.2258239984512329,
          "rank_max_ms": 0.2258239984512329,
          "rank_ms": [
            0.2258239984512329,
            0.21305599808692932,
            0.22188800573349,
            0.2146880030632019
          ]
        },
        "sample_index": 75,
        "scheduled_start_arrival_ns_by_rank": [
          740768210676828,
          740768210258597,
          740768210955872,
          740768211031954
        ],
        "scheduled_start_target_ns_by_rank": [
          740768216031954,
          740768216031954,
          740768216031954,
          740768216031954
        ],
        "start_record_bracket_ns_by_rank": [
          [
            740768216032572,
            740768216087883
          ],
          [
            740768216032870,
            740768216074008
          ],
          [
            740768216032801,
            740768216075117
          ],
          [
            740768216033027,
            740768216074372
          ]
        ],
        "start_record_envelope_span_ns": 55311,
        "variant": 1
      },
      {
        "collective_only": {
          "local_ms": 0.03392000123858452,
          "rank_max_ms": 0.05040000006556511,
          "rank_ms": [
            0.03392000123858452,
            0.05040000006556511,
            0.04022400081157684,
            0.04435199871659279
          ]
        },
        "position": 1,
        "readiness_probe_exact": true,
        "ready_region": {
          "local_ms": 0.15884800255298615,
          "rank_max_ms": 0.17033599317073822,
          "rank_ms": [
            0.15884800255298615,
            0.12947200238704681,
            0.17033599317073822,
            0.15801599621772766
          ]
        },
        "sample_index": 76,
        "scheduled_start_arrival_ns_by_rank": [
          740768243344354,
          740768243173614,
          740768243594164,
          740768243470432
        ],
        "scheduled_start_target_ns_by_rank": [
          740768248594164,
          740768248594164,
          740768248594164,
          740768248594164
        ],
        "start_record_bracket_ns_by_rank": [
          [
            740768248594976,
            740768248637027
          ],
          [
            740768248594681,
            740768248621785
          ],
          [
            740768248595076,
            740768248631888
          ],
          [
            740768248595149,
            740768248627645
          ]
        ],
        "start_record_envelope_span_ns": 42346,
        "variant": 0
      },
      {
        "collective_only": {
          "local_ms": 0.033344000577926636,
          "rank_max_ms": 0.04527999833226204,
          "rank_ms": [
            0.033344000577926636,
            0.04527999833226204,
            0.0432640016078949,
            0.04278400167822838
          ]
        },
        "position": 0,
        "readiness_probe_exact": true,
        "ready_region": {
          "local_ms": 0.15193599462509155,
          "rank_max_ms": 0.15241600573062897,
          "rank_ms": [
            0.15193599462509155,
            0.13308799266815186,
            0.15241600573062897,
            0.1493760049343109
          ]
        },
        "sample_index": 77,
        "scheduled_start_arrival_ns_by_rank": [
          740768253043480,
          740768253183917,
          740768252936850,
          740768252928281
        ],
        "scheduled_start_target_ns_by_rank": [
          740768258183917,
          740768258183917,
          740768258183917,
          740768258183917
        ],
        "start_record_bracket_ns_by_rank": [
          [
            740768258184800,
            740768258231298
          ],
          [
            740768258184709,
            740768258220560
          ],
          [
            740768258184994,
            740768258222393
          ],
          [
            740768258184860,
            740768258222042
          ]
        ],
        "start_record_envelope_span_ns": 46589,
        "variant": 1
      },
      {
        "collective_only": {
          "local_ms": 0.03747199848294258,
          "rank_max_ms": 0.047680001705884933,
          "rank_ms": [
            0.03747199848294258,
            0.0451200008392334,
            0.047680001705884933,
            0.042080000042915344
          ]
        },
        "position": 1,
        "readiness_probe_exact": true,
        "ready_region": {
          "local_ms": 0.17308799922466278,
          "rank_max_ms": 0.20681600272655487,
          "rank_ms": [
            0.17308799922466278,
            0.1793919950723648,
            0.182559996843338,
            0.20681600272655487
          ]
        },
        "sample_index": 78,
        "scheduled_start_arrival_ns_by_rank": [
          740768283453672,
          740768283325306,
          740768283059012,
          740768283025472
        ],
        "scheduled_start_target_ns_by_rank": [
          740768288453672,
          740768288453672,
          740768288453672,
          740768288453672
        ],
        "start_record_bracket_ns_by_rank": [
          [
            740768288454730,
            740768288500277
          ],
          [
            740768288454644,
            740768288493140
          ],
          [
            740768288454724,
            740768288491216
          ],
          [
            740768288455497,
            740768288497573
          ]
        ],
        "start_record_envelope_span_ns": 45633,
        "variant": 0
      },
      {
        "collective_only": {
          "local_ms": 0.03824000060558319,
          "rank_max_ms": 0.06918399780988693,
          "rank_ms": [
            0.03824000060558319,
            0.06905599683523178,
            0.06918399780988693,
            0.06796800345182419
          ]
        },
        "position": 0,
        "readiness_probe_exact": true,
        "ready_region": {
          "local_ms": 0.18268799781799316,
          "rank_max_ms": 0.18374399840831757,
          "rank_ms": [
            0.18268799781799316,
            0.18016000092029572,
            0.18374399840831757,
            0.17763200402259827
          ]
        },
        "sample_index": 79,
        "scheduled_start_arrival_ns_by_rank": [
          740768295239941,
          740768295170119,
          740768295040926,
          740768294980519
        ],
        "scheduled_start_target_ns_by_rank": [
          740768300239941,
          740768300239941,
          740768300239941,
          740768300239941
        ],
        "start_record_bracket_ns_by_rank": [
          [
            740768300240873,
            740768300307001
          ],
          [
            740768300240922,
            740768300279666
          ],
          [
            740768300241096,
            740768300280764
          ],
          [
            740768300240612,
            740768300279417
          ]
        ],
        "start_record_envelope_span_ns": 66389,
        "variant": 1
      },
      {
        "collective_only": {
          "local_ms": 0.03776000067591667,
          "rank_max_ms": 0.6178560256958008,
          "rank_ms": [
            0.03776000067591667,
            0.044863998889923096,
            0.5622720122337341,
            0.6178560256958008
          ]
        },
        "position": 1,
        "readiness_probe_exact": true,
        "ready_region": {
          "local_ms": 0.17919999361038208,
          "rank_max_ms": 0.6279039978981018,
          "rank_ms": [
            0.17919999361038208,
            0.17308799922466278,
            0.5724160075187683,
            0.6279039978981018
          ]
        },
        "sample_index": 80,
        "scheduled_start_arrival_ns_by_rank": [
          740768325695391,
          740768325875272,
          740768326177387,
          740768325849704
        ],
        "scheduled_start_target_ns_by_rank": [
          740768331177387,
          740768331177387,
          740768331177387,
          740768331177387
        ],
        "start_record_bracket_ns_by_rank": [
          [
            740768332474151,
            740768332523813
          ],
          [
            740768332478518,
            740768332516321
          ],
          [
            740768331958933,
            740768332028353
          ],
          [
            740768331902500,
            740768331944145
          ]
        ],
        "start_record_envelope_span_ns": 621313,
        "variant": 0
      },
      {
        "collective_only": {
          "local_ms": 0.03759999945759773,
          "rank_max_ms": 0.05052800104022026,
          "rank_ms": [
            0.03759999945759773,
            0.05052800104022026,
            0.048576001077890396,
            0.05020799860358238
          ]
        },
        "position": 0,
        "readiness_probe_exact": true,
        "ready_region": {
          "local_ms": 0.2072640061378479,
          "rank_max_ms": 0.20758399367332458,
          "rank_ms": [
            0.2072640061378479,
            0.19283199310302734,
            0.20758399367332458,
            0.1942719966173172
          ]
        },
        "sample_index": 81,
        "scheduled_start_arrival_ns_by_rank": [
          740768337762309,
          740768337835654,
          740768337895626,
          740768337880934
        ],
        "scheduled_start_target_ns_by_rank": [
          740768342895626,
          740768342895626,
          740768342895626,
          740768342895626
        ],
        "start_record_bracket_ns_by_rank": [
          [
            740768342896330,
            740768342944341
          ],
          [
            740768342896583,
            740768342933440
          ],
          [
            740768342896526,
            740768342934744
          ],
          [
            740768342896224,
            740768342932760
          ]
        ],
        "start_record_envelope_span_ns": 48117,
        "variant": 1
      },
      {
        "collective_only": {
          "local_ms": 0.3134079873561859,
          "rank_max_ms": 0.3134079873561859,
          "rank_ms": [
            0.3134079873561859,
            0.3118079900741577,
            0.16892799735069275,
            0.030751999467611313
          ]
        },
        "position": 1,
        "readiness_probe_exact": true,
        "ready_region": {
          "local_ms": 0.3235839903354645,
          "rank_max_ms": 0.3235839903354645,
          "rank_ms": [
            0.3235839903354645,
            0.32182401418685913,
            0.1791680008172989,
            0.1528960019350052
          ]
        },
        "sample_index": 82,
        "scheduled_start_arrival_ns_by_rank": [
          740768369686612,
          740768370365183,
          740768370109808,
          740768370362836
        ],
        "scheduled_start_target_ns_by_rank": [
          740768375365183,
          740768375365183,
          740768375365183,
          740768375365183
        ],
        "start_record_bracket_ns_by_rank": [
          [
            740768375365901,
            740768375406213
          ],
          [
            740768375376051,
            740768375408225
          ],
          [
            740768375517993,
            740768375551033
          ],
          [
            740768375654929,
            740768375687367
          ]
        ],
        "start_record_envelope_span_ns": 321466,
        "variant": 0
      },
      {
        "collective_only": {
          "local_ms": 0.039583999663591385,
          "rank_max_ms": 0.0926079973578453,
          "rank_ms": [
            0.039583999663591385,
            0.0926079973578453,
            0.044415999203920364,
            0.08915200084447861
          ]
        },
        "position": 0,
        "readiness_probe_exact": true,
        "ready_region": {
          "local_ms": 0.1844799965620041,
          "rank_max_ms": 0.2030079960823059,
          "rank_ms": [
            0.1844799965620041,
            0.2030079960823059,
            0.18083199858665466,
            0.20160000026226044
          ]
        },
        "sample_index": 83,
        "scheduled_start_arrival_ns_by_rank": [
          740768380754893,
          740768381143021,
          740768380960288,
          740768381019537
        ],
        "scheduled_start_target_ns_by_rank": [
          740768386143021,
          740768386143021,
          740768386143021,
          740768386143021
        ],
        "start_record_bracket_ns_by_rank": [
          [
            740768386159223,
            740768386233829
          ],
          [
            740768386144008,
            740768386182679
          ],
          [
            740768386167993,
            740768386230118
          ],
          [
            740768386144043,
            740768386181418
          ]
        ],
        "start_record_envelope_span_ns": 89821,
        "variant": 1
      },
      {
        "collective_only": {
          "local_ms": 0.5114240050315857,
          "rank_max_ms": 0.5114240050315857,
          "rank_ms": [
            0.5114240050315857,
            0.033663999289274216,
            0.1706240028142929,
            0.33350399136543274
          ]
        },
        "position": 1,
        "readiness_probe_exact": true,
        "ready_region": {
          "local_ms": 0.5204480290412903,
          "rank_max_ms": 0.5204480290412903,
          "rank_ms": [
            0.5204480290412903,
            0.2022079974412918,
            0.17980800569057465,
            0.34348800778388977
          ]
        },
        "sample_index": 84,
        "scheduled_start_arrival_ns_by_rank": [
          740768416738453,
          740768416983227,
          740768417262976,
          740768417318814
        ],
        "scheduled_start_target_ns_by_rank": [
          740768422318814,
          740768422318814,
          740768422318814,
          740768422318814
        ],
        "start_record_bracket_ns_by_rank": [
          [
            740768422411424,
            740768422463704
          ],
          [
            740768422901509,
            740768422939693
          ],
          [
            740768422763929,
            740768422804376
          ],
          [
            740768422600866,
            740768422642527
          ]
        ],
        "start_record_envelope_span_ns": 528269,
        "variant": 0
      },
      {
        "collective_only": {
          "local_ms": 0.6946880221366882,
          "rank_max_ms": 0.710752010345459,
          "rank_ms": [
            0.6946880221366882,
            0.710752010345459,
            0.26787200570106506,
            0.03167999908328056
          ]
        },
        "position": 0,
        "readiness_probe_exact": true,
        "ready_region": {
          "local_ms": 0.7040320038795471,
          "rank_max_ms": 0.7207679748535156,
          "rank_ms": [
            0.7040320038795471,
            0.7207679748535156,
            0.27811199426651,
            0.16019199788570404
          ]
        },
        "sample_index": 85,
        "scheduled_start_arrival_ns_by_rank": [
          740768428765940,
          740768429456822,
          740768429929413,
          740768429340270
        ],
        "scheduled_start_target_ns_by_rank": [
          740768434929413,
          740768434929413,
          740768434929413,
          740768434929413
        ],
        "start_record_bracket_ns_by_rank": [
          [
            740768435666512,
            740768435711841
          ],
          [
            740768435653923,
            740768435694170
          ],
          [
            740768436103083,
            740768436138258
          ],
          [
            740768436338176,
            740768436372261
          ]
        ],
        "start_record_envelope_span_ns": 718338,
        "variant": 1
      },
      {
        "collective_only": {
          "local_ms": 0.04076800122857094,
          "rank_max_ms": 0.04131200164556503,
          "rank_ms": [
            0.04076800122857094,
            0.04073600098490715,
            0.04131200164556503,
            0.035999998450279236
          ]
        },
        "position": 1,
        "readiness_probe_exact": true,
        "ready_region": {
          "local_ms": 0.17795200645923615,
          "rank_max_ms": 0.23334400355815887,
          "rank_ms": [
            0.17795200645923615,
            0.19910399615764618,
            0.23334400355815887,
            0.22387200593948364
          ]
        },
        "sample_index": 86,
        "scheduled_start_arrival_ns_by_rank": [
          740768463333641,
          740768463352501,
          740768463816304,
          740768463810605
        ],
        "scheduled_start_target_ns_by_rank": [
          740768468816304,
          740768468816304,
          740768468816304,
          740768468816304
        ],
        "start_record_bracket_ns_by_rank": [
          [
            740768468816876,
            740768468856777
          ],
          [
            740768468817207,
            740768468857713
          ],
          [
            740768468817129,
            740768468858526
          ],
          [
            740768468819425,
            740768468861089
          ]
        ],
        "start_record_envelope_span_ns": 44213,
        "variant": 0
      },
      {
        "collective_only": {
          "local_ms": 0.03670400008559227,
          "rank_max_ms": 0.041471999138593674,
          "rank_ms": [
            0.03670400008559227,
            0.03433600068092346,
            0.041471999138593674,
            0.037087999284267426
          ]
        },
        "position": 0,
        "readiness_probe_exact": true,
        "ready_region": {
          "local_ms": 0.14582400023937225,
          "rank_max_ms": 0.18611200153827667,
          "rank_ms": [
            0.14582400023937225,
            0.18012799322605133,
            0.18611200153827667,
            0.16675199568271637
          ]
        },
        "sample_index": 87,
        "scheduled_start_arrival_ns_by_rank": [
          740768474850372,
          740768475088323,
          740768475121887,
          740768474784073
        ],
        "scheduled_start_target_ns_by_rank": [
          740768480121887,
          740768480121887,
          740768480121887,
          740768480121887
        ],
        "start_record_bracket_ns_by_rank": [
          [
            740768480122340,
            740768480156108
          ],
          [
            740768480122862,
            740768480159075
          ],
          [
            740768480122913,
            740768480160078
          ],
          [
            740768480122821,
            740768480155579
          ]
        ],
        "start_record_envelope_span_ns": 37738,
        "variant": 1
      },
      {
        "collective_only": {
          "local_ms": 0.038975998759269714,
          "rank_max_ms": 0.038975998759269714,
          "rank_ms": [
            0.038975998759269714,
            0.0363520011305809,
            0.03606399893760681,
            0.032127998769283295
          ]
        },
        "position": 1,
        "readiness_probe_exact": true,
        "ready_region": {
          "local_ms": 0.16662399470806122,
          "rank_max_ms": 0.21404799818992615,
          "rank_ms": [
            0.16662399470806122,
            0.2048960030078888,
            0.21404799818992615,
            0.2048639953136444
          ]
        },
        "sample_index": 88,
        "scheduled_start_arrival_ns_by_rank": [
          740768506969546,
          740768506974101,
          740768507045557,
          740768506381616
        ],
        "scheduled_start_target_ns_by_rank": [
          740768512045557,
          740768512045557,
          740768512045557,
          740768512045557
        ],
        "start_record_bracket_ns_by_rank": [
          [
            740768512046248,
            740768512081965
          ],
          [
            740768512046524,
            740768512084125
          ],
          [
            740768512046462,
            740768512085217
          ],
          [
            740768512046470,
            740768512084368
          ]
        ],
        "start_record_envelope_span_ns": 38969,
        "variant": 0
      },
      {
        "collective_only": {
          "local_ms": 0.3822399973869324,
          "rank_max_ms": 0.3822399973869324,
          "rank_ms": [
            0.3822399973869324,
            0.3560959994792938,
            0.03721600025892258,
            0.13148799538612366
          ]
        },
        "position": 0,
        "readiness_probe_exact": true,
        "ready_region": {
          "local_ms": 0.3913919925689697,
          "rank_max_ms": 0.3913919925689697,
          "rank_ms": [
            0.3913919925689697,
            0.36633598804473877,
            0.23158399760723114,
            0.19222399592399597
          ]
        },
        "sample_index": 89,
        "scheduled_start_arrival_ns_by_rank": [
          740768517420366,
          740768517709161,
          740768517710301,
          740768517557966
        ],
        "scheduled_start_target_ns_by_rank": [
          740768522710301,
          740768522710301,
          740768522710301,
          740768522710301
        ],
        "start_record_bracket_ns_by_rank": [
          [
            740768523490110,
            740768523538380
          ],
          [
            740768523522536,
            740768523563492
          ],
          [
            740768523840907,
            740768523883368
          ],
          [
            740768523748915,
            740768523790292
          ]
        ],
        "start_record_envelope_span_ns": 393258,
        "variant": 1
      },
      {
        "collective_only": {
          "local_ms": 0.03548799827694893,
          "rank_max_ms": 0.2362239956855774,
          "rank_ms": [
            0.03548799827694893,
            0.0663679987192154,
            0.2362239956855774,
            0.07155200093984604
          ]
        },
        "position": 1,
        "readiness_probe_exact": true,
        "ready_region": {
          "local_ms": 0.1674879938364029,
          "rank_max_ms": 0.24643200635910034,
          "rank_ms": [
            0.1674879938364029,
            0.15881599485874176,
            0.24643200635910034,
            0.16073599457740784
          ]
        },
        "sample_index": 90,
        "scheduled_start_arrival_ns_by_rank": [
          740768554109995,
          740768553746398,
          740768554135696,
          740768553655191
        ],
        "scheduled_start_target_ns_by_rank": [
          740768559135696,
          740768559135696,
          740768559135696,
          740768559135696
        ],
        "start_record_bracket_ns_by_rank": [
          [
            740768559385674,
            740768559431614
          ],
          [
            740768559367272,
            740768559401593
          ],
          [
            740768559177978,
            740768559233084
          ],
          [
            740768559359895,
            740768559395863
          ]
        ],
        "start_record_envelope_span_ns": 253636,
        "variant": 0
      },
      {
        "collective_only": {
          "local_ms": 0.04275200143456459,
          "rank_max_ms": 0.9096320271492004,
          "rank_ms": [
            0.04275200143456459,
            0.580128014087677,
            0.9096320271492004,
            0.6919999718666077
          ]
        },
        "position": 0,
        "readiness_probe_exact": true,
        "ready_region": {
          "local_ms": 0.23017600178718567,
          "rank_max_ms": 0.9198399782180786,
          "rank_ms": [
            0.23017600178718567,
            0.5903040170669556,
            0.9198399782180786,
            0.702239990234375
          ]
        },
        "sample_index": 91,
        "scheduled_start_arrival_ns_by_rank": [
          740768565042237,
          740768565057469,
          740768565064413,
          740768565232113
        ],
        "scheduled_start_target_ns_by_rank": [
          740768570232113,
          740768570232113,
          740768570232113,
          740768570232113
        ],
        "start_record_bracket_ns_by_rank": [
          [
            740768571085208,
            740768571140934
          ],
          [
            740768570559886,
            740768570604448
          ],
          [
            740768570233167,
            740768570276208
          ],
          [
            740768570450887,
            740768570491638
          ]
        ],
        "start_record_envelope_span_ns": 907767,
        "variant": 1
      },
      {
        "collective_only": {
          "local_ms": 0.2658880054950714,
          "rank_max_ms": 0.3351680040359497,
          "rank_ms": [
            0.2658880054950714,
            0.3351680040359497,
            0.035232000052928925,
            0.3099200129508972
          ]
        },
        "position": 1,
        "readiness_probe_exact": true,
        "ready_region": {
          "local_ms": 0.27612799406051636,
          "rank_max_ms": 0.34534400701522827,
          "rank_ms": [
            0.27612799406051636,
            0.34534400701522827,
            0.19183999300003052,
            0.3200959861278534
          ]
        },
        "sample_index": 92,
        "scheduled_start_arrival_ns_by_rank": [
          740768600644169,
          740768600440772,
          740768600587401,
          740768600423101
        ],
        "scheduled_start_target_ns_by_rank": [
          740768605644169,
          740768605644169,
          740768605644169,
          740768605644169
        ],
        "start_record_bracket_ns_by_rank": [
          [
            740768607513994,
            740768607568885
          ],
          [
            740768607458036,
            740768607499458
          ],
          [
            740768607755612,
            740768607798385
          ],
          [
            740768607478984,
            740768607521402
          ]
        ],
        "start_record_envelope_span_ns": 340349,
        "variant": 0
      },
      {
        "collective_only": {
          "local_ms": 0.04182400181889534,
          "rank_max_ms": 0.28441599011421204,
          "rank_ms": [
            0.04182400181889534,
            0.28169599175453186,
            0.28441599011421204,
            0.08345600217580795
          ]
        },
        "position": 0,
        "readiness_probe_exact": true,
        "ready_region": {
          "local_ms": 0.24220800399780273,
          "rank_max_ms": 0.2945919930934906,
          "rank_ms": [
            0.24220800399780273,
            0.2919040024280548,
            0.2945919930934906,
            0.19247999787330627
          ]
        },
        "sample_index": 93,
        "scheduled_start_arrival_ns_by_rank": [
          740768615302469,
          740768615096859,
          740768614851858,
          740768614844185
        ],
        "scheduled_start_target_ns_by_rank": [
          740768620302469,
          740768620302469,
          740768620302469,
          740768620302469
        ],
        "start_record_bracket_ns_by_rank": [
          [
            740768620795348,
            740768620849795
          ],
          [
            740768620570173,
            740768620612166
          ],
          [
            740768620567244,
            740768620609764
          ],
          [
            740768620763249,
            740768620804360
          ]
        ],
        "start_record_envelope_span_ns": 282551,
        "variant": 1
      },
      {
        "collective_only": {
          "local_ms": 0.2306240051984787,
          "rank_max_ms": 0.329120010137558,
          "rank_ms": [
            0.2306240051984787,
            0.329120010137558,
            0.03359999880194664,
            0.2240000069141388
          ]
        },
        "position": 1,
        "readiness_probe_exact": true,
        "ready_region": {
          "local_ms": 0.24051199853420258,
          "rank_max_ms": 0.33929601311683655,
          "rank_ms": [
            0.24051199853420258,
            0.33929601311683655,
            0.21279999613761902,
            0.23395200073719025
          ]
        },
        "sample_index": 94,
        "scheduled_start_arrival_ns_by_rank": [
          740768654492488,
          740768654486730,
          740768654491787,
          740768654402540
        ],
        "scheduled_start_target_ns_by_rank": [
          740768659492488,
          740768659492488,
          740768659492488,
          740768659492488
        ],
        "start_record_bracket_ns_by_rank": [
          [
            740768659604436,
            740768659654093
          ],
          [
            740768659520730,
            740768659554453
          ],
          [
            740768659811023,
            740768659849787
          ],
          [
            740768659625903,
            740768659664155
          ]
        ],
        "start_record_envelope_span_ns": 329057,
        "variant": 0
      },
      {
        "collective_only": {
          "local_ms": 0.047680001705884933,
          "rank_max_ms": 0.5816320180892944,
          "rank_ms": [
            0.047680001705884933,
            0.5804479718208313,
            0.5816320180892944,
            0.30723199248313904
          ]
        },
        "position": 0,
        "readiness_probe_exact": true,
        "ready_region": {
          "local_ms": 0.23190400004386902,
          "rank_max_ms": 0.5919359922409058,
          "rank_ms": [
            0.23190400004386902,
            0.5906879901885986,
            0.5919359922409058,
            0.317440003156662
          ]
        },
        "sample_index": 95,
        "scheduled_start_arrival_ns_by_rank": [
          740768665887449,
          740768665920280,
          740768665759581,
          740768665911443
        ],
        "scheduled_start_target_ns_by_rank": [
          740768670920280,
          740768670920280,
          740768670920280,
          740768670920280
        ],
        "start_record_bracket_ns_by_rank": [
          [
            740768671436078,
            740768671496373
          ],
          [
            740768670921136,
            740768670961677
          ],
          [
            740768670921153,
            740768670963052
          ],
          [
            740768671152274,
            740768671237862
          ]
        ],
        "start_record_envelope_span_ns": 575237,
        "variant": 1
      },
      {
        "collective_only": {
          "local_ms": 0.4424319863319397,
          "rank_max_ms": 0.4424319863319397,
          "rank_ms": [
            0.4424319863319397,
            0.34838399291038513,
            0.04195199906826019,
            0.05337600037455559
          ]
        },
        "position": 1,
        "readiness_probe_exact": true,
        "ready_region": {
          "local_ms": 0.4536319971084595,
          "rank_max_ms": 0.4536319971084595,
          "rank_ms": [
            0.4536319971084595,
            0.3595840036869049,
            0.21158400177955627,
            0.19113600254058838
          ]
        },
        "sample_index": 96,
        "scheduled_start_arrival_ns_by_rank": [
          740768702342966,
          740768701872300,
          740768701950574,
          740768702140694
        ],
        "scheduled_start_target_ns_by_rank": [
          740768707342966,
          740768707342966,
          740768707342966,
          740768707342966
        ],
        "start_record_bracket_ns_by_rank": [
          [
            740768707805503,
            740768707860811
          ],
          [
            740768707912757,
            740768707953918
          ],
          [
            740768708216225,
            740768708261785
          ],
          [
            740768708178255,
            740768708245282
          ]
        ],
        "start_record_envelope_span_ns": 456282,
        "variant": 0
      },
      {
        "collective_only": {
          "local_ms": 0.037248000502586365,
          "rank_max_ms": 0.053247999399900436,
          "rank_ms": [
            0.037248000502586365,
            0.05196800082921982,
            0.0504320003092289,
            0.053247999399900436
          ]
        },
        "position": 0,
        "readiness_probe_exact": true,
        "ready_region": {
          "local_ms": 0.1732800006866455,
          "rank_max_ms": 0.1732800006866455,
          "rank_ms": [
            0.1732800006866455,
            0.1632000058889389,
            0.16911999881267548,
            0.15731200575828552
          ]
        },
        "sample_index": 97,
        "scheduled_start_arrival_ns_by_rank": [
          740768714540023,
          740768714415442,
          740768714138782,
          740768714066551
        ],
        "scheduled_start_target_ns_by_rank": [
          740768719540023,
          740768719540023,
          740768719540023,
          740768719540023
        ],
        "start_record_bracket_ns_by_rank": [
          [
            740768719541088,
            740768719587340
          ],
          [
            740768719541023,
            740768719575470
          ],
          [
            740768719540852,
            740768719576028
          ],
          [
            740768719540791,
            740768719572610
          ]
        ],
        "start_record_envelope_span_ns": 46549,
        "variant": 1
      },
      {
        "collective_only": {
          "local_ms": 0.9407039880752563,
          "rank_max_ms": 0.9407039880752563,
          "rank_ms": [
            0.9407039880752563,
            0.2863999903202057,
            0.036607999354600906,
            0.5782719850540161
          ]
        },
        "position": 1,
        "readiness_probe_exact": true,
        "ready_region": {
          "local_ms": 0.9511039853096008,
          "rank_max_ms": 0.9511039853096008,
          "rank_ms": [
            0.9511039853096008,
            0.2967680096626282,
            0.1974720060825348,
            0.5885760188102722
          ]
        },
        "sample_index": 98,
        "scheduled_start_arrival_ns_by_rank": [
          740768748339919,
          740768748559127,
          740768748598029,
          740768748317856
        ],
        "scheduled_start_target_ns_by_rank": [
          740768753598029,
          740768753598029,
          740768753598029,
          740768753598029
        ],
        "start_record_bracket_ns_by_rank": [
          [
            740768754654067,
            740768754708457
          ],
          [
            740768755321057,
            740768755362758
          ],
          [
            740768755568774,
            740768755611350
          ],
          [
            740768755029006,
            740768755070467
          ]
        ],
        "start_record_envelope_span_ns": 957283,
        "variant": 0
      },
      {
        "collective_only": {
          "local_ms": 0.04944000020623207,
          "rank_max_ms": 0.06796800345182419,
          "rank_ms": [
            0.04944000020623207,
            0.06796800345182419,
            0.06745599955320358,
            0.0676800012588501
          ]
        },
        "position": 0,
        "readiness_probe_exact": true,
        "ready_region": {
          "local_ms": 0.2831999957561493,
          "rank_max_ms": 0.2831999957561493,
          "rank_ms": [
            0.2831999957561493,
            0.23164799809455872,
            0.23292799293994904,
            0.22841599583625793
          ]
        },
        "sample_index": 99,
        "scheduled_start_arrival_ns_by_rank": [
          740768761752445,
          740768761539420,
          740768761773090,
          740768761799741
        ],
        "scheduled_start_target_ns_by_rank": [
          740768766799741,
          740768766799741,
          740768766799741,
          740768766799741
        ],
        "start_record_bracket_ns_by_rank": [
          [
            740768766800726,
            740768766863118
          ],
          [
            740768766800682,
            740768766842613
          ],
          [
            740768766800435,
            740768766843591
          ],
          [
            740768766800562,
            740768766841786
          ]
        ],
        "start_record_envelope_span_ns": 62683,
        "variant": 1
      }
    ],
    "measured_order": [
      [
        "reference",
        "candidate"
      ],
      [
        "candidate",
        "reference"
      ],
      [
        "reference",
        "candidate"
      ],
      [
        "candidate",
        "reference"
      ],
      [
        "reference",
        "candidate"
      ],
      [
        "candidate",
        "reference"
      ],
      [
        "reference",
        "candidate"
      ],
      [
        "candidate",
        "reference"
      ],
      [
        "reference",
        "candidate"
      ],
      [
        "candidate",
        "reference"
      ],
      [
        "reference",
        "candidate"
      ],
      [
        "candidate",
        "reference"
      ],
      [
        "reference",
        "candidate"
      ],
      [
        "candidate",
        "reference"
      ],
      [
        "reference",
        "candidate"
      ],
      [
        "candidate",
        "reference"
      ],
      [
        "reference",
        "candidate"
      ],
      [
        "candidate",
        "reference"
      ],
      [
        "reference",
        "candidate"
      ],
      [
        "candidate",
        "reference"
      ],
      [
        "reference",
        "candidate"
      ],
      [
        "candidate",
        "reference"
      ],
      [
        "reference",
        "candidate"
      ],
      [
        "candidate",
        "reference"
      ],
      [
        "reference",
        "candidate"
      ],
      [
        "candidate",
        "reference"
      ],
      [
        "reference",
        "candidate"
      ],
      [
        "candidate",
        "reference"
      ],
      [
        "reference",
        "candidate"
      ],
      [
        "candidate",
        "reference"
      ],
      [
        "reference",
        "candidate"
      ],
      [
        "candidate",
        "reference"
      ],
      [
        "reference",
        "candidate"
      ],
      [
        "candidate",
        "reference"
      ],
      [
        "reference",
        "candidate"
      ],
      [
        "candidate",
        "reference"
      ],
      [
        "reference",
        "candidate"
      ],
      [
        "candidate",
        "reference"
      ],
      [
        "reference",
        "candidate"
      ],
      [
        "candidate",
        "reference"
      ],
      [
        "reference",
        "candidate"
      ],
      [
        "candidate",
        "reference"
      ],
      [
        "reference",
        "candidate"
      ],
      [
        "candidate",
        "reference"
      ],
      [
        "reference",
        "candidate"
      ],
      [
        "candidate",
        "reference"
      ],
      [
        "reference",
        "candidate"
      ],
      [
        "candidate",
        "reference"
      ],
      [
        "reference",
        "candidate"
      ],
      [
        "candidate",
        "reference"
      ],
      [
        "reference",
        "candidate"
      ],
      [
        "candidate",
        "reference"
      ],
      [
        "reference",
        "candidate"
      ],
      [
        "candidate",
        "reference"
      ],
      [
        "reference",
        "candidate"
      ],
      [
        "candidate",
        "reference"
      ],
      [
        "reference",
        "candidate"
      ],
      [
        "candidate",
        "reference"
      ],
      [
        "reference",
        "candidate"
      ],
      [
        "candidate",
        "reference"
      ],
      [
        "reference",
        "candidate"
      ],
      [
        "candidate",
        "reference"
      ],
      [
        "reference",
        "candidate"
      ],
      [
        "candidate",
        "reference"
      ],
      [
        "reference",
        "candidate"
      ],
      [
        "candidate",
        "reference"
      ],
      [
        "reference",
        "candidate"
      ],
      [
        "candidate",
        "reference"
      ],
      [
        "reference",
        "candidate"
      ],
      [
        "candidate",
        "reference"
      ],
      [
        "reference",
        "candidate"
      ],
      [
        "candidate",
        "reference"
      ],
      [
        "reference",
        "candidate"
      ],
      [
        "candidate",
        "reference"
      ],
      [
        "reference",
        "candidate"
      ],
      [
        "candidate",
        "reference"
      ],
      [
        "reference",
        "candidate"
      ],
      [
        "candidate",
        "reference"
      ],
      [
        "reference",
        "candidate"
      ],
      [
        "candidate",
        "reference"
      ],
      [
        "reference",
        "candidate"
      ],
      [
        "candidate",
        "reference"
      ],
      [
        "reference",
        "candidate"
      ],
      [
        "candidate",
        "reference"
      ],
      [
        "reference",
        "candidate"
      ],
      [
        "candidate",
        "reference"
      ],
      [
        "reference",
        "candidate"
      ],
      [
        "candidate",
        "reference"
      ],
      [
        "reference",
        "candidate"
      ],
      [
        "candidate",
        "reference"
      ],
      [
        "reference",
        "candidate"
      ],
      [
        "candidate",
        "reference"
      ],
      [
        "reference",
        "candidate"
      ],
      [
        "candidate",
        "reference"
      ],
      [
        "reference",
        "candidate"
      ],
      [
        "candidate",
        "reference"
      ],
      [
        "reference",
        "candidate"
      ],
      [
        "candidate",
        "reference"
      ],
      [
        "reference",
        "candidate"
      ],
      [
        "candidate",
        "reference"
      ]
    ],
    "rank_order": [
      0,
      1,
      2,
      3
    ],
    "reference": [
      {
        "collective_only": {
          "local_ms": 0.04265600070357323,
          "rank_max_ms": 0.10873600095510483,
          "rank_ms": [
            0.04265600070357323,
            0.06348799914121628,
            0.10873600095510483,
            0.07004799693822861
          ]
        },
        "position": 0,
        "readiness_probe_exact": true,
        "ready_region": {
          "local_ms": 0.2019519954919815,
          "rank_max_ms": 0.2160000056028366,
          "rank_ms": [
            0.2019519954919815,
            0.19855999946594238,
            0.1679999977350235,
            0.2160000056028366
          ]
        },
        "sample_index": 0,
        "scheduled_start_arrival_ns_by_rank": [
          740766602857745,
          740766603124760,
          740766602536952,
          740766603153282
        ],
        "scheduled_start_target_ns_by_rank": [
          740766608153282,
          740766608153282,
          740766608153282,
          740766608153282
        ],
        "start_record_bracket_ns_by_rank": [
          [
            740766608154366,
            740766608242194
          ],
          [
            740766608154261,
            740766608222849
          ],
          [
            740766608153669,
            740766608176578
          ],
          [
            740766608154327,
            740766608213123
          ]
        ],
        "start_record_envelope_span_ns": 88525,
        "variant": 0
      },
      {
        "collective_only": {
          "local_ms": 0.04259200021624565,
          "rank_max_ms": 0.06547199934720993,
          "rank_ms": [
            0.04259200021624565,
            0.056095998734235764,
            0.06547199934720993,
            0.055904000997543335
          ]
        },
        "position": 1,
        "readiness_probe_exact": true,
        "ready_region": {
          "local_ms": 0.1976960003376007,
          "rank_max_ms": 0.1976960003376007,
          "rank_ms": [
            0.1976960003376007,
            0.17420800030231476,
            0.18620799481868744,
            0.18406400084495544
          ]
        },
        "sample_index": 1,
        "scheduled_start_arrival_ns_by_rank": [
          740766635231895,
          740766634717808,
          740766634392783,
          740766634967760
        ],
        "scheduled_start_target_ns_by_rank": [
          740766640231895,
          740766640231895,
          740766640231895,
          740766640231895
        ],
        "start_record_bracket_ns_by_rank": [
          [
            740766640232966,
            740766640287400
          ],
          [
            740766640232895,
            740766640273823
          ],
          [
            740766640232366,
            740766640265690
          ],
          [
            740766640232695,
            740766640275605
          ]
        ],
        "start_record_envelope_span_ns": 55034,
        "variant": 1
      },
      {
        "collective_only": {
          "local_ms": 0.04291199892759323,
          "rank_max_ms": 0.07260800153017044,
          "rank_ms": [
            0.04291199892759323,
            0.061824001371860504,
            0.07260800153017044,
            0.05484800040721893
          ]
        },
        "position": 0,
        "readiness_probe_exact": true,
        "ready_region": {
          "local_ms": 0.24403199553489685,
          "rank_max_ms": 0.24403199553489685,
          "rank_ms": [
            0.24403199553489685,
            0.18742400407791138,
            0.18531200289726257,
            0.22147199511528015
          ]
        },
        "sample_index": 2,
        "scheduled_start_arrival_ns_by_rank": [
          740766644785595,
          740766644531109,
          740766644376392,
          740766644812209
        ],
        "scheduled_start_target_ns_by_rank": [
          740766649812209,
          740766649812209,
          740766649812209,
          740766649812209
        ],
        "start_record_bracket_ns_by_rank": [
          [
            740766649813207,
            740766649869243
          ],
          [
            740766649813286,
            740766649850952
          ],
          [
            740766649812646,
            740766649841484
          ],
          [
            740766649813189,
            740766649858218
          ]
        ],
        "start_record_envelope_span_ns": 56597,
        "variant": 0
      },
      {
        "collective_only": {
          "local_ms": 0.08755200356245041,
          "rank_max_ms": 0.38207998871803284,
          "rank_ms": [
            0.08755200356245041,
            0.03331200033426285,
            0.38207998871803284,
            0.053727999329566956
          ]
        },
        "position": 1,
        "readiness_probe_exact": true,
        "ready_region": {
          "local_ms": 0.19305600225925446,
          "rank_max_ms": 0.39187198877334595,
          "rank_ms": [
            0.19305600225925446,
            0.16566400229930878,
            0.39187198877334595,
            0.18863999843597412
          ]
        },
        "sample_index": 3,
        "scheduled_start_arrival_ns_by_rank": [
          740766675804122,
          740766676314505,
          740766676087627,
          740766675729503
        ],
        "scheduled_start_target_ns_by_rank": [
          740766681314505,
          740766681314505,
          740766681314505,
          740766681314505
        ],
        "start_record_bracket_ns_by_rank": [
          [
            740766682308291,
            740766682361632
          ],
          [
            740766682375381,
            740766682412445
          ],
          [
            740766682044768,
            740766682067174
          ],
          [
            740766682350498,
            740766682390532
          ]
        ],
        "start_record_envelope_span_ns": 367677,
        "variant": 1
      },
      {
        "collective_only": {
          "local_ms": 0.040352001786231995,
          "rank_max_ms": 0.07257600128650665,
          "rank_ms": [
            0.040352001786231995,
            0.05881600081920624,
            0.07257600128650665,
            0.04848000034689903
          ]
        },
        "position": 0,
        "readiness_probe_exact": true,
        "ready_region": {
          "local_ms": 0.20367999374866486,
          "rank_max_ms": 0.2754240036010742,
          "rank_ms": [
            0.20367999374866486,
            0.19167999923229218,
            0.16230399906635284,
            0.2754240036010742
          ]
        },
        "sample_index": 4,
        "scheduled_start_arrival_ns_by_rank": [
          740766687047519,
          740766686872766,
          740766686723583,
          740766686984773
        ],
        "scheduled_start_target_ns_by_rank": [
          740766692047519,
          740766692047519,
          740766692047519,
          740766692047519
        ],
        "start_record_bracket_ns_by_rank": [
          [
            740766692048701,
            740766692101329
          ],
          [
            740766692048517,
            740766692084385
          ],
          [
            740766692047968,
            740766692070641
          ],
          [
            740766692049092,
            740766692091278
          ]
        ],
        "start_record_envelope_span_ns": 53361,
        "variant": 0
      },
      {
        "collective_only": {
          "local_ms": 0.04588799923658371,
          "rank_max_ms": 0.08188799768686295,
          "rank_ms": [
            0.04588799923658371,
            0.06572800129652023,
            0.08188799768686295,
            0.05955199897289276
          ]
        },
        "position": 1,
        "readiness_probe_exact": true,
        "ready_region": {
          "local_ms": 0.21648000180721283,
          "rank_max_ms": 0.21648000180721283,
          "rank_ms": [
            0.21648000180721283,
            0.1748799979686737,
            0.15644800662994385,
            0.19305600225925446
          ]
        },
        "sample_index": 5,
        "scheduled_start_arrival_ns_by_rank": [
          740766720283238,
          740766720101699,
          740766720019374,
          740766720415212
        ],
        "scheduled_start_target_ns_by_rank": [
          740766725415212,
          740766725415212,
          740766725415212,
          740766725415212
        ],
        "start_record_bracket_ns_by_rank": [
          [
            740766725416054,
            740766725475508
          ],
          [
            740766725415805,
            740766725455694
          ],
          [
            740766725415644,
            740766725440222
          ],
          [
            740766725416274,
            740766725457004
          ]
        ],
        "start_record_envelope_span_ns": 59864,
        "variant": 1
      },
      {
        "collective_only": {
          "local_ms": 0.043007999658584595,
          "rank_max_ms": 0.08124800026416779,
          "rank_ms": [
            0.043007999658584595,
            0.06364800035953522,
            0.08124800026416779,
            0.05974400043487549
          ]
        },
        "position": 0,
        "readiness_probe_exact": true,
        "ready_region": {
          "local_ms": 0.21132799983024597,
          "rank_max_ms": 0.21132799983024597,
          "rank_ms": [
            0.21132799983024597,
            0.1711679995059967,
            0.1520320028066635,
            0.2033279985189438
          ]
        },
        "sample_index": 6,
        "scheduled_start_arrival_ns_by_rank": [
          740766731250335,
          740766730969729,
          740766730654580,
          740766731331937
        ],
        "scheduled_start_target_ns_by_rank": [
          740766736331937,
          740766736331937,
          740766736331937,
          740766736331937
        ],
        "start_record_bracket_ns_by_rank": [
          [
            740766736333020,
            740766736391897
          ],
          [
            740766736332837,
            740766736372458
          ],
          [
            740766736332398,
            740766736354904
          ],
          [
            740766736332968,
            740766736375032
          ]
        ],
        "start_record_envelope_span_ns": 59499,
        "variant": 0
      },
      {
        "collective_only": {
          "local_ms": 0.039423998445272446,
          "rank_max_ms": 0.0687360018491745,
          "rank_ms": [
            0.039423998445272446,
            0.053408000618219376,
            0.0687360018491745,
            0.06659200042486191
          ]
        },
        "position": 1,
        "readiness_probe_exact": true,
        "ready_region": {
          "local_ms": 0.19103999435901642,
          "rank_max_ms": 0.19103999435901642,
          "rank_ms": [
            0.19103999435901642,
            0.15334400534629822,
            0.1390399932861328,
            0.13177600502967834
          ]
        },
        "sample_index": 7,
        "scheduled_start_arrival_ns_by_rank": [
          740766764340800,
          740766764146478,
          740766763949747,
          740766764292414
        ],
        "scheduled_start_target_ns_by_rank": [
          740766769340800,
          740766769340800,
          740766769340800,
          740766769340800
        ],
        "start_record_bracket_ns_by_rank": [
          [
            740766769341664,
            740766769390238
          ],
          [
            740766769341896,
            740766769376917
          ],
          [
            740766769341286,
            740766769363537
          ],
          [
            740766769341173,
            740766769362903
          ]
        ],
        "start_record_envelope_span_ns": 49065,
        "variant": 1
      },
      {
        "collective_only": {
          "local_ms": 0.040863998234272,
          "rank_max_ms": 0.07171200215816498,
          "rank_ms": [
            0.040863998234272,
            0.059967998415231705,
            0.07171200215816498,
            0.05491200089454651
          ]
        },
        "position": 0,
        "readiness_probe_exact": true,
        "ready_region": {
          "local_ms": 0.20217600464820862,
          "rank_max_ms": 0.20217600464820862,
          "rank_ms": [
            0.20217600464820862,
            0.16291199624538422,
            0.1563200056552887,
            0.18451200425624847
          ]
        },
        "sample_index": 8,
        "scheduled_start_arrival_ns_by_rank": [
          740766773906877,
          740766773697839,
          740766773524563,
          740766773889968
        ],
        "scheduled_start_target_ns_by_rank": [
          740766778906877,
          740766778906877,
          740766778906877,
          740766778906877
        ],
        "start_record_bracket_ns_by_rank": [
          [
            740766778908142,
            740766778958642
          ],
          [
            740766778907603,
            740766778939444
          ],
          [
            740766778907319,
            740766778926899
          ],
          [
            740766778907464,
            740766778943675
          ]
        ],
        "start_record_envelope_span_ns": 51323,
        "variant": 0
      },
      {
        "collective_only": {
          "local_ms": 0.043616000562906265,
          "rank_max_ms": 0.07161600142717361,
          "rank_ms": [
            0.043616000562906265,
            0.039455998688936234,
            0.07161600142717361,
            0.03939199820160866
          ]
        },
        "position": 1,
        "readiness_probe_exact": true,
        "ready_region": {
          "local_ms": 0.1626559942960739,
          "rank_max_ms": 0.2059199959039688,
          "rank_ms": [
            0.1626559942960739,
            0.18963199853897095,
            0.1700800061225891,
            0.2059199959039688
          ]
        },
        "sample_index": 9,
        "scheduled_start_arrival_ns_by_rank": [
          740766803942765,
          740766804154958,
          740766803850180,
          740766803942352
        ],
        "scheduled_start_target_ns_by_rank": [
          740766809154958,
          740766809154958,
          740766809154958,
          740766809154958
        ],
        "start_record_bracket_ns_by_rank": [
          [
            740766809155436,
            740766809209232
          ],
          [
            740766809156099,
            740766809211379
          ],
          [
            740766809155433,
            740766809179474
          ],
          [
            740766809155631,
            740766809210457
          ]
        ],
        "start_record_envelope_span_ns": 55946,
        "variant": 1
      },
      {
        "collective_only": {
          "local_ms": 0.04281599819660187,
          "rank_max_ms": 0.08032000064849854,
          "rank_ms": [
            0.04281599819660187,
            0.05875200033187866,
            0.08032000064849854,
            0.05913599953055382
          ]
        },
        "position": 0,
        "readiness_probe_exact": true,
        "ready_region": {
          "local_ms": 0.21027199923992157,
          "rank_max_ms": 0.21087999641895294,
          "rank_ms": [
            0.21027199923992157,
            0.1780479997396469,
            0.1499200016260147,
            0.21087999641895294
          ]
        },
        "sample_index": 10,
        "scheduled_start_arrival_ns_by_rank": [
          740766813891594,
          740766813929695,
          740766814362000,
          740766813899057
        ],
        "scheduled_start_target_ns_by_rank": [
          740766819362000,
          740766819362000,
          740766819362000,
          740766819362000
        ],
        "start_record_bracket_ns_by_rank": [
          [
            740766819363045,
            740766819421222
          ],
          [
            740766819362420,
            740766819407015
          ],
          [
            740766819362439,
            740766819385631
          ],
          [
            740766819362737,
            740766819407474
          ]
        ],
        "start_record_envelope_span_ns": 58802,
        "variant": 0
      },
      {
        "collective_only": {
          "local_ms": 0.04185599833726883,
          "rank_max_ms": 0.07276800274848938,
          "rank_ms": [
            0.04185599833726883,
            0.05305600166320801,
            0.07276800274848938,
            0.05459199845790863
          ]
        },
        "position": 1,
        "readiness_probe_exact": true,
        "ready_region": {
          "local_ms": 0.19696000218391418,
          "rank_max_ms": 0.19696000218391418,
          "rank_ms": [
            0.19696000218391418,
            0.16291199624538422,
            0.14617599546909332,
            0.19200000166893005
          ]
        },
        "sample_index": 11,
        "scheduled_start_arrival_ns_by_rank": [
          740766847160782,
          740766847505739,
          740766847308851,
          740766847441683
        ],
        "scheduled_start_target_ns_by_rank": [
          740766852505739,
          740766852505739,
          740766852505739,
          740766852505739
        ],
        "start_record_bracket_ns_by_rank": [
          [
            740766852506310,
            740766852559424
          ],
          [
            740766852506288,
            740766852544885
          ],
          [
            740766852506179,
            740766852529393
          ],
          [
            740766852506731,
            740766852546756
          ]
        ],
        "start_record_envelope_span_ns": 53245,
        "variant": 1
      },
      {
        "collective_only": {
          "local_ms": 0.04435199871659279,
          "rank_max_ms": 0.07913599908351898,
          "rank_ms": [
            0.04435199871659279,
            0.05708799883723259,
            0.07913599908351898,
            0.04867200180888176
          ]
        },
        "position": 0,
        "readiness_probe_exact": true,
        "ready_region": {
          "local_ms": 0.2115519940853119,
          "rank_max_ms": 0.22198399901390076,
          "rank_ms": [
            0.2115519940853119,
            0.1817920058965683,
            0.15651200711727142,
            0.22198399901390076
          ]
        },
        "sample_index": 12,
        "scheduled_start_arrival_ns_by_rank": [
          740766857361989,
          740766857363953,
          740766857237285,
          740766857469524
        ],
        "scheduled_start_target_ns_by_rank": [
          740766862469524,
          740766862469524,
          740766862469524,
          740766862469524
        ],
        "start_record_bracket_ns_by_rank": [
          [
            740766862470688,
            740766862528089
          ],
          [
            740766862470274,
            740766862517149
          ],
          [
            740766862469995,
            740766862493504
          ],
          [
            740766862470755,
            740766862520541
          ]
        ],
        "start_record_envelope_span_ns": 58094,
        "variant": 0
      },
      {
        "collective_only": {
          "local_ms": 0.03376000002026558,
          "rank_max_ms": 0.05503999814391136,
          "rank_ms": [
            0.03376000002026558,
            0.04435199871659279,
            0.05503999814391136,
            0.053888000547885895
          ]
        },
        "position": 1,
        "readiness_probe_exact": true,
        "ready_region": {
          "local_ms": 0.18799999356269836,
          "rank_max_ms": 0.18799999356269836,
          "rank_ms": [
            0.18799999356269836,
            0.15452800691127777,
            0.15465599298477173,
            0.1464959979057312
          ]
        },
        "sample_index": 13,
        "scheduled_start_arrival_ns_by_rank": [
          740766886869571,
          740766886878822,
          740766886702465,
          740766886780534
        ],
        "scheduled_start_target_ns_by_rank": [
          740766891878822,
          740766891878822,
          740766891878822,
          740766891878822
        ],
        "start_record_bracket_ns_by_rank": [
          [
            740766891879740,
            740766891921794
          ],
          [
            740766891879285,
            740766891913908
          ],
          [
            740766891879425,
            740766891903681
          ],
          [
            740766891879301,
            740766891902770
          ]
        ],
        "start_record_envelope_span_ns": 42509,
        "variant": 1
      },
      {
        "collective_only": {
          "local_ms": 0.043327998369932175,
          "rank_max_ms": 0.09110400080680847,
          "rank_ms": [
            0.043327998369932175,
            0.04153599962592125,
            0.09110400080680847,
            0.06825599819421768
          ]
        },
        "position": 0,
        "readiness_probe_exact": true,
        "ready_region": {
          "local_ms": 0.20982399582862854,
          "rank_max_ms": 0.20982399582862854,
          "rank_ms": [
            0.20982399582862854,
            0.2094080001115799,
            0.13702400028705597,
            0.2096959948539734
          ]
        },
        "sample_index": 14,
        "scheduled_start_arrival_ns_by_rank": [
          740766897960189,
          740766897521671,
          740766896908293,
          740766897891940
        ],
        "scheduled_start_target_ns_by_rank": [
          740766902960189,
          740766902960189,
          740766902960189,
          740766902960189
        ],
        "start_record_bracket_ns_by_rank": [
          [
            740766902960926,
            740766903030267
          ],
          [
            740766902960998,
            740766903031715
          ],
          [
            740766902960596,
            740766902979937
          ],
          [
            740766902960896,
            740766903015549
          ]
        ],
        "start_record_envelope_span_ns": 71119,
        "variant": 0
      },
      {
        "collective_only": {
          "local_ms": 0.04870399832725525,
          "rank_max_ms": 0.08499199897050858,
          "rank_ms": [
            0.04870399832725525,
            0.055743999779224396,
            0.08499199897050858,
            0.054048001766204834
          ]
        },
        "position": 1,
        "readiness_probe_exact": true,
        "ready_region": {
          "local_ms": 0.21571199595928192,
          "rank_max_ms": 0.29238399863243103,
          "rank_ms": [
            0.21571199595928192,
            0.19993600249290466,
            0.14556799829006195,
            0.29238399863243103
          ]
        },
        "sample_index": 15,
        "scheduled_start_arrival_ns_by_rank": [
          740766927668187,
          740766928321216,
          740766927594789,
          740766927934120
        ],
        "scheduled_start_target_ns_by_rank": [
          740766933321216,
          740766933321216,
          740766933321216,
          740766933321216
        ],
        "start_record_bracket_ns_by_rank": [
          [
            740766933322244,
            740766933381892
          ],
          [
            740766933322220,
            740766933375585
          ],
          [
            740766933321667,
            740766933344580
          ],
          [
            740766933324141,
            740766933379168
          ]
        ],
        "start_record_envelope_span_ns": 60225,
        "variant": 1
      },
      {
        "collective_only": {
          "local_ms": 0.05225599929690361,
          "rank_max_ms": 0.08528000116348267,
          "rank_ms": [
            0.05225599929690361,
            0.05580800026655197,
            0.08528000116348267,
            0.06656000018119812
          ]
        },
        "position": 0,
        "readiness_probe_exact": true,
        "ready_region": {
          "local_ms": 0.25014400482177734,
          "rank_max_ms": 0.25014400482177734,
          "rank_ms": [
            0.25014400482177734,
            0.20851199328899384,
            0.15238399803638458,
            0.19916799664497375
          ]
        },
        "sample_index": 16,
        "scheduled_start_arrival_ns_by_rank": [
          740766939481625,
          740766939145373,
          740766938824419,
          740766939232699
        ],
        "scheduled_start_target_ns_by_rank": [
          740766944481625,
          740766944481625,
          740766944481625,
          740766944481625
        ],
        "start_record_bracket_ns_by_rank": [
          [
            740766944482550,
            740766944544095
          ],
          [
            740766944482738,
            740766944539062
          ],
          [
            740766944482094,
            740766944505916
          ],
          [
            740766944482759,
            740766944525953
          ]
        ],
        "start_record_envelope_span_ns": 62001,
        "variant": 0
      },
      {
        "collective_only": {
          "local_ms": 0.06239999830722809,
          "rank_max_ms": 0.09337600320577621,
          "rank_ms": [
            0.06239999830722809,
            0.05929600074887276,
            0.09337600320577621,
            0.05827200040221214
          ]
        },
        "position": 1,
        "readiness_probe_exact": true,
        "ready_region": {
          "local_ms": 0.23497599363327026,
          "rank_max_ms": 0.3646720051765442,
          "rank_ms": [
            0.23497599363327026,
            0.22463999688625336,
            0.1563519984483719,
            0.3646720051765442
          ]
        },
        "sample_index": 17,
        "scheduled_start_arrival_ns_by_rank": [
          740766972574642,
          740766972756743,
          740766972256422,
          740766972363607
        ],
        "scheduled_start_target_ns_by_rank": [
          740766977756743,
          740766977756743,
          740766977756743,
          740766977756743
        ],
        "start_record_bracket_ns_by_rank": [
          [
            740766977757659,
            740766977812059
          ],
          [
            740766977759051,
            740766977815030
          ],
          [
            740766977757186,
            740766977780103
          ],
          [
            740766977758755,
            740766977821007
          ]
        ],
        "start_record_envelope_span_ns": 63821,
        "variant": 1
      },
      {
        "collective_only": {
          "local_ms": 0.044319998472929,
          "rank_max_ms": 0.08380799740552902,
          "rank_ms": [
            0.044319998472929,
            0.05206400156021118,
            0.08380799740552902,
            0.0674239993095398
          ]
        },
        "position": 0,
        "readiness_probe_exact": true,
        "ready_region": {
          "local_ms": 0.2024639993906021,
          "rank_max_ms": 0.20604799687862396,
          "rank_ms": [
            0.2024639993906021,
            0.20604799687862396,
            0.15305599570274353,
            0.174112007021904
          ]
        },
        "sample_index": 18,
        "scheduled_start_arrival_ns_by_rank": [
          740766983384295,
          740766983627003,
          740766983449953,
          740766983539855
        ],
        "scheduled_start_target_ns_by_rank": [
          740766988627003,
          740766988627003,
          740766988627003,
          740766988627003
        ],
        "start_record_bracket_ns_by_rank": [
          [
            740766988629199,
            740766988689265
          ],
          [
            740766988628467,
            740766988682318
          ],
          [
            740766988627476,
            740766988651493
          ],
          [
            740766988627846,
            740766988666524
          ]
        ],
        "start_record_envelope_span_ns": 61789,
        "variant": 0
      },
      {
        "collective_only": {
          "local_ms": 0.046560000628232956,
          "rank_max_ms": 0.0806720033288002,
          "rank_ms": [
            0.046560000628232956,
            0.042367998510599136,
            0.0806720033288002,
            0.05820799991488457
          ]
        },
        "position": 1,
        "readiness_probe_exact": true,
        "ready_region": {
          "local_ms": 0.22710399329662323,
          "rank_max_ms": 0.22710399329662323,
          "rank_ms": [
            0.22710399329662323,
            0.22700800001621246,
            0.1454080045223236,
            0.21670399606227875
          ]
        },
        "sample_index": 19,
        "scheduled_start_arrival_ns_by_rank": [
          740767017675392,
          740767017654383,
          740767017497895,
          740767017981322
        ],
        "scheduled_start_target_ns_by_rank": [
          740767022981322,
          740767022981322,
          740767022981322,
          740767022981322
        ],
        "start_record_bracket_ns_by_rank": [
          [
            740767022982539,
            740767023047773
          ],
          [
            740767022982463,
            740767023050197
          ],
          [
            740767022981810,
            740767023013172
          ],
          [
            740767022982219,
            740767023035512
          ]
        ],
        "start_record_envelope_span_ns": 68387,
        "variant": 1
      },
      {
        "collective_only": {
          "local_ms": 0.04934399947524071,
          "rank_max_ms": 0.08697599917650223,
          "rank_ms": [
            0.04934399947524071,
            0.0727040022611618,
            0.08697599917650223,
            0.06361600011587143
          ]
        },
        "position": 0,
        "readiness_probe_exact": true,
        "ready_region": {
          "local_ms": 0.2277120053768158,
          "rank_max_ms": 0.2277120053768158,
          "rank_ms": [
            0.2277120053768158,
            0.15167999267578125,
            0.14681600034236908,
            0.19075199961662292
          ]
        },
        "sample_index": 20,
        "scheduled_start_arrival_ns_by_rank": [
          740767028243633,
          740767027891721,
          740767027735879,
          740767028177451
        ],
        "scheduled_start_target_ns_by_rank": [
          740767033243633,
          740767033243633,
          740767033243633,
          740767033243633
        ],
        "start_record_bracket_ns_by_rank": [
          [
            740767033245492,
            740767033305350
          ],
          [
            740767033244042,
            740767033276228
          ],
          [
            740767033244194,
            740767033266710
          ],
          [
            740767033244792,
            740767033286334
          ]
        ],
        "start_record_envelope_span_ns": 61308,
        "variant": 0
      },
      {
        "collective_only": {
          "local_ms": 0.11043199896812439,
          "rank_max_ms": 0.14767999947071075,
          "rank_ms": [
            0.11043199896812439,
            0.04464000090956688,
            0.14767999947071075,
            0.1289599984884262
          ]
        },
        "position": 1,
        "readiness_probe_exact": true,
        "ready_region": {
          "local_ms": 0.22553600370883942,
          "rank_max_ms": 0.22553600370883942,
          "rank_ms": [
            0.22553600370883942,
            0.21430400013923645,
            0.1565759927034378,
            0.20556800067424774
          ]
        },
        "sample_index": 21,
        "scheduled_start_arrival_ns_by_rank": [
          740767060571351,
          740767060593100,
          740767060407997,
          740767060561844
        ],
        "scheduled_start_target_ns_by_rank": [
          740767065593100,
          740767065593100,
          740767065593100,
          740767065593100
        ],
        "start_record_bracket_ns_by_rank": [
          [
            740767065594181,
            740767065656809
          ],
          [
            740767065594050,
            740767065719674
          ],
          [
            740767065593573,
            740767065618068
          ],
          [
            740767065593560,
            740767065636216
          ]
        ],
        "start_record_envelope_span_ns": 126114,
        "variant": 1
      },
      {
        "collective_only": {
          "local_ms": 0.04816000163555145,
          "rank_max_ms": 0.08451200276613235,
          "rank_ms": [
            0.04816000163555145,
            0.053119998425245285,
            0.08451200276613235,
            0.0681919977068901
          ]
        },
        "position": 0,
        "readiness_probe_exact": true,
        "ready_region": {
          "local_ms": 0.21875199675559998,
          "rank_max_ms": 0.24508799612522125,
          "rank_ms": [
            0.21875199675559998,
            0.24508799612522125,
            0.15167999267578125,
            0.19366399943828583
          ]
        },
        "sample_index": 22,
        "scheduled_start_arrival_ns_by_rank": [
          740767071604738,
          740767071452831,
          740767071565673,
          740767072179289
        ],
        "scheduled_start_target_ns_by_rank": [
          740767077179289,
          740767077179289,
          740767077179289,
          740767077179289
        ],
        "start_record_bracket_ns_by_rank": [
          [
            740767077180316,
            740767077251502
          ],
          [
            740767077180732,
            740767077247668
          ],
          [
            740767077179821,
            740767077213384
          ],
          [
            740767077180235,
            740767077230407
          ]
        ],
        "start_record_envelope_span_ns": 71681,
        "variant": 0
      },
      {
        "collective_only": {
          "local_ms": 0.04444799944758415,
          "rank_max_ms": 0.07094399631023407,
          "rank_ms": [
            0.04444799944758415,
            0.040608000010252,
            0.07094399631023407,
            0.04505600035190582
          ]
        },
        "position": 1,
        "readiness_probe_exact": true,
        "ready_region": {
          "local_ms": 0.20025600492954254,
          "rank_max_ms": 0.23503999412059784,
          "rank_ms": [
            0.20025600492954254,
            0.2160319983959198,
            0.15561600029468536,
            0.23503999412059784
          ]
        },
        "sample_index": 23,
        "scheduled_start_arrival_ns_by_rank": [
          740767106636019,
          740767106532754,
          740767106326534,
          740767107074453
        ],
        "scheduled_start_target_ns_by_rank": [
          740767112074453,
          740767112074453,
          740767112074453,
          740767112074453
        ],
        "start_record_bracket_ns_by_rank": [
          [
            740767112075417,
            740767112125910
          ],
          [
            740767112075569,
            740767112126759
          ],
          [
            740767112074912,
            740767112098222
          ],
          [
            740767112076737,
            740767112124809
          ]
        ],
        "start_record_envelope_span_ns": 51847,
        "variant": 1
      },
      {
        "collective_only": {
          "local_ms": 0.04371200129389763,
          "rank_max_ms": 0.0944959968328476,
          "rank_ms": [
            0.04371200129389763,
            0.05167999863624573,
            0.0944959968328476,
            0.0851840004324913
          ]
        },
        "position": 0,
        "readiness_probe_exact": true,
        "ready_region": {
          "local_ms": 0.25628799200057983,
          "rank_max_ms": 0.25628799200057983,
          "rank_ms": [
            0.25628799200057983,
            0.2372799962759018,
            0.16678400337696075,
            0.16976000368595123
          ]
        },
        "sample_index": 24,
        "scheduled_start_arrival_ns_by_rank": [
          740767117704273,
          740767117934768,
          740767117492490,
          740767118024021
        ],
        "scheduled_start_target_ns_by_rank": [
          740767123024021,
          740767123024021,
          740767123024021,
          740767123024021
        ],
        "start_record_bracket_ns_by_rank": [
          [
            740767123035238,
            740767123094970
          ],
          [
            740767123032076,
            740767123088623
          ],
          [
            740767123024536,
            740767123046196
          ],
          [
            740767123024484,
            740767123050745
          ]
        ],
        "start_record_envelope_span_ns": 70486,
        "variant": 0
      },
      {
        "collective_only": {
          "local_ms": 0.047648001462221146,
          "rank_max_ms": 0.0995199978351593,
          "rank_ms": [
            0.047648001462221146,
            0.047680001705884933,
            0.0995199978351593,
            0.07142399996519089
          ]
        },
        "position": 1,
        "readiness_probe_exact": true,
        "ready_region": {
          "local_ms": 0.21887999773025513,
          "rank_max_ms": 0.21887999773025513,
          "rank_ms": [
            0.21887999773025513,
            0.21590399742126465,
            0.1536639928817749,
            0.20323200523853302
          ]
        },
        "sample_index": 25,
        "scheduled_start_arrival_ns_by_rank": [
          740767149938566,
          740767150179542,
          740767149647221,
          740767150173094
        ],
        "scheduled_start_target_ns_by_rank": [
          740767155179542,
          740767155179542,
          740767155179542,
          740767155179542
        ],
        "start_record_bracket_ns_by_rank": [
          [
            740767155180778,
            740767155264662
          ],
          [
            740767155181643,
            740767155264288
          ],
          [
            740767155179961,
            740767155212876
          ],
          [
            740767155180571,
            740767155237587
          ]
        ],
        "start_record_envelope_span_ns": 84701,
        "variant": 1
      },
      {
        "collective_only": {
          "local_ms": 0.0549440011382103,
          "rank_max_ms": 0.08131200075149536,
          "rank_ms": [
            0.0549440011382103,
            0.05756799876689911,
            0.08131200075149536,
            0.06070400029420853
          ]
        },
        "position": 0,
        "readiness_probe_exact": true,
        "ready_region": {
          "local_ms": 0.20774400234222412,
          "rank_max_ms": 0.20774400234222412,
          "rank_ms": [
            0.20774400234222412,
            0.1748799979686737,
            0.13359999656677246,
            0.18371200561523438
          ]
        },
        "sample_index": 26,
        "scheduled_start_arrival_ns_by_rank": [
          740767160737819,
          740767160856804,
          740767160688694,
          740767161134185
        ],
        "scheduled_start_target_ns_by_rank": [
          740767166134185,
          740767166134185,
          740767166134185,
          740767166134185
        ],
        "start_record_bracket_ns_by_rank": [
          [
            740767166135245,
            740767166181232
          ],
          [
            740767166135038,
            740767166177910
          ],
          [
            740767166134668,
            740767166153488
          ],
          [
            740767166135386,
            740767166171939
          ]
        ],
        "start_record_envelope_span_ns": 46564,
        "variant": 0
      },
      {
        "collective_only": {
          "local_ms": 0.04886399954557419,
          "rank_max_ms": 0.08188799768686295,
          "rank_ms": [
            0.04886399954557419,
            0.05302400141954422,
            0.08188799768686295,
            0.06415999680757523
          ]
        },
        "position": 1,
        "readiness_probe_exact": true,
        "ready_region": {
          "local_ms": 0.23651200532913208,
          "rank_max_ms": 0.23651200532913208,
          "rank_ms": [
            0.23651200532913208,
            0.21087999641895294,
            0.17507199943065643,
            0.20851199328899384
          ]
        },
        "sample_index": 27,
        "scheduled_start_arrival_ns_by_rank": [
          740767193761409,
          740767194058354,
          740767193797544,
          740767193989605
        ],
        "scheduled_start_target_ns_by_rank": [
          740767199058354,
          740767199058354,
          740767199058354,
          740767199058354
        ],
        "start_record_bracket_ns_by_rank": [
          [
            740767199059279,
            740767199117005
          ],
          [
            740767199059343,
            740767199111449
          ],
          [
            740767199058712,
            740767199084758
          ],
          [
            740767199059262,
            740767199099680
          ]
        ],
        "start_record_envelope_span_ns": 58293,
        "variant": 1
      },
      {
        "collective_only": {
          "local_ms": 0.12015999853610992,
          "rank_max_ms": 0.1486400067806244,
          "rank_ms": [
            0.12015999853610992,
            0.1225920021533966,
            0.1486400067806244,
            0.03471999987959862
          ]
        },
        "position": 0,
        "readiness_probe_exact": true,
        "ready_region": {
          "local_ms": 0.20876799523830414,
          "rank_max_ms": 0.21084800362586975,
          "rank_ms": [
            0.20876799523830414,
            0.21084800362586975,
            0.158720001578331,
            0.17718400061130524
          ]
        },
        "sample_index": 28,
        "scheduled_start_arrival_ns_by_rank": [
          740767204683214,
          740767205083642,
          740767204285883,
          740767204651614
        ],
        "scheduled_start_target_ns_by_rank": [
          740767210083642,
          740767210083642,
          740767210083642,
          740767210083642
        ],
        "start_record_bracket_ns_by_rank": [
          [
            740767210084732,
            740767210133170
          ],
          [
            740767210084303,
            740767210130889
          ],
          [
            740767210084046,
            740767210104380
          ],
          [
            740767210159774,
            740767210217963
          ]
        ],
        "start_record_envelope_span_ns": 133917,
        "variant": 0
      },
      {
        "collective_only": {
          "local_ms": 0.03779200091958046,
          "rank_max_ms": 0.0666240006685257,
          "rank_ms": [
            0.03779200091958046,
            0.04188799858093262,
            0.0666240006685257,
            0.05142400041222572
          ]
        },
        "position": 1,
        "readiness_probe_exact": true,
        "ready_region": {
          "local_ms": 0.1757120043039322,
          "rank_max_ms": 0.1799360066652298,
          "rank_ms": [
            0.1757120043039322,
            0.1799360066652298,
            0.13289600610733032,
            0.17548799514770508
          ]
        },
        "sample_index": 29,
        "scheduled_start_arrival_ns_by_rank": [
          740767237729754,
          740767238381883,
          740767238123781,
          740767237750447
        ],
        "scheduled_start_target_ns_by_rank": [
          740767243381883,
          740767243381883,
          740767243381883,
          740767243381883
        ],
        "start_record_bracket_ns_by_rank": [
          [
            740767243382779,
            740767243431830
          ],
          [
            740767243382796,
            740767243430164
          ],
          [
            740767243382403,
            740767243403483
          ],
          [
            740767243382479,
            740767243419432
          ]
        ],
        "start_record_envelope_span_ns": 49427,
        "variant": 1
      },
      {
        "collective_only": {
          "local_ms": 0.03622400015592575,
          "rank_max_ms": 0.0642239972949028,
          "rank_ms": [
            0.03622400015592575,
            0.04070400074124336,
            0.0642239972949028,
            0.04755200073122978
          ]
        },
        "position": 0,
        "readiness_probe_exact": true,
        "ready_region": {
          "local_ms": 0.1679680049419403,
          "rank_max_ms": 0.1679680049419403,
          "rank_ms": [
            0.1679680049419403,
            0.16524800658226013,
            0.12399999797344208,
            0.164000004529953
          ]
        },
        "sample_index": 30,
        "scheduled_start_arrival_ns_by_rank": [
          740767249107803,
          740767249427401,
          740767249253987,
          740767249687873
        ],
        "scheduled_start_target_ns_by_rank": [
          740767254687873,
          740767254687873,
          740767254687873,
          740767254687873
        ],
        "start_record_bracket_ns_by_rank": [
          [
            740767254688872,
            740767254733993
          ],
          [
            740767254688936,
            740767254731430
          ],
          [
            740767254688328,
            740767254707363
          ],
          [
            740767254688697,
            740767254723006
          ]
        ],
        "start_record_envelope_span_ns": 45665,
        "variant": 0
      },
      {
        "collective_only": {
          "local_ms": 0.041152000427246094,
          "rank_max_ms": 0.23206399381160736,
          "rank_ms": [
            0.041152000427246094,
            0.20428800582885742,
            0.23206399381160736,
            0.1072319969534874
          ]
        },
        "position": 1,
        "readiness_probe_exact": true,
        "ready_region": {
          "local_ms": 0.190528005361557,
          "rank_max_ms": 0.24240000545978546,
          "rank_ms": [
            0.190528005361557,
            0.2141759991645813,
            0.24240000545978546,
            0.18380799889564514
          ]
        },
        "sample_index": 31,
        "scheduled_start_arrival_ns_by_rank": [
          740767280773374,
          740767280743329,
          740767281091929,
          740767281223667
        ],
        "scheduled_start_target_ns_by_rank": [
          740767286223667,
          740767286223667,
          740767286223667,
          740767286223667
        ],
        "start_record_bracket_ns_by_rank": [
          [
            740767286385119,
            740767286436992
          ],
          [
            740767286224817,
            740767286276590
          ],
          [
            740767286224142,
            740767286246264
          ],
          [
            740767286331466,
            740767286371576
          ]
        ],
        "start_record_envelope_span_ns": 212850,
        "variant": 1
      },
      {
        "collective_only": {
          "local_ms": 0.06838399916887283,
          "rank_max_ms": 0.10182400047779083,
          "rank_ms": [
            0.06838399916887283,
            0.05910399928689003,
            0.10182400047779083,
            0.06876800209283829
          ]
        },
        "position": 0,
        "readiness_probe_exact": true,
        "ready_region": {
          "local_ms": 0.24102400243282318,
          "rank_max_ms": 0.30640000104904175,
          "rank_ms": [
            0.24102400243282318,
            0.29071998596191406,
            0.1579200029373169,
            0.30640000104904175
          ]
        },
        "sample_index": 32,
        "scheduled_start_arrival_ns_by_rank": [
          740767291803162,
          740767291165971,
          740767290952691,
          740767291376865
        ],
        "scheduled_start_target_ns_by_rank": [
          740767296803162,
          740767296803162,
          740767296803162,
          740767296803162
        ],
        "start_record_bracket_ns_by_rank": [
          [
            740767296803969,
            740767296861029
          ],
          [
            740767296805350,
            740767296874042
          ],
          [
            740767296803657,
            740767296826607
          ],
          [
            740767296805805,
            740767296863125
          ]
        ],
        "start_record_envelope_span_ns": 70385,
        "variant": 0
      },
      {
        "collective_only": {
          "local_ms": 0.04831999912858009,
          "rank_max_ms": 0.09583999961614609,
          "rank_ms": [
            0.04831999912858009,
            0.06409599632024765,
            0.09583999961614609,
            0.05491200089454651
          ]
        },
        "position": 1,
        "readiness_probe_exact": true,
        "ready_region": {
          "local_ms": 0.20393599569797516,
          "rank_max_ms": 0.2744320034980774,
          "rank_ms": [
            0.20393599569797516,
            0.18291200697422028,
            0.14422400295734406,
            0.2744320034980774
          ]
        },
        "sample_index": 33,
        "scheduled_start_arrival_ns_by_rank": [
          740767324891333,
          740767325177037,
          740767324675440,
          740767325126100
        ],
        "scheduled_start_target_ns_by_rank": [
          740767330177037,
          740767330177037,
          740767330177037,
          740767330177037
        ],
        "start_record_bracket_ns_by_rank": [
          [
            740767330177943,
            740767330255796
          ],
          [
            740767330178033,
            740767330240987
          ],
          [
            740767330177532,
            740767330207687
          ],
          [
            740767330179677,
            740767330252353
          ]
        ],
        "start_record_envelope_span_ns": 78264,
        "variant": 1
      },
      {
        "collective_only": {
          "local_ms": 0.03868800029158592,
          "rank_max_ms": 0.06441599875688553,
          "rank_ms": [
            0.03868800029158592,
            0.04553600028157234,
            0.06441599875688553,
            0.04902400076389313
          ]
        },
        "position": 0,
        "readiness_probe_exact": true,
        "ready_region": {
          "local_ms": 0.18374399840831757,
          "rank_max_ms": 0.18374399840831757,
          "rank_ms": [
            0.18374399840831757,
            0.17110399901866913,
            0.14556799829006195,
            0.17606399953365326
          ]
        },
        "sample_index": 34,
        "scheduled_start_arrival_ns_by_rank": [
          740767334665068,
          740767334709129,
          740767334451034,
          740767334656082
        ],
        "scheduled_start_target_ns_by_rank": [
          740767339709129,
          740767339709129,
          740767339709129,
          740767339709129
        ],
        "start_record_bracket_ns_by_rank": [
          [
            740767339710040,
            740767339760750
          ],
          [
            740767339710377,
            740767339754772
          ],
          [
            740767339709659,
            740767339736832
          ],
          [
            740767339710074,
            740767339747191
          ]
        ],
        "start_record_envelope_span_ns": 51091,
        "variant": 0
      },
      {
        "collective_only": {
          "local_ms": 0.044544000178575516,
          "rank_max_ms": 0.06380800157785416,
          "rank_ms": [
            0.044544000178575516,
            0.04368000105023384,
            0.06380800157785416,
            0.0544000007212162
          ]
        },
        "position": 1,
        "readiness_probe_exact": true,
        "ready_region": {
          "local_ms": 0.16195200383663177,
          "rank_max_ms": 0.16991999745368958,
          "rank_ms": [
            0.16195200383663177,
            0.15718400478363037,
            0.14230400323867798,
            0.16991999745368958
          ]
        },
        "sample_index": 35,
        "scheduled_start_arrival_ns_by_rank": [
          740767366955614,
          740767366782806,
          740767366813510,
          740767366811871
        ],
        "scheduled_start_target_ns_by_rank": [
          740767371955614,
          740767371955614,
          740767371955614,
          740767371955614
        ],
        "start_record_bracket_ns_by_rank": [
          [
            740767371956051,
            740767372007543
          ],
          [
            740767371956123,
            740767371996974
          ],
          [
            740767371956245,
            740767371980154
          ],
          [
            740767371956155,
            740767371989300
          ]
        ],
        "start_record_envelope_span_ns": 51492,
        "variant": 1
      },
      {
        "collective_only": {
          "local_ms": 0.06124800071120262,
          "rank_max_ms": 0.09276799857616425,
          "rank_ms": [
            0.06124800071120262,
            0.06860800087451935,
            0.09276799857616425,
            0.0737600028514862
          ]
        },
        "position": 0,
        "readiness_probe_exact": true,
        "ready_region": {
          "local_ms": 0.23043200373649597,
          "rank_max_ms": 0.23043200373649597,
          "rank_ms": [
            0.23043200373649597,
            0.22604799270629883,
            0.17683200538158417,
            0.22790400683879852
          ]
        },
        "sample_index": 36,
        "scheduled_start_arrival_ns_by_rank": [
          740767377109613,
          740767376981175,
          740767376475469,
          740767376994675
        ],
        "scheduled_start_target_ns_by_rank": [
          740767382109613,
          740767382109613,
          740767382109613,
          740767382109613
        ],
        "start_record_bracket_ns_by_rank": [
          [
            740767382111028,
            740767382171547
          ],
          [
            740767382110531,
            740767382163951
          ],
          [
            740767382110337,
            740767382141062
          ],
          [
            740767382110712,
            740767382156363
          ]
        ],
        "start_record_envelope_span_ns": 61210,
        "variant": 0
      },
      {
        "collective_only": {
          "local_ms": 0.05190400034189224,
          "rank_max_ms": 0.06431999802589417,
          "rank_ms": [
            0.05190400034189224,
            0.04156799986958504,
            0.06431999802589417,
            0.05375999957323074
          ]
        },
        "position": 1,
        "readiness_probe_exact": true,
        "ready_region": {
          "local_ms": 0.18409599363803864,
          "rank_max_ms": 0.18825599551200867,
          "rank_ms": [
            0.18409599363803864,
            0.18799999356269836,
            0.15011200308799744,
            0.18825599551200867
          ]
        },
        "sample_index": 37,
        "scheduled_start_arrival_ns_by_rank": [
          740767409281615,
          740767409449635,
          740767409320386,
          740767409497994
        ],
        "scheduled_start_target_ns_by_rank": [
          740767414497994,
          740767414497994,
          740767414497994,
          740767414497994
        ],
        "start_record_bracket_ns_by_rank": [
          [
            740767414499276,
            740767414536895
          ],
          [
            740767414499248,
            740767414547350
          ],
          [
            740767414498660,
            740767414525590
          ],
          [
            740767414498903,
            740767414536706
          ]
        ],
        "start_record_envelope_span_ns": 48690,
        "variant": 1
      },
      {
        "collective_only": {
          "local_ms": 0.06464000046253204,
          "rank_max_ms": 0.07161600142717361,
          "rank_ms": [
            0.06464000046253204,
            0.04492799937725067,
            0.07161600142717361,
            0.058559998869895935
          ]
        },
        "position": 0,
        "readiness_probe_exact": true,
        "ready_region": {
          "local_ms": 0.19923199713230133,
          "rank_max_ms": 0.24031999707221985,
          "rank_ms": [
            0.19923199713230133,
            0.23772799968719482,
            0.1812800019979477,
            0.24031999707221985
          ]
        },
        "sample_index": 38,
        "scheduled_start_arrival_ns_by_rank": [
          740767421423788,
          740767422087324,
          740767421126935,
          740767420881968
        ],
        "scheduled_start_target_ns_by_rank": [
          740767427087324,
          740767427087324,
          740767427087324,
          740767427087324
        ],
        "start_record_bracket_ns_by_rank": [
          [
            740767427088295,
            740767427125505
          ],
          [
            740767427088385,
            740767427145003
          ],
          [
            740767427087832,
            740767427119843
          ],
          [
            740767427088367,
            740767427132164
          ]
        ],
        "start_record_envelope_span_ns": 57171,
        "variant": 0
      },
      {
        "collective_only": {
          "local_ms": 0.059167999774217606,
          "rank_max_ms": 0.07267200201749802,
          "rank_ms": [
            0.059167999774217606,
            0.04278400167822838,
            0.07267200201749802,
            0.058720000088214874
          ]
        },
        "position": 1,
        "readiness_probe_exact": true,
        "ready_region": {
          "local_ms": 0.15663999319076538,
          "rank_max_ms": 0.1963520050048828,
          "rank_ms": [
            0.15663999319076538,
            0.1963520050048828,
            0.1480640023946762,
            0.1804479956626892
          ]
        },
        "sample_index": 39,
        "scheduled_start_arrival_ns_by_rank": [
          740767454912546,
          740767455353842,
          740767455134009,
          740767454958887
        ],
        "scheduled_start_target_ns_by_rank": [
          740767460353842,
          740767460353842,
          740767460353842,
          740767460353842
        ],
        "start_record_bracket_ns_by_rank": [
          [
            740767460354559,
            740767460390040
          ],
          [
            740767460355020,
            740767460406753
          ],
          [
            740767460354368,
            740767460378600
          ],
          [
            740767460354677,
            740767460391307
          ]
        ],
        "start_record_envelope_span_ns": 52385,
        "variant": 1
      },
      {
        "collective_only": {
          "local_ms": 0.07391999661922455,
          "rank_max_ms": 0.08048000186681747,
          "rank_ms": [
            0.07391999661922455,
            0.05955199897289276,
            0.08048000186681747,
            0.07068800181150436
          ]
        },
        "position": 0,
        "readiness_probe_exact": true,
        "ready_region": {
          "local_ms": 0.16470399498939514,
          "rank_max_ms": 0.187391996383667,
          "rank_ms": [
            0.16470399498939514,
            0.18643200397491455,
            0.1552640050649643,
            0.187391996383667
          ]
        },
        "sample_index": 40,
        "scheduled_start_arrival_ns_by_rank": [
          740767465859646,
          740767466108206,
          740767465709919,
          740767466117876
        ],
        "scheduled_start_target_ns_by_rank": [
          740767471117876,
          740767471117876,
          740767471117876,
          740767471117876
        ],
        "start_record_bracket_ns_by_rank": [
          [
            740767471118942,
            740767471150041
          ],
          [
            740767471118980,
            740767471166650
          ],
          [
            740767471118497,
            740767471145968
          ],
          [
            740767471118787,
            740767471155650
          ]
        ],
        "start_record_envelope_span_ns": 48153,
        "variant": 0
      },
      {
        "collective_only": {
          "local_ms": 0.056543998420238495,
          "rank_max_ms": 0.06892800331115723,
          "rank_ms": [
            0.056543998420238495,
            0.044096000492572784,
            0.06892800331115723,
            0.06480000168085098
          ]
        },
        "position": 1,
        "readiness_probe_exact": true,
        "ready_region": {
          "local_ms": 0.1842239946126938,
          "rank_max_ms": 0.217056006193161,
          "rank_ms": [
            0.1842239946126938,
            0.217056006193161,
            0.1624639928340912,
            0.14710399508476257
          ]
        },
        "sample_index": 41,
        "scheduled_start_arrival_ns_by_rank": [
          740767495973151,
          740767495972720,
          740767495666948,
          740767496256686
        ],
        "scheduled_start_target_ns_by_rank": [
          740767501256686,
          740767501256686,
          740767501256686,
          740767501256686
        ],
        "start_record_bracket_ns_by_rank": [
          [
            740767501257854,
            740767501299335
          ],
          [
            740767501257863,
            740767501312954
          ],
          [
            740767501257310,
            740767501290424
          ],
          [
            740767501257214,
            740767501291469
          ]
        ],
        "start_record_envelope_span_ns": 55740,
        "variant": 1
      },
      {
        "collective_only": {
          "local_ms": 0.06639999896287918,
          "rank_max_ms": 0.07699199765920639,
          "rank_ms": [
            0.06639999896287918,
            0.052639998495578766,
            0.07699199765920639,
            0.06252799928188324
          ]
        },
        "position": 0,
        "readiness_probe_exact": true,
        "ready_region": {
          "local_ms": 0.19788800179958344,
          "rank_max_ms": 0.19788800179958344,
          "rank_ms": [
            0.19788800179958344,
            0.1895039975643158,
            0.17689600586891174,
            0.1852799952030182
          ]
        },
        "sample_index": 42,
        "scheduled_start_arrival_ns_by_rank": [
          740767505593768,
          740767505777625,
          740767505587843,
          740767505932064
        ],
        "scheduled_start_target_ns_by_rank": [
          740767510932064,
          740767510932064,
          740767510932064,
          740767510932064
        ],
        "start_record_bracket_ns_by_rank": [
          [
            740767510933199,
            740767510973151
          ],
          [
            740767510932689,
            740767510986444
          ],
          [
            740767510932560,
            740767510963658
          ],
          [
            740767510932972,
            740767510972255
          ]
        ],
        "start_record_envelope_span_ns": 53884,
        "variant": 0
      },
      {
        "collective_only": {
          "local_ms": 0.045343998819589615,
          "rank_max_ms": 0.05849599838256836,
          "rank_ms": [
            0.045343998819589615,
            0.0363520011305809,
            0.05849599838256836,
            0.04499199986457825
          ]
        },
        "position": 1,
        "readiness_probe_exact": true,
        "ready_region": {
          "local_ms": 0.16543999314308167,
          "rank_max_ms": 0.1812479943037033,
          "rank_ms": [
            0.16543999314308167,
            0.1812479943037033,
            0.13648000359535217,
            0.14655999839305878
          ]
        },
        "sample_index": 43,
        "scheduled_start_arrival_ns_by_rank": [
          740767535797411,
          740767535884352,
          740767535575810,
          740767535759569
        ],
        "scheduled_start_target_ns_by_rank": [
          740767540884352,
          740767540884352,
          740767540884352,
          740767540884352
        ],
        "start_record_bracket_ns_by_rank": [
          [
            740767540885236,
            740767540917277
          ],
          [
            740767540885265,
            740767540925563
          ],
          [
            740767540884869,
            740767540903060
          ],
          [
            740767540885085,
            740767540914044
          ]
        ],
        "start_record_envelope_span_ns": 40694,
        "variant": 1
      },
      {
        "collective_only": {
          "local_ms": 0.05814399942755699,
          "rank_max_ms": 0.07004799693822861,
          "rank_ms": [
            0.05814399942755699,
            0.0416640006005764,
            0.07004799693822861,
            0.05446400120854378
          ]
        },
        "position": 0,
        "readiness_probe_exact": true,
        "ready_region": {
          "local_ms": 0.1669439971446991,
          "rank_max_ms": 0.23580799996852875,
          "rank_ms": [
            0.1669439971446991,
            0.23580799996852875,
            0.16316799819469452,
            0.1924159973859787
          ]
        },
        "sample_index": 44,
        "scheduled_start_arrival_ns_by_rank": [
          740767545651275,
          740767545839813,
          740767545595728,
          740767546074441
        ],
        "scheduled_start_target_ns_by_rank": [
          740767551074441,
          740767551074441,
          740767551074441,
          740767551074441
        ],
        "start_record_bracket_ns_by_rank": [
          [
            740767551075333,
            740767551111963
          ],
          [
            740767551075539,
            740767551127150
          ],
          [
            740767551074918,
            740767551099339
          ],
          [
            740767551075257,
            740767551113941
          ]
        ],
        "start_record_envelope_span_ns": 52232,
        "variant": 0
      },
      {
        "collective_only": {
          "local_ms": 0.07382400333881378,
          "rank_max_ms": 0.07382400333881378,
          "rank_ms": [
            0.07382400333881378,
            0.04790399968624115,
            0.07171200215816498,
            0.07014399766921997
          ]
        },
        "position": 1,
        "readiness_probe_exact": true,
        "ready_region": {
          "local_ms": 0.1677439957857132,
          "rank_max_ms": 0.2144320011138916,
          "rank_ms": [
            0.1677439957857132,
            0.2144320011138916,
            0.20291200280189514,
            0.20307199656963348
          ]
        },
        "sample_index": 45,
        "scheduled_start_arrival_ns_by_rank": [
          740767576744168,
          740767577158594,
          740767576716128,
          740767576121125
        ],
        "scheduled_start_target_ns_by_rank": [
          740767582158594,
          740767582158594,
          740767582158594,
          740767582158594
        ],
        "start_record_bracket_ns_by_rank": [
          [
            740767582159449,
            740767582207060
          ],
          [
            740767582160304,
            740767582232447
          ],
          [
            740767582159560,
            740767582210740
          ],
          [
            740767582159627,
            740767582210676
          ]
        ],
        "start_record_envelope_span_ns": 72998,
        "variant": 1
      },
      {
        "collective_only": {
          "local_ms": 0.8142079710960388,
          "rank_max_ms": 0.8142079710960388,
          "rank_ms": [
            0.8142079710960388,
            0.04214400053024292,
            0.04694399982690811,
            0.04652800038456917
          ]
        },
        "position": 0,
        "readiness_probe_exact": true,
        "ready_region": {
          "local_ms": 0.824288010597229,
          "rank_max_ms": 0.824288010597229,
          "rank_ms": [
            0.824288010597229,
            0.19011199474334717,
            0.1929280012845993,
            0.19235199689865112
          ]
        },
        "sample_index": 46,
        "scheduled_start_arrival_ns_by_rank": [
          740767587519253,
          740767587865262,
          740767588263710,
          740767588263599
        ],
        "scheduled_start_target_ns_by_rank": [
          740767593263710,
          740767593263710,
          740767593263710,
          740767593263710
        ],
        "start_record_bracket_ns_by_rank": [
          [
            740767593507826,
            740767593545273
          ],
          [
            740767594267516,
            740767594319093
          ],
          [
            740767594276351,
            740767594314592
          ],
          [
            740767594276253,
            740767594314483
          ]
        ],
        "start_record_envelope_span_ns": 811267,
        "variant": 0
      },
      {
        "collective_only": {
          "local_ms": 0.05801599845290184,
          "rank_max_ms": 0.06255999952554703,
          "rank_ms": [
            0.05801599845290184,
            0.04291199892759323,
            0.06255999952554703,
            0.06102399900555611
          ]
        },
        "position": 1,
        "readiness_probe_exact": true,
        "ready_region": {
          "local_ms": 0.1831360012292862,
          "rank_max_ms": 0.19926400482654572,
          "rank_ms": [
            0.1831360012292862,
            0.19926400482654572,
            0.18054400384426117,
            0.18089599907398224
          ]
        },
        "sample_index": 47,
        "scheduled_start_arrival_ns_by_rank": [
          740767621092251,
          740767621154656,
          740767621273745,
          740767621261129
        ],
        "scheduled_start_target_ns_by_rank": [
          740767626273745,
          740767626273745,
          740767626273745,
          740767626273745
        ],
        "start_record_bracket_ns_by_rank": [
          [
            740767626274875,
            740767626313268
          ],
          [
            740767626274895,
            740767626327430
          ],
          [
            740767626274586,
            740767626308796
          ],
          [
            740767626274593,
            740767626308861
          ]
        ],
        "start_record_envelope_span_ns": 52844,
        "variant": 1
      },
      {
        "collective_only": {
          "local_ms": 0.05651199817657471,
          "rank_max_ms": 0.05772799998521805,
          "rank_ms": [
            0.05651199817657471,
            0.04070400074124336,
            0.05772799998521805,
            0.05190400034189224
          ]
        },
        "position": 0,
        "readiness_probe_exact": true,
        "ready_region": {
          "local_ms": 0.21609599888324738,
          "rank_max_ms": 0.2553600072860718,
          "rank_ms": [
            0.21609599888324738,
            0.2553600072860718,
            0.23689599335193634,
            0.23712000250816345
          ]
        },
        "sample_index": 48,
        "scheduled_start_arrival_ns_by_rank": [
          740767632576418,
          740767632793864,
          740767632672398,
          740767632672221
        ],
        "scheduled_start_target_ns_by_rank": [
          740767637793864,
          740767637793864,
          740767637793864,
          740767637793864
        ],
        "start_record_bracket_ns_by_rank": [
          [
            740767637794803,
            740767637831805
          ],
          [
            740767637794823,
            740767637846199
          ],
          [
            740767637794698,
            740767637832163
          ],
          [
            740767637794674,
            740767637832072
          ]
        ],
        "start_record_envelope_span_ns": 51525,
        "variant": 0
      },
      {
        "collective_only": {
          "local_ms": 0.07446400076150894,
          "rank_max_ms": 0.0753600001335144,
          "rank_ms": [
            0.07446400076150894,
            0.04739199951291084,
            0.0753600001335144,
            0.07529599964618683
          ]
        },
        "position": 1,
        "readiness_probe_exact": true,
        "ready_region": {
          "local_ms": 0.2329919934272766,
          "rank_max_ms": 0.25228801369667053,
          "rank_ms": [
            0.2329919934272766,
            0.25228801369667053,
            0.2404160052537918,
            0.24169600009918213
          ]
        },
        "sample_index": 49,
        "scheduled_start_arrival_ns_by_rank": [
          740767664747433,
          740767664998411,
          740767664792147,
          740767664791945
        ],
        "scheduled_start_target_ns_by_rank": [
          740767669998411,
          740767669998411,
          740767669998411,
          740767669998411
        ],
        "start_record_bracket_ns_by_rank": [
          [
            740767670022790,
            740767670065452
          ],
          [
            740767670033924,
            740767670093452
          ],
          [
            740767670026323,
            740767670066298
          ],
          [
            740767670026075,
            740767670066302
          ]
        ],
        "start_record_envelope_span_ns": 70662,
        "variant": 1
      },
      {
        "collective_only": {
          "local_ms": 0.05036799982190132,
          "rank_max_ms": 0.05142400041222572,
          "rank_ms": [
            0.05036799982190132,
            0.03702399879693985,
            0.05142400041222572,
            0.047520000487565994
          ]
        },
        "position": 0,
        "readiness_probe_exact": true,
        "ready_region": {
          "local_ms": 0.1616320013999939,
          "rank_max_ms": 0.17657600343227386,
          "rank_ms": [
            0.1616320013999939,
            0.17494399845600128,
            0.17635199427604675,
            0.17657600343227386
          ]
        },
        "sample_index": 50,
        "scheduled_start_arrival_ns_by_rank": [
          740767675626957,
          740767675483288,
          740767675570710,
          740767675570706
        ],
        "scheduled_start_target_ns_by_rank": [
          740767680626957,
          740767680626957,
          740767680626957,
          740767680626957
        ],
        "start_record_bracket_ns_by_rank": [
          [
            740767680627658,
            740767680660043
          ],
          [
            740767680628170,
            740767680672568
          ],
          [
            740767680627901,
            740767680662333
          ],
          [
            740767680627807,
            740767680662415
          ]
        ],
        "start_record_envelope_span_ns": 44910,
        "variant": 0
      },
      {
        "collective_only": {
          "local_ms": 0.05676800012588501,
          "rank_max_ms": 0.05737600103020668,
          "rank_ms": [
            0.05676800012588501,
            0.04224000126123428,
            0.05737600103020668,
            0.05507199838757515
          ]
        },
        "position": 1,
        "readiness_probe_exact": true,
        "ready_region": {
          "local_ms": 0.17856000363826752,
          "rank_max_ms": 0.19299200177192688,
          "rank_ms": [
            0.17856000363826752,
            0.19299200177192688,
            0.1687999963760376,
            0.1799360066652298
          ]
        },
        "sample_index": 51,
        "scheduled_start_arrival_ns_by_rank": [
          740767707430740,
          740767707630466,
          740767707515731,
          740767707307629
        ],
        "scheduled_start_target_ns_by_rank": [
          740767712630466,
          740767712630466,
          740767712630466,
          740767712630466
        ],
        "start_record_bracket_ns_by_rank": [
          [
            740767712631623,
            740767712668673
          ],
          [
            740767712631876,
            740767712681920
          ],
          [
            740767712631343,
            740767712668328
          ],
          [
            740767712631459,
            740767712670486
          ]
        ],
        "start_record_envelope_span_ns": 50577,
        "variant": 1
      },
      {
        "collective_only": {
          "local_ms": 0.06035200133919716,
          "rank_max_ms": 0.06147199869155884,
          "rank_ms": [
            0.06035200133919716,
            0.04435199871659279,
            0.06147199869155884,
            0.05951999872922897
          ]
        },
        "position": 0,
        "readiness_probe_exact": true,
        "ready_region": {
          "local_ms": 0.19244800508022308,
          "rank_max_ms": 0.20608000457286835,
          "rank_ms": [
            0.19244800508022308,
            0.20608000457286835,
            0.18451200425624847,
            0.19443200528621674
          ]
        },
        "sample_index": 52,
        "scheduled_start_arrival_ns_by_rank": [
          740767716572643,
          740767717528299,
          740767717114742,
          740767717419389
        ],
        "scheduled_start_target_ns_by_rank": [
          740767722528299,
          740767722528299,
          740767722528299,
          740767722528299
        ],
        "start_record_bracket_ns_by_rank": [
          [
            740767722529606,
            740767722569976
          ],
          [
            740767722529281,
            740767722586192
          ],
          [
            740767722529223,
            740767722569214
          ],
          [
            740767722529174,
            740767722570236
          ]
        ],
        "start_record_envelope_span_ns": 57018,
        "variant": 0
      },
      {
        "collective_only": {
          "local_ms": 0.05270399898290634,
          "rank_max_ms": 0.05398400127887726,
          "rank_ms": [
            0.05270399898290634,
            0.04076800122857094,
            0.05398400127887726,
            0.053568001836538315
          ]
        },
        "position": 1,
        "readiness_probe_exact": true,
        "ready_region": {
          "local_ms": 0.22070400416851044,
          "rank_max_ms": 0.22070400416851044,
          "rank_ms": [
            0.22070400416851044,
            0.19155199825763702,
            0.1923840045928955,
            0.1886720061302185
          ]
        },
        "sample_index": 53,
        "scheduled_start_arrival_ns_by_rank": [
          740767746869086,
          740767747727284,
          740767747549978,
          740767747124719
        ],
        "scheduled_start_target_ns_by_rank": [
          740767752727284,
          740767752727284,
          740767752727284,
          740767752727284
        ],
        "start_record_bracket_ns_by_rank": [
          [
            740767752729201,
            740767752770160
          ],
          [
            740767752728376,
            740767752779786
          ],
          [
            740767752728230,
            740767752769409
          ],
          [
            740767752728350,
            740767752768649
          ]
        ],
        "start_record_envelope_span_ns": 51556,
        "variant": 1
      },
      {
        "collective_only": {
          "local_ms": 0.047680001705884933,
          "rank_max_ms": 0.04947200044989586,
          "rank_ms": [
            0.047680001705884933,
            0.041280001401901245,
            0.04806400090456009,
            0.04947200044989586
          ]
        },
        "position": 0,
        "readiness_probe_exact": true,
        "ready_region": {
          "local_ms": 0.20287999510765076,
          "rank_max_ms": 0.2048960030078888,
          "rank_ms": [
            0.20287999510765076,
            0.18751999735832214,
            0.2048960030078888,
            0.19254399836063385
          ]
        },
        "sample_index": 54,
        "scheduled_start_arrival_ns_by_rank": [
          740767757661038,
          740767757660703,
          740767757506942,
          740767757534256
        ],
        "scheduled_start_target_ns_by_rank": [
          740767762661038,
          740767762661038,
          740767762661038,
          740767762661038
        ],
        "start_record_bracket_ns_by_rank": [
          [
            740767762662352,
            740767762704218
          ],
          [
            740767762661928,
            740767762710473
          ],
          [
            740767762662003,
            740767762705079
          ],
          [
            740767762662098,
            740767762702747
          ]
        ],
        "start_record_envelope_span_ns": 48545,
        "variant": 0
      },
      {
        "collective_only": {
          "local_ms": 0.06201599910855293,
          "rank_max_ms": 0.062463998794555664,
          "rank_ms": [
            0.06201599910855293,
            0.04358400031924248,
            0.05612799897789955,
            0.062463998794555664
          ]
        },
        "position": 1,
        "readiness_probe_exact": true,
        "ready_region": {
          "local_ms": 0.1940159946680069,
          "rank_max_ms": 0.19840000569820404,
          "rank_ms": [
            0.1940159946680069,
            0.19334399700164795,
            0.19299200177192688,
            0.19840000569820404
          ]
        },
        "sample_index": 55,
        "scheduled_start_arrival_ns_by_rank": [
          740767788632989,
          740767789167763,
          740767789152972,
          740767789153469
        ],
        "scheduled_start_target_ns_by_rank": [
          740767794167763,
          740767794167763,
          740767794167763,
          740767794167763
        ],
        "start_record_bracket_ns_by_rank": [
          [
            740767794168865,
            740767794222456
          ],
          [
            740767794168916,
            740767794241596
          ],
          [
            740767794168741,
            740767794228244
          ],
          [
            740767794168879,
            740767794222971
          ]
        ],
        "start_record_envelope_span_ns": 72855,
        "variant": 1
      },
      {
        "collective_only": {
          "local_ms": 0.15350399911403656,
          "rank_max_ms": 0.2070399969816208,
          "rank_ms": [
            0.15350399911403656,
            0.0395519994199276,
            0.2070399969816208,
            0.05417599901556969
          ]
        },
        "position": 0,
        "readiness_probe_exact": true,
        "ready_region": {
          "local_ms": 0.17849600315093994,
          "rank_max_ms": 0.21731199324131012,
          "rank_ms": [
            0.17849600315093994,
            0.1839040070772171,
            0.21731199324131012,
            0.18729600310325623
          ]
        },
        "sample_index": 56,
        "scheduled_start_arrival_ns_by_rank": [
          740767798049936,
          740767799065322,
          740767798917664,
          740767798792643
        ],
        "scheduled_start_target_ns_by_rank": [
          740767804065322,
          740767804065322,
          740767804065322,
          740767804065322
        ],
        "start_record_bracket_ns_by_rank": [
          [
            740767804404193,
            740767804441356
          ],
          [
            740767804506779,
            740767804554573
          ],
          [
            740767804350280,
            740767804387286
          ],
          [
            740767804500964,
            740767804539892
          ]
        ],
        "start_record_envelope_span_ns": 204293,
        "variant": 0
      },
      {
        "collective_only": {
          "local_ms": 0.04848000034689903,
          "rank_max_ms": 0.05110400170087814,
          "rank_ms": [
            0.04848000034689903,
            0.0363520011305809,
            0.05110400170087814,
            0.04944000020623207
          ]
        },
        "position": 1,
        "readiness_probe_exact": true,
        "ready_region": {
          "local_ms": 0.1687999963760376,
          "rank_max_ms": 0.1687999963760376,
          "rank_ms": [
            0.1687999963760376,
            0.16873599588871002,
            0.16326400637626648,
            0.1615999937057495
          ]
        },
        "sample_index": 57,
        "scheduled_start_arrival_ns_by_rank": [
          740767829864911,
          740767830616480,
          740767830595085,
          740767829836196
        ],
        "scheduled_start_target_ns_by_rank": [
          740767835616480,
          740767835616480,
          740767835616480,
          740767835616480
        ],
        "start_record_bracket_ns_by_rank": [
          [
            740767835617521,
            740767835651201
          ],
          [
            740767835617564,
            740767835662737
          ],
          [
            740767835617347,
            740767835650436
          ],
          [
            740767835617428,
            740767835651270
          ]
        ],
        "start_record_envelope_span_ns": 45390,
        "variant": 1
      },
      {
        "collective_only": {
          "local_ms": 0.044224001467227936,
          "rank_max_ms": 0.05158400163054466,
          "rank_ms": [
            0.044224001467227936,
            0.03984000161290169,
            0.05158400163054466,
            0.04918399825692177
          ]
        },
        "position": 0,
        "readiness_probe_exact": true,
        "ready_region": {
          "local_ms": 0.19100800156593323,
          "rank_max_ms": 0.19100800156593323,
          "rank_ms": [
            0.19100800156593323,
            0.17260800302028656,
            0.17718400061130524,
            0.17369599640369415
          ]
        },
        "sample_index": 58,
        "scheduled_start_arrival_ns_by_rank": [
          740767839971766,
          740767840615718,
          740767840565876,
          740767840091815
        ],
        "scheduled_start_target_ns_by_rank": [
          740767845615718,
          740767845615718,
          740767845615718,
          740767845615718
        ],
        "start_record_bracket_ns_by_rank": [
          [
            740767845617441,
            740767845657734
          ],
          [
            740767845616871,
            740767845662491
          ],
          [
            740767845616623,
            740767845652489
          ],
          [
            740767845616586,
            740767845652290
          ]
        ],
        "start_record_envelope_span_ns": 45905,
        "variant": 0
      },
      {
        "collective_only": {
          "local_ms": 0.0469760000705719,
          "rank_max_ms": 0.0469760000705719,
          "rank_ms": [
            0.0469760000705719,
            0.03843199834227562,
            0.04646399989724159,
            0.04630399867892265
          ]
        },
        "position": 1,
        "readiness_probe_exact": true,
        "ready_region": {
          "local_ms": 0.17839999496936798,
          "rank_max_ms": 0.17839999496936798,
          "rank_ms": [
            0.17839999496936798,
            0.1717119961977005,
            0.1493760049343109,
            0.17209599912166595
          ]
        },
        "sample_index": 59,
        "scheduled_start_arrival_ns_by_rank": [
          740767871745589,
          740767872226412,
          740767871588728,
          740767871566895
        ],
        "scheduled_start_target_ns_by_rank": [
          740767877226412,
          740767877226412,
          740767877226412,
          740767877226412
        ],
        "start_record_bracket_ns_by_rank": [
          [
            740767877227561,
            740767877262974
          ],
          [
            740767877227441,
            740767877271904
          ],
          [
            740767877226902,
            740767877264262
          ],
          [
            740767877227391,
            740767877262061
          ]
        ],
        "start_record_envelope_span_ns": 45002,
        "variant": 1
      },
      {
        "collective_only": {
          "local_ms": 0.0530879981815815,
          "rank_max_ms": 0.0530879981815815,
          "rank_ms": [
            0.0530879981815815,
            0.04358400031924248,
            0.050592001527547836,
            0.05206400156021118
          ]
        },
        "position": 0,
        "readiness_probe_exact": true,
        "ready_region": {
          "local_ms": 0.2078080028295517,
          "rank_max_ms": 0.21171200275421143,
          "rank_ms": [
            0.2078080028295517,
            0.21171200275421143,
            0.21033599972724915,
            0.20652799308300018
          ]
        },
        "sample_index": 60,
        "scheduled_start_arrival_ns_by_rank": [
          740767882854222,
          740767882583333,
          740767883071918,
          740767882824803
        ],
        "scheduled_start_target_ns_by_rank": [
          740767888071918,
          740767888071918,
          740767888071918,
          740767888071918
        ],
        "start_record_bracket_ns_by_rank": [
          [
            740767888073033,
            740767888106679
          ],
          [
            740767888073310,
            740767888116897
          ],
          [
            740767888072978,
            740767888111491
          ],
          [
            740767888072841,
            740767888107825
          ]
        ],
        "start_record_envelope_span_ns": 44056,
        "variant": 0
      },
      {
        "collective_only": {
          "local_ms": 0.04320000112056732,
          "rank_max_ms": 0.04320000112056732,
          "rank_ms": [
            0.04320000112056732,
            0.03782400116324425,
            0.04249599948525429,
            0.04278400167822838
          ]
        },
        "position": 1,
        "readiness_probe_exact": true,
        "ready_region": {
          "local_ms": 0.1987520009279251,
          "rank_max_ms": 0.20313599705696106,
          "rank_ms": [
            0.1987520009279251,
            0.18998399376869202,
            0.20313599705696106,
            0.17270399630069733
          ]
        },
        "sample_index": 61,
        "scheduled_start_arrival_ns_by_rank": [
          740767915151700,
          740767915651760,
          740767915470749,
          740767915787582
        ],
        "scheduled_start_target_ns_by_rank": [
          740767920787582,
          740767920787582,
          740767920787582,
          740767920787582
        ],
        "start_record_bracket_ns_by_rank": [
          [
            740767920788720,
            740767920826526
          ],
          [
            740767920788699,
            740767920832910
          ],
          [
            740767920788603,
            740767920828406
          ],
          [
            740767920788548,
            740767920824329
          ]
        ],
        "start_record_envelope_span_ns": 44362,
        "variant": 1
      },
      {
        "collective_only": {
          "local_ms": 0.058111999183893204,
          "rank_max_ms": 0.05852799862623215,
          "rank_ms": [
            0.058111999183893204,
            0.04483199864625931,
            0.05766399949789047,
            0.05852799862623215
          ]
        },
        "position": 0,
        "readiness_probe_exact": true,
        "ready_region": {
          "local_ms": 0.21772800385951996,
          "rank_max_ms": 0.24483199417591095,
          "rank_ms": [
            0.21772800385951996,
            0.23715199530124664,
            0.21750399470329285,
            0.24483199417591095
          ]
        },
        "sample_index": 62,
        "scheduled_start_arrival_ns_by_rank": [
          740767925706497,
          740767926039504,
          740767925823455,
          740767925868149
        ],
        "scheduled_start_target_ns_by_rank": [
          740767931039504,
          740767931039504,
          740767931039504,
          740767931039504
        ],
        "start_record_bracket_ns_by_rank": [
          [
            740767931040794,
            740767931083224
          ],
          [
            740767931041076,
            740767931096107
          ],
          [
            740767931040057,
            740767931083234
          ],
          [
            740767931040713,
            740767931083089
          ]
        ],
        "start_record_envelope_span_ns": 56050,
        "variant": 0
      },
      {
        "collective_only": {
          "local_ms": 0.06752000004053116,
          "rank_max_ms": 0.06972800195217133,
          "rank_ms": [
            0.06752000004053116,
            0.052000001072883606,
            0.05270399898290634,
            0.06972800195217133
          ]
        },
        "position": 1,
        "readiness_probe_exact": true,
        "ready_region": {
          "local_ms": 0.19120000302791595,
          "rank_max_ms": 0.2760320007801056,
          "rank_ms": [
            0.19120000302791595,
            0.19494399428367615,
            0.2760320007801056,
            0.1839359998703003
          ]
        },
        "sample_index": 63,
        "scheduled_start_arrival_ns_by_rank": [
          740767957842899,
          740767958062599,
          740767958411383,
          740767957866268
        ],
        "scheduled_start_target_ns_by_rank": [
          740767963411383,
          740767963411383,
          740767963411383,
          740767963411383
        ],
        "start_record_bracket_ns_by_rank": [
          [
            740767963413449,
            740767963453958
          ],
          [
            740767963412555,
            740767963465021
          ],
          [
            740767963414304,
            740767963472515
          ],
          [
            740767963412557,
            740767963450932
          ]
        ],
        "start_record_envelope_span_ns": 59960,
        "variant": 1
      },
      {
        "collective_only": {
          "local_ms": 0.0506879985332489,
          "rank_max_ms": 0.050912000238895416,
          "rank_ms": [
            0.0506879985332489,
            0.039583999663591385,
            0.050912000238895416,
            0.0504320003092289
          ]
        },
        "position": 0,
        "readiness_probe_exact": true,
        "ready_region": {
          "local_ms": 0.17974400520324707,
          "rank_max_ms": 0.18646399676799774,
          "rank_ms": [
            0.17974400520324707,
            0.18028800189495087,
            0.18646399676799774,
            0.16412800550460815
          ]
        },
        "sample_index": 64,
        "scheduled_start_arrival_ns_by_rank": [
          740767968273436,
          740767968481587,
          740767968722000,
          740767968407596
        ],
        "scheduled_start_target_ns_by_rank": [
          740767973722000,
          740767973722000,
          740767973722000,
          740767973722000
        ],
        "start_record_bracket_ns_by_rank": [
          [
            740767973723241,
            740767973761026
          ],
          [
            740767973723009,
            740767973771110
          ],
          [
            740767973723072,
            740767973762311
          ],
          [
            740767973722938,
            740767973757183
          ]
        ],
        "start_record_envelope_span_ns": 48172,
        "variant": 0
      },
      {
        "collective_only": {
          "local_ms": 0.04864000156521797,
          "rank_max_ms": 0.05379199981689453,
          "rank_ms": [
            0.04864000156521797,
            0.04243199899792671,
            0.04960000142455101,
            0.05379199981689453
          ]
        },
        "position": 1,
        "readiness_probe_exact": true,
        "ready_region": {
          "local_ms": 0.197952002286911,
          "rank_max_ms": 0.2043839991092682,
          "rank_ms": [
            0.197952002286911,
            0.18694399297237396,
            0.2043839991092682,
            0.1878719925880432
          ]
        },
        "sample_index": 65,
        "scheduled_start_arrival_ns_by_rank": [
          740768000245651,
          740768000299079,
          740768000567429,
          740768000291467
        ],
        "scheduled_start_target_ns_by_rank": [
          740768005567429,
          740768005567429,
          740768005567429,
          740768005567429
        ],
        "start_record_bracket_ns_by_rank": [
          [
            740768005569015,
            740768005612160
          ],
          [
            740768005568530,
            740768005618458
          ],
          [
            740768005568166,
            740768005611551
          ],
          [
            740768005568411,
            740768005606935
          ]
        ],
        "start_record_envelope_span_ns": 50292,
        "variant": 1
      },
      {
        "collective_only": {
          "local_ms": 0.050624001771211624,
          "rank_max_ms": 0.05375999957323074,
          "rank_ms": [
            0.050624001771211624,
            0.038336001336574554,
            0.05375999957323074,
            0.05363199859857559
          ]
        },
        "position": 0,
        "readiness_probe_exact": true,
        "ready_region": {
          "local_ms": 0.1674879938364029,
          "rank_max_ms": 0.2128320038318634,
          "rank_ms": [
            0.1674879938364029,
            0.2128320038318634,
            0.19679999351501465,
            0.19167999923229218
          ]
        },
        "sample_index": 66,
        "scheduled_start_arrival_ns_by_rank": [
          740768010873166,
          740768010677344,
          740768010589787,
          740768010135070
        ],
        "scheduled_start_target_ns_by_rank": [
          740768015873166,
          740768015873166,
          740768015873166,
          740768015873166
        ],
        "start_record_bracket_ns_by_rank": [
          [
            740768015873824,
            740768015907859
          ],
          [
            740768015874041,
            740768015920652
          ],
          [
            740768015873795,
            740768015907075
          ],
          [
            740768015873822,
            740768015906599
          ]
        ],
        "start_record_envelope_span_ns": 46857,
        "variant": 0
      },
      {
        "collective_only": {
          "local_ms": 0.05142400041222572,
          "rank_max_ms": 0.05142400041222572,
          "rank_ms": [
            0.05142400041222572,
            0.039264000952243805,
            0.0506879985332489,
            0.04915200173854828
          ]
        },
        "position": 1,
        "readiness_probe_exact": true,
        "ready_region": {
          "local_ms": 0.17215999960899353,
          "rank_max_ms": 0.19523200392723083,
          "rank_ms": [
            0.17215999960899353,
            0.17875200510025024,
            0.19523200392723083,
            0.18057599663734436
          ]
        },
        "sample_index": 67,
        "scheduled_start_arrival_ns_by_rank": [
          740768041737711,
          740768041684033,
          740768042164706,
          740768041586720
        ],
        "scheduled_start_target_ns_by_rank": [
          740768047164706,
          740768047164706,
          740768047164706,
          740768047164706
        ],
        "start_record_bracket_ns_by_rank": [
          [
            740768047165678,
            740768047213258
          ],
          [
            740768047165838,
            740768047224975
          ],
          [
            740768047165626,
            740768047215325
          ],
          [
            740768047165645,
            740768047216665
          ]
        ],
        "start_record_envelope_span_ns": 59349,
        "variant": 1
      },
      {
        "collective_only": {
          "local_ms": 0.047807998955249786,
          "rank_max_ms": 0.04886399954557419,
          "rank_ms": [
            0.047807998955249786,
            0.03686400130391121,
            0.046751998364925385,
            0.04886399954557419
          ]
        },
        "position": 0,
        "readiness_probe_exact": true,
        "ready_region": {
          "local_ms": 0.19760000705718994,
          "rank_max_ms": 0.20678399503231049,
          "rank_ms": [
            0.19760000705718994,
            0.1900160014629364,
            0.20678399503231049,
            0.19571200013160706
          ]
        },
        "sample_index": 68,
        "scheduled_start_arrival_ns_by_rank": [
          740768053776292,
          740768053629514,
          740768053812466,
          740768053768225
        ],
        "scheduled_start_target_ns_by_rank": [
          740768058812466,
          740768058812466,
          740768058812466,
          740768058812466
        ],
        "start_record_bracket_ns_by_rank": [
          [
            740768058813251,
            740768058850239
          ],
          [
            740768058813439,
            740768058859187
          ],
          [
            740768058812912,
            740768058852405
          ],
          [
            740768058813371,
            740768058851122
          ]
        ],
        "start_record_envelope_span_ns": 46275,
        "variant": 0
      },
      {
        "collective_only": {
          "local_ms": 0.03670400008559227,
          "rank_max_ms": 0.16329599916934967,
          "rank_ms": [
            0.03670400008559227,
            0.16329599916934967,
            0.15881599485874176,
            0.09750399738550186
          ]
        },
        "position": 1,
        "readiness_probe_exact": true,
        "ready_region": {
          "local_ms": 0.1960960030555725,
          "rank_max_ms": 0.21792000532150269,
          "rank_ms": [
            0.1960960030555725,
            0.18748800456523895,
            0.21792000532150269,
            0.18956799805164337
          ]
        },
        "sample_index": 69,
        "scheduled_start_arrival_ns_by_rank": [
          740768085040683,
          740768085384648,
          740768085575385,
          740768085381188
        ],
        "scheduled_start_target_ns_by_rank": [
          740768090575385,
          740768090575385,
          740768090575385,
          740768090575385
        ],
        "start_record_bracket_ns_by_rank": [
          [
            740768090701802,
            740768090741830
          ],
          [
            740768090576228,
            740768090617135
          ],
          [
            740768090576210,
            740768090622443
          ],
          [
            740768090638585,
            740768090679427
          ]
        ],
        "start_record_envelope_span_ns": 165620,
        "variant": 1
      },
      {
        "collective_only": {
          "local_ms": 0.2531200051307678,
          "rank_max_ms": 0.37321600317955017,
          "rank_ms": [
            0.2531200051307678,
            0.31113600730895996,
            0.37321600317955017,
            0.034623999148607254
          ]
        },
        "position": 0,
        "readiness_probe_exact": true,
        "ready_region": {
          "local_ms": 0.26287999749183655,
          "rank_max_ms": 0.38364800810813904,
          "rank_ms": [
            0.26287999749183655,
            0.3214719891548157,
            0.38364800810813904,
            0.21913599967956543
          ]
        },
        "sample_index": 70,
        "scheduled_start_arrival_ns_by_rank": [
          740768096247120,
          740768096749626,
          740768096620154,
          740768096581612
        ],
        "scheduled_start_target_ns_by_rank": [
          740768101749626,
          740768101749626,
          740768101749626,
          740768101749626
        ],
        "start_record_bracket_ns_by_rank": [
          [
            740768101868639,
            740768101911661
          ],
          [
            740768101806602,
            740768101855478
          ],
          [
            740768101750468,
            740768101791851
          ],
          [
            740768102086885,
            740768102127135
          ]
        ],
        "start_record_envelope_span_ns": 376667,
        "variant": 0
      },
      {
        "collective_only": {
          "local_ms": 0.7553920149803162,
          "rank_max_ms": 0.7553920149803162,
          "rank_ms": [
            0.7553920149803162,
            0.2515519857406616,
            0.05555199831724167,
            0.39980798959732056
          ]
        },
        "position": 1,
        "readiness_probe_exact": true,
        "ready_region": {
          "local_ms": 0.7656000256538391,
          "rank_max_ms": 0.7656000256538391,
          "rank_ms": [
            0.7656000256538391,
            0.2614080011844635,
            0.19833600521087646,
            0.40992000699043274
          ]
        },
        "sample_index": 71,
        "scheduled_start_arrival_ns_by_rank": [
          740768132184303,
          740768132125469,
          740768132138344,
          740768132231396
        ],
        "scheduled_start_target_ns_by_rank": [
          740768137231396,
          740768137231396,
          740768137231396,
          740768137231396
        ],
        "start_record_bracket_ns_by_rank": [
          [
            740768137232271,
            740768137280101
          ],
          [
            740768137749148,
            740768137784207
          ],
          [
            740768137944387,
            740768137979897
          ],
          [
            740768137597378,
            740768137635117
          ]
        ],
        "start_record_envelope_span_ns": 747626,
        "variant": 1
      },
      {
        "collective_only": {
          "local_ms": 0.03916800022125244,
          "rank_max_ms": 0.055776000022888184,
          "rank_ms": [
            0.03916800022125244,
            0.05452800169587135,
            0.055776000022888184,
            0.05193600058555603
          ]
        },
        "position": 0,
        "readiness_probe_exact": true,
        "ready_region": {
          "local_ms": 0.18943999707698822,
          "rank_max_ms": 0.194240003824234,
          "rank_ms": [
            0.18943999707698822,
            0.18582400679588318,
            0.19363200664520264,
            0.194240003824234
          ]
        },
        "sample_index": 72,
        "scheduled_start_arrival_ns_by_rank": [
          740768142503381,
          740768142298534,
          740768142540043,
          740768142339823
        ],
        "scheduled_start_target_ns_by_rank": [
          740768147540043,
          740768147540043,
          740768147540043,
          740768147540043
        ],
        "start_record_bracket_ns_by_rank": [
          [
            740768147541433,
            740768147592983
          ],
          [
            740768147541019,
            740768147579937
          ],
          [
            740768147541215,
            740768147580211
          ],
          [
            740768147541032,
            740768147581693
          ]
        ],
        "start_record_envelope_span_ns": 51964,
        "variant": 0
      },
      {
        "collective_only": {
          "local_ms": 0.04102399945259094,
          "rank_max_ms": 0.05260799825191498,
          "rank_ms": [
            0.04102399945259094,
            0.047775998711586,
            0.05260799825191498,
            0.04700800031423569
          ]
        },
        "position": 1,
        "readiness_probe_exact": true,
        "ready_region": {
          "local_ms": 0.18569600582122803,
          "rank_max_ms": 0.18569600582122803,
          "rank_ms": [
            0.18569600582122803,
            0.17587199807167053,
            0.17824000120162964,
            0.1727360039949417
          ]
        },
        "sample_index": 73,
        "scheduled_start_arrival_ns_by_rank": [
          740768176830660,
          740768176733854,
          740768176376127,
          740768176602822
        ],
        "scheduled_start_target_ns_by_rank": [
          740768181830660,
          740768181830660,
          740768181830660,
          740768181830660
        ],
        "start_record_bracket_ns_by_rank": [
          [
            740768181831600,
            740768181873649
          ],
          [
            740768181831946,
            740768181868138
          ],
          [
            740768181831569,
            740768181863067
          ],
          [
            740768181831634,
            740768181867279
          ]
        ],
        "start_record_envelope_span_ns": 42080,
        "variant": 1
      },
      {
        "collective_only": {
          "local_ms": 0.040063999593257904,
          "rank_max_ms": 0.4984000027179718,
          "rank_ms": [
            0.040063999593257904,
            0.4397439956665039,
            0.4984000027179718,
            0.10364799946546555
          ]
        },
        "position": 0,
        "readiness_probe_exact": true,
        "ready_region": {
          "local_ms": 0.19020800292491913,
          "rank_max_ms": 0.5081599950790405,
          "rank_ms": [
            0.19020800292491913,
            0.44972801208496094,
            0.5081599950790405,
            0.19487999379634857
          ]
        },
        "sample_index": 74,
        "scheduled_start_arrival_ns_by_rank": [
          740768187518564,
          740768187388760,
          740768187674768,
          740768187428232
        ],
        "scheduled_start_target_ns_by_rank": [
          740768192674768,
          740768192674768,
          740768192674768,
          740768192674768
        ],
        "start_record_bracket_ns_by_rank": [
          [
            740768193303365,
            740768193358135
          ],
          [
            740768192918947,
            740768192960006
          ],
          [
            740768192859385,
            740768192901601
          ],
          [
            740768193252303,
            740768193295361
          ]
        ],
        "start_record_envelope_span_ns": 498750,
        "variant": 0
      },
      {
        "collective_only": {
          "local_ms": 0.036768000572919846,
          "rank_max_ms": 0.0451200008392334,
          "rank_ms": [
            0.036768000572919846,
            0.04460800066590309,
            0.0451200008392334,
            0.04464000090956688
          ]
        },
        "position": 1,
        "readiness_probe_exact": true,
        "ready_region": {
          "local_ms": 0.17427200078964233,
          "rank_max_ms": 0.18572799861431122,
          "rank_ms": [
            0.17427200078964233,
            0.1791040003299713,
            0.18572799861431122,
            0.18147200345993042
          ]
        },
        "sample_index": 75,
        "scheduled_start_arrival_ns_by_rank": [
          740768222433775,
          740768222058864,
          740768222306503,
          740768222212155
        ],
        "scheduled_start_target_ns_by_rank": [
          740768227433775,
          740768227433775,
          740768227433775,
          740768227433775
        ],
        "start_record_bracket_ns_by_rank": [
          [
            740768227434696,
            740768227480042
          ],
          [
            740768227434830,
            740768227473957
          ],
          [
            740768227434956,
            740768227474457
          ],
          [
            740768227434650,
            740768227473436
          ]
        ],
        "start_record_envelope_span_ns": 45392,
        "variant": 1
      },
      {
        "collective_only": {
          "local_ms": 0.0398080013692379,
          "rank_max_ms": 0.3055039942264557,
          "rank_ms": [
            0.0398080013692379,
            0.1000640019774437,
            0.3055039942264557,
            0.2869440019130707
          ]
        },
        "position": 0,
        "readiness_probe_exact": true,
        "ready_region": {
          "local_ms": 0.39555200934410095,
          "rank_max_ms": 0.39555200934410095,
          "rank_ms": [
            0.39555200934410095,
            0.22592000663280487,
            0.3155199885368347,
            0.2968960106372833
          ]
        },
        "sample_index": 76,
        "scheduled_start_arrival_ns_by_rank": [
          740768233523376,
          740768232954923,
          740768233436444,
          740768233636310
        ],
        "scheduled_start_target_ns_by_rank": [
          740768238636310,
          740768238636310,
          740768238636310,
          740768238636310
        ],
        "start_record_bracket_ns_by_rank": [
          [
            740768238976559,
            740768239054501
          ],
          [
            740768238952700,
            740768238989776
          ],
          [
            740768238747139,
            740768238789886
          ],
          [
            740768238778458,
            740768238803458
          ]
        ],
        "start_record_envelope_span_ns": 307362,
        "variant": 0
      },
      {
        "collective_only": {
          "local_ms": 0.03215999901294708,
          "rank_max_ms": 0.04399999976158142,
          "rank_ms": [
            0.03215999901294708,
            0.03686400130391121,
            0.04399999976158142,
            0.04121600091457367
          ]
        },
        "position": 1,
        "readiness_probe_exact": true,
        "ready_region": {
          "local_ms": 0.14972800016403198,
          "rank_max_ms": 0.1520960032939911,
          "rank_ms": [
            0.14972800016403198,
            0.14508800208568573,
            0.15164799988269806,
            0.1520960032939911
          ]
        },
        "sample_index": 77,
        "scheduled_start_arrival_ns_by_rank": [
          740768263729979,
          740768263350614,
          740768263590748,
          740768263628664
        ],
        "scheduled_start_target_ns_by_rank": [
          740768268729979,
          740768268729979,
          740768268729979,
          740768268729979
        ],
        "start_record_bracket_ns_by_rank": [
          [
            740768268730872,
            740768268770041
          ],
          [
            740768268730930,
            740768268767011
          ],
          [
            740768268730782,
            740768268761682
          ],
          [
            740768268730792,
            740768268762590
          ]
        ],
        "start_record_envelope_span_ns": 39259,
        "variant": 1
      },
      {
        "collective_only": {
          "local_ms": 0.03420799970626831,
          "rank_max_ms": 0.04444799944758415,
          "rank_ms": [
            0.03420799970626831,
            0.04137599840760231,
            0.04390399903059006,
            0.04444799944758415
          ]
        },
        "position": 0,
        "readiness_probe_exact": true,
        "ready_region": {
          "local_ms": 0.1589439958333969,
          "rank_max_ms": 0.16016000509262085,
          "rank_ms": [
            0.1589439958333969,
            0.13398399949073792,
            0.16016000509262085,
            0.14947199821472168
          ]
        },
        "sample_index": 78,
        "scheduled_start_arrival_ns_by_rank": [
          740768273428443,
          740768273304016,
          740768273518006,
          740768273407241
        ],
        "scheduled_start_target_ns_by_rank": [
          740768278518006,
          740768278518006,
          740768278518006,
          740768278518006
        ],
        "start_record_bracket_ns_by_rank": [
          [
            740768278518782,
            740768278560618
          ],
          [
            740768278518713,
            740768278549766
          ],
          [
            740768278518844,
            740768278552366
          ],
          [
            740768278518730,
            740768278548560
          ]
        ],
        "start_record_envelope_span_ns": 41905,
        "variant": 0
      },
      {
        "collective_only": {
          "local_ms": 0.03683200106024742,
          "rank_max_ms": 0.04873599857091904,
          "rank_ms": [
            0.03683200106024742,
            0.04745600000023842,
            0.04867200180888176,
            0.04873599857091904
          ]
        },
        "position": 1,
        "readiness_probe_exact": true,
        "ready_region": {
          "local_ms": 0.16540800034999847,
          "rank_max_ms": 0.16540800034999847,
          "rank_ms": [
            0.16540800034999847,
            0.16096000373363495,
            0.16422399878501892,
            0.16473600268363953
          ]
        },
        "sample_index": 79,
        "scheduled_start_arrival_ns_by_rank": [
          740768306615822,
          740768306227482,
          740768306164271,
          740768305920093
        ],
        "scheduled_start_target_ns_by_rank": [
          740768311615822,
          740768311615822,
          740768311615822,
          740768311615822
        ],
        "start_record_bracket_ns_by_rank": [
          [
            740768311616826,
            740768311661952
          ],
          [
            740768311616678,
            740768311652094
          ],
          [
            740768311616813,
            740768311651990
          ],
          [
            740768311616436,
            740768311651403
          ]
        ],
        "start_record_envelope_span_ns": 45516,
        "variant": 1
      },
      {
        "collective_only": {
          "local_ms": 0.034623999148607254,
          "rank_max_ms": 0.04678399860858917,
          "rank_ms": [
            0.034623999148607254,
            0.04678399860858917,
            0.045791998505592346,
            0.04524800181388855
          ]
        },
        "position": 0,
        "readiness_probe_exact": true,
        "ready_region": {
          "local_ms": 0.20006400346755981,
          "rank_max_ms": 0.20006400346755981,
          "rank_ms": [
            0.20006400346755981,
            0.18742400407791138,
            0.19651199877262115,
            0.1919039934873581
          ]
        },
        "sample_index": 80,
        "scheduled_start_arrival_ns_by_rank": [
          740768315830448,
          740768315834318,
          740768315724937,
          740768315766849
        ],
        "scheduled_start_target_ns_by_rank": [
          740768320834318,
          740768320834318,
          740768320834318,
          740768320834318
        ],
        "start_record_bracket_ns_by_rank": [
          [
            740768320835079,
            740768320878744
          ],
          [
            740768320835016,
            740768320869619
          ],
          [
            740768320835076,
            740768320870776
          ],
          [
            740768320834994,
            740768320870218
          ]
        ],
        "start_record_envelope_span_ns": 43750,
        "variant": 0
      },
      {
        "collective_only": {
          "local_ms": 0.04188799858093262,
          "rank_max_ms": 0.059487998485565186,
          "rank_ms": [
            0.04188799858093262,
            0.05846399813890457,
            0.059487998485565186,
            0.05564799904823303
          ]
        },
        "position": 1,
        "readiness_probe_exact": true,
        "ready_region": {
          "local_ms": 0.22735999524593353,
          "rank_max_ms": 0.22735999524593353,
          "rank_ms": [
            0.22735999524593353,
            0.21068799495697021,
            0.22150400280952454,
            0.21372799575328827
          ]
        },
        "sample_index": 81,
        "scheduled_start_arrival_ns_by_rank": [
          740768348982459,
          740768348394734,
          740768348396122,
          740768348550968
        ],
        "scheduled_start_target_ns_by_rank": [
          740768353982459,
          740768353982459,
          740768353982459,
          740768353982459
        ],
        "start_record_bracket_ns_by_rank": [
          [
            740768353983666,
            740768354054250
          ],
          [
            740768353983377,
            740768354040411
          ],
          [
            740768353983685,
            740768354040109
          ],
          [
            740768353983413,
            740768354037904
          ]
        ],
        "start_record_envelope_span_ns": 70873,
        "variant": 1
      },
      {
        "collective_only": {
          "local_ms": 0.03590400144457817,
          "rank_max_ms": 0.049215998500585556,
          "rank_ms": [
            0.03590400144457817,
            0.0480320006608963,
            0.049215998500585556,
            0.04726399853825569
          ]
        },
        "position": 0,
        "readiness_probe_exact": true,
        "ready_region": {
          "local_ms": 0.17046399414539337,
          "rank_max_ms": 0.17532800137996674,
          "rank_ms": [
            0.17046399414539337,
            0.16752000153064728,
            0.17532800137996674,
            0.17427200078964233
          ]
        },
        "sample_index": 82,
        "scheduled_start_arrival_ns_by_rank": [
          740768359123173,
          740768359051700,
          740768359163351,
          740768359287898
        ],
        "scheduled_start_target_ns_by_rank": [
          740768364287898,
          740768364287898,
          740768364287898,
          740768364287898
        ],
        "start_record_bracket_ns_by_rank": [
          [
            740768364288907,
            740768364335501
          ],
          [
            740768364288784,
            740768364324550
          ],
          [
            740768364288654,
            740768364324689
          ],
          [
            740768364288715,
            740768364325564
          ]
        ],
        "start_record_envelope_span_ns": 46847,
        "variant": 0
      },
      {
        "collective_only": {
          "local_ms": 0.039583999663591385,
          "rank_max_ms": 0.054336000233888626,
          "rank_ms": [
            0.039583999663591385,
            0.054336000233888626,
            0.0522879995405674,
            0.05289600044488907
          ]
        },
        "position": 1,
        "readiness_probe_exact": true,
        "ready_region": {
          "local_ms": 0.24063999950885773,
          "rank_max_ms": 0.24063999950885773,
          "rank_ms": [
            0.24063999950885773,
            0.22441600263118744,
            0.22127999365329742,
            0.219200000166893
          ]
        },
        "sample_index": 83,
        "scheduled_start_arrival_ns_by_rank": [
          740768391663238,
          740768391780322,
          740768391644691,
          740768391763004
        ],
        "scheduled_start_target_ns_by_rank": [
          740768396780322,
          740768396780322,
          740768396780322,
          740768396780322
        ],
        "start_record_bracket_ns_by_rank": [
          [
            740768396781193,
            740768396833836
          ],
          [
            740768396781186,
            740768396820734
          ],
          [
            740768396781324,
            740768396823333
          ],
          [
            740768396781089,
            740768396821524
          ]
        ],
        "start_record_envelope_span_ns": 52747,
        "variant": 1
      },
      {
        "collective_only": {
          "local_ms": 0.4899199903011322,
          "rank_max_ms": 0.509663999080658,
          "rank_ms": [
            0.4899199903011322,
            0.03548799827694893,
            0.37651199102401733,
            0.509663999080658
          ]
        },
        "position": 0,
        "readiness_probe_exact": true,
        "ready_region": {
          "local_ms": 0.5001599788665771,
          "rank_max_ms": 0.5199040174484253,
          "rank_ms": [
            0.5001599788665771,
            0.1884479969739914,
            0.3867200016975403,
            0.5199040174484253
          ]
        },
        "sample_index": 84,
        "scheduled_start_arrival_ns_by_rank": [
          740768403791874,
          740768403140167,
          740768403816930,
          740768403937232
        ],
        "scheduled_start_target_ns_by_rank": [
          740768408937232,
          740768408937232,
          740768408937232,
          740768408937232
        ],
        "start_record_bracket_ns_by_rank": [
          [
            740768409091061,
            740768409144402
          ],
          [
            740768409554879,
            740768409596462
          ],
          [
            740768409214983,
            740768409257857
          ],
          [
            740768409082700,
            740768409124929
          ]
        ],
        "start_record_envelope_span_ns": 513762,
        "variant": 0
      },
      {
        "collective_only": {
          "local_ms": 0.03999999910593033,
          "rank_max_ms": 0.04089599847793579,
          "rank_ms": [
            0.03999999910593033,
            0.04089599847793579,
            0.03907199949026108,
            0.040031999349594116
          ]
        },
        "position": 1,
        "readiness_probe_exact": true,
        "ready_region": {
          "local_ms": 0.16624000668525696,
          "rank_max_ms": 0.19971199333667755,
          "rank_ms": [
            0.16624000668525696,
            0.1934400051832199,
            0.19971199333667755,
            0.19225600361824036
          ]
        },
        "sample_index": 85,
        "scheduled_start_arrival_ns_by_rank": [
          740768441241730,
          740768441474548,
          740768441436424,
          740768441542593
        ],
        "scheduled_start_target_ns_by_rank": [
          740768446542593,
          740768446542593,
          740768446542593,
          740768446542593
        ],
        "start_record_bracket_ns_by_rank": [
          [
            740768446543314,
            740768446586404
          ],
          [
            740768446543606,
            740768446584701
          ],
          [
            740768446543555,
            740768446586356
          ],
          [
            740768446543664,
            740768446585143
          ]
        ],
        "start_record_envelope_span_ns": 43090,
        "variant": 1
      },
      {
        "collective_only": {
          "local_ms": 0.03590400144457817,
          "rank_max_ms": 0.04620800167322159,
          "rank_ms": [
            0.03590400144457817,
            0.0451200008392334,
            0.04608000069856644,
            0.04620800167322159
          ]
        },
        "position": 0,
        "readiness_probe_exact": true,
        "ready_region": {
          "local_ms": 0.15702399611473083,
          "rank_max_ms": 0.1769919991493225,
          "rank_ms": [
            0.15702399611473083,
            0.17136000096797943,
            0.1769919991493225,
            0.17510400712490082
          ]
        },
        "sample_index": 86,
        "scheduled_start_arrival_ns_by_rank": [
          740768452684016,
          740768452515349,
          740768452545922,
          740768452475669
        ],
        "scheduled_start_target_ns_by_rank": [
          740768457684016,
          740768457684016,
          740768457684016,
          740768457684016
        ],
        "start_record_bracket_ns_by_rank": [
          [
            740768457684583,
            740768457730298
          ],
          [
            740768457685155,
            740768457723702
          ],
          [
            740768457684896,
            740768457723950
          ],
          [
            740768457685028,
            740768457722794
          ]
        ],
        "start_record_envelope_span_ns": 45715,
        "variant": 0
      },
      {
        "collective_only": {
          "local_ms": 0.05273599922657013,
          "rank_max_ms": 0.05273599922657013,
          "rank_ms": [
            0.05273599922657013,
            0.04864000156521797,
            0.05260799825191498,
            0.050655998289585114
          ]
        },
        "position": 1,
        "readiness_probe_exact": true,
        "ready_region": {
          "local_ms": 0.15052799880504608,
          "rank_max_ms": 0.18620799481868744,
          "rank_ms": [
            0.15052799880504608,
            0.18620799481868744,
            0.1847359985113144,
            0.16208000481128693
          ]
        },
        "sample_index": 87,
        "scheduled_start_arrival_ns_by_rank": [
          740768485542810,
          740768485715039,
          740768485936198,
          740768485496386
        ],
        "scheduled_start_target_ns_by_rank": [
          740768490936198,
          740768490936198,
          740768490936198,
          740768490936198
        ],
        "start_record_bracket_ns_by_rank": [
          [
            740768490936637,
            740768490970792
          ],
          [
            740768490936930,
            740768490975842
          ],
          [
            740768490937124,
            740768490973433
          ],
          [
            740768490937035,
            740768490973339
          ]
        ],
        "start_record_envelope_span_ns": 39205,
        "variant": 1
      },
      {
        "collective_only": {
          "local_ms": 0.04387199878692627,
          "rank_max_ms": 0.04451199993491173,
          "rank_ms": [
            0.04387199878692627,
            0.039583999663591385,
            0.03843199834227562,
            0.04451199993491173
          ]
        },
        "position": 0,
        "readiness_probe_exact": true,
        "ready_region": {
          "local_ms": 0.16223999857902527,
          "rank_max_ms": 0.19881600141525269,
          "rank_ms": [
            0.16223999857902527,
            0.19327999651432037,
            0.19881600141525269,
            0.15907199680805206
          ]
        },
        "sample_index": 88,
        "scheduled_start_arrival_ns_by_rank": [
          740768495171138,
          740768495319861,
          740768495533756,
          740768495355594
        ],
        "scheduled_start_target_ns_by_rank": [
          740768500533756,
          740768500533756,
          740768500533756,
          740768500533756
        ],
        "start_record_bracket_ns_by_rank": [
          [
            740768500534312,
            740768500572553
          ],
          [
            740768500534724,
            740768500577089
          ],
          [
            740768500534748,
            740768500577422
          ],
          [
            740768500534596,
            740768500570839
          ]
        ],
        "start_record_envelope_span_ns": 43110,
        "variant": 0
      },
      {
        "collective_only": {
          "local_ms": 0.04275200143456459,
          "rank_max_ms": 0.05686400085687637,
          "rank_ms": [
            0.04275200143456459,
            0.054816000163555145,
            0.05686400085687637,
            0.05526399984955788
          ]
        },
        "position": 1,
        "readiness_probe_exact": true,
        "ready_region": {
          "local_ms": 0.19897599518299103,
          "rank_max_ms": 0.19897599518299103,
          "rank_ms": [
            0.19897599518299103,
            0.19404800236225128,
            0.19884799420833588,
            0.1987839937210083
          ]
        },
        "sample_index": 89,
        "scheduled_start_arrival_ns_by_rank": [
          740768530115230,
          740768529964968,
          740768530237691,
          740768529823137
        ],
        "scheduled_start_target_ns_by_rank": [
          740768535237691,
          740768535237691,
          740768535237691,
          740768535237691
        ],
        "start_record_bracket_ns_by_rank": [
          [
            740768535238845,
            740768535293987
          ],
          [
            740768535238729,
            740768535281040
          ],
          [
            740768535238807,
            740768535281795
          ],
          [
            740768535238602,
            740768535281011
          ]
        ],
        "start_record_envelope_span_ns": 55385,
        "variant": 1
      },
      {
        "collective_only": {
          "local_ms": 0.396479994058609,
          "rank_max_ms": 0.5368319749832153,
          "rank_ms": [
            0.396479994058609,
            0.5221760272979736,
            0.033055998384952545,
            0.5368319749832153
          ]
        },
        "position": 0,
        "readiness_probe_exact": true,
        "ready_region": {
          "local_ms": 0.40566399693489075,
          "rank_max_ms": 0.5460479855537415,
          "rank_ms": [
            0.40566399693489075,
            0.5321919918060303,
            0.21465599536895752,
            0.5460479855537415
          ]
        },
        "sample_index": 90,
        "scheduled_start_arrival_ns_by_rank": [
          740768540337300,
          740768540252567,
          740768540163016,
          740768540334314
        ],
        "scheduled_start_target_ns_by_rank": [
          740768545337300,
          740768545337300,
          740768545337300,
          740768545337300
        ],
        "start_record_bracket_ns_by_rank": [
          [
            740768545469236,
            740768545518870
          ],
          [
            740768545355147,
            740768545392747
          ],
          [
            740768545840852,
            740768545879014
          ],
          [
            740768545338061,
            740768545374470
          ]
        ],
        "start_record_envelope_span_ns": 540953,
        "variant": 0
      },
      {
        "collective_only": {
          "local_ms": 0.04137599840760231,
          "rank_max_ms": 0.06217600032687187,
          "rank_ms": [
            0.04137599840760231,
            0.060127999633550644,
            0.05894400179386139,
            0.06217600032687187
          ]
        },
        "position": 1,
        "readiness_probe_exact": true,
        "ready_region": {
          "local_ms": 0.22457599639892578,
          "rank_max_ms": 0.22457599639892578,
          "rank_ms": [
            0.22457599639892578,
            0.208064004778862,
            0.2223999947309494,
            0.21129600703716278
          ]
        },
        "sample_index": 91,
        "scheduled_start_arrival_ns_by_rank": [
          740768576840666,
          740768576625334,
          740768576726004,
          740768576777779
        ],
        "scheduled_start_target_ns_by_rank": [
          740768581840666,
          740768581840666,
          740768581840666,
          740768581840666
        ],
        "start_record_bracket_ns_by_rank": [
          [
            740768581841631,
            740768581899844
          ],
          [
            740768581841759,
            740768581882049
          ],
          [
            740768581841730,
            740768581883582
          ],
          [
            740768581841770,
            740768581880987
          ]
        ],
        "start_record_envelope_span_ns": 58213,
        "variant": 1
      },
      {
        "collective_only": {
          "local_ms": 0.03481600061058998,
          "rank_max_ms": 0.04620800167322159,
          "rank_ms": [
            0.03481600061058998,
            0.04620800167322159,
            0.044319998472929,
            0.04588799923658371
          ]
        },
        "position": 0,
        "readiness_probe_exact": true,
        "ready_region": {
          "local_ms": 0.1940159946680069,
          "rank_max_ms": 0.19468800723552704,
          "rank_ms": [
            0.1940159946680069,
            0.19312000274658203,
            0.19468800723552704,
            0.1881600022315979
          ]
        },
        "sample_index": 92,
        "scheduled_start_arrival_ns_by_rank": [
          740768588382193,
          740768589025886,
          740768588610358,
          740768588780591
        ],
        "scheduled_start_target_ns_by_rank": [
          740768594025886,
          740768594025886,
          740768594025886,
          740768594025886
        ],
        "start_record_bracket_ns_by_rank": [
          [
            740768594026710,
            740768594071658
          ],
          [
            740768594026793,
            740768594061496
          ],
          [
            740768594026841,
            740768594063280
          ],
          [
            740768594026821,
            740768594061738
          ]
        ],
        "start_record_envelope_span_ns": 44948,
        "variant": 0
      },
      {
        "collective_only": {
          "local_ms": 0.03961599990725517,
          "rank_max_ms": 0.38121598958969116,
          "rank_ms": [
            0.03961599990725517,
            0.2271679937839508,
            0.10339199751615524,
            0.38121598958969116
          ]
        },
        "position": 1,
        "readiness_probe_exact": true,
        "ready_region": {
          "local_ms": 0.19776000082492828,
          "rank_max_ms": 0.3906559944152832,
          "rank_ms": [
            0.19776000082492828,
            0.23737600445747375,
            0.19574399292469025,
            0.3906559944152832
          ]
        },
        "sample_index": 93,
        "scheduled_start_arrival_ns_by_rank": [
          740768627937538,
          740768627522191,
          740768627616048,
          740768627572479
        ],
        "scheduled_start_target_ns_by_rank": [
          740768632937538,
          740768632937538,
          740768632937538,
          740768632937538
        ],
        "start_record_bracket_ns_by_rank": [
          [
            740768634617954,
            740768634674287
          ],
          [
            740768634448598,
            740768634489422
          ],
          [
            740768634570518,
            740768634613096
          ],
          [
            740768634293862,
            740768634334868
          ]
        ],
        "start_record_envelope_span_ns": 380425,
        "variant": 1
      },
      {
        "collective_only": {
          "local_ms": 0.040352001786231995,
          "rank_max_ms": 0.9318720102310181,
          "rank_ms": [
            0.040352001786231995,
            0.15615999698638916,
            0.9318720102310181,
            0.1305920034646988
          ]
        },
        "position": 0,
        "readiness_probe_exact": true,
        "ready_region": {
          "local_ms": 0.19411200284957886,
          "rank_max_ms": 0.9421120285987854,
          "rank_ms": [
            0.19411200284957886,
            0.18614399433135986,
            0.9421120285987854,
            0.19308799505233765
          ]
        },
        "sample_index": 94,
        "scheduled_start_arrival_ns_by_rank": [
          740768642168600,
          740768642120036,
          740768642229885,
          740768642347819
        ],
        "scheduled_start_target_ns_by_rank": [
          740768647347819,
          740768647347819,
          740768647347819,
          740768647347819
        ],
        "start_record_bracket_ns_by_rank": [
          [
            740768648466973,
            740768648522187
          ],
          [
            740768648366178,
            740768648407617
          ],
          [
            740768647591534,
            740768647632927
          ],
          [
            740768648391060,
            740768648432610
          ]
        ],
        "start_record_envelope_span_ns": 930653,
        "variant": 0
      },
      {
        "collective_only": {
          "local_ms": 0.5314239859580994,
          "rank_max_ms": 0.8813440203666687,
          "rank_ms": [
            0.5314239859580994,
            0.8813440203666687,
            0.3567360043525696,
            0.03235200047492981
          ]
        },
        "position": 1,
        "readiness_probe_exact": true,
        "ready_region": {
          "local_ms": 0.5415679812431335,
          "rank_max_ms": 0.8915839791297913,
          "rank_ms": [
            0.5415679812431335,
            0.8915839791297913,
            0.3668160140514374,
            0.20099200308322906
          ]
        },
        "sample_index": 95,
        "scheduled_start_arrival_ns_by_rank": [
          740768678708664,
          740768679238634,
          740768677922223,
          740768679147377
        ],
        "scheduled_start_target_ns_by_rank": [
          740768684238634,
          740768684238634,
          740768684238634,
          740768684238634
        ],
        "start_record_bracket_ns_by_rank": [
          [
            740768684573242,
            740768684626280
          ],
          [
            740768684239233,
            740768684275027
          ],
          [
            740768684762361,
            740768684800615
          ],
          [
            740768685084479,
            740768685122212
          ]
        ],
        "start_record_envelope_span_ns": 882979,
        "variant": 1
      },
      {
        "collective_only": {
          "local_ms": 0.0363520011305809,
          "rank_max_ms": 0.05040000006556511,
          "rank_ms": [
            0.0363520011305809,
            0.04975999891757965,
            0.0496320016682148,
            0.05040000006556511
          ]
        },
        "position": 0,
        "readiness_probe_exact": true,
        "ready_region": {
          "local_ms": 0.19331200420856476,
          "rank_max_ms": 0.19331200420856476,
          "rank_ms": [
            0.19331200420856476,
            0.18678399920463562,
            0.18969599902629852,
            0.18374399840831757
          ]
        },
        "sample_index": 96,
        "scheduled_start_arrival_ns_by_rank": [
          740768690846957,
          740768690522048,
          740768690257549,
          740768690375027
        ],
        "scheduled_start_target_ns_by_rank": [
          740768695846957,
          740768695846957,
          740768695846957,
          740768695846957
        ],
        "start_record_bracket_ns_by_rank": [
          [
            740768695847971,
            740768695895189
          ],
          [
            740768695847883,
            740768695883868
          ],
          [
            740768695847940,
            740768695884402
          ],
          [
            740768695847999,
            740768695882654
          ]
        ],
        "start_record_envelope_span_ns": 47306,
        "variant": 0
      },
      {
        "collective_only": {
          "local_ms": 0.3609920144081116,
          "rank_max_ms": 0.45289599895477295,
          "rank_ms": [
            0.3609920144081116,
            0.06377600133419037,
            0.45289599895477295,
            0.2463040053844452
          ]
        },
        "position": 1,
        "readiness_probe_exact": true,
        "ready_region": {
          "local_ms": 0.3701759874820709,
          "rank_max_ms": 0.46326398849487305,
          "rank_ms": [
            0.3701759874820709,
            0.2547839879989624,
            0.46326398849487305,
            0.2563520073890686
          ]
        },
        "sample_index": 97,
        "scheduled_start_arrival_ns_by_rank": [
          740768725749891,
          740768725415163,
          740768724849148,
          740768725375639
        ],
        "scheduled_start_target_ns_by_rank": [
          740768730749891,
          740768730749891,
          740768730749891,
          740768730749891
        ],
        "start_record_bracket_ns_by_rank": [
          [
            740768731637445,
            740768731692430
          ],
          [
            740768731947565,
            740768731988314
          ],
          [
            740768731559584,
            740768731601568
          ],
          [
            740768731765344,
            740768731806192
          ]
        ],
        "start_record_envelope_span_ns": 428730,
        "variant": 1
      },
      {
        "collective_only": {
          "local_ms": 0.04057599976658821,
          "rank_max_ms": 0.05539200082421303,
          "rank_ms": [
            0.04057599976658821,
            0.053279999643564224,
            0.05539200082421303,
            0.053888000547885895
          ]
        },
        "position": 0,
        "readiness_probe_exact": true,
        "ready_region": {
          "local_ms": 0.23734399676322937,
          "rank_max_ms": 0.23734399676322937,
          "rank_ms": [
            0.23734399676322937,
            0.22012799978256226,
            0.227743998169899,
            0.21676799654960632
          ]
        },
        "sample_index": 98,
        "scheduled_start_arrival_ns_by_rank": [
          740768738086138,
          740768737719770,
          740768737733953,
          740768737977288
        ],
        "scheduled_start_target_ns_by_rank": [
          740768743086138,
          740768743086138,
          740768743086138,
          740768743086138
        ],
        "start_record_bracket_ns_by_rank": [
          [
            740768743087129,
            740768743142531
          ],
          [
            740768743086997,
            740768743127030
          ],
          [
            740768743087104,
            740768743129590
          ],
          [
            740768743087099,
            740768743127405
          ]
        ],
        "start_record_envelope_span_ns": 55534,
        "variant": 0
      },
      {
        "collective_only": {
          "local_ms": 0.03782400116324425,
          "rank_max_ms": 0.052639998495578766,
          "rank_ms": [
            0.03782400116324425,
            0.04745600000023842,
            0.0525440014898777,
            0.052639998495578766
          ]
        },
        "position": 1,
        "readiness_probe_exact": true,
        "ready_region": {
          "local_ms": 0.18652799725532532,
          "rank_max_ms": 0.18652799725532532,
          "rank_ms": [
            0.18652799725532532,
            0.1727679967880249,
            0.1833920031785965,
            0.17983999848365784
          ]
        },
        "sample_index": 99,
        "scheduled_start_arrival_ns_by_rank": [
          740768772157850,
          740768772089630,
          740768772251975,
          740768772031992
        ],
        "scheduled_start_target_ns_by_rank": [
          740768777251975,
          740768777251975,
          740768777251975,
          740768777251975
        ],
        "start_record_bracket_ns_by_rank": [
          [
            740768777252944,
            740768777303337
          ],
          [
            740768777253119,
            740768777295425
          ],
          [
            740768777252846,
            740768777290591
          ],
          [
            740768777253047,
            740768777291163
          ]
        ],
        "start_record_envelope_span_ns": 50491,
        "variant": 1
      }
    ],
    "warmup_order": [
      [
        "reference",
        "candidate"
      ],
      [
        "candidate",
        "reference"
      ],
      [
        "reference",
        "candidate"
      ],
      [
        "candidate",
        "reference"
      ],
      [
        "reference",
        "candidate"
      ],
      [
        "candidate",
        "reference"
      ],
      [
        "reference",
        "candidate"
      ],
      [
        "candidate",
        "reference"
      ],
      [
        "reference",
        "candidate"
      ],
      [
        "candidate",
        "reference"
      ]
    ]
  },
  "readiness_probe": {
    "dtype": "torch.bfloat16",
    "full_tensor_consumer": "preallocated BF16 negation output",
    "full_tensor_validation": "exact on every warmup and measured sample",
    "num_elements": 60,
    "positions": [
      [
        0,
        0
      ],
      [
        0,
        1
      ],
      [
        0,
        2
      ],
      [
        0,
        3
      ],
      [
        0,
        2048
      ],
      [
        0,
        3072
      ],
      [
        0,
        6140
      ],
      [
        0,
        6141
      ],
      [
        0,
        6142
      ],
      [
        0,
        6143
      ],
      [
        1,
        0
      ],
      [
        1,
        1
      ],
      [
        1,
        2
      ],
      [
        1,
        3
      ],
      [
        1,
        2048
      ],
      [
        1,
        3072
      ],
      [
        1,
        6140
      ],
      [
        1,
        6141
      ],
      [
        1,
        6142
      ],
      [
        1,
        6143
      ],
      [
        5,
        0
      ],
      [
        5,
        1
      ],
      [
        5,
        2
      ],
      [
        5,
        3
      ],
      [
        5,
        2048
      ],
      [
        5,
        3072
      ],
      [
        5,
        6140
      ],
      [
        5,
        6141
      ],
      [
        5,
        6142
      ],
      [
        5,
        6143
      ],
      [
        8,
        0
      ],
      [
        8,
        1
      ],
      [
        8,
        2
      ],
      [
        8,
        3
      ],
      [
        8,
        2048
      ],
      [
        8,
        3072
      ],
      [
        8,
        6140
      ],
      [
        8,
        6141
      ],
      [
        8,
        6142
      ],
      [
        8,
        6143
      ],
      [
        14,
        0
      ],
      [
        14,
        1
      ],
      [
        14,
        2
      ],
      [
        14,
        3
      ],
      [
        14,
        2048
      ],
      [
        14,
        3072
      ],
      [
        14,
        6140
      ],
      [
        14,
        6141
      ],
      [
        14,
        6142
      ],
      [
        14,
        6143
      ],
      [
        15,
        0
      ],
      [
        15,
        1
      ],
      [
        15,
        2
      ],
      [
        15,
        3
      ],
      [
        15,
        2048
      ],
      [
        15,
        3072
      ],
      [
        15,
        6140
      ],
      [
        15,
        6141
      ],
      [
        15,
        6142
      ],
      [
        15,
        6143
      ]
    ],
    "validation": "exact on every warmup and measured sample"
  },
  "reference": {
    "collective_only": {
      "median_ms": 0.06988799944519997,
      "min_ms": 0.04089599847793579,
      "p95_ms": 0.509663999080658
    },
    "gate_metric": "ready_region.rank_max_ms",
    "readiness_probe_overhead_median_ms": 0.13444799929857254,
    "ready_region": {
      "median_ms": 0.21110399812459946,
      "min_ms": 0.1520960032939911,
      "p95_ms": 0.5199040174484253
    }
  },
  "reference_policy": "SGLANG_GLM52_OPT=0 production GroupCoordinator path",
  "result_path": "/tmp/tp_allreduce_reachability_20260722T181038Z/paired/m16_reference_control.json",
  "schema_version": 2,
  "scope": "tp4_allreduce_diagnostic_only",
  "timing_contract": {
    "collective_only": "start event through event recorded immediately after run()",
    "gate_metric": "ready_region rank-max paired p50",
    "rank_start_alignment": "selected stream synchronized after restoration; TP CPU-group all-gather selects a common same-host monotonic deadline 5 ms after latest arrival; ranks busy-wait; host timestamps bracket every start-event record call",
    "ready_region": "start event through full-tensor same-stream negation and position-sensitive gather",
    "restoration": "variant source-to-local copy and consumer/probe poison occur before every start event"
  },
  "workload": {
    "distributed": true,
    "family": "allreduce",
    "name": "tp4_allreduce_decode_m16",
    "notes": "TP4/DP4 decode bucket: local M=16; sum reduction. Standalone diagnostic; production caller/ABI not yet proven.",
    "params": {
      "dtype": "bfloat16",
      "hidden": 6144,
      "local_tokens": 16
    },
    "phase": "decode",
    "source_symbol": "sglang.srt.distributed.parallel_state.GroupCoordinator.all_reduce",
    "world_size": 4
  }
}
/home/qinhaiyan/glm52-goal-runs/24-tp_allreduce_reachability/kernel-harness/.venv/lib/python3.12/site-packages/torch/distributed/c10d_logger.py:83: UserWarning: barrier(): using the device under current context. You can specify `device_id` in `init_process_group` to mute this warning.
  return func(*args, **kwargs)
