started_utc=2026-07-22T19:28:24.709706416Z
command= /home/qinhaiyan/glm52-goal-runs/24-tp_allreduce_reachability/kernel-harness/serving_native/run.sh tp4_allreduce_decode_m16 --execution-mode cuda_graph --stream nondefault --warmup 10 --repeat 100 --output /tmp/tp_allreduce_reachability_20260722T192433Z/baseline/m16_run1.json
timeout_seconds=1800

*****************************************
Setting OMP_NUM_THREADS environment variable for each process to be 1 in default, to avoid your system being overloaded, please further tune the variable for optimal performance in your application as needed. 
*****************************************
/home/qinhaiyan/glm52-goal-runs/24-tp_allreduce_reachability/kernel-harness/.venv/lib/python3.12/site-packages/torch/distributed/c10d_logger.py:83: UserWarning: barrier(): using the device under current context. You can specify `device_id` in `init_process_group` to mute this warning.
  return func(*args, **kwargs)
[rank0]:[W722 19:28:37.309374391 ProcessGroupNCCL.cpp:5188] Guessing device ID based on global rank. This can cause a hang if rank to GPU mapping is heterogeneous. You can specify device_id in init_process_group()
{
  "all_reduce_trace": {
    "enabled": false,
    "evidence_valid": null,
    "failure_counts_by_rank": null,
    "measurement_instrumented": false,
    "paths_by_rank": null,
    "replay_limitation": "Python observes eager dispatch or CUDA graph capture only; CUDA graph replay does not re-enter this hook. Correlate stable kernel names in an Nsight Systems trace to prove replay execution."
  },
  "allreduce": {
    "candidate_capture_context_by_rank": null,
    "candidate_contract_by_rank": null,
    "exact_oracle": "hash[row,col]=(37*(row%127)+17*(col%127)+13*(row%127)*(col%127))%127; base_variant=((hash+shift)%127)-63 for shifts [0,31]; source=base+2*rank-(world_size-1); expected=world_size*base",
    "message_bytes": 196608,
    "reference_contract_by_rank": [
      {
        "exact_values": true,
        "local_poststate": "reduced",
        "output": {
          "device": "cuda:0",
          "dtype": "torch.bfloat16",
          "shape": [
            16,
            6144
          ],
          "stride": [
            6144,
            1
          ]
        },
        "output_aliases_local": true,
        "source_immutable": true
      },
      {
        "exact_values": true,
        "local_poststate": "reduced",
        "output": {
          "device": "cuda:1",
          "dtype": "torch.bfloat16",
          "shape": [
            16,
            6144
          ],
          "stride": [
            6144,
            1
          ]
        },
        "output_aliases_local": true,
        "source_immutable": true
      },
      {
        "exact_values": true,
        "local_poststate": "reduced",
        "output": {
          "device": "cuda:2",
          "dtype": "torch.bfloat16",
          "shape": [
            16,
            6144
          ],
          "stride": [
            6144,
            1
          ]
        },
        "output_aliases_local": true,
        "source_immutable": true
      },
      {
        "exact_values": true,
        "local_poststate": "reduced",
        "output": {
          "device": "cuda:3",
          "dtype": "torch.bfloat16",
          "shape": [
            16,
            6144
          ],
          "stride": [
            6144,
            1
          ]
        },
        "output_aliases_local": true,
        "source_immutable": true
      }
    ],
    "reference_dispatch_by_rank": [
      {
        "communicators": {
          "custom": {
            "algorithm": "ONE_SHOT_PUSH",
            "class": "sglang.srt.distributed.device_communicators.custom_all_reduce_v2.CustomAllReduceV2",
            "fields": {
              "config": "ModeConfig(one_shot_push_threshold=2097152, one_shot_pull_threshold=2097152)",
              "disabled": "False",
              "max_size": "16777216",
              "override_algo": "None",
              "rank": "0",
              "tms_cudagraph": "False",
              "world_size": "4"
            },
            "python_id": 132043264088960,
            "should_custom_ar": {
              "value": true
            }
          },
          "pymscclpp": {
            "should_mscclpp_allreduce": {
              "value": false
            }
          },
          "pynccl": {
            "class": "sglang.srt.distributed.device_communicators.pynccl.PyNcclCommunicator",
            "fields": {
              "disabled": "False",
              "rank": "0",
              "world_size": "4"
            },
            "python_id": 132043122142016,
            "symmetric_pool_enabled": {
              "value": false
            }
          },
          "quick": {
            "should_quick_allreduce": {
              "value": false
            }
          },
          "torch_symmetric_memory": {
            "should_torch_symm_mem_allreduce": {
              "value": false
            }
          }
        },
        "dtype": "torch.bfloat16",
        "execution_mode": "cuda_graph",
        "group_name": "tp:0",
        "group_ranks": [
          0,
          1,
          2,
          3
        ],
        "local_size": 0,
        "message_bytes": 196608,
        "phase": "reference_capture",
        "predicted_reference_algorithm": "ONE_SHOT_PUSH",
        "predicted_reference_backend": "custom_all_reduce_outplace",
        "rank": 0,
        "shape": [
          16,
          6144
        ],
        "stream": {
          "cuda_stream": 97916687436240,
          "requested": "nondefault"
        },
        "stride": [
          6144,
          1
        ],
        "world_size": 4
      },
      {
        "communicators": {
          "custom": {
            "algorithm": "ONE_SHOT_PUSH",
            "class": "sglang.srt.distributed.device_communicators.custom_all_reduce_v2.CustomAllReduceV2",
            "fields": {
              "config": "ModeConfig(one_shot_push_threshold=2097152, one_shot_pull_threshold=2097152)",
              "disabled": "False",
              "max_size": "16777216",
              "override_algo": "None",
              "rank": "1",
              "tms_cudagraph": "False",
              "world_size": "4"
            },
            "python_id": 132926539373344,
            "should_custom_ar": {
              "value": true
            }
          },
          "pymscclpp": {
            "should_mscclpp_allreduce": {
              "value": false
            }
          },
          "pynccl": {
            "class": "sglang.srt.distributed.device_communicators.pynccl.PyNcclCommunicator",
            "fields": {
              "disabled": "False",
              "rank": "1",
              "world_size": "4"
            },
            "python_id": 132926538704144,
            "symmetric_pool_enabled": {
              "value": false
            }
          },
          "quick": {
            "should_quick_allreduce": {
              "value": false
            }
          },
          "torch_symmetric_memory": {
            "should_torch_symm_mem_allreduce": {
              "value": false
            }
          }
        },
        "dtype": "torch.bfloat16",
        "execution_mode": "cuda_graph",
        "group_name": "tp:0",
        "group_ranks": [
          0,
          1,
          2,
          3
        ],
        "local_size": 0,
        "message_bytes": 196608,
        "phase": "reference_capture",
        "predicted_reference_algorithm": "ONE_SHOT_PUSH",
        "predicted_reference_backend": "custom_all_reduce_outplace",
        "rank": 1,
        "shape": [
          16,
          6144
        ],
        "stream": {
          "cuda_stream": 105504791813488,
          "requested": "nondefault"
        },
        "stride": [
          6144,
          1
        ],
        "world_size": 4
      },
      {
        "communicators": {
          "custom": {
            "algorithm": "ONE_SHOT_PUSH",
            "class": "sglang.srt.distributed.device_communicators.custom_all_reduce_v2.CustomAllReduceV2",
            "fields": {
              "config": "ModeConfig(one_shot_push_threshold=2097152, one_shot_pull_threshold=2097152)",
              "disabled": "False",
              "max_size": "16777216",
              "override_algo": "None",
              "rank": "2",
              "tms_cudagraph": "False",
              "world_size": "4"
            },
            "python_id": 126402431799408,
            "should_custom_ar": {
              "value": true
            }
          },
          "pymscclpp": {
            "should_mscclpp_allreduce": {
              "value": false
            }
          },
          "pynccl": {
            "class": "sglang.srt.distributed.device_communicators.pynccl.PyNcclCommunicator",
            "fields": {
              "disabled": "False",
              "rank": "2",
              "world_size": "4"
            },
            "python_id": 126402432154080,
            "symmetric_pool_enabled": {
              "value": false
            }
          },
          "quick": {
            "should_quick_allreduce": {
              "value": false
            }
          },
          "torch_symmetric_memory": {
            "should_torch_symm_mem_allreduce": {
              "value": false
            }
          }
        },
        "dtype": "torch.bfloat16",
        "execution_mode": "cuda_graph",
        "group_name": "tp:0",
        "group_ranks": [
          0,
          1,
          2,
          3
        ],
        "local_size": 0,
        "message_bytes": 196608,
        "phase": "reference_capture",
        "predicted_reference_algorithm": "ONE_SHOT_PUSH",
        "predicted_reference_backend": "custom_all_reduce_outplace",
        "rank": 2,
        "shape": [
          16,
          6144
        ],
        "stream": {
          "cuda_stream": 100072749577920,
          "requested": "nondefault"
        },
        "stride": [
          6144,
          1
        ],
        "world_size": 4
      },
      {
        "communicators": {
          "custom": {
            "algorithm": "ONE_SHOT_PUSH",
            "class": "sglang.srt.distributed.device_communicators.custom_all_reduce_v2.CustomAllReduceV2",
            "fields": {
              "config": "ModeConfig(one_shot_push_threshold=2097152, one_shot_pull_threshold=2097152)",
              "disabled": "False",
              "max_size": "16777216",
              "override_algo": "None",
              "rank": "3",
              "tms_cudagraph": "False",
              "world_size": "4"
            },
            "python_id": 125405733209056,
            "should_custom_ar": {
              "value": true
            }
          },
          "pymscclpp": {
            "should_mscclpp_allreduce": {
              "value": false
            }
          },
          "pynccl": {
            "class": "sglang.srt.distributed.device_communicators.pynccl.PyNcclCommunicator",
            "fields": {
              "disabled": "False",
              "rank": "3",
              "world_size": "4"
            },
            "python_id": 125405733363856,
            "symmetric_pool_enabled": {
              "value": false
            }
          },
          "quick": {
            "should_quick_allreduce": {
              "value": false
            }
          },
          "torch_symmetric_memory": {
            "should_torch_symm_mem_allreduce": {
              "value": false
            }
          }
        },
        "dtype": "torch.bfloat16",
        "execution_mode": "cuda_graph",
        "group_name": "tp:0",
        "group_ranks": [
          0,
          1,
          2,
          3
        ],
        "local_size": 0,
        "message_bytes": 196608,
        "phase": "reference_capture",
        "predicted_reference_algorithm": "ONE_SHOT_PUSH",
        "predicted_reference_backend": "custom_all_reduce_outplace",
        "rank": 3,
        "shape": [
          16,
          6144
        ],
        "stream": {
          "cuda_stream": 98199214577328,
          "requested": "nondefault"
        },
        "stride": [
          6144,
          1
        ],
        "world_size": 4
      }
    ]
  },
  "candidate": null,
  "correctness": {
    "alternating_input_variants": 2,
    "candidate_state_guarded": false,
    "exact_full_checks": "before and after timing",
    "exact_full_tensor_consumer": "every warmup and measured sample",
    "exact_position_probe": "every warmup and measured sample",
    "passed": true,
    "validation_errors_aggregated_over_tp_cpu_group": true
  },
  "disposition": "tp4_reference_characterization_only",
  "environment": {
    "device": {
      "capability": [
        10,
        0
      ],
      "name": "NVIDIA B200",
      "rank": 0,
      "total_memory": 191490555904
    },
    "device_by_rank": [
      {
        "capability": [
          10,
          0
        ],
        "name": "NVIDIA B200",
        "rank": 0,
        "total_memory": 191490555904
      },
      {
        "capability": [
          10,
          0
        ],
        "name": "NVIDIA B200",
        "rank": 1,
        "total_memory": 191490555904
      },
      {
        "capability": [
          10,
          0
        ],
        "name": "NVIDIA B200",
        "rank": 2,
        "total_memory": 191490555904
      },
      {
        "capability": [
          10,
          0
        ],
        "name": "NVIDIA B200",
        "rank": 3,
        "total_memory": 191490555904
      }
    ],
    "env": {
      "CUDA_VISIBLE_DEVICES": "0,1,2,3",
      "NCCL_ALGO": null,
      "NCCL_PROTO": null,
      "SGLANG_ALL_REDUCE_TRACE": null,
      "SGLANG_GLM52_OPT": "0",
      "SGLANG_OPT_USE_CUSTOM_ALL_REDUCE_V2": null,
      "SGLANG_ROOT": "/home/qinhaiyan/glm52-goal-runs/24-tp_allreduce_reachability/sglang"
    },
    "kernel_harness_git": {
      "branch": "goal/glm52-prod-24-tp_allreduce_reachability",
      "dirty": false,
      "root": "/home/qinhaiyan/glm52-goal-runs/24-tp_allreduce_reachability/kernel-harness",
      "sha": "bea4a8cd294a84f2d305cd023eb3fed281de4b1e",
      "status": []
    },
    "packages": {
      "flashinfer": {
        "path": "/mnt/OS-oKqEXySb/home/qinhaiyan/miniconda3/envs/sglang/lib/python3.12/site-packages/flashinfer/__init__.py",
        "version": "0.6.12"
      },
      "sgl_kernel": {
        "path": "/mnt/OS-oKqEXySb/home/qinhaiyan/miniconda3/envs/sglang/lib/python3.12/site-packages/sgl_kernel/__init__.py",
        "version": "0.4.4"
      },
      "sglang": {
        "path": "/home/qinhaiyan/glm52-goal-runs/24-tp_allreduce_reachability/sglang/python/sglang/__init__.py",
        "version": "0.5.15"
      },
      "torch": {
        "cuda": "13.0",
        "nccl": [
          2,
          28,
          9
        ],
        "path": "/mnt/OS-oKqEXySb/home/qinhaiyan/miniconda3/envs/sglang/lib/python3.12/site-packages/torch/__init__.py",
        "version": "2.11.0+cu130"
      },
      "triton": {
        "path": "/mnt/OS-oKqEXySb/home/qinhaiyan/miniconda3/envs/sglang/lib/python3.12/site-packages/triton/__init__.py",
        "version": "3.6.0"
      }
    },
    "python": "/home/qinhaiyan/glm52-goal-runs/24-tp_allreduce_reachability/kernel-harness/.venv/bin/python",
    "python_version": "3.12.13 | packaged by Anaconda, Inc. | (main, Jul  9 2026, 14:38:16) [GCC 14.3.0]",
    "sglang_git": {
      "branch": "goal/glm52-prod-24-tp_allreduce_reachability",
      "dirty": false,
      "root": "/home/qinhaiyan/glm52-goal-runs/24-tp_allreduce_reachability/sglang",
      "sha": "a91928c6f713d69722176a8d13781367e9b78dc4",
      "status": []
    }
  },
  "execution": {
    "cuda_stream": 97916687436240,
    "default_to_execution_waits_outside_timing": 5,
    "mode": "cuda_graph",
    "nvtx_measurement_range": "serving_native/tp4_allreduce_decode_m16/cuda_graph/nondefault/reference",
    "nvtx_rank_synchronization": "rank 0 push after a TP CPU-group barrier; all ranks wait at a second barrier before measurement and before rank 0 pop",
    "stream": "nondefault"
  },
  "gate": {
    "candidate_present": false,
    "metric": "paired ready-region rank-max p50 speedup",
    "minimum_speedup": 1.03,
    "passed": null,
    "performance_eligible": true,
    "stock_fallback_active": true
  },
  "production_acceptance": "This direct TP4 callable is not proof of the GLM serving caller/ABI and cannot be relabeled as TP8 evidence.",
  "raw_samples": {
    "alignment_policy": {
      "accepted_pair_attempts": 100,
      "admission_fields": [
        "scheduled_start_arrival_ns_by_rank",
        "scheduled_start_target_ns_by_rank",
        "start_record_bracket_ns_by_rank",
        "start_record_envelope_span_ns"
      ],
      "initial_input_variant": 1,
      "latency_fields_excluded": true,
      "max_pair_attempts": 10,
      "next_input_variant": 1,
      "rejected_pair_attempts": 2,
      "requested_logical_pairs": 100,
      "start_record_envelope_limit_ns": 500000,
      "total_pair_attempts": 102
    },
    "candidate": null,
    "measured_order": [
      [
        "reference"
      ],
      [
        "reference"
      ],
      [
        "reference"
      ],
      [
        "reference"
      ],
      [
        "reference"
      ],
      [
        "reference"
      ],
      [
        "reference"
      ],
      [
        "reference"
      ],
      [
        "reference"
      ],
      [
        "reference"
      ],
      [
        "reference"
      ],
      [
        "reference"
      ],
      [
        "reference"
      ],
      [
        "reference"
      ],
      [
        "reference"
      ],
      [
        "reference"
      ],
      [
        "reference"
      ],
      [
        "reference"
      ],
      [
        "reference"
      ],
      [
        "reference"
      ],
      [
        "reference"
      ],
      [
        "reference"
      ],
      [
        "reference"
      ],
      [
        "reference"
      ],
      [
        "reference"
      ],
      [
        "reference"
      ],
      [
        "reference"
      ],
      [
        "reference"
      ],
      [
        "reference"
      ],
      [
        "reference"
      ],
      [
        "reference"
      ],
      [
        "reference"
      ],
      [
        "reference"
      ],
      [
        "reference"
      ],
      [
        "reference"
      ],
      [
        "reference"
      ],
      [
        "reference"
      ],
      [
        "reference"
      ],
      [
        "reference"
      ],
      [
        "reference"
      ],
      [
        "reference"
      ],
      [
        "reference"
      ],
      [
        "reference"
      ],
      [
        "reference"
      ],
      [
        "reference"
      ],
      [
        "reference"
      ],
      [
        "reference"
      ],
      [
        "reference"
      ],
      [
        "reference"
      ],
      [
        "reference"
      ],
      [
        "reference"
      ],
      [
        "reference"
      ],
      [
        "reference"
      ],
      [
        "reference"
      ],
      [
        "reference"
      ],
      [
        "reference"
      ],
      [
        "reference"
      ],
      [
        "reference"
      ],
      [
        "reference"
      ],
      [
        "reference"
      ],
      [
        "reference"
      ],
      [
        "reference"
      ],
      [
        "reference"
      ],
      [
        "reference"
      ],
      [
        "reference"
      ],
      [
        "reference"
      ],
      [
        "reference"
      ],
      [
        "reference"
      ],
      [
        "reference"
      ],
      [
        "reference"
      ],
      [
        "reference"
      ],
      [
        "reference"
      ],
      [
        "reference"
      ],
      [
        "reference"
      ],
      [
        "reference"
      ],
      [
        "reference"
      ],
      [
        "reference"
      ],
      [
        "reference"
      ],
      [
        "reference"
      ],
      [
        "reference"
      ],
      [
        "reference"
      ],
      [
        "reference"
      ],
      [
        "reference"
      ],
      [
        "reference"
      ],
      [
        "reference"
      ],
      [
        "reference"
      ],
      [
        "reference"
      ],
      [
        "reference"
      ],
      [
        "reference"
      ],
      [
        "reference"
      ],
      [
        "reference"
      ],
      [
        "reference"
      ],
      [
        "reference"
      ],
      [
        "reference"
      ],
      [
        "reference"
      ],
      [
        "reference"
      ],
      [
        "reference"
      ],
      [
        "reference"
      ],
      [
        "reference"
      ],
      [
        "reference"
      ]
    ],
    "measurement_attempts": [
      {
        "accepted": true,
        "attempt_id": 0,
        "logical_pair_index": 0,
        "order": [
          "reference"
        ],
        "rejection_reasons": [],
        "retry_ordinal": 0,
        "samples": {
          "reference": {
            "collective_only": {
              "local_ms": 0.04790399968624115,
              "rank_max_ms": 0.05478399991989136,
              "rank_ms": [
                0.04790399968624115,
                0.03993599861860275,
                0.04713600128889084,
                0.05478399991989136
              ]
            },
            "pair_attempt_id": 0,
            "pair_retry_ordinal": 0,
            "position": 0,
            "readiness_probe_exact": true,
            "ready_region": {
              "local_ms": 0.18880000710487366,
              "rank_max_ms": 0.21164800226688385,
              "rank_ms": [
                0.18880000710487366,
                0.21164800226688385,
                0.2011519968509674,
                0.18384000658988953
              ]
            },
            "sample_index": 0,
            "scheduled_start_arrival_ns_by_rank": [
              744620544503911,
              744620544554264,
              744620544576275,
              744620544387966
            ],
            "scheduled_start_target_ns_by_rank": [
              744620549576275,
              744620549576275,
              744620549576275,
              744620549576275
            ],
            "start_record_bracket_ns_by_rank": [
              [
                744620549577244,
                744620549623147
              ],
              [
                744620549577618,
                744620549629274
              ],
              [
                744620549577757,
                744620549623836
              ],
              [
                744620549577072,
                744620549613403
              ]
            ],
            "start_record_envelope_span_ns": 52202,
            "variant": 1
          }
        },
        "variant": 1
      },
      {
        "accepted": true,
        "attempt_id": 1,
        "logical_pair_index": 1,
        "order": [
          "reference"
        ],
        "rejection_reasons": [],
        "retry_ordinal": 0,
        "samples": {
          "reference": {
            "collective_only": {
              "local_ms": 0.043007999658584595,
              "rank_max_ms": 0.04543999955058098,
              "rank_ms": [
                0.043007999658584595,
                0.0398080013692379,
                0.03811199963092804,
                0.04543999955058098
              ]
            },
            "pair_attempt_id": 1,
            "pair_retry_ordinal": 0,
            "position": 0,
            "readiness_probe_exact": true,
            "ready_region": {
              "local_ms": 0.12940800189971924,
              "rank_max_ms": 0.15167999267578125,
              "rank_ms": [
                0.12940800189971924,
                0.15167999267578125,
                0.15091200172901154,
                0.14556799829006195
              ]
            },
            "sample_index": 1,
            "scheduled_start_arrival_ns_by_rank": [
              744620554487465,
              744620554674837,
              744620554472269,
              744620554485477
            ],
            "scheduled_start_target_ns_by_rank": [
              744620559674837,
              744620559674837,
              744620559674837,
              744620559674837
            ],
            "start_record_bracket_ns_by_rank": [
              [
                744620559675291,
                744620559709379
              ],
              [
                744620559675857,
                744620559713252
              ],
              [
                744620559675732,
                744620559714214
              ],
              [
                744620559675718,
                744620559706208
              ]
            ],
            "start_record_envelope_span_ns": 38923,
            "variant": 0
          }
        },
        "variant": 0
      },
      {
        "accepted": true,
        "attempt_id": 2,
        "logical_pair_index": 2,
        "order": [
          "reference"
        ],
        "rejection_reasons": [],
        "retry_ordinal": 0,
        "samples": {
          "reference": {
            "collective_only": {
              "local_ms": 0.06771200150251389,
              "rank_max_ms": 0.06771200150251389,
              "rank_ms": [
                0.06771200150251389,
                0.04854400083422661,
                0.04364800080657005,
                0.05795200169086456
              ]
            },
            "pair_attempt_id": 2,
            "pair_retry_ordinal": 0,
            "position": 0,
            "readiness_probe_exact": true,
            "ready_region": {
              "local_ms": 0.12163200229406357,
              "rank_max_ms": 0.20179200172424316,
              "rank_ms": [
                0.12163200229406357,
                0.17523199319839478,
                0.20179200172424316,
                0.16566400229930878
              ]
            },
            "sample_index": 2,
            "scheduled_start_arrival_ns_by_rank": [
              744620564464529,
              744620564569030,
              744620564537631,
              744620564418407
            ],
            "scheduled_start_target_ns_by_rank": [
              744620569569030,
              744620569569030,
              744620569569030,
              744620569569030
            ],
            "start_record_bracket_ns_by_rank": [
              [
                744620569569422,
                744620569593862
              ],
              [
                744620569570055,
                744620569614129
              ],
              [
                744620569570163,
                744620569620265
              ],
              [
                744620569569897,
                744620569604157
              ]
            ],
            "start_record_envelope_span_ns": 50843,
            "variant": 1
          }
        },
        "variant": 1
      },
      {
        "accepted": true,
        "attempt_id": 3,
        "logical_pair_index": 3,
        "order": [
          "reference"
        ],
        "rejection_reasons": [],
        "retry_ordinal": 0,
        "samples": {
          "reference": {
            "collective_only": {
              "local_ms": 0.050592001527547836,
              "rank_max_ms": 0.059647999703884125,
              "rank_ms": [
                0.050592001527547836,
                0.04287999868392944,
                0.04761600121855736,
                0.059647999703884125
              ]
            },
            "pair_attempt_id": 3,
            "pair_retry_ordinal": 0,
            "position": 0,
            "readiness_probe_exact": true,
            "ready_region": {
              "local_ms": 0.1844799965620041,
              "rank_max_ms": 0.20985600352287292,
              "rank_ms": [
                0.1844799965620041,
                0.20985600352287292,
                0.18041600286960602,
                0.17452800273895264
              ]
            },
            "sample_index": 3,
            "scheduled_start_arrival_ns_by_rank": [
              744620573201381,
              744620573716185,
              744620573550567,
              744620573411496
            ],
            "scheduled_start_target_ns_by_rank": [
              744620578716185,
              744620578716185,
              744620578716185,
              744620578716185
            ],
            "start_record_bracket_ns_by_rank": [
              [
                744620578717184,
                744620578764418
              ],
              [
                744620578717791,
                744620578770574
              ],
              [
                744620578717015,
                744620578767508
              ],
              [
                744620578716923,
                744620578753822
              ]
            ],
            "start_record_envelope_span_ns": 53651,
            "variant": 0
          }
        },
        "variant": 0
      },
      {
        "accepted": true,
        "attempt_id": 4,
        "logical_pair_index": 4,
        "order": [
          "reference"
        ],
        "rejection_reasons": [],
        "retry_ordinal": 0,
        "samples": {
          "reference": {
            "collective_only": {
              "local_ms": 0.044863998889923096,
              "rank_max_ms": 0.04854400083422661,
              "rank_ms": [
                0.044863998889923096,
                0.03577600046992302,
                0.04064000025391579,
                0.04854400083422661
              ]
            },
            "pair_attempt_id": 4,
            "pair_retry_ordinal": 0,
            "position": 0,
            "readiness_probe_exact": true,
            "ready_region": {
              "local_ms": 0.16684800386428833,
              "rank_max_ms": 0.18768000602722168,
              "rank_ms": [
                0.16684800386428833,
                0.18768000602722168,
                0.17801600694656372,
                0.1725119948387146
              ]
            },
            "sample_index": 4,
            "scheduled_start_arrival_ns_by_rank": [
              744620584087362,
              744620583764873,
              744620583710582,
              744620583765403
            ],
            "scheduled_start_target_ns_by_rank": [
              744620589087362,
              744620589087362,
              744620589087362,
              744620589087362
            ],
            "start_record_bracket_ns_by_rank": [
              [
                744620589088195,
                744620589125819
              ],
              [
                744620589088601,
                744620589133112
              ],
              [
                744620589088500,
                744620589131131
              ],
              [
                744620589088163,
                744620589121037
              ]
            ],
            "start_record_envelope_span_ns": 44949,
            "variant": 1
          }
        },
        "variant": 1
      },
      {
        "accepted": true,
        "attempt_id": 5,
        "logical_pair_index": 5,
        "order": [
          "reference"
        ],
        "rejection_reasons": [],
        "retry_ordinal": 0,
        "samples": {
          "reference": {
            "collective_only": {
              "local_ms": 0.07107199728488922,
              "rank_max_ms": 0.07107199728488922,
              "rank_ms": [
                0.07107199728488922,
                0.045184001326560974,
                0.042688000947237015,
                0.0697920024394989
              ]
            },
            "pair_attempt_id": 5,
            "pair_retry_ordinal": 0,
            "position": 0,
            "readiness_probe_exact": true,
            "ready_region": {
              "local_ms": 0.17350399494171143,
              "rank_max_ms": 0.20553599298000336,
              "rank_ms": [
                0.17350399494171143,
                0.20553599298000336,
                0.1897599995136261,
                0.19203199446201324
              ]
            },
            "sample_index": 5,
            "scheduled_start_arrival_ns_by_rank": [
              744620593067935,
              744620593133965,
              744620593127123,
              744620593034583
            ],
            "scheduled_start_target_ns_by_rank": [
              744620598133965,
              744620598133965,
              744620598133965,
              744620598133965
            ],
            "start_record_bracket_ns_by_rank": [
              [
                744620598134840,
                744620598175203
              ],
              [
                744620598135035,
                744620598202934
              ],
              [
                744620598135601,
                744620598204165
              ],
              [
                744620598134890,
                744620598172250
              ]
            ],
            "start_record_envelope_span_ns": 69325,
            "variant": 0
          }
        },
        "variant": 0
      },
      {
        "accepted": true,
        "attempt_id": 6,
        "logical_pair_index": 6,
        "order": [
          "reference"
        ],
        "rejection_reasons": [],
        "retry_ordinal": 0,
        "samples": {
          "reference": {
            "collective_only": {
              "local_ms": 0.037408001720905304,
              "rank_max_ms": 0.043007999658584595,
              "rank_ms": [
                0.037408001720905304,
                0.03465599939227104,
                0.03907199949026108,
                0.043007999658584595
              ]
            },
            "pair_attempt_id": 6,
            "pair_retry_ordinal": 0,
            "position": 0,
            "readiness_probe_exact": true,
            "ready_region": {
              "local_ms": 0.152319997549057,
              "rank_max_ms": 0.16368000209331512,
              "rank_ms": [
                0.152319997549057,
                0.16368000209331512,
                0.15433600544929504,
                0.1547520011663437
              ]
            },
            "sample_index": 6,
            "scheduled_start_arrival_ns_by_rank": [
              744620603315630,
              744620603401117,
              744620602982517,
              744620602980665
            ],
            "scheduled_start_target_ns_by_rank": [
              744620608401117,
              744620608401117,
              744620608401117,
              744620608401117
            ],
            "start_record_bracket_ns_by_rank": [
              [
                744620608402135,
                744620608441065
              ],
              [
                744620608402395,
                744620608442265
              ],
              [
                744620608402190,
                744620608440281
              ],
              [
                744620608401949,
                744620608433283
              ]
            ],
            "start_record_envelope_span_ns": 40316,
            "variant": 1
          }
        },
        "variant": 1
      },
      {
        "accepted": true,
        "attempt_id": 7,
        "logical_pair_index": 7,
        "order": [
          "reference"
        ],
        "rejection_reasons": [],
        "retry_ordinal": 0,
        "samples": {
          "reference": {
            "collective_only": {
              "local_ms": 0.04416000097990036,
              "rank_max_ms": 0.05564799904823303,
              "rank_ms": [
                0.04416000097990036,
                0.040063999593257904,
                0.05564799904823303,
                0.047807998955249786
              ]
            },
            "pair_attempt_id": 7,
            "pair_retry_ordinal": 0,
            "position": 0,
            "readiness_probe_exact": true,
            "ready_region": {
              "local_ms": 0.16595199704170227,
              "rank_max_ms": 0.18745599687099457,
              "rank_ms": [
                0.16595199704170227,
                0.18745599687099457,
                0.14918400347232819,
                0.17657600343227386
              ]
            },
            "sample_index": 7,
            "scheduled_start_arrival_ns_by_rank": [
              744620612082248,
              744620612265005,
              744620611735051,
              744620612074478
            ],
            "scheduled_start_target_ns_by_rank": [
              744620617265005,
              744620617265005,
              744620617265005,
              744620617265005
            ],
            "start_record_bracket_ns_by_rank": [
              [
                744620617265859,
                744620617307124
              ],
              [
                744620617266040,
                744620617313252
              ],
              [
                744620617265689,
                744620617297681
              ],
              [
                744620617265973,
                744620617304325
              ]
            ],
            "start_record_envelope_span_ns": 47563,
            "variant": 0
          }
        },
        "variant": 0
      },
      {
        "accepted": true,
        "attempt_id": 8,
        "logical_pair_index": 8,
        "order": [
          "reference"
        ],
        "rejection_reasons": [],
        "retry_ordinal": 0,
        "samples": {
          "reference": {
            "collective_only": {
              "local_ms": 0.06169600039720535,
              "rank_max_ms": 0.06428799778223038,
              "rank_ms": [
                0.06169600039720535,
                0.05337600037455559,
                0.04864000156521797,
                0.06428799778223038
              ]
            },
            "pair_attempt_id": 8,
            "pair_retry_ordinal": 0,
            "position": 0,
            "readiness_probe_exact": true,
            "ready_region": {
              "local_ms": 0.14575999975204468,
              "rank_max_ms": 0.20259200036525726,
              "rank_ms": [
                0.14575999975204468,
                0.1727360039949417,
                0.20259200036525726,
                0.15638400614261627
              ]
            },
            "sample_index": 8,
            "scheduled_start_arrival_ns_by_rank": [
              744620622329780,
              744620622481080,
              744620622358726,
              744620622334845
            ],
            "scheduled_start_target_ns_by_rank": [
              744620627481080,
              744620627481080,
              744620627481080,
              744620627481080
            ],
            "start_record_bracket_ns_by_rank": [
              [
                744620627481938,
                744620627517541
              ],
              [
                744620627482389,
                744620627525630
              ],
              [
                744620627483532,
                744620627534025
              ],
              [
                744620627481990,
                744620627513528
              ]
            ],
            "start_record_envelope_span_ns": 52087,
            "variant": 1
          }
        },
        "variant": 1
      },
      {
        "accepted": true,
        "attempt_id": 9,
        "logical_pair_index": 9,
        "order": [
          "reference"
        ],
        "rejection_reasons": [],
        "retry_ordinal": 0,
        "samples": {
          "reference": {
            "collective_only": {
              "local_ms": 0.04064000025391579,
              "rank_max_ms": 0.04342399910092354,
              "rank_ms": [
                0.04064000025391579,
                0.03516799956560135,
                0.034623999148607254,
                0.04342399910092354
              ]
            },
            "pair_attempt_id": 9,
            "pair_retry_ordinal": 0,
            "position": 0,
            "readiness_probe_exact": true,
            "ready_region": {
              "local_ms": 0.14614400267601013,
              "rank_max_ms": 0.16355200111865997,
              "rank_ms": [
                0.14614400267601013,
                0.16355200111865997,
                0.160863995552063,
                0.15593600273132324
              ]
            },
            "sample_index": 9,
            "scheduled_start_arrival_ns_by_rank": [
              744620631865726,
              744620631617042,
              744620631768432,
              744620631851519
            ],
            "scheduled_start_target_ns_by_rank": [
              744620636865726,
              744620636865726,
              744620636865726,
              744620636865726
            ],
            "start_record_bracket_ns_by_rank": [
              [
                744620636866602,
                744620636898750
              ],
              [
                744620636867126,
                744620636902675
              ],
              [
                744620636867162,
                744620636903863
              ],
              [
                744620636866547,
                744620636895317
              ]
            ],
            "start_record_envelope_span_ns": 37316,
            "variant": 0
          }
        },
        "variant": 0
      },
      {
        "accepted": true,
        "attempt_id": 10,
        "logical_pair_index": 10,
        "order": [
          "reference"
        ],
        "rejection_reasons": [],
        "retry_ordinal": 0,
        "samples": {
          "reference": {
            "collective_only": {
              "local_ms": 0.043935999274253845,
              "rank_max_ms": 0.04521600157022476,
              "rank_ms": [
                0.043935999274253845,
                0.03587200120091438,
                0.037567999213933945,
                0.04521600157022476
              ]
            },
            "pair_attempt_id": 10,
            "pair_retry_ordinal": 0,
            "position": 0,
            "readiness_probe_exact": true,
            "ready_region": {
              "local_ms": 0.1302720010280609,
              "rank_max_ms": 0.16566400229930878,
              "rank_ms": [
                0.1302720010280609,
                0.16566400229930878,
                0.1528320014476776,
                0.1398719996213913
              ]
            },
            "sample_index": 10,
            "scheduled_start_arrival_ns_by_rank": [
              744620640531187,
              744620640609261,
              744620640413781,
              744620640514892
            ],
            "scheduled_start_target_ns_by_rank": [
              744620645609261,
              744620645609261,
              744620645609261,
              744620645609261
            ],
            "start_record_bracket_ns_by_rank": [
              [
                744620645610200,
                744620645643386
              ],
              [
                744620645610675,
                744620645651212
              ],
              [
                744620645610515,
                744620645651465
              ],
              [
                744620645610055,
                744620645638500
              ]
            ],
            "start_record_envelope_span_ns": 41410,
            "variant": 1
          }
        },
        "variant": 1
      },
      {
        "accepted": true,
        "attempt_id": 11,
        "logical_pair_index": 11,
        "order": [
          "reference"
        ],
        "rejection_reasons": [],
        "retry_ordinal": 0,
        "samples": {
          "reference": {
            "collective_only": {
              "local_ms": 0.039455998688936234,
              "rank_max_ms": 0.0525440014898777,
              "rank_ms": [
                0.039455998688936234,
                0.04339199885725975,
                0.04095999896526337,
                0.0525440014898777
              ]
            },
            "pair_attempt_id": 11,
            "pair_retry_ordinal": 0,
            "position": 0,
            "readiness_probe_exact": true,
            "ready_region": {
              "local_ms": 0.16627199947834015,
              "rank_max_ms": 0.18598400056362152,
              "rank_ms": [
                0.16627199947834015,
                0.18598400056362152,
                0.18294399976730347,
                0.17561599612236023
              ]
            },
            "sample_index": 11,
            "scheduled_start_arrival_ns_by_rank": [
              744620650404661,
              744620650470416,
              744620650414686,
              744620650367167
            ],
            "scheduled_start_target_ns_by_rank": [
              744620655470416,
              744620655470416,
              744620655470416,
              744620655470416
            ],
            "start_record_bracket_ns_by_rank": [
              [
                744620655471736,
                744620655522261
              ],
              [
                744620655471707,
                744620655519184
              ],
              [
                744620655472150,
                744620655520669
              ],
              [
                744620655471324,
                744620655509071
              ]
            ],
            "start_record_envelope_span_ns": 50937,
            "variant": 0
          }
        },
        "variant": 0
      },
      {
        "accepted": true,
        "attempt_id": 12,
        "logical_pair_index": 12,
        "order": [
          "reference"
        ],
        "rejection_reasons": [],
        "retry_ordinal": 0,
        "samples": {
          "reference": {
            "collective_only": {
              "local_ms": 0.04057599976658821,
              "rank_max_ms": 0.04447999969124794,
              "rank_ms": [
                0.04057599976658821,
                0.03376000002026558,
                0.03798399865627289,
                0.04447999969124794
              ]
            },
            "pair_attempt_id": 12,
            "pair_retry_ordinal": 0,
            "position": 0,
            "readiness_probe_exact": true,
            "ready_region": {
              "local_ms": 0.15481600165367126,
              "rank_max_ms": 0.18332800269126892,
              "rank_ms": [
                0.15481600165367126,
                0.18332800269126892,
                0.1600320041179657,
                0.13952000439167023
              ]
            },
            "sample_index": 12,
            "scheduled_start_arrival_ns_by_rank": [
              744620660622302,
              744620660704134,
              744620660829458,
              744620660774867
            ],
            "scheduled_start_target_ns_by_rank": [
              744620665829458,
              744620665829458,
              744620665829458,
              744620665829458
            ],
            "start_record_bracket_ns_by_rank": [
              [
                744620665830576,
                744620665865212
              ],
              [
                744620665830749,
                744620665871054
              ],
              [
                744620665830356,
                744620665868867
              ],
              [
                744620665830238,
                744620665857933
              ]
            ],
            "start_record_envelope_span_ns": 40816,
            "variant": 1
          }
        },
        "variant": 1
      },
      {
        "accepted": true,
        "attempt_id": 13,
        "logical_pair_index": 13,
        "order": [
          "reference"
        ],
        "rejection_reasons": [],
        "retry_ordinal": 0,
        "samples": {
          "reference": {
            "collective_only": {
              "local_ms": 0.03587200120091438,
              "rank_max_ms": 0.04022400081157684,
              "rank_ms": [
                0.03587200120091438,
                0.029120000079274178,
                0.03152000159025192,
                0.04022400081157684
              ]
            },
            "pair_attempt_id": 13,
            "pair_retry_ordinal": 0,
            "position": 0,
            "readiness_probe_exact": true,
            "ready_region": {
              "local_ms": 0.1138560026884079,
              "rank_max_ms": 0.1316480040550232,
              "rank_ms": [
                0.1138560026884079,
                0.1316480040550232,
                0.1188800036907196,
                0.11692799627780914
              ]
            },
            "sample_index": 13,
            "scheduled_start_arrival_ns_by_rank": [
              744620669205197,
              744620669273301,
              744620669046829,
              744620669212239
            ],
            "scheduled_start_target_ns_by_rank": [
              744620674273301,
              744620674273301,
              744620674273301,
              744620674273301
            ],
            "start_record_bracket_ns_by_rank": [
              [
                744620674274114,
                744620674300541
              ],
              [
                744620674274252,
                744620674305811
              ],
              [
                744620674274116,
                744620674304815
              ],
              [
                744620674274075,
                744620674297069
              ]
            ],
            "start_record_envelope_span_ns": 31736,
            "variant": 0
          }
        },
        "variant": 0
      },
      {
        "accepted": true,
        "attempt_id": 14,
        "logical_pair_index": 14,
        "order": [
          "reference"
        ],
        "rejection_reasons": [],
        "retry_ordinal": 0,
        "samples": {
          "reference": {
            "collective_only": {
              "local_ms": 0.044256001710891724,
              "rank_max_ms": 0.04809600114822388,
              "rank_ms": [
                0.044256001710891724,
                0.03699199855327606,
                0.03488000109791756,
                0.04809600114822388
              ]
            },
            "pair_attempt_id": 14,
            "pair_retry_ordinal": 0,
            "position": 0,
            "readiness_probe_exact": true,
            "ready_region": {
              "local_ms": 0.16707199811935425,
              "rank_max_ms": 0.17558400332927704,
              "rank_ms": [
                0.16707199811935425,
                0.17558400332927704,
                0.1582079976797104,
                0.15884800255298615
              ]
            },
            "sample_index": 14,
            "scheduled_start_arrival_ns_by_rank": [
              744620678805812,
              744620678873434,
              744620678864793,
              744620678829576
            ],
            "scheduled_start_target_ns_by_rank": [
              744620683873434,
              744620683873434,
              744620683873434,
              744620683873434
            ],
            "start_record_bracket_ns_by_rank": [
              [
                744620683874473,
                744620683908337
              ],
              [
                744620683874788,
                744620683914028
              ],
              [
                744620683874803,
                744620683917057
              ],
              [
                744620683874240,
                744620683903115
              ]
            ],
            "start_record_envelope_span_ns": 42817,
            "variant": 1
          }
        },
        "variant": 1
      },
      {
        "accepted": true,
        "attempt_id": 15,
        "logical_pair_index": 15,
        "order": [
          "reference"
        ],
        "rejection_reasons": [],
        "retry_ordinal": 0,
        "samples": {
          "reference": {
            "collective_only": {
              "local_ms": 0.04124800115823746,
              "rank_max_ms": 0.04492799937725067,
              "rank_ms": [
                0.04124800115823746,
                0.03743999823927879,
                0.03577600046992302,
                0.04492799937725067
              ]
            },
            "pair_attempt_id": 15,
            "pair_retry_ordinal": 0,
            "position": 0,
            "readiness_probe_exact": true,
            "ready_region": {
              "local_ms": 0.14905600249767303,
              "rank_max_ms": 0.17452800273895264,
              "rank_ms": [
                0.14905600249767303,
                0.17452800273895264,
                0.1603199988603592,
                0.16463999450206757
              ]
            },
            "sample_index": 15,
            "scheduled_start_arrival_ns_by_rank": [
              744620688224170,
              744620688274852,
              744620688175782,
              744620688166862
            ],
            "scheduled_start_target_ns_by_rank": [
              744620693274852,
              744620693274852,
              744620693274852,
              744620693274852
            ],
            "start_record_bracket_ns_by_rank": [
              [
                744620693275760,
                744620693311747
              ],
              [
                744620693275843,
                744620693316577
              ],
              [
                744620693275999,
                744620693317379
              ],
              [
                744620693275667,
                744620693308321
              ]
            ],
            "start_record_envelope_span_ns": 41712,
            "variant": 0
          }
        },
        "variant": 0
      },
      {
        "accepted": true,
        "attempt_id": 16,
        "logical_pair_index": 16,
        "order": [
          "reference"
        ],
        "rejection_reasons": [],
        "retry_ordinal": 0,
        "samples": {
          "reference": {
            "collective_only": {
              "local_ms": 0.03827200084924698,
              "rank_max_ms": 0.04294399917125702,
              "rank_ms": [
                0.03827200084924698,
                0.037567999213933945,
                0.035999998450279236,
                0.04294399917125702
              ]
            },
            "pair_attempt_id": 16,
            "pair_retry_ordinal": 0,
            "position": 0,
            "readiness_probe_exact": true,
            "ready_region": {
              "local_ms": 0.16966399550437927,
              "rank_max_ms": 0.18624000251293182,
              "rank_ms": [
                0.16966399550437927,
                0.18624000251293182,
                0.1671680063009262,
                0.16838400065898895
              ]
            },
            "sample_index": 16,
            "scheduled_start_arrival_ns_by_rank": [
              744620698636334,
              744620698810554,
              744620698523113,
              744620698617025
            ],
            "scheduled_start_target_ns_by_rank": [
              744620703810554,
              744620703810554,
              744620703810554,
              744620703810554
            ],
            "start_record_bracket_ns_by_rank": [
              [
                744620703811814,
                744620703850483
              ],
              [
                744620703811728,
                744620703852248
              ],
              [
                744620703811675,
                744620703853297
              ],
              [
                744620703811527,
                744620703845616
              ]
            ],
            "start_record_envelope_span_ns": 41770,
            "variant": 1
          }
        },
        "variant": 1
      },
      {
        "accepted": true,
        "attempt_id": 17,
        "logical_pair_index": 17,
        "order": [
          "reference"
        ],
        "rejection_reasons": [],
        "retry_ordinal": 0,
        "samples": {
          "reference": {
            "collective_only": {
              "local_ms": 0.07091200351715088,
              "rank_max_ms": 0.07958400249481201,
              "rank_ms": [
                0.07091200351715088,
                0.05443200096487999,
                0.06870400160551071,
                0.07958400249481201
              ]
            },
            "pair_attempt_id": 17,
            "pair_retry_ordinal": 0,
            "position": 0,
            "readiness_probe_exact": true,
            "ready_region": {
              "local_ms": 0.15532800555229187,
              "rank_max_ms": 0.22604799270629883,
              "rank_ms": [
                0.15532800555229187,
                0.22604799270629883,
                0.1549759954214096,
                0.15219199657440186
              ]
            },
            "sample_index": 17,
            "scheduled_start_arrival_ns_by_rank": [
              744620709559281,
              744620709674183,
              744620709546445,
              744620708939198
            ],
            "scheduled_start_target_ns_by_rank": [
              744620714674183,
              744620714674183,
              744620714674183,
              744620714674183
            ],
            "start_record_bracket_ns_by_rank": [
              [
                744620714675408,
                744620714713705
              ],
              [
                744620714677402,
                744620714732533
              ],
              [
                744620714675336,
                744620714716972
              ],
              [
                744620714675053,
                744620714706627
              ]
            ],
            "start_record_envelope_span_ns": 57480,
            "variant": 0
          }
        },
        "variant": 0
      },
      {
        "accepted": true,
        "attempt_id": 18,
        "logical_pair_index": 18,
        "order": [
          "reference"
        ],
        "rejection_reasons": [],
        "retry_ordinal": 0,
        "samples": {
          "reference": {
            "collective_only": {
              "local_ms": 0.05417599901556969,
              "rank_max_ms": 0.176256000995636,
              "rank_ms": [
                0.05417599901556969,
                0.176256000995636,
                0.03564799949526787,
                0.06489600241184235
              ]
            },
            "pair_attempt_id": 18,
            "pair_retry_ordinal": 0,
            "position": 0,
            "readiness_probe_exact": true,
            "ready_region": {
              "local_ms": 0.14908799529075623,
              "rank_max_ms": 0.18505600094795227,
              "rank_ms": [
                0.14908799529075623,
                0.18505600094795227,
                0.15939199924468994,
                0.15199999511241913
              ]
            },
            "sample_index": 18,
            "scheduled_start_arrival_ns_by_rank": [
              744620719110983,
              744620718914657,
              744620718910444,
              744620718875451
            ],
            "scheduled_start_target_ns_by_rank": [
              744620724110983,
              744620724110983,
              744620724110983,
              744620724110983
            ],
            "start_record_bracket_ns_by_rank": [
              [
                744620724693656,
                744620724731190
              ],
              [
                744620724565508,
                744620724611130
              ],
              [
                744620724707582,
                744620724749266
              ],
              [
                744620724683690,
                744620724715528
              ]
            ],
            "start_record_envelope_span_ns": 183758,
            "variant": 1
          }
        },
        "variant": 1
      },
      {
        "accepted": true,
        "attempt_id": 19,
        "logical_pair_index": 19,
        "order": [
          "reference"
        ],
        "rejection_reasons": [],
        "retry_ordinal": 0,
        "samples": {
          "reference": {
            "collective_only": {
              "local_ms": 0.0414079986512661,
              "rank_max_ms": 0.05411199852824211,
              "rank_ms": [
                0.0414079986512661,
                0.04188799858093262,
                0.03964800015091896,
                0.05411199852824211
              ]
            },
            "pair_attempt_id": 19,
            "pair_retry_ordinal": 0,
            "position": 0,
            "readiness_probe_exact": true,
            "ready_region": {
              "local_ms": 0.16684800386428833,
              "rank_max_ms": 0.18639999628067017,
              "rank_ms": [
                0.16684800386428833,
                0.17574399709701538,
                0.16662399470806122,
                0.18639999628067017
              ]
            },
            "sample_index": 19,
            "scheduled_start_arrival_ns_by_rank": [
              744620728128967,
              744620727891865,
              744620728141063,
              744620728095645
            ],
            "scheduled_start_target_ns_by_rank": [
              744620733141063,
              744620733141063,
              744620733141063,
              744620733141063
            ],
            "start_record_bracket_ns_by_rank": [
              [
                744620733141895,
                744620733195647
              ],
              [
                744620733142201,
                744620733195226
              ],
              [
                744620733142082,
                744620733196745
              ],
              [
                744620733141854,
                744620733177895
              ]
            ],
            "start_record_envelope_span_ns": 54891,
            "variant": 0
          }
        },
        "variant": 0
      },
      {
        "accepted": true,
        "attempt_id": 20,
        "logical_pair_index": 20,
        "order": [
          "reference"
        ],
        "rejection_reasons": [],
        "retry_ordinal": 0,
        "samples": {
          "reference": {
            "collective_only": {
              "local_ms": 0.047488000243902206,
              "rank_max_ms": 0.062431998550891876,
              "rank_ms": [
                0.047488000243902206,
                0.04214400053024292,
                0.039264000952243805,
                0.062431998550891876
              ]
            },
            "pair_attempt_id": 20,
            "pair_retry_ordinal": 0,
            "position": 0,
            "readiness_probe_exact": true,
            "ready_region": {
              "local_ms": 0.1483840048313141,
              "rank_max_ms": 0.1785919964313507,
              "rank_ms": [
                0.1483840048313141,
                0.1785919964313507,
                0.17532800137996674,
                0.14054399728775024
              ]
            },
            "sample_index": 20,
            "scheduled_start_arrival_ns_by_rank": [
              744620738767545,
              744620738647982,
              744620738720899,
              744620738671649
            ],
            "scheduled_start_target_ns_by_rank": [
              744620743767545,
              744620743767545,
              744620743767545,
              744620743767545
            ],
            "start_record_bracket_ns_by_rank": [
              [
                744620743768072,
                744620743805884
              ],
              [
                744620743768807,
                744620743813075
              ],
              [
                744620743768862,
                744620743814446
              ],
              [
                744620743768054,
                744620743791831
              ]
            ],
            "start_record_envelope_span_ns": 46392,
            "variant": 1
          }
        },
        "variant": 1
      },
      {
        "accepted": true,
        "attempt_id": 21,
        "logical_pair_index": 21,
        "order": [
          "reference"
        ],
        "rejection_reasons": [],
        "retry_ordinal": 0,
        "samples": {
          "reference": {
            "collective_only": {
              "local_ms": 0.06047999858856201,
              "rank_max_ms": 0.06681600213050842,
              "rank_ms": [
                0.06047999858856201,
                0.048128001391887665,
                0.04198399931192398,
                0.06681600213050842
              ]
            },
            "pair_attempt_id": 21,
            "pair_retry_ordinal": 0,
            "position": 0,
            "readiness_probe_exact": true,
            "ready_region": {
              "local_ms": 0.15452800691127777,
              "rank_max_ms": 0.23129600286483765,
              "rank_ms": [
                0.15452800691127777,
                0.23129600286483765,
                0.20943999290466309,
                0.14271999895572662
              ]
            },
            "sample_index": 21,
            "scheduled_start_arrival_ns_by_rank": [
              744620748560969,
              744620748789705,
              744620748603950,
              744620748611847
            ],
            "scheduled_start_target_ns_by_rank": [
              744620753789705,
              744620753789705,
              744620753789705,
              744620753789705
            ],
            "start_record_bracket_ns_by_rank": [
              [
                744620753790242,
                744620753824513
              ],
              [
                744620753790863,
                744620753838756
              ],
              [
                744620753791217,
                744620753842792
              ],
              [
                744620753790197,
                744620753812948
              ]
            ],
            "start_record_envelope_span_ns": 52595,
            "variant": 0
          }
        },
        "variant": 0
      },
      {
        "accepted": true,
        "attempt_id": 22,
        "logical_pair_index": 22,
        "order": [
          "reference"
        ],
        "rejection_reasons": [],
        "retry_ordinal": 0,
        "samples": {
          "reference": {
            "collective_only": {
              "local_ms": 0.11081600189208984,
              "rank_max_ms": 0.11081600189208984,
              "rank_ms": [
                0.11081600189208984,
                0.08406399935483932,
                0.08217599987983704,
                0.10822399705648422
              ]
            },
            "pair_attempt_id": 22,
            "pair_retry_ordinal": 0,
            "position": 0,
            "readiness_probe_exact": true,
            "ready_region": {
              "local_ms": 0.16371199488639832,
              "rank_max_ms": 0.25625601410865784,
              "rank_ms": [
                0.16371199488639832,
                0.25625601410865784,
                0.20956799387931824,
                0.18620799481868744
              ]
            },
            "sample_index": 22,
            "scheduled_start_arrival_ns_by_rank": [
              744620758772845,
              744620758988444,
              744620759097342,
              744620758938489
            ],
            "scheduled_start_target_ns_by_rank": [
              744620764097342,
              744620764097342,
              744620764097342,
              744620764097342
            ],
            "start_record_bracket_ns_by_rank": [
              [
                744620764097791,
                744620764130424
              ],
              [
                744620764099347,
                744620764162410
              ],
              [
                744620764099070,
                744620764156855
              ],
              [
                744620764098101,
                744620764133189
              ]
            ],
            "start_record_envelope_span_ns": 64619,
            "variant": 1
          }
        },
        "variant": 1
      },
      {
        "accepted": true,
        "attempt_id": 23,
        "logical_pair_index": 23,
        "order": [
          "reference"
        ],
        "rejection_reasons": [],
        "retry_ordinal": 0,
        "samples": {
          "reference": {
            "collective_only": {
              "local_ms": 0.10499200224876404,
              "rank_max_ms": 0.10860799998044968,
              "rank_ms": [
                0.10499200224876404,
                0.07449600100517273,
                0.08284799754619598,
                0.10860799998044968
              ]
            },
            "pair_attempt_id": 23,
            "pair_retry_ordinal": 0,
            "position": 0,
            "readiness_probe_exact": true,
            "ready_region": {
              "local_ms": 0.1451520025730133,
              "rank_max_ms": 0.2582719922065735,
              "rank_ms": [
                0.1451520025730133,
                0.2582719922065735,
                0.19232000410556793,
                0.151296004652977
              ]
            },
            "sample_index": 23,
            "scheduled_start_arrival_ns_by_rank": [
              744620767733300,
              744620767894257,
              744620768103772,
              744620767702312
            ],
            "scheduled_start_target_ns_by_rank": [
              744620773103772,
              744620773103772,
              744620773103772,
              744620773103772
            ],
            "start_record_bracket_ns_by_rank": [
              [
                744620773104242,
                744620773128734
              ],
              [
                744620773106026,
                744620773162121
              ],
              [
                744620773105465,
                744620773153094
              ],
              [
                744620773104285,
                744620773124682
              ]
            ],
            "start_record_envelope_span_ns": 57879,
            "variant": 0
          }
        },
        "variant": 0
      },
      {
        "accepted": true,
        "attempt_id": 24,
        "logical_pair_index": 24,
        "order": [
          "reference"
        ],
        "rejection_reasons": [],
        "retry_ordinal": 0,
        "samples": {
          "reference": {
            "collective_only": {
              "local_ms": 0.045471999794244766,
              "rank_max_ms": 0.045471999794244766,
              "rank_ms": [
                0.045471999794244766,
                0.04479999840259552,
                0.04505600035190582,
                0.040991999208927155
              ]
            },
            "pair_attempt_id": 24,
            "pair_retry_ordinal": 0,
            "position": 0,
            "readiness_probe_exact": true,
            "ready_region": {
              "local_ms": 0.15385599434375763,
              "rank_max_ms": 0.19836799800395966,
              "rank_ms": [
                0.15385599434375763,
                0.1735360026359558,
                0.18329599499702454,
                0.19836799800395966
              ]
            },
            "sample_index": 24,
            "scheduled_start_arrival_ns_by_rank": [
              744620777309725,
              744620776861332,
              744620776896453,
              744620776660204
            ],
            "scheduled_start_target_ns_by_rank": [
              744620782309725,
              744620782309725,
              744620782309725,
              744620782309725
            ],
            "start_record_bracket_ns_by_rank": [
              [
                744620782310766,
                744620782349024
              ],
              [
                744620782310826,
                744620782351877
              ],
              [
                744620782311897,
                744620782351890
              ],
              [
                744620782312631,
                744620782354592
              ]
            ],
            "start_record_envelope_span_ns": 43826,
            "variant": 1
          }
        },
        "variant": 1
      },
      {
        "accepted": true,
        "attempt_id": 25,
        "logical_pair_index": 25,
        "order": [
          "reference"
        ],
        "rejection_reasons": [],
        "retry_ordinal": 0,
        "samples": {
          "reference": {
            "collective_only": {
              "local_ms": 0.03311999887228012,
              "rank_max_ms": 0.05104000121355057,
              "rank_ms": [
                0.03311999887228012,
                0.03580800071358681,
                0.03235200047492981,
                0.05104000121355057
              ]
            },
            "pair_attempt_id": 25,
            "pair_retry_ordinal": 0,
            "position": 0,
            "readiness_probe_exact": true,
            "ready_region": {
              "local_ms": 0.1390720009803772,
              "rank_max_ms": 0.17129600048065186,
              "rank_ms": [
                0.1390720009803772,
                0.17129600048065186,
                0.1367039978504181,
                0.10521599650382996
              ]
            },
            "sample_index": 25,
            "scheduled_start_arrival_ns_by_rank": [
              744620785578312,
              744620785668652,
              744620785591224,
              744620785499393
            ],
            "scheduled_start_target_ns_by_rank": [
              744620790668652,
              744620790668652,
              744620790668652,
              744620790668652
            ],
            "start_record_bracket_ns_by_rank": [
              [
                744620790669750,
                744620790704570
              ],
              [
                744620790669553,
                744620790702714
              ],
              [
                744620790669827,
                744620790705155
              ],
              [
                744620790669171,
                744620790685490
              ]
            ],
            "start_record_envelope_span_ns": 35984,
            "variant": 0
          }
        },
        "variant": 0
      },
      {
        "accepted": true,
        "attempt_id": 26,
        "logical_pair_index": 26,
        "order": [
          "reference"
        ],
        "rejection_reasons": [],
        "retry_ordinal": 0,
        "samples": {
          "reference": {
            "collective_only": {
              "local_ms": 0.04771199822425842,
              "rank_max_ms": 0.06665600091218948,
              "rank_ms": [
                0.04771199822425842,
                0.03984000161290169,
                0.046879999339580536,
                0.06665600091218948
              ]
            },
            "pair_attempt_id": 26,
            "pair_retry_ordinal": 0,
            "position": 0,
            "readiness_probe_exact": true,
            "ready_region": {
              "local_ms": 0.1443520039319992,
              "rank_max_ms": 0.16918399930000305,
              "rank_ms": [
                0.1443520039319992,
                0.16918399930000305,
                0.14985600113868713,
                0.11337599903345108
              ]
            },
            "sample_index": 26,
            "scheduled_start_arrival_ns_by_rank": [
              744620793755929,
              744620793656189,
              744620793499253,
              744620793491195
            ],
            "scheduled_start_target_ns_by_rank": [
              744620798755929,
              744620798755929,
              744620798755929,
              744620798755929
            ],
            "start_record_bracket_ns_by_rank": [
              [
                744620798756770,
                744620798793960
              ],
              [
                744620798757318,
                744620798802062
              ],
              [
                744620798757118,
                744620798797295
              ],
              [
                744620798756416,
                744620798774407
              ]
            ],
            "start_record_envelope_span_ns": 45646,
            "variant": 1
          }
        },
        "variant": 1
      },
      {
        "accepted": true,
        "attempt_id": 27,
        "logical_pair_index": 27,
        "order": [
          "reference"
        ],
        "rejection_reasons": [],
        "retry_ordinal": 0,
        "samples": {
          "reference": {
            "collective_only": {
              "local_ms": 0.04966399818658829,
              "rank_max_ms": 0.05321599915623665,
              "rank_ms": [
                0.04966399818658829,
                0.044863998889923096,
                0.044319998472929,
                0.05321599915623665
              ]
            },
            "pair_attempt_id": 27,
            "pair_retry_ordinal": 0,
            "position": 0,
            "readiness_probe_exact": true,
            "ready_region": {
              "local_ms": 0.16499200463294983,
              "rank_max_ms": 0.19814400374889374,
              "rank_ms": [
                0.16499200463294983,
                0.19814400374889374,
                0.17951999604701996,
                0.18515199422836304
              ]
            },
            "sample_index": 27,
            "scheduled_start_arrival_ns_by_rank": [
              744620802108829,
              744620801810048,
              744620802203142,
              744620801727595
            ],
            "scheduled_start_target_ns_by_rank": [
              744620807203142,
              744620807203142,
              744620807203142,
              744620807203142
            ],
            "start_record_bracket_ns_by_rank": [
              [
                744620807204654,
                744620807246734
              ],
              [
                744620807205594,
                744620807254014
              ],
              [
                744620807204433,
                744620807254723
              ],
              [
                744620807204376,
                744620807242931
              ]
            ],
            "start_record_envelope_span_ns": 50347,
            "variant": 0
          }
        },
        "variant": 0
      },
      {
        "accepted": true,
        "attempt_id": 28,
        "logical_pair_index": 28,
        "order": [
          "reference"
        ],
        "rejection_reasons": [],
        "retry_ordinal": 0,
        "samples": {
          "reference": {
            "collective_only": {
              "local_ms": 0.04412800073623657,
              "rank_max_ms": 0.04966399818658829,
              "rank_ms": [
                0.04412800073623657,
                0.03788800165057182,
                0.04435199871659279,
                0.04966399818658829
              ]
            },
            "pair_attempt_id": 28,
            "pair_retry_ordinal": 0,
            "position": 0,
            "readiness_probe_exact": true,
            "ready_region": {
              "local_ms": 0.14931200444698334,
              "rank_max_ms": 0.17238399386405945,
              "rank_ms": [
                0.14931200444698334,
                0.17238399386405945,
                0.1533759981393814,
                0.13209599256515503
              ]
            },
            "sample_index": 28,
            "scheduled_start_arrival_ns_by_rank": [
              744620812503732,
              744620812353587,
              744620812524750,
              744620812421466
            ],
            "scheduled_start_target_ns_by_rank": [
              744620817524750,
              744620817524750,
              744620817524750,
              744620817524750
            ],
            "start_record_bracket_ns_by_rank": [
              [
                744620817525714,
                744620817564291
              ],
              [
                744620817526580,
                744620817569734
              ],
              [
                744620817526276,
                744620817566277
              ],
              [
                744620817525327,
                744620817554870
              ]
            ],
            "start_record_envelope_span_ns": 44407,
            "variant": 1
          }
        },
        "variant": 1
      },
      {
        "accepted": true,
        "attempt_id": 29,
        "logical_pair_index": 29,
        "order": [
          "reference"
        ],
        "rejection_reasons": [],
        "retry_ordinal": 0,
        "samples": {
          "reference": {
            "collective_only": {
              "local_ms": 0.05132799968123436,
              "rank_max_ms": 0.06623999774456024,
              "rank_ms": [
                0.05132799968123436,
                0.04124800115823746,
                0.05225599929690361,
                0.06623999774456024
              ]
            },
            "pair_attempt_id": 29,
            "pair_retry_ordinal": 0,
            "position": 0,
            "readiness_probe_exact": true,
            "ready_region": {
              "local_ms": 0.15142400562763214,
              "rank_max_ms": 0.22019200026988983,
              "rank_ms": [
                0.15142400562763214,
                0.22019200026988983,
                0.1472959965467453,
                0.10966400057077408
              ]
            },
            "sample_index": 29,
            "scheduled_start_arrival_ns_by_rank": [
              744620822846240,
              744620822573037,
              744620822646338,
              744620822454553
            ],
            "scheduled_start_target_ns_by_rank": [
              744620827846240,
              744620827846240,
              744620827846240,
              744620827846240
            ],
            "start_record_bracket_ns_by_rank": [
              [
                744620827847478,
                744620827881948
              ],
              [
                744620827848204,
                744620827891316
              ],
              [
                744620827847198,
                744620827881418
              ],
              [
                744620827846683,
                744620827866048
              ]
            ],
            "start_record_envelope_span_ns": 44633,
            "variant": 0
          }
        },
        "variant": 0
      },
      {
        "accepted": true,
        "attempt_id": 30,
        "logical_pair_index": 30,
        "order": [
          "reference"
        ],
        "rejection_reasons": [],
        "retry_ordinal": 0,
        "samples": {
          "reference": {
            "collective_only": {
              "local_ms": 0.05318399891257286,
              "rank_max_ms": 0.06569600105285645,
              "rank_ms": [
                0.05318399891257286,
                0.04572800174355507,
                0.05660799890756607,
                0.06569600105285645
              ]
            },
            "pair_attempt_id": 30,
            "pair_retry_ordinal": 0,
            "position": 0,
            "readiness_probe_exact": true,
            "ready_region": {
              "local_ms": 0.14399999380111694,
              "rank_max_ms": 0.1964160054922104,
              "rank_ms": [
                0.14399999380111694,
                0.1964160054922104,
                0.14505599439144135,
                0.1459839940071106
              ]
            },
            "sample_index": 30,
            "scheduled_start_arrival_ns_by_rank": [
              744620831489439,
              744620831584789,
              744620831573998,
              744620831274957
            ],
            "scheduled_start_target_ns_by_rank": [
              744620836584789,
              744620836584789,
              744620836584789,
              744620836584789
            ],
            "start_record_bracket_ns_by_rank": [
              [
                744620836585938,
                744620836625113
              ],
              [
                744620836586479,
                744620836631883
              ],
              [
                744620836585628,
                744620836621924
              ],
              [
                744620836585922,
                744620836612823
              ]
            ],
            "start_record_envelope_span_ns": 46255,
            "variant": 1
          }
        },
        "variant": 1
      },
      {
        "accepted": true,
        "attempt_id": 31,
        "logical_pair_index": 31,
        "order": [
          "reference"
        ],
        "rejection_reasons": [],
        "retry_ordinal": 0,
        "samples": {
          "reference": {
            "collective_only": {
              "local_ms": 0.05087999999523163,
              "rank_max_ms": 0.06390400230884552,
              "rank_ms": [
                0.05087999999523163,
                0.04211200028657913,
                0.03999999910593033,
                0.06390400230884552
              ]
            },
            "pair_attempt_id": 31,
            "pair_retry_ordinal": 0,
            "position": 0,
            "readiness_probe_exact": true,
            "ready_region": {
              "local_ms": 0.1319359987974167,
              "rank_max_ms": 0.1740799993276596,
              "rank_ms": [
                0.1319359987974167,
                0.1711679995059967,
                0.1740799993276596,
                0.11427199840545654
              ]
            },
            "sample_index": 31,
            "scheduled_start_arrival_ns_by_rank": [
              744620840469391,
              744620840324290,
              744620840446312,
              744620840128739
            ],
            "scheduled_start_target_ns_by_rank": [
              744620845469391,
              744620845469391,
              744620845469391,
              744620845469391
            ],
            "start_record_bracket_ns_by_rank": [
              [
                744620845470111,
                744620845502121
              ],
              [
                744620845471333,
                744620845511944
              ],
              [
                744620845470938,
                744620845514718
              ],
              [
                744620845469946,
                744620845489295
              ]
            ],
            "start_record_envelope_span_ns": 44772,
            "variant": 0
          }
        },
        "variant": 0
      },
      {
        "accepted": true,
        "attempt_id": 32,
        "logical_pair_index": 32,
        "order": [
          "reference"
        ],
        "rejection_reasons": [],
        "retry_ordinal": 0,
        "samples": {
          "reference": {
            "collective_only": {
              "local_ms": 0.1478399932384491,
              "rank_max_ms": 0.1478399932384491,
              "rank_ms": [
                0.1478399932384491,
                0.13475200533866882,
                0.0323840007185936,
                0.14211200177669525
              ]
            },
            "pair_attempt_id": 32,
            "pair_retry_ordinal": 0,
            "position": 0,
            "readiness_probe_exact": true,
            "ready_region": {
              "local_ms": 0.15718400478363037,
              "rank_max_ms": 0.17660799622535706,
              "rank_ms": [
                0.15718400478363037,
                0.1512639969587326,
                0.17660799622535706,
                0.1520320028066635
              ]
            },
            "sample_index": 32,
            "scheduled_start_arrival_ns_by_rank": [
              744620848671968,
              744620848775131,
              744620848726311,
              744620848692233
            ],
            "scheduled_start_target_ns_by_rank": [
              744620853775131,
              744620853775131,
              744620853775131,
              744620853775131
            ],
            "start_record_bracket_ns_by_rank": [
              [
                744620853775479,
                744620853798577
              ],
              [
                744620853775703,
                744620853812627
              ],
              [
                744620853876240,
                744620853914315
              ],
              [
                744620853775747,
                744620853802356
              ]
            ],
            "start_record_envelope_span_ns": 138836,
            "variant": 1
          }
        },
        "variant": 1
      },
      {
        "accepted": true,
        "attempt_id": 33,
        "logical_pair_index": 33,
        "order": [
          "reference"
        ],
        "rejection_reasons": [],
        "retry_ordinal": 0,
        "samples": {
          "reference": {
            "collective_only": {
              "local_ms": 0.049536000937223434,
              "rank_max_ms": 0.06864000111818314,
              "rank_ms": [
                0.049536000937223434,
                0.03939199820160866,
                0.046271998435258865,
                0.06864000111818314
              ]
            },
            "pair_attempt_id": 33,
            "pair_retry_ordinal": 0,
            "position": 0,
            "readiness_probe_exact": true,
            "ready_region": {
              "local_ms": 0.14723199605941772,
              "rank_max_ms": 0.19923199713230133,
              "rank_ms": [
                0.14723199605941772,
                0.19923199713230133,
                0.19359999895095825,
                0.13948799669742584
              ]
            },
            "sample_index": 33,
            "scheduled_start_arrival_ns_by_rank": [
              744620856571116,
              744620856703577,
              744620856966896,
              744620856551723
            ],
            "scheduled_start_target_ns_by_rank": [
              744620861966896,
              744620861966896,
              744620861966896,
              744620861966896
            ],
            "start_record_bracket_ns_by_rank": [
              [
                744620861967725,
                744620862012413
              ],
              [
                744620861969440,
                744620862022030
              ],
              [
                744620861967731,
                744620862017545
              ],
              [
                744620861967370,
                744620861991297
              ]
            ],
            "start_record_envelope_span_ns": 54660,
            "variant": 0
          }
        },
        "variant": 0
      },
      {
        "accepted": true,
        "attempt_id": 34,
        "logical_pair_index": 34,
        "order": [
          "reference"
        ],
        "rejection_reasons": [],
        "retry_ordinal": 0,
        "samples": {
          "reference": {
            "collective_only": {
              "local_ms": 0.06924799829721451,
              "rank_max_ms": 0.07472000271081924,
              "rank_ms": [
                0.06924799829721451,
                0.052928000688552856,
                0.07363200187683105,
                0.07472000271081924
              ]
            },
            "pair_attempt_id": 34,
            "pair_retry_ordinal": 0,
            "position": 0,
            "readiness_probe_exact": true,
            "ready_region": {
              "local_ms": 0.17100800573825836,
              "rank_max_ms": 0.2444480061531067,
              "rank_ms": [
                0.17100800573825836,
                0.2444480061531067,
                0.15782399475574493,
                0.15718400478363037
              ]
            },
            "sample_index": 34,
            "scheduled_start_arrival_ns_by_rank": [
              744620866333149,
              744620866478409,
              744620865733534,
              744620866263138
            ],
            "scheduled_start_target_ns_by_rank": [
              744620871478409,
              744620871478409,
              744620871478409,
              744620871478409
            ],
            "start_record_bracket_ns_by_rank": [
              [
                744620871479343,
                744620871520889
              ],
              [
                744620871480683,
                744620871539763
              ],
              [
                744620871479190,
                744620871516466
              ],
              [
                744620871478943,
                744620871510633
              ]
            ],
            "start_record_envelope_span_ns": 60820,
            "variant": 1
          }
        },
        "variant": 1
      },
      {
        "accepted": true,
        "attempt_id": 35,
        "logical_pair_index": 35,
        "order": [
          "reference"
        ],
        "rejection_reasons": [],
        "retry_ordinal": 0,
        "samples": {
          "reference": {
            "collective_only": {
              "local_ms": 0.04809600114822388,
              "rank_max_ms": 0.06313599646091461,
              "rank_ms": [
                0.04809600114822388,
                0.04028800129890442,
                0.04793599992990494,
                0.06313599646091461
              ]
            },
            "pair_attempt_id": 35,
            "pair_retry_ordinal": 0,
            "position": 0,
            "readiness_probe_exact": true,
            "ready_region": {
              "local_ms": 0.1350719928741455,
              "rank_max_ms": 0.1809920072555542,
              "rank_ms": [
                0.1350719928741455,
                0.1809920072555542,
                0.16412800550460815,
                0.12479999661445618
              ]
            },
            "sample_index": 35,
            "scheduled_start_arrival_ns_by_rank": [
              744620875480479,
              744620875142743,
              744620875075100,
              744620875410693
            ],
            "scheduled_start_target_ns_by_rank": [
              744620880480479,
              744620880480479,
              744620880480479,
              744620880480479
            ],
            "start_record_bracket_ns_by_rank": [
              [
                744620880481035,
                744620880516299
              ],
              [
                744620880482148,
                744620880524584
              ],
              [
                744620880481498,
                744620880517017
              ],
              [
                744620880480942,
                744620880500457
              ]
            ],
            "start_record_envelope_span_ns": 43642,
            "variant": 0
          }
        },
        "variant": 0
      },
      {
        "accepted": true,
        "attempt_id": 36,
        "logical_pair_index": 36,
        "order": [
          "reference"
        ],
        "rejection_reasons": [],
        "retry_ordinal": 0,
        "samples": {
          "reference": {
            "collective_only": {
              "local_ms": 0.32867199182510376,
              "rank_max_ms": 0.32867199182510376,
              "rank_ms": [
                0.32867199182510376,
                0.04320000112056732,
                0.04399999976158142,
                0.06284800171852112
              ]
            },
            "pair_attempt_id": 36,
            "pair_retry_ordinal": 0,
            "position": 0,
            "readiness_probe_exact": true,
            "ready_region": {
              "local_ms": 0.3377920091152191,
              "rank_max_ms": 0.3377920091152191,
              "rank_ms": [
                0.3377920091152191,
                0.25119999051094055,
                0.21932800114154816,
                0.15430399775505066
              ]
            },
            "sample_index": 36,
            "scheduled_start_arrival_ns_by_rank": [
              744620883862105,
              744620884024118,
              744620884060564,
              744620883843430
            ],
            "scheduled_start_target_ns_by_rank": [
              744620889060564,
              744620889060564,
              744620889060564,
              744620889060564
            ],
            "start_record_bracket_ns_by_rank": [
              [
                744620889061533,
                744620889099667
              ],
              [
                744620889061628,
                744620889106687
              ],
              [
                744620889062423,
                744620889106916
              ],
              [
                744620889061024,
                744620889084912
              ]
            ],
            "start_record_envelope_span_ns": 45892,
            "variant": 1
          }
        },
        "variant": 1
      },
      {
        "accepted": true,
        "attempt_id": 37,
        "logical_pair_index": 37,
        "order": [
          "reference"
        ],
        "rejection_reasons": [],
        "retry_ordinal": 0,
        "samples": {
          "reference": {
            "collective_only": {
              "local_ms": 0.012703999876976013,
              "rank_max_ms": 0.1979839950799942,
              "rank_ms": [
                0.012703999876976013,
                0.19699199497699738,
                0.19116799533367157,
                0.1979839950799942
              ]
            },
            "pair_attempt_id": 37,
            "pair_retry_ordinal": 0,
            "position": 0,
            "readiness_probe_exact": true,
            "ready_region": {
              "local_ms": 0.02191999927163124,
              "rank_max_ms": 0.20819200575351715,
              "rank_ms": [
                0.02191999927163124,
                0.2070399969816208,
                0.20041599869728088,
                0.20819200575351715
              ]
            },
            "sample_index": 37,
            "scheduled_start_arrival_ns_by_rank": [
              744620896211582,
              744620893935697,
              744620894153822,
              744620894222401
            ],
            "scheduled_start_target_ns_by_rank": [
              744620901211582,
              744620901211582,
              744620901211582,
              744620901211582
            ],
            "start_record_bracket_ns_by_rank": [
              [
                744620901212763,
                744620901249950
              ],
              [
                744620901212697,
                744620901253152
              ],
              [
                744620901212988,
                744620901258486
              ],
              [
                744620901212346,
                744620901245329
              ]
            ],
            "start_record_envelope_span_ns": 46140,
            "variant": 0
          }
        },
        "variant": 0
      },
      {
        "accepted": true,
        "attempt_id": 38,
        "logical_pair_index": 38,
        "order": [
          "reference"
        ],
        "rejection_reasons": [],
        "retry_ordinal": 0,
        "samples": {
          "reference": {
            "collective_only": {
              "local_ms": 0.03916800022125244,
              "rank_max_ms": 0.04243199899792671,
              "rank_ms": [
                0.03916800022125244,
                0.032127998769283295,
                0.0379519984126091,
                0.04243199899792671
              ]
            },
            "pair_attempt_id": 38,
            "pair_retry_ordinal": 0,
            "position": 0,
            "readiness_probe_exact": true,
            "ready_region": {
              "local_ms": 0.13964800536632538,
              "rank_max_ms": 0.18092800676822662,
              "rank_ms": [
                0.13964800536632538,
                0.18092800676822662,
                0.13760000467300415,
                0.13116799294948578
              ]
            },
            "sample_index": 38,
            "scheduled_start_arrival_ns_by_rank": [
              744620910106862,
              744620909931780,
              744620910092893,
              744620909944025
            ],
            "scheduled_start_target_ns_by_rank": [
              744620915106862,
              744620915106862,
              744620915106862,
              744620915106862
            ],
            "start_record_bracket_ns_by_rank": [
              [
                744620915107772,
                744620915136308
              ],
              [
                744620915108666,
                744620915141628
              ],
              [
                744620915107665,
                744620915136430
              ],
              [
                744620915107576,
                744620915132335
              ]
            ],
            "start_record_envelope_span_ns": 34052,
            "variant": 1
          }
        },
        "variant": 1
      },
      {
        "accepted": true,
        "attempt_id": 39,
        "logical_pair_index": 39,
        "order": [
          "reference"
        ],
        "rejection_reasons": [],
        "retry_ordinal": 0,
        "samples": {
          "reference": {
            "collective_only": {
              "local_ms": 0.04598399996757507,
              "rank_max_ms": 0.04598399996757507,
              "rank_ms": [
                0.04598399996757507,
                0.03235200047492981,
                0.03798399865627289,
                0.042847998440265656
              ]
            },
            "pair_attempt_id": 39,
            "pair_retry_ordinal": 0,
            "position": 0,
            "readiness_probe_exact": true,
            "ready_region": {
              "local_ms": 0.11219199746847153,
              "rank_max_ms": 0.16310399770736694,
              "rank_ms": [
                0.11219199746847153,
                0.16310399770736694,
                0.13555200397968292,
                0.13990400731563568
              ]
            },
            "sample_index": 39,
            "scheduled_start_arrival_ns_by_rank": [
              744620918882337,
              744620918617197,
              744620918699022,
              744620918793968
            ],
            "scheduled_start_target_ns_by_rank": [
              744620923882337,
              744620923882337,
              744620923882337,
              744620923882337
            ],
            "start_record_bracket_ns_by_rank": [
              [
                744620923882752,
                744620923903671
              ],
              [
                744620923883951,
                744620923916980
              ],
              [
                744620923883019,
                744620923914454
              ],
              [
                744620923882934,
                744620923908828
              ]
            ],
            "start_record_envelope_span_ns": 34228,
            "variant": 0
          }
        },
        "variant": 0
      },
      {
        "accepted": true,
        "attempt_id": 40,
        "logical_pair_index": 40,
        "order": [
          "reference"
        ],
        "rejection_reasons": [],
        "retry_ordinal": 0,
        "samples": {
          "reference": {
            "collective_only": {
              "local_ms": 0.06585600227117538,
              "rank_max_ms": 0.06585600227117538,
              "rank_ms": [
                0.06585600227117538,
                0.040672000497579575,
                0.052000001072883606,
                0.058720000088214874
              ]
            },
            "pair_attempt_id": 40,
            "pair_retry_ordinal": 0,
            "position": 0,
            "readiness_probe_exact": true,
            "ready_region": {
              "local_ms": 0.11881600320339203,
              "rank_max_ms": 0.2046400010585785,
              "rank_ms": [
                0.11881600320339203,
                0.2046400010585785,
                0.1390720009803772,
                0.15190400183200836
              ]
            },
            "sample_index": 40,
            "scheduled_start_arrival_ns_by_rank": [
              744620927064406,
              744620927241673,
              744620927487153,
              744620927257469
            ],
            "scheduled_start_target_ns_by_rank": [
              744620932487153,
              744620932487153,
              744620932487153,
              744620932487153
            ],
            "start_record_bracket_ns_by_rank": [
              [
                744620932487693,
                744620932510201
              ],
              [
                744620932488886,
                744620932535541
              ],
              [
                744620932487863,
                744620932526377
              ],
              [
                744620932487984,
                744620932518204
              ]
            ],
            "start_record_envelope_span_ns": 47848,
            "variant": 1
          }
        },
        "variant": 1
      },
      {
        "accepted": true,
        "attempt_id": 41,
        "logical_pair_index": 41,
        "order": [
          "reference"
        ],
        "rejection_reasons": [],
        "retry_ordinal": 0,
        "samples": {
          "reference": {
            "collective_only": {
              "local_ms": 0.07683199644088745,
              "rank_max_ms": 0.07683199644088745,
              "rank_ms": [
                0.07683199644088745,
                0.07385600358247757,
                0.04499199986457825,
                0.07452800124883652
              ]
            },
            "pair_attempt_id": 41,
            "pair_retry_ordinal": 0,
            "position": 0,
            "readiness_probe_exact": true,
            "ready_region": {
              "local_ms": 0.16300800442695618,
              "rank_max_ms": 0.1976960003376007,
              "rank_ms": [
                0.16300800442695618,
                0.18620799481868744,
                0.1976960003376007,
                0.18748800456523895
              ]
            },
            "sample_index": 41,
            "scheduled_start_arrival_ns_by_rank": [
              744620937091711,
              744620937143451,
              744620937099710,
              744620936976493
            ],
            "scheduled_start_target_ns_by_rank": [
              744620942143451,
              744620942143451,
              744620942143451,
              744620942143451
            ],
            "start_record_bracket_ns_by_rank": [
              [
                744620942144220,
                744620942175215
              ],
              [
                744620942144127,
                744620942177626
              ],
              [
                744620942145305,
                744620942209654
              ],
              [
                744620942144601,
                744620942189137
              ]
            ],
            "start_record_envelope_span_ns": 65527,
            "variant": 0
          }
        },
        "variant": 0
      },
      {
        "accepted": true,
        "attempt_id": 42,
        "logical_pair_index": 42,
        "order": [
          "reference"
        ],
        "rejection_reasons": [],
        "retry_ordinal": 0,
        "samples": {
          "reference": {
            "collective_only": {
              "local_ms": 0.06124800071120262,
              "rank_max_ms": 0.06201599910855293,
              "rank_ms": [
                0.06124800071120262,
                0.05974400043487549,
                0.04320000112056732,
                0.06201599910855293
              ]
            },
            "pair_attempt_id": 42,
            "pair_retry_ordinal": 0,
            "position": 0,
            "readiness_probe_exact": true,
            "ready_region": {
              "local_ms": 0.14777599275112152,
              "rank_max_ms": 0.18704000115394592,
              "rank_ms": [
                0.14777599275112152,
                0.1594880074262619,
                0.18704000115394592,
                0.14416000247001648
              ]
            },
            "sample_index": 42,
            "scheduled_start_arrival_ns_by_rank": [
              744620954081089,
              744620954098987,
              744620954099753,
              744620954028533
            ],
            "scheduled_start_target_ns_by_rank": [
              744620959099753,
              744620959099753,
              744620959099753,
              744620959099753
            ],
            "start_record_bracket_ns_by_rank": [
              [
                744620959100271,
                744620959122220
              ],
              [
                744620959100302,
                744620959122353
              ],
              [
                744620959100645,
                744620959140643
              ],
              [
                744620959100271,
                744620959116205
              ]
            ],
            "start_record_envelope_span_ns": 40372,
            "variant": 1
          }
        },
        "variant": 1
      },
      {
        "accepted": true,
        "attempt_id": 43,
        "logical_pair_index": 43,
        "order": [
          "reference"
        ],
        "rejection_reasons": [],
        "retry_ordinal": 0,
        "samples": {
          "reference": {
            "collective_only": {
              "local_ms": 0.031168000772595406,
              "rank_max_ms": 0.044704001396894455,
              "rank_ms": [
                0.031168000772595406,
                0.03824000060558319,
                0.0387520007789135,
                0.044704001396894455
              ]
            },
            "pair_attempt_id": 43,
            "pair_retry_ordinal": 0,
            "position": 0,
            "readiness_probe_exact": true,
            "ready_region": {
              "local_ms": 1.8554879426956177,
              "rank_max_ms": 1.8554879426956177,
              "rank_ms": [
                1.8554879426956177,
                0.12828800082206726,
                0.1170559972524643,
                0.10659199953079224
              ]
            },
            "sample_index": 43,
            "scheduled_start_arrival_ns_by_rank": [
              744620962770982,
              744620962534798,
              744620962577417,
              744620962549949
            ],
            "scheduled_start_target_ns_by_rank": [
              744620967770982,
              744620967770982,
              744620967770982,
              744620967770982
            ],
            "start_record_bracket_ns_by_rank": [
              [
                744620967771477,
                744620967797552
              ],
              [
                744620967771549,
                744620967791493
              ],
              [
                744620967771525,
                744620967790509
              ],
              [
                744620967771444,
                744620967784868
              ]
            ],
            "start_record_envelope_span_ns": 26108,
            "variant": 0
          }
        },
        "variant": 0
      },
      {
        "accepted": true,
        "attempt_id": 44,
        "logical_pair_index": 44,
        "order": [
          "reference"
        ],
        "rejection_reasons": [],
        "retry_ordinal": 0,
        "samples": {
          "reference": {
            "collective_only": {
              "local_ms": 0.05734400078654289,
              "rank_max_ms": 0.3994239866733551,
              "rank_ms": [
                0.05734400078654289,
                0.3798080086708069,
                0.3803200125694275,
                0.3994239866733551
              ]
            },
            "pair_attempt_id": 44,
            "pair_retry_ordinal": 0,
            "position": 0,
            "readiness_probe_exact": true,
            "ready_region": {
              "local_ms": 0.22182400524616241,
              "rank_max_ms": 0.4094400107860565,
              "rank_ms": [
                0.22182400524616241,
                0.39004799723625183,
                0.3906239867210388,
                0.4094400107860565
              ]
            },
            "sample_index": 44,
            "scheduled_start_arrival_ns_by_rank": [
              744620980407218,
              744620980780353,
              744620980394553,
              744620980657164
            ],
            "scheduled_start_target_ns_by_rank": [
              744620985780353,
              744620985780353,
              744620985780353,
              744620985780353
            ],
            "start_record_bracket_ns_by_rank": [
              [
                744620986116474,
                744620986163478
              ],
              [
                744620985782121,
                744620985841661
              ],
              [
                744620985781773,
                744620985841884
              ],
              [
                744620985781304,
                744620985821299
              ]
            ],
            "start_record_envelope_span_ns": 382174,
            "variant": 1
          }
        },
        "variant": 1
      },
      {
        "accepted": true,
        "attempt_id": 45,
        "logical_pair_index": 45,
        "order": [
          "reference"
        ],
        "rejection_reasons": [],
        "retry_ordinal": 0,
        "samples": {
          "reference": {
            "collective_only": {
              "local_ms": 0.03711999952793121,
              "rank_max_ms": 0.14496000111103058,
              "rank_ms": [
                0.03711999952793121,
                0.1404159963130951,
                0.14496000111103058,
                0.039872001856565475
              ]
            },
            "pair_attempt_id": 45,
            "pair_retry_ordinal": 0,
            "position": 0,
            "readiness_probe_exact": true,
            "ready_region": {
              "local_ms": 0.13078400492668152,
              "rank_max_ms": 0.2763519883155823,
              "rank_ms": [
                0.13078400492668152,
                0.2763519883155823,
                0.2536320090293884,
                0.25513601303100586
              ]
            },
            "sample_index": 45,
            "scheduled_start_arrival_ns_by_rank": [
              744620990541331,
              744620990595693,
              744620990511581,
              744620990756355
            ],
            "scheduled_start_target_ns_by_rank": [
              744620995756355,
              744620995756355,
              744620995756355,
              744620995756355
            ],
            "start_record_bracket_ns_by_rank": [
              [
                744620995757713,
                744620995811613
              ],
              [
                744620995758219,
                744620995815823
              ],
              [
                744620995757695,
                744620995813063
              ],
              [
                744620995846188,
                744620995914558
              ]
            ],
            "start_record_envelope_span_ns": 156863,
            "variant": 0
          }
        },
        "variant": 0
      },
      {
        "accepted": false,
        "attempt_id": 46,
        "logical_pair_index": 46,
        "order": [
          "reference"
        ],
        "rejection_reasons": [
          {
            "limit_ns": 500000,
            "side": "reference",
            "start_record_envelope_span_ns": 1756349
          }
        ],
        "retry_ordinal": 0,
        "samples": {
          "reference": {
            "collective_only": {
              "local_ms": 1.6620800495147705,
              "rank_max_ms": 1.7698240280151367,
              "rank_ms": [
                1.6620800495147705,
                0.0424639992415905,
                1.7612799406051636,
                1.7698240280151367
              ]
            },
            "pair_attempt_id": 46,
            "pair_retry_ordinal": 0,
            "position": 0,
            "readiness_probe_exact": true,
            "ready_region": {
              "local_ms": 1.6726080179214478,
              "rank_max_ms": 1.7801599502563477,
              "rank_ms": [
                1.6726080179214478,
                0.2274239957332611,
                1.7715200185775757,
                1.7801599502563477
              ]
            },
            "sample_index": 46,
            "scheduled_start_arrival_ns_by_rank": [
              744621008673906,
              744621011570049,
              744621008708536,
              744621011538419
            ],
            "scheduled_start_target_ns_by_rank": [
              744621016570049,
              744621016570049,
              744621016570049,
              744621016570049
            ],
            "start_record_bracket_ns_by_rank": [
              [
                744621016570650,
                744621016604148
              ],
              [
                744621018286518,
                744621018326840
              ],
              [
                744621016570702,
                744621016607530
              ],
              [
                744621016570491,
                744621016599079
              ]
            ],
            "start_record_envelope_span_ns": 1756349,
            "variant": 1
          }
        },
        "variant": 1
      },
      {
        "accepted": true,
        "attempt_id": 47,
        "logical_pair_index": 46,
        "order": [
          "reference"
        ],
        "rejection_reasons": [],
        "retry_ordinal": 1,
        "samples": {
          "reference": {
            "collective_only": {
              "local_ms": 0.05071999877691269,
              "rank_max_ms": 0.05071999877691269,
              "rank_ms": [
                0.05071999877691269,
                0.040991999208927155,
                0.0490880012512207,
                0.04912000149488449
              ]
            },
            "pair_attempt_id": 47,
            "pair_retry_ordinal": 1,
            "position": 0,
            "readiness_probe_exact": true,
            "ready_region": {
              "local_ms": 0.15353600680828094,
              "rank_max_ms": 0.17820799350738525,
              "rank_ms": [
                0.15353600680828094,
                0.17820799350738525,
                0.15574400126934052,
                0.16070400178432465
              ]
            },
            "sample_index": 46,
            "scheduled_start_arrival_ns_by_rank": [
              744621020738759,
              744621020634837,
              744621020616642,
              744621020599541
            ],
            "scheduled_start_target_ns_by_rank": [
              744621025738759,
              744621025738759,
              744621025738759,
              744621025738759
            ],
            "start_record_bracket_ns_by_rank": [
              [
                744621025739281,
                744621025766571
              ],
              [
                744621025739421,
                744621025774918
              ],
              [
                744621025739315,
                744621025769101
              ],
              [
                744621025739216,
                744621025768810
              ]
            ],
            "start_record_envelope_span_ns": 35702,
            "variant": 0
          }
        },
        "variant": 0
      },
      {
        "accepted": true,
        "attempt_id": 48,
        "logical_pair_index": 47,
        "order": [
          "reference"
        ],
        "rejection_reasons": [],
        "retry_ordinal": 0,
        "samples": {
          "reference": {
            "collective_only": {
              "local_ms": 0.050335999578237534,
              "rank_max_ms": 0.050335999578237534,
              "rank_ms": [
                0.050335999578237534,
                0.04134399816393852,
                0.037408001720905304,
                0.04444799944758415
              ]
            },
            "pair_attempt_id": 48,
            "pair_retry_ordinal": 0,
            "position": 0,
            "readiness_probe_exact": true,
            "ready_region": {
              "local_ms": 0.13846400380134583,
              "rank_max_ms": 0.18105599284172058,
              "rank_ms": [
                0.13846400380134583,
                0.18105599284172058,
                0.15936000645160675,
                0.14188799262046814
              ]
            },
            "sample_index": 47,
            "scheduled_start_arrival_ns_by_rank": [
              744621030920983,
              744621031236529,
              744621031246228,
              744621031115207
            ],
            "scheduled_start_target_ns_by_rank": [
              744621036246228,
              744621036246228,
              744621036246228,
              744621036246228
            ],
            "start_record_bracket_ns_by_rank": [
              [
                744621036246682,
                744621036269697
              ],
              [
                744621036246918,
                744621036279556
              ],
              [
                744621036246966,
                744621036281106
              ],
              [
                744621036246733,
                744621036269828
              ]
            ],
            "start_record_envelope_span_ns": 34424,
            "variant": 1
          }
        },
        "variant": 1
      },
      {
        "accepted": true,
        "attempt_id": 49,
        "logical_pair_index": 48,
        "order": [
          "reference"
        ],
        "rejection_reasons": [],
        "retry_ordinal": 0,
        "samples": {
          "reference": {
            "collective_only": {
              "local_ms": 0.012896000407636166,
              "rank_max_ms": 0.11734399944543839,
              "rank_ms": [
                0.012896000407636166,
                0.10224000364542007,
                0.09750399738550186,
                0.11734399944543839
              ]
            },
            "pair_attempt_id": 49,
            "pair_retry_ordinal": 0,
            "position": 0,
            "readiness_probe_exact": true,
            "ready_region": {
              "local_ms": 0.06697600334882736,
              "rank_max_ms": 0.30300799012184143,
              "rank_ms": [
                0.06697600334882736,
                0.30300799012184143,
                0.23136000335216522,
                0.1709119975566864
              ]
            },
            "sample_index": 48,
            "scheduled_start_arrival_ns_by_rank": [
              744621039778303,
              744621039816972,
              744621039760002,
              744621039864880
            ],
            "scheduled_start_target_ns_by_rank": [
              744621044864880,
              744621044864880,
              744621044864880,
              744621044864880
            ],
            "start_record_bracket_ns_by_rank": [
              [
                744621044865467,
                744621044892981
              ],
              [
                744621044866307,
                744621044910997
              ],
              [
                744621044866576,
                744621044915445
              ],
              [
                744621044865322,
                744621044889670
              ]
            ],
            "start_record_envelope_span_ns": 50123,
            "variant": 0
          }
        },
        "variant": 0
      },
      {
        "accepted": true,
        "attempt_id": 50,
        "logical_pair_index": 49,
        "order": [
          "reference"
        ],
        "rejection_reasons": [],
        "retry_ordinal": 0,
        "samples": {
          "reference": {
            "collective_only": {
              "local_ms": 0.013407999649643898,
              "rank_max_ms": 0.1284160017967224,
              "rank_ms": [
                0.013407999649643898,
                0.10454399883747101,
                0.12476799637079239,
                0.1284160017967224
              ]
            },
            "pair_attempt_id": 50,
            "pair_retry_ordinal": 0,
            "position": 0,
            "readiness_probe_exact": true,
            "ready_region": {
              "local_ms": 0.3359360098838806,
              "rank_max_ms": 0.3359360098838806,
              "rank_ms": [
                0.3359360098838806,
                0.2900800108909607,
                0.14403200149536133,
                0.14528000354766846
              ]
            },
            "sample_index": 49,
            "scheduled_start_arrival_ns_by_rank": [
              744621047625985,
              744621047810032,
              744621047585671,
              744621047533764
            ],
            "scheduled_start_target_ns_by_rank": [
              744621052810032,
              744621052810032,
              744621052810032,
              744621052810032
            ],
            "start_record_bracket_ns_by_rank": [
              [
                744621052810574,
                744621052836889
              ],
              [
                744621052812619,
                744621052859060
              ],
              [
                744621052810540,
                744621052836601
              ],
              [
                744621052810558,
                744621052833209
              ]
            ],
            "start_record_envelope_span_ns": 48520,
            "variant": 1
          }
        },
        "variant": 1
      },
      {
        "accepted": true,
        "attempt_id": 51,
        "logical_pair_index": 50,
        "order": [
          "reference"
        ],
        "rejection_reasons": [],
        "retry_ordinal": 0,
        "samples": {
          "reference": {
            "collective_only": {
              "local_ms": 0.012512000277638435,
              "rank_max_ms": 0.1287360042333603,
              "rank_ms": [
                0.012512000277638435,
                0.1287360042333603,
                0.1226240023970604,
                0.12083200365304947
              ]
            },
            "pair_attempt_id": 51,
            "pair_retry_ordinal": 0,
            "position": 0,
            "readiness_probe_exact": true,
            "ready_region": {
              "local_ms": 0.3166080117225647,
              "rank_max_ms": 0.3166080117225647,
              "rank_ms": [
                0.3166080117225647,
                0.22886399924755096,
                0.17657600343227386,
                0.1849920004606247
              ]
            },
            "sample_index": 50,
            "scheduled_start_arrival_ns_by_rank": [
              744621058226124,
              744621058072784,
              744621058117298,
              744621058229373
            ],
            "scheduled_start_target_ns_by_rank": [
              744621063229373,
              744621063229373,
              744621063229373,
              744621063229373
            ],
            "start_record_bracket_ns_by_rank": [
              [
                744621063230460,
                744621063275577
              ],
              [
                744621063231417,
                744621063272445
              ],
              [
                744621063230306,
                744621063274176
              ],
              [
                744621063230300,
                744621063279111
              ]
            ],
            "start_record_envelope_span_ns": 48811,
            "variant": 0
          }
        },
        "variant": 0
      },
      {
        "accepted": true,
        "attempt_id": 52,
        "logical_pair_index": 51,
        "order": [
          "reference"
        ],
        "rejection_reasons": [],
        "retry_ordinal": 0,
        "samples": {
          "reference": {
            "collective_only": {
              "local_ms": 0.013055999763309956,
              "rank_max_ms": 0.13091200590133667,
              "rank_ms": [
                0.013055999763309956,
                0.13091200590133667,
                0.12307199835777283,
                0.12556800246238708
              ]
            },
            "pair_attempt_id": 52,
            "pair_retry_ordinal": 0,
            "position": 0,
            "readiness_probe_exact": true,
            "ready_region": {
              "local_ms": 0.254720002412796,
              "rank_max_ms": 0.254720002412796,
              "rank_ms": [
                0.254720002412796,
                0.2391359955072403,
                0.16380800306797028,
                0.16415999829769135
              ]
            },
            "sample_index": 51,
            "scheduled_start_arrival_ns_by_rank": [
              744621067945861,
              744621067746961,
              744621067822575,
              744621067761670
            ],
            "scheduled_start_target_ns_by_rank": [
              744621072945861,
              744621072945861,
              744621072945861,
              744621072945861
            ],
            "start_record_bracket_ns_by_rank": [
              [
                744621072946687,
                744621072983118
              ],
              [
                744621072947938,
                744621072981824
              ],
              [
                744621072947364,
                744621072985058
              ],
              [
                744621072946675,
                744621072985878
              ]
            ],
            "start_record_envelope_span_ns": 39203,
            "variant": 1
          }
        },
        "variant": 1
      },
      {
        "accepted": true,
        "attempt_id": 53,
        "logical_pair_index": 52,
        "order": [
          "reference"
        ],
        "rejection_reasons": [],
        "retry_ordinal": 0,
        "samples": {
          "reference": {
            "collective_only": {
              "local_ms": 0.012896000407636166,
              "rank_max_ms": 0.13433599472045898,
              "rank_ms": [
                0.012896000407636166,
                0.13433599472045898,
                0.13171200454235077,
                0.12272000312805176
              ]
            },
            "pair_attempt_id": 53,
            "pair_retry_ordinal": 0,
            "position": 0,
            "readiness_probe_exact": true,
            "ready_region": {
              "local_ms": 0.29260799288749695,
              "rank_max_ms": 0.29260799288749695,
              "rank_ms": [
                0.29260799288749695,
                0.2030079960823059,
                0.15401600301265717,
                0.151296004652977
              ]
            },
            "sample_index": 52,
            "scheduled_start_arrival_ns_by_rank": [
              744621077712454,
              744621078224092,
              744621077471871,
              744621077648475
            ],
            "scheduled_start_target_ns_by_rank": [
              744621083224092,
              744621083224092,
              744621083224092,
              744621083224092
            ],
            "start_record_bracket_ns_by_rank": [
              [
                744621083225208,
                744621083263992
              ],
              [
                744621083226352,
                744621083261612
              ],
              [
                744621083225000,
                744621083263499
              ],
              [
                744621083224840,
                744621083265672
              ]
            ],
            "start_record_envelope_span_ns": 40832,
            "variant": 0
          }
        },
        "variant": 0
      },
      {
        "accepted": true,
        "attempt_id": 54,
        "logical_pair_index": 53,
        "order": [
          "reference"
        ],
        "rejection_reasons": [],
        "retry_ordinal": 0,
        "samples": {
          "reference": {
            "collective_only": {
              "local_ms": 0.012864000163972378,
              "rank_max_ms": 0.1297599971294403,
              "rank_ms": [
                0.012864000163972378,
                0.1297599971294403,
                0.12396799772977829,
                0.12476799637079239
              ]
            },
            "pair_attempt_id": 54,
            "pair_retry_ordinal": 0,
            "position": 0,
            "readiness_probe_exact": true,
            "ready_region": {
              "local_ms": 0.31593599915504456,
              "rank_max_ms": 0.31593599915504456,
              "rank_ms": [
                0.31593599915504456,
                0.18828800320625305,
                0.15292799472808838,
                0.15353600680828094
              ]
            },
            "sample_index": 53,
            "scheduled_start_arrival_ns_by_rank": [
              744621088294835,
              744621088057915,
              744621088125008,
              744621088242699
            ],
            "scheduled_start_target_ns_by_rank": [
              744621093294835,
              744621093294835,
              744621093294835,
              744621093294835
            ],
            "start_record_bracket_ns_by_rank": [
              [
                744621093295889,
                744621093335527
              ],
              [
                744621093297019,
                744621093330719
              ],
              [
                744621093295724,
                744621093335678
              ],
              [
                744621093295525,
                744621093334912
              ]
            ],
            "start_record_envelope_span_ns": 40153,
            "variant": 1
          }
        },
        "variant": 1
      },
      {
        "accepted": true,
        "attempt_id": 55,
        "logical_pair_index": 54,
        "order": [
          "reference"
        ],
        "rejection_reasons": [],
        "retry_ordinal": 0,
        "samples": {
          "reference": {
            "collective_only": {
              "local_ms": 0.01283199992030859,
              "rank_max_ms": 0.11456000059843063,
              "rank_ms": [
                0.01283199992030859,
                0.11376000195741653,
                0.11382400244474411,
                0.11456000059843063
              ]
            },
            "pair_attempt_id": 55,
            "pair_retry_ordinal": 0,
            "position": 0,
            "readiness_probe_exact": true,
            "ready_region": {
              "local_ms": 0.03574400022625923,
              "rank_max_ms": 0.23212799429893494,
              "rank_ms": [
                0.03574400022625923,
                0.23212799429893494,
                0.16655999422073364,
                0.14083200693130493
              ]
            },
            "sample_index": 54,
            "scheduled_start_arrival_ns_by_rank": [
              744621099112764,
              744621098945621,
              744621098965070,
              744621098871134
            ],
            "scheduled_start_target_ns_by_rank": [
              744621104112764,
              744621104112764,
              744621104112764,
              744621104112764
            ],
            "start_record_bracket_ns_by_rank": [
              [
                744621104113494,
                744621104145428
              ],
              [
                744621104115009,
                744621104156405
              ],
              [
                744621104113784,
                744621104153055
              ],
              [
                744621104113255,
                744621104149960
              ]
            ],
            "start_record_envelope_span_ns": 43150,
            "variant": 0
          }
        },
        "variant": 0
      },
      {
        "accepted": true,
        "attempt_id": 56,
        "logical_pair_index": 55,
        "order": [
          "reference"
        ],
        "rejection_reasons": [],
        "retry_ordinal": 0,
        "samples": {
          "reference": {
            "collective_only": {
              "local_ms": 0.013248000293970108,
              "rank_max_ms": 0.13555200397968292,
              "rank_ms": [
                0.013248000293970108,
                0.13555200397968292,
                0.12758399546146393,
                0.12028799951076508
              ]
            },
            "pair_attempt_id": 56,
            "pair_retry_ordinal": 0,
            "position": 0,
            "readiness_probe_exact": true,
            "ready_region": {
              "local_ms": 0.4105600118637085,
              "rank_max_ms": 0.4105600118637085,
              "rank_ms": [
                0.4105600118637085,
                0.17321600019931793,
                0.16284799575805664,
                0.1709440052509308
              ]
            },
            "sample_index": 55,
            "scheduled_start_arrival_ns_by_rank": [
              744621108835729,
              744621108820816,
              744621108715315,
              744621108837274
            ],
            "scheduled_start_target_ns_by_rank": [
              744621113837274,
              744621113837274,
              744621113837274,
              744621113837274
            ],
            "start_record_bracket_ns_by_rank": [
              [
                744621113838254,
                744621113873370
              ],
              [
                744621113838201,
                744621113866484
              ],
              [
                744621113838263,
                744621113873826
              ],
              [
                744621113838076,
                744621113876441
              ]
            ],
            "start_record_envelope_span_ns": 38365,
            "variant": 1
          }
        },
        "variant": 1
      },
      {
        "accepted": true,
        "attempt_id": 57,
        "logical_pair_index": 56,
        "order": [
          "reference"
        ],
        "rejection_reasons": [],
        "retry_ordinal": 0,
        "samples": {
          "reference": {
            "collective_only": {
              "local_ms": 0.012959999963641167,
              "rank_max_ms": 0.11760000139474869,
              "rank_ms": [
                0.012959999963641167,
                0.11760000139474869,
                0.11446399986743927,
                0.11760000139474869
              ]
            },
            "pair_attempt_id": 57,
            "pair_retry_ordinal": 0,
            "position": 0,
            "readiness_probe_exact": true,
            "ready_region": {
              "local_ms": 0.23420800268650055,
              "rank_max_ms": 0.27110400795936584,
              "rank_ms": [
                0.23420800268650055,
                0.27110400795936584,
                0.17772799730300903,
                0.1900479942560196
              ]
            },
            "sample_index": 56,
            "scheduled_start_arrival_ns_by_rank": [
              744621118654049,
              744621118658742,
              744621118591050,
              744621118753735
            ],
            "scheduled_start_target_ns_by_rank": [
              744621123753735,
              744621123753735,
              744621123753735,
              744621123753735
            ],
            "start_record_bracket_ns_by_rank": [
              [
                744621123754994,
                744621123801844
              ],
              [
                744621123756081,
                744621123804481
              ],
              [
                744621123754887,
                744621123802947
              ],
              [
                744621123754825,
                744621123803540
              ]
            ],
            "start_record_envelope_span_ns": 49656,
            "variant": 0
          }
        },
        "variant": 0
      },
      {
        "accepted": true,
        "attempt_id": 58,
        "logical_pair_index": 57,
        "order": [
          "reference"
        ],
        "rejection_reasons": [],
        "retry_ordinal": 0,
        "samples": {
          "reference": {
            "collective_only": {
              "local_ms": 0.042367998510599136,
              "rank_max_ms": 0.044319998472929,
              "rank_ms": [
                0.042367998510599136,
                0.04131200164556503,
                0.041280001401901245,
                0.044319998472929
              ]
            },
            "pair_attempt_id": 58,
            "pair_retry_ordinal": 0,
            "position": 0,
            "readiness_probe_exact": true,
            "ready_region": {
              "local_ms": 0.1552640050649643,
              "rank_max_ms": 0.20707200467586517,
              "rank_ms": [
                0.1552640050649643,
                0.20707200467586517,
                0.15836800634860992,
                0.1467839926481247
              ]
            },
            "sample_index": 57,
            "scheduled_start_arrival_ns_by_rank": [
              744621128214344,
              744621128051178,
              744621128213170,
              744621128205847
            ],
            "scheduled_start_target_ns_by_rank": [
              744621133214344,
              744621133214344,
              744621133214344,
              744621133214344
            ],
            "start_record_bracket_ns_by_rank": [
              [
                744621133215449,
                744621133256272
              ],
              [
                744621133216023,
                744621133257241
              ],
              [
                744621133215366,
                744621133257436
              ],
              [
                744621133214964,
                744621133254477
              ]
            ],
            "start_record_envelope_span_ns": 42472,
            "variant": 1
          }
        },
        "variant": 1
      },
      {
        "accepted": true,
        "attempt_id": 59,
        "logical_pair_index": 58,
        "order": [
          "reference"
        ],
        "rejection_reasons": [],
        "retry_ordinal": 0,
        "samples": {
          "reference": {
            "collective_only": {
              "local_ms": 0.06412799656391144,
              "rank_max_ms": 0.06412799656391144,
              "rank_ms": [
                0.06412799656391144,
                0.05571199953556061,
                0.054816000163555145,
                0.06163199990987778
              ]
            },
            "pair_attempt_id": 59,
            "pair_retry_ordinal": 0,
            "position": 0,
            "readiness_probe_exact": true,
            "ready_region": {
              "local_ms": 0.18636800348758698,
              "rank_max_ms": 0.3117760121822357,
              "rank_ms": [
                0.18636800348758698,
                0.3117760121822357,
                0.24924799799919128,
                0.20108799636363983
              ]
            },
            "sample_index": 58,
            "scheduled_start_arrival_ns_by_rank": [
              744621137475020,
              744621137266925,
              744621137506839,
              744621137528617
            ],
            "scheduled_start_target_ns_by_rank": [
              744621142528617,
              744621142528617,
              744621142528617,
              744621142528617
            ],
            "start_record_bracket_ns_by_rank": [
              [
                744621142530253,
                744621142575672
              ],
              [
                744621142530802,
                744621142587990
              ],
              [
                744621142531601,
                744621142587928
              ],
              [
                744621142529811,
                744621142579044
              ]
            ],
            "start_record_envelope_span_ns": 58179,
            "variant": 0
          }
        },
        "variant": 0
      },
      {
        "accepted": true,
        "attempt_id": 60,
        "logical_pair_index": 59,
        "order": [
          "reference"
        ],
        "rejection_reasons": [],
        "retry_ordinal": 0,
        "samples": {
          "reference": {
            "collective_only": {
              "local_ms": 0.05049600079655647,
              "rank_max_ms": 0.056832000613212585,
              "rank_ms": [
                0.05049600079655647,
                0.05152000114321709,
                0.05145600065588951,
                0.056832000613212585
              ]
            },
            "pair_attempt_id": 60,
            "pair_retry_ordinal": 0,
            "position": 0,
            "readiness_probe_exact": true,
            "ready_region": {
              "local_ms": 0.17712000012397766,
              "rank_max_ms": 0.255264014005661,
              "rank_ms": [
                0.17712000012397766,
                0.255264014005661,
                0.18031999468803406,
                0.17286400496959686
              ]
            },
            "sample_index": 59,
            "scheduled_start_arrival_ns_by_rank": [
              744621149294772,
              744621149477501,
              744621149091691,
              744621148809895
            ],
            "scheduled_start_target_ns_by_rank": [
              744621154477501,
              744621154477501,
              744621154477501,
              744621154477501
            ],
            "start_record_bracket_ns_by_rank": [
              [
                744621154480731,
                744621154528247
              ],
              [
                744621154479474,
                744621154533456
              ],
              [
                744621154478747,
                744621154527091
              ],
              [
                744621154478492,
                744621154526292
              ]
            ],
            "start_record_envelope_span_ns": 54964,
            "variant": 1
          }
        },
        "variant": 1
      },
      {
        "accepted": true,
        "attempt_id": 61,
        "logical_pair_index": 60,
        "order": [
          "reference"
        ],
        "rejection_reasons": [],
        "retry_ordinal": 0,
        "samples": {
          "reference": {
            "collective_only": {
              "local_ms": 0.04444799944758415,
              "rank_max_ms": 0.04444799944758415,
              "rank_ms": [
                0.04444799944758415,
                0.04057599976658821,
                0.040672000497579575,
                0.03923200070858002
              ]
            },
            "pair_attempt_id": 61,
            "pair_retry_ordinal": 0,
            "position": 0,
            "readiness_probe_exact": true,
            "ready_region": {
              "local_ms": 0.1483200043439865,
              "rank_max_ms": 0.23260800540447235,
              "rank_ms": [
                0.1483200043439865,
                0.23260800540447235,
                0.1802240014076233,
                0.17635199427604675
              ]
            },
            "sample_index": 60,
            "scheduled_start_arrival_ns_by_rank": [
              744621159629620,
              744621159706516,
              744621159719007,
              744621159798678
            ],
            "scheduled_start_target_ns_by_rank": [
              744621164798678,
              744621164798678,
              744621164798678,
              744621164798678
            ],
            "start_record_bracket_ns_by_rank": [
              [
                744621164799696,
                744621164836915
              ],
              [
                744621164800133,
                744621164841434
              ],
              [
                744621164799687,
                744621164842254
              ],
              [
                744621164799736,
                744621164842025
              ]
            ],
            "start_record_envelope_span_ns": 42567,
            "variant": 0
          }
        },
        "variant": 0
      },
      {
        "accepted": true,
        "attempt_id": 62,
        "logical_pair_index": 61,
        "order": [
          "reference"
        ],
        "rejection_reasons": [],
        "retry_ordinal": 0,
        "samples": {
          "reference": {
            "collective_only": {
              "local_ms": 0.05417599901556969,
              "rank_max_ms": 0.05417599901556969,
              "rank_ms": [
                0.05417599901556969,
                0.04521600157022476,
                0.049375999718904495,
                0.04668800160288811
              ]
            },
            "pair_attempt_id": 62,
            "pair_retry_ordinal": 0,
            "position": 0,
            "readiness_probe_exact": true,
            "ready_region": {
              "local_ms": 0.14867199957370758,
              "rank_max_ms": 0.22918400168418884,
              "rank_ms": [
                0.14867199957370758,
                0.22918400168418884,
                0.1735360026359558,
                0.16019199788570404
              ]
            },
            "sample_index": 61,
            "scheduled_start_arrival_ns_by_rank": [
              744621171160524,
              744621171114238,
              744621171251674,
              744621171269509
            ],
            "scheduled_start_target_ns_by_rank": [
              744621176269509,
              744621176269509,
              744621176269509,
              744621176269509
            ],
            "start_record_bracket_ns_by_rank": [
              [
                744621176270335,
                744621176308752
              ],
              [
                744621176272190,
                744621176319570
              ],
              [
                744621176270767,
                744621176315157
              ],
              [
                744621176270462,
                744621176312857
              ]
            ],
            "start_record_envelope_span_ns": 49235,
            "variant": 1
          }
        },
        "variant": 1
      },
      {
        "accepted": true,
        "attempt_id": 63,
        "logical_pair_index": 62,
        "order": [
          "reference"
        ],
        "rejection_reasons": [],
        "retry_ordinal": 0,
        "samples": {
          "reference": {
            "collective_only": {
              "local_ms": 0.037696000188589096,
              "rank_max_ms": 0.04227200150489807,
              "rank_ms": [
                0.037696000188589096,
                0.04227200150489807,
                0.03766399994492531,
                0.03721600025892258
              ]
            },
            "pair_attempt_id": 63,
            "pair_retry_ordinal": 0,
            "position": 0,
            "readiness_probe_exact": true,
            "ready_region": {
              "local_ms": 0.42102399468421936,
              "rank_max_ms": 0.42102399468421936,
              "rank_ms": [
                0.42102399468421936,
                0.21372799575328827,
                0.19283199310302734,
                0.19430400431156158
              ]
            },
            "sample_index": 62,
            "scheduled_start_arrival_ns_by_rank": [
              744621180741809,
              744621180664197,
              744621180461700,
              744621180827788
            ],
            "scheduled_start_target_ns_by_rank": [
              744621185827788,
              744621185827788,
              744621185827788,
              744621185827788
            ],
            "start_record_bracket_ns_by_rank": [
              [
                744621185828596,
                744621185868227
              ],
              [
                744621185828512,
                744621185864610
              ],
              [
                744621185828636,
                744621185871388
              ],
              [
                744621185828591,
                744621185870691
              ]
            ],
            "start_record_envelope_span_ns": 42876,
            "variant": 0
          }
        },
        "variant": 0
      },
      {
        "accepted": true,
        "attempt_id": 64,
        "logical_pair_index": 63,
        "order": [
          "reference"
        ],
        "rejection_reasons": [],
        "retry_ordinal": 0,
        "samples": {
          "reference": {
            "collective_only": {
              "local_ms": 0.052671998739242554,
              "rank_max_ms": 0.06752000004053116,
              "rank_ms": [
                0.052671998739242554,
                0.045343998819589615,
                0.05283199995756149,
                0.06752000004053116
              ]
            },
            "pair_attempt_id": 64,
            "pair_retry_ordinal": 0,
            "position": 0,
            "readiness_probe_exact": true,
            "ready_region": {
              "local_ms": 0.14979200065135956,
              "rank_max_ms": 0.22672000527381897,
              "rank_ms": [
                0.14979200065135956,
                0.22672000527381897,
                0.15750400722026825,
                0.12479999661445618
              ]
            },
            "sample_index": 63,
            "scheduled_start_arrival_ns_by_rank": [
              744621191538291,
              744621189126314,
              744621189221374,
              744621189441312
            ],
            "scheduled_start_target_ns_by_rank": [
              744621196538291,
              744621196538291,
              744621196538291,
              744621196538291
            ],
            "start_record_bracket_ns_by_rank": [
              [
                744621196539212,
                744621196578136
              ],
              [
                744621196541063,
                744621196589267
              ],
              [
                744621196539267,
                744621196580347
              ],
              [
                744621196538719,
                744621196565134
              ]
            ],
            "start_record_envelope_span_ns": 50548,
            "variant": 1
          }
        },
        "variant": 1
      },
      {
        "accepted": true,
        "attempt_id": 65,
        "logical_pair_index": 64,
        "order": [
          "reference"
        ],
        "rejection_reasons": [],
        "retry_ordinal": 0,
        "samples": {
          "reference": {
            "collective_only": {
              "local_ms": 0.012543999589979649,
              "rank_max_ms": 0.13766400516033173,
              "rank_ms": [
                0.012543999589979649,
                0.10719999670982361,
                0.11187200248241425,
                0.13766400516033173
              ]
            },
            "pair_attempt_id": 65,
            "pair_retry_ordinal": 0,
            "position": 0,
            "readiness_probe_exact": true,
            "ready_region": {
              "local_ms": 0.0841279998421669,
              "rank_max_ms": 0.32604798674583435,
              "rank_ms": [
                0.0841279998421669,
                0.32604798674583435,
                0.18838399648666382,
                0.1478399932384491
              ]
            },
            "sample_index": 64,
            "scheduled_start_arrival_ns_by_rank": [
              744621201918824,
              744621201736383,
              744621201792038,
              744621201498576
            ],
            "scheduled_start_target_ns_by_rank": [
              744621206918824,
              744621206918824,
              744621206918824,
              744621206918824
            ],
            "start_record_bracket_ns_by_rank": [
              [
                744621206919871,
                744621206964536
              ],
              [
                744621206921578,
                744621206981510
              ],
              [
                744621206920044,
                744621206969128
              ],
              [
                744621206919223,
                744621206944080
              ]
            ],
            "start_record_envelope_span_ns": 62287,
            "variant": 0
          }
        },
        "variant": 0
      },
      {
        "accepted": true,
        "attempt_id": 66,
        "logical_pair_index": 65,
        "order": [
          "reference"
        ],
        "rejection_reasons": [],
        "retry_ordinal": 0,
        "samples": {
          "reference": {
            "collective_only": {
              "local_ms": 0.011935999616980553,
              "rank_max_ms": 0.11923199892044067,
              "rank_ms": [
                0.011935999616980553,
                0.11468800157308578,
                0.1188800036907196,
                0.11923199892044067
              ]
            },
            "pair_attempt_id": 66,
            "pair_retry_ordinal": 0,
            "position": 0,
            "readiness_probe_exact": true,
            "ready_region": {
              "local_ms": 0.05801599845290184,
              "rank_max_ms": 0.24755200743675232,
              "rank_ms": [
                0.05801599845290184,
                0.24755200743675232,
                0.19952000677585602,
                0.18988800048828125
              ]
            },
            "sample_index": 65,
            "scheduled_start_arrival_ns_by_rank": [
              744621216986469,
              744621217053164,
              744621216610385,
              744621216447880
            ],
            "scheduled_start_target_ns_by_rank": [
              744621222053164,
              744621222053164,
              744621222053164,
              744621222053164
            ],
            "start_record_bracket_ns_by_rank": [
              [
                744621222053729,
                744621222095172
              ],
              [
                744621222054790,
                744621222102977
              ],
              [
                744621222054140,
                744621222098602
              ],
              [
                744621222054122,
                744621222096747
              ]
            ],
            "start_record_envelope_span_ns": 49248,
            "variant": 1
          }
        },
        "variant": 1
      },
      {
        "accepted": true,
        "attempt_id": 67,
        "logical_pair_index": 66,
        "order": [
          "reference"
        ],
        "rejection_reasons": [],
        "retry_ordinal": 0,
        "samples": {
          "reference": {
            "collective_only": {
              "local_ms": 0.05830400064587593,
              "rank_max_ms": 0.06019200012087822,
              "rank_ms": [
                0.05830400064587593,
                0.04896000027656555,
                0.06019200012087822,
                0.052928000688552856
              ]
            },
            "pair_attempt_id": 67,
            "pair_retry_ordinal": 0,
            "position": 0,
            "readiness_probe_exact": true,
            "ready_region": {
              "local_ms": 0.1598079949617386,
              "rank_max_ms": 0.24675199389457703,
              "rank_ms": [
                0.1598079949617386,
                0.24675199389457703,
                0.16259199380874634,
                0.16435199975967407
              ]
            },
            "sample_index": 66,
            "scheduled_start_arrival_ns_by_rank": [
              744621225576832,
              744621225468160,
              744621225543421,
              744621225361167
            ],
            "scheduled_start_target_ns_by_rank": [
              744621230576832,
              744621230576832,
              744621230576832,
              744621230576832
            ],
            "start_record_bracket_ns_by_rank": [
              [
                744621230577651,
                744621230618761
              ],
              [
                744621230580010,
                744621230631172
              ],
              [
                744621230577771,
                744621230620072
              ],
              [
                744621230577793,
                744621230620251
              ]
            ],
            "start_record_envelope_span_ns": 53521,
            "variant": 0
          }
        },
        "variant": 0
      },
      {
        "accepted": true,
        "attempt_id": 68,
        "logical_pair_index": 67,
        "order": [
          "reference"
        ],
        "rejection_reasons": [],
        "retry_ordinal": 0,
        "samples": {
          "reference": {
            "collective_only": {
              "local_ms": 0.07852800190448761,
              "rank_max_ms": 0.07852800190448761,
              "rank_ms": [
                0.07852800190448761,
                0.06563200056552887,
                0.07532799988985062,
                0.07468800246715546
              ]
            },
            "pair_attempt_id": 68,
            "pair_retry_ordinal": 0,
            "position": 0,
            "readiness_probe_exact": true,
            "ready_region": {
              "local_ms": 0.1669439971446991,
              "rank_max_ms": 0.34860798716545105,
              "rank_ms": [
                0.1669439971446991,
                0.34860798716545105,
                0.174112007021904,
                0.174112007021904
              ]
            },
            "sample_index": 67,
            "scheduled_start_arrival_ns_by_rank": [
              744621237732581,
              744621235613424,
              744621235792749,
              744621235610078
            ],
            "scheduled_start_target_ns_by_rank": [
              744621242732581,
              744621242732581,
              744621242732581,
              744621242732581
            ],
            "start_record_bracket_ns_by_rank": [
              [
                744621242733599,
                744621242776063
              ],
              [
                744621242737516,
                744621242800587
              ],
              [
                744621242733653,
                744621242781949
              ],
              [
                744621242733516,
                744621242781031
              ]
            ],
            "start_record_envelope_span_ns": 67071,
            "variant": 1
          }
        },
        "variant": 1
      },
      {
        "accepted": true,
        "attempt_id": 69,
        "logical_pair_index": 68,
        "order": [
          "reference"
        ],
        "rejection_reasons": [],
        "retry_ordinal": 0,
        "samples": {
          "reference": {
            "collective_only": {
              "local_ms": 0.06207999959588051,
              "rank_max_ms": 0.06207999959588051,
              "rank_ms": [
                0.06207999959588051,
                0.05430399999022484,
                0.05942400172352791,
                0.06054399907588959
              ]
            },
            "pair_attempt_id": 69,
            "pair_retry_ordinal": 0,
            "position": 0,
            "readiness_probe_exact": true,
            "ready_region": {
              "local_ms": 0.17398400604724884,
              "rank_max_ms": 0.2425280064344406,
              "rank_ms": [
                0.17398400604724884,
                0.2425280064344406,
                0.17180800437927246,
                0.18806399405002594
              ]
            },
            "sample_index": 68,
            "scheduled_start_arrival_ns_by_rank": [
              744621248856053,
              744621249332638,
              744621248752463,
              744621248431760
            ],
            "scheduled_start_target_ns_by_rank": [
              744621254332638,
              744621254332638,
              744621254332638,
              744621254332638
            ],
            "start_record_bracket_ns_by_rank": [
              [
                744621254333720,
                744621254379187
              ],
              [
                744621254335599,
                744621254391691
              ],
              [
                744621254333652,
                744621254382559
              ],
              [
                744621254333569,
                744621254382242
              ]
            ],
            "start_record_envelope_span_ns": 58122,
            "variant": 0
          }
        },
        "variant": 0
      },
      {
        "accepted": true,
        "attempt_id": 70,
        "logical_pair_index": 69,
        "order": [
          "reference"
        ],
        "rejection_reasons": [],
        "retry_ordinal": 0,
        "samples": {
          "reference": {
            "collective_only": {
              "local_ms": 0.050144001841545105,
              "rank_max_ms": 0.050144001841545105,
              "rank_ms": [
                0.050144001841545105,
                0.04464000090956688,
                0.04758400097489357,
                0.04499199986457825
              ]
            },
            "pair_attempt_id": 70,
            "pair_retry_ordinal": 0,
            "position": 0,
            "readiness_probe_exact": true,
            "ready_region": {
              "local_ms": 0.16873599588871002,
              "rank_max_ms": 0.2226880043745041,
              "rank_ms": [
                0.16873599588871002,
                0.2226880043745041,
                0.16128000617027283,
                0.17260800302028656
              ]
            },
            "sample_index": 69,
            "scheduled_start_arrival_ns_by_rank": [
              744621259419934,
              744621258604617,
              744621258699184,
              744621258761006
            ],
            "scheduled_start_target_ns_by_rank": [
              744621264419934,
              744621264419934,
              744621264419934,
              744621264419934
            ],
            "start_record_bracket_ns_by_rank": [
              [
                744621264420766,
                744621264463076
              ],
              [
                744621264423095,
                744621264468248
              ],
              [
                744621264420894,
                744621264465086
              ],
              [
                744621264420751,
                744621264466501
              ]
            ],
            "start_record_envelope_span_ns": 47497,
            "variant": 1
          }
        },
        "variant": 1
      },
      {
        "accepted": true,
        "attempt_id": 71,
        "logical_pair_index": 70,
        "order": [
          "reference"
        ],
        "rejection_reasons": [],
        "retry_ordinal": 0,
        "samples": {
          "reference": {
            "collective_only": {
              "local_ms": 0.08675199747085571,
              "rank_max_ms": 0.08675199747085571,
              "rank_ms": [
                0.08675199747085571,
                0.060416001826524734,
                0.07631999999284744,
                0.06518399715423584
              ]
            },
            "pair_attempt_id": 71,
            "pair_retry_ordinal": 0,
            "position": 0,
            "readiness_probe_exact": true,
            "ready_region": {
              "local_ms": 0.2033279985189438,
              "rank_max_ms": 0.30294400453567505,
              "rank_ms": [
                0.2033279985189438,
                0.30294400453567505,
                0.20659199357032776,
                0.22748799622058868
              ]
            },
            "sample_index": 70,
            "scheduled_start_arrival_ns_by_rank": [
              744621269953662,
              744621269799172,
              744621269764944,
              744621269861221
            ],
            "scheduled_start_target_ns_by_rank": [
              744621274953662,
              744621274953662,
              744621274953662,
              744621274953662
            ],
            "start_record_bracket_ns_by_rank": [
              [
                744621274955084,
                744621275010937
              ],
              [
                744621274957153,
                744621275035916
              ],
              [
                744621274954717,
                744621275012752
              ],
              [
                744621274955351,
                744621275023990
              ]
            ],
            "start_record_envelope_span_ns": 81199,
            "variant": 0
          }
        },
        "variant": 0
      },
      {
        "accepted": true,
        "attempt_id": 72,
        "logical_pair_index": 71,
        "order": [
          "reference"
        ],
        "rejection_reasons": [],
        "retry_ordinal": 0,
        "samples": {
          "reference": {
            "collective_only": {
              "local_ms": 0.052352000027894974,
              "rank_max_ms": 0.08313599973917007,
              "rank_ms": [
                0.052352000027894974,
                0.08313599973917007,
                0.06172800064086914,
                0.030112000182271004
              ]
            },
            "pair_attempt_id": 72,
            "pair_retry_ordinal": 0,
            "position": 0,
            "readiness_probe_exact": true,
            "ready_region": {
              "local_ms": 0.3646720051765442,
              "rank_max_ms": 0.3646720051765442,
              "rank_ms": [
                0.3646720051765442,
                0.18118399381637573,
                0.18105599284172058,
                0.16812799870967865
              ]
            },
            "sample_index": 71,
            "scheduled_start_arrival_ns_by_rank": [
              744621279557728,
              744621279719203,
              744621279870109,
              744621279865608
            ],
            "scheduled_start_target_ns_by_rank": [
              744621284870109,
              744621284870109,
              744621284870109,
              744621284870109
            ],
            "start_record_bracket_ns_by_rank": [
              [
                744621284896511,
                744621284928802
              ],
              [
                744621284870829,
                744621284897210
              ],
              [
                744621284881508,
                744621284919859
              ],
              [
                744621284910888,
                744621284947041
              ]
            ],
            "start_record_envelope_span_ns": 76212,
            "variant": 1
          }
        },
        "variant": 1
      },
      {
        "accepted": false,
        "attempt_id": 73,
        "logical_pair_index": 72,
        "order": [
          "reference"
        ],
        "rejection_reasons": [
          {
            "limit_ns": 500000,
            "side": "reference",
            "start_record_envelope_span_ns": 664768
          }
        ],
        "retry_ordinal": 0,
        "samples": {
          "reference": {
            "collective_only": {
              "local_ms": 0.012608000077307224,
              "rank_max_ms": 0.7365760207176208,
              "rank_ms": [
                0.012608000077307224,
                0.7315840125083923,
                0.7365760207176208,
                0.7314879894256592
              ]
            },
            "pair_attempt_id": 73,
            "pair_retry_ordinal": 0,
            "position": 0,
            "readiness_probe_exact": true,
            "ready_region": {
              "local_ms": 0.12399999797344208,
              "rank_max_ms": 0.7470080256462097,
              "rank_ms": [
                0.12399999797344208,
                0.7416960000991821,
                0.7470080256462097,
                0.7415680289268494
              ]
            },
            "sample_index": 72,
            "scheduled_start_arrival_ns_by_rank": [
              744621289492798,
              744621289340752,
              744621289443151,
              744621289470090
            ],
            "scheduled_start_target_ns_by_rank": [
              744621294492798,
              744621294492798,
              744621294492798,
              744621294492798
            ],
            "start_record_bracket_ns_by_rank": [
              [
                744621294493953,
                744621295158594
              ],
              [
                744621294495517,
                744621294549734
              ],
              [
                744621294493826,
                744621294538762
              ],
              [
                744621294493971,
                744621294543227
              ]
            ],
            "start_record_envelope_span_ns": 664768,
            "variant": 0
          }
        },
        "variant": 0
      },
      {
        "accepted": true,
        "attempt_id": 74,
        "logical_pair_index": 72,
        "order": [
          "reference"
        ],
        "rejection_reasons": [],
        "retry_ordinal": 1,
        "samples": {
          "reference": {
            "collective_only": {
              "local_ms": 0.06415999680757523,
              "rank_max_ms": 0.06415999680757523,
              "rank_ms": [
                0.06415999680757523,
                0.05215999856591225,
                0.06204799935221672,
                0.05798399820923805
              ]
            },
            "pair_attempt_id": 74,
            "pair_retry_ordinal": 1,
            "position": 0,
            "readiness_probe_exact": true,
            "ready_region": {
              "local_ms": 0.16329599916934967,
              "rank_max_ms": 0.26499199867248535,
              "rank_ms": [
                0.16329599916934967,
                0.26499199867248535,
                0.17555199563503265,
                0.1913599967956543
              ]
            },
            "sample_index": 72,
            "scheduled_start_arrival_ns_by_rank": [
              744621300214031,
              744621299953503,
              744621300052916,
              744621300273722
            ],
            "scheduled_start_target_ns_by_rank": [
              744621305273722,
              744621305273722,
              744621305273722,
              744621305273722
            ],
            "start_record_bracket_ns_by_rank": [
              [
                744621305274811,
                744621305318139
              ],
              [
                744621305277141,
                744621305332171
              ],
              [
                744621305274842,
                744621305321193
              ],
              [
                744621305275404,
                744621305323789
              ]
            ],
            "start_record_envelope_span_ns": 57360,
            "variant": 1
          }
        },
        "variant": 1
      },
      {
        "accepted": true,
        "attempt_id": 75,
        "logical_pair_index": 73,
        "order": [
          "reference"
        ],
        "rejection_reasons": [],
        "retry_ordinal": 0,
        "samples": {
          "reference": {
            "collective_only": {
              "local_ms": 0.04972799867391586,
              "rank_max_ms": 0.05036799982190132,
              "rank_ms": [
                0.04972799867391586,
                0.04649600014090538,
                0.047359999269247055,
                0.05036799982190132
              ]
            },
            "pair_attempt_id": 75,
            "pair_retry_ordinal": 0,
            "position": 0,
            "readiness_probe_exact": true,
            "ready_region": {
              "local_ms": 0.1467200070619583,
              "rank_max_ms": 0.22604799270629883,
              "rank_ms": [
                0.1467200070619583,
                0.22604799270629883,
                0.1719360053539276,
                0.15331199765205383
              ]
            },
            "sample_index": 73,
            "scheduled_start_arrival_ns_by_rank": [
              744621309691777,
              744621309630873,
              744621309690954,
              744621309693678
            ],
            "scheduled_start_target_ns_by_rank": [
              744621314693678,
              744621314693678,
              744621314693678,
              744621314693678
            ],
            "start_record_bracket_ns_by_rank": [
              [
                744621314694456,
                744621314735721
              ],
              [
                744621314695870,
                744621314742421
              ],
              [
                744621314695428,
                744621314739530
              ],
              [
                744621314694671,
                744621314733731
              ]
            ],
            "start_record_envelope_span_ns": 47965,
            "variant": 0
          }
        },
        "variant": 0
      },
      {
        "accepted": true,
        "attempt_id": 76,
        "logical_pair_index": 74,
        "order": [
          "reference"
        ],
        "rejection_reasons": [],
        "retry_ordinal": 0,
        "samples": {
          "reference": {
            "collective_only": {
              "local_ms": 0.05385600030422211,
              "rank_max_ms": 0.05385600030422211,
              "rank_ms": [
                0.05385600030422211,
                0.04575999826192856,
                0.052319999784231186,
                0.0514880008995533
              ]
            },
            "pair_attempt_id": 76,
            "pair_retry_ordinal": 0,
            "position": 0,
            "readiness_probe_exact": true,
            "ready_region": {
              "local_ms": 0.14496000111103058,
              "rank_max_ms": 0.22630399465560913,
              "rank_ms": [
                0.14496000111103058,
                0.22630399465560913,
                0.14979200065135956,
                0.15216000378131866
              ]
            },
            "sample_index": 74,
            "scheduled_start_arrival_ns_by_rank": [
              744621319707755,
              744621319628312,
              744621319693167,
              744621319665250
            ],
            "scheduled_start_target_ns_by_rank": [
              744621324707755,
              744621324707755,
              744621324707755,
              744621324707755
            ],
            "start_record_bracket_ns_by_rank": [
              [
                744621324708909,
                744621324747029
              ],
              [
                744621324710429,
                744621324758741
              ],
              [
                744621324708847,
                744621324748268
              ],
              [
                744621324708733,
                744621324749050
              ]
            ],
            "start_record_envelope_span_ns": 50008,
            "variant": 1
          }
        },
        "variant": 1
      },
      {
        "accepted": true,
        "attempt_id": 77,
        "logical_pair_index": 75,
        "order": [
          "reference"
        ],
        "rejection_reasons": [],
        "retry_ordinal": 0,
        "samples": {
          "reference": {
            "collective_only": {
              "local_ms": 0.06428799778223038,
              "rank_max_ms": 0.06428799778223038,
              "rank_ms": [
                0.06428799778223038,
                0.047680001705884933,
                0.03606399893760681,
                0.06143999844789505
              ]
            },
            "pair_attempt_id": 77,
            "pair_retry_ordinal": 0,
            "position": 0,
            "readiness_probe_exact": true,
            "ready_region": {
              "local_ms": 0.14105600118637085,
              "rank_max_ms": 0.22115199267864227,
              "rank_ms": [
                0.14105600118637085,
                0.22115199267864227,
                0.14617599546909332,
                0.15756799280643463
              ]
            },
            "sample_index": 75,
            "scheduled_start_arrival_ns_by_rank": [
              744621333965242,
              744621332801696,
              744621332958369,
              744621332650810
            ],
            "scheduled_start_target_ns_by_rank": [
              744621338965242,
              744621338965242,
              744621338965242,
              744621338965242
            ],
            "start_record_bracket_ns_by_rank": [
              [
                744621338966045,
                744621338997030
              ],
              [
                744621338966718,
                744621339017032
              ],
              [
                744621338966009,
                744621339027339
              ],
              [
                744621338965818,
                744621339022637
              ]
            ],
            "start_record_envelope_span_ns": 61521,
            "variant": 0
          }
        },
        "variant": 0
      },
      {
        "accepted": true,
        "attempt_id": 78,
        "logical_pair_index": 76,
        "order": [
          "reference"
        ],
        "rejection_reasons": [],
        "retry_ordinal": 0,
        "samples": {
          "reference": {
            "collective_only": {
              "local_ms": 0.03455999866127968,
              "rank_max_ms": 0.03580800071358681,
              "rank_ms": [
                0.03455999866127968,
                0.03580800071358681,
                0.031199999153614044,
                0.03276799991726875
              ]
            },
            "pair_attempt_id": 78,
            "pair_retry_ordinal": 0,
            "position": 0,
            "readiness_probe_exact": true,
            "ready_region": {
              "local_ms": 0.13491199910640717,
              "rank_max_ms": 0.17670400440692902,
              "rank_ms": [
                0.13491199910640717,
                0.17670400440692902,
                0.13849599659442902,
                0.14086399972438812
              ]
            },
            "sample_index": 76,
            "scheduled_start_arrival_ns_by_rank": [
              744621342583685,
              744621342493089,
              744621342663917,
              744621342739438
            ],
            "scheduled_start_target_ns_by_rank": [
              744621347739438,
              744621347739438,
              744621347739438,
              744621347739438
            ],
            "start_record_bracket_ns_by_rank": [
              [
                744621347740145,
                744621347774817
              ],
              [
                744621347740063,
                744621347775229
              ],
              [
                744621347740202,
                744621347776219
              ],
              [
                744621347740135,
                744621347776932
              ]
            ],
            "start_record_envelope_span_ns": 36869,
            "variant": 1
          }
        },
        "variant": 1
      },
      {
        "accepted": true,
        "attempt_id": 79,
        "logical_pair_index": 77,
        "order": [
          "reference"
        ],
        "rejection_reasons": [],
        "retry_ordinal": 0,
        "samples": {
          "reference": {
            "collective_only": {
              "local_ms": 0.013344000093638897,
              "rank_max_ms": 0.1241919994354248,
              "rank_ms": [
                0.013344000093638897,
                0.11692799627780914,
                0.1241919994354248,
                0.12115199863910675
              ]
            },
            "pair_attempt_id": 79,
            "pair_retry_ordinal": 0,
            "position": 0,
            "readiness_probe_exact": true,
            "ready_region": {
              "local_ms": 0.06569600105285645,
              "rank_max_ms": 0.26070401072502136,
              "rank_ms": [
                0.06569600105285645,
                0.26070401072502136,
                0.17027199268341064,
                0.17689600586891174
              ]
            },
            "sample_index": 77,
            "scheduled_start_arrival_ns_by_rank": [
              744621351935085,
              744621351712158,
              744621351725853,
              744621351836973
            ],
            "scheduled_start_target_ns_by_rank": [
              744621356935085,
              744621356935085,
              744621356935085,
              744621356935085
            ],
            "start_record_bracket_ns_by_rank": [
              [
                744621356936090,
                744621356977741
              ],
              [
                744621356937580,
                744621356983661
              ],
              [
                744621356935954,
                744621356975306
              ],
              [
                744621356935917,
                744621356977934
              ]
            ],
            "start_record_envelope_span_ns": 47744,
            "variant": 0
          }
        },
        "variant": 0
      },
      {
        "accepted": true,
        "attempt_id": 80,
        "logical_pair_index": 78,
        "order": [
          "reference"
        ],
        "rejection_reasons": [],
        "retry_ordinal": 0,
        "samples": {
          "reference": {
            "collective_only": {
              "local_ms": 0.40796801447868347,
              "rank_max_ms": 0.4201599955558777,
              "rank_ms": [
                0.40796801447868347,
                0.4201599955558777,
                0.3253119885921478,
                0.026847999542951584
              ]
            },
            "pair_attempt_id": 80,
            "pair_retry_ordinal": 0,
            "position": 0,
            "readiness_probe_exact": true,
            "ready_region": {
              "local_ms": 0.41788798570632935,
              "rank_max_ms": 0.42819198966026306,
              "rank_ms": [
                0.41788798570632935,
                0.42819198966026306,
                0.333407998085022,
                0.15056000649929047
              ]
            },
            "sample_index": 78,
            "scheduled_start_arrival_ns_by_rank": [
              744621362694887,
              744621362544685,
              744621362646513,
              744621362684208
            ],
            "scheduled_start_target_ns_by_rank": [
              744621367694887,
              744621367694887,
              744621367694887,
              744621367694887
            ],
            "start_record_bracket_ns_by_rank": [
              [
                744621367705182,
                744621367735392
              ],
              [
                744621367695413,
                744621367722366
              ],
              [
                744621367784792,
                744621367816399
              ],
              [
                744621368080004,
                744621368111407
              ]
            ],
            "start_record_envelope_span_ns": 415994,
            "variant": 1
          }
        },
        "variant": 1
      },
      {
        "accepted": true,
        "attempt_id": 81,
        "logical_pair_index": 79,
        "order": [
          "reference"
        ],
        "rejection_reasons": [],
        "retry_ordinal": 0,
        "samples": {
          "reference": {
            "collective_only": {
              "local_ms": 0.030880000442266464,
              "rank_max_ms": 0.20083199441432953,
              "rank_ms": [
                0.030880000442266464,
                0.1990080028772354,
                0.20083199441432953,
                0.19606399536132812
              ]
            },
            "pair_attempt_id": 81,
            "pair_retry_ordinal": 0,
            "position": 0,
            "readiness_probe_exact": true,
            "ready_region": {
              "local_ms": 0.18649600446224213,
              "rank_max_ms": 0.21004800498485565,
              "rank_ms": [
                0.18649600446224213,
                0.20918400585651398,
                0.21004800498485565,
                0.20608000457286835
              ]
            },
            "sample_index": 79,
            "scheduled_start_arrival_ns_by_rank": [
              744621373810100,
              744621373632631,
              744621373929283,
              744621373688784
            ],
            "scheduled_start_target_ns_by_rank": [
              744621378929283,
              744621378929283,
              744621378929283,
              744621378929283
            ],
            "start_record_bracket_ns_by_rank": [
              [
                744621379099908,
                744621379133849
              ],
              [
                744621378931413,
                744621378968801
              ],
              [
                744621378930792,
                744621378968610
              ],
              [
                744621378930170,
                744621378966021
              ]
            ],
            "start_record_envelope_span_ns": 203679,
            "variant": 0
          }
        },
        "variant": 0
      },
      {
        "accepted": true,
        "attempt_id": 82,
        "logical_pair_index": 80,
        "order": [
          "reference"
        ],
        "rejection_reasons": [],
        "retry_ordinal": 0,
        "samples": {
          "reference": {
            "collective_only": {
              "local_ms": 0.05023999884724617,
              "rank_max_ms": 0.0506879985332489,
              "rank_ms": [
                0.05023999884724617,
                0.043327998369932175,
                0.0506879985332489,
                0.04927999898791313
              ]
            },
            "pair_attempt_id": 82,
            "pair_retry_ordinal": 0,
            "position": 0,
            "readiness_probe_exact": true,
            "ready_region": {
              "local_ms": 0.16102400422096252,
              "rank_max_ms": 0.2635520100593567,
              "rank_ms": [
                0.16102400422096252,
                0.2635520100593567,
                0.1555519998073578,
                0.16387200355529785
              ]
            },
            "sample_index": 80,
            "scheduled_start_arrival_ns_by_rank": [
              744621382810808,
              744621382675368,
              744621382902538,
              744621382672299
            ],
            "scheduled_start_target_ns_by_rank": [
              744621387902538,
              744621387902538,
              744621387902538,
              744621387902538
            ],
            "start_record_bracket_ns_by_rank": [
              [
                744621387903527,
                744621387939114
              ],
              [
                744621387904960,
                744621387948278
              ],
              [
                744621387903374,
                744621387938893
              ],
              [
                744621387903482,
                744621387939809
              ]
            ],
            "start_record_envelope_span_ns": 44904,
            "variant": 1
          }
        },
        "variant": 1
      },
      {
        "accepted": true,
        "attempt_id": 83,
        "logical_pair_index": 81,
        "order": [
          "reference"
        ],
        "rejection_reasons": [],
        "retry_ordinal": 0,
        "samples": {
          "reference": {
            "collective_only": {
              "local_ms": 0.04105599969625473,
              "rank_max_ms": 0.04150399938225746,
              "rank_ms": [
                0.04105599969625473,
                0.04150399938225746,
                0.04016000032424927,
                0.03420799970626831
              ]
            },
            "pair_attempt_id": 83,
            "pair_retry_ordinal": 0,
            "position": 0,
            "readiness_probe_exact": true,
            "ready_region": {
              "local_ms": 0.15318399667739868,
              "rank_max_ms": 0.20137600600719452,
              "rank_ms": [
                0.15318399667739868,
                0.20137600600719452,
                0.15199999511241913,
                0.16368000209331512
              ]
            },
            "sample_index": 81,
            "scheduled_start_arrival_ns_by_rank": [
              744621392623776,
              744621392582544,
              744621392642491,
              744621392653321
            ],
            "scheduled_start_target_ns_by_rank": [
              744621397653321,
              744621397653321,
              744621397653321,
              744621397653321
            ],
            "start_record_bracket_ns_by_rank": [
              [
                744621397654260,
                744621397691426
              ],
              [
                744621397654503,
                744621397691241
              ],
              [
                744621397654337,
                744621397691818
              ],
              [
                744621397654165,
                744621397696476
              ]
            ],
            "start_record_envelope_span_ns": 42311,
            "variant": 0
          }
        },
        "variant": 0
      },
      {
        "accepted": true,
        "attempt_id": 84,
        "logical_pair_index": 82,
        "order": [
          "reference"
        ],
        "rejection_reasons": [],
        "retry_ordinal": 0,
        "samples": {
          "reference": {
            "collective_only": {
              "local_ms": 0.040352001786231995,
              "rank_max_ms": 0.040352001786231995,
              "rank_ms": [
                0.040352001786231995,
                0.035392001271247864,
                0.03961599990725517,
                0.03500799834728241
              ]
            },
            "pair_attempt_id": 84,
            "pair_retry_ordinal": 0,
            "position": 0,
            "readiness_probe_exact": true,
            "ready_region": {
              "local_ms": 0.13340799510478973,
              "rank_max_ms": 0.18217599391937256,
              "rank_ms": [
                0.13340799510478973,
                0.18217599391937256,
                0.1377280056476593,
                0.13859200477600098
              ]
            },
            "sample_index": 82,
            "scheduled_start_arrival_ns_by_rank": [
              744621402063613,
              744621401856481,
              744621402035268,
              744621402241796
            ],
            "scheduled_start_target_ns_by_rank": [
              744621407241796,
              744621407241796,
              744621407241796,
              744621407241796
            ],
            "start_record_bracket_ns_by_rank": [
              [
                744621407242800,
                744621407275962
              ],
              [
                744621407243692,
                744621407280157
              ],
              [
                744621407242679,
                744621407277049
              ],
              [
                744621407242615,
                744621407277147
              ]
            ],
            "start_record_envelope_span_ns": 37542,
            "variant": 1
          }
        },
        "variant": 1
      },
      {
        "accepted": true,
        "attempt_id": 85,
        "logical_pair_index": 83,
        "order": [
          "reference"
        ],
        "rejection_reasons": [],
        "retry_ordinal": 0,
        "samples": {
          "reference": {
            "collective_only": {
              "local_ms": 0.03564799949526787,
              "rank_max_ms": 0.03564799949526787,
              "rank_ms": [
                0.03564799949526787,
                0.03219199925661087,
                0.035551998764276505,
                0.03299200162291527
              ]
            },
            "pair_attempt_id": 85,
            "pair_retry_ordinal": 0,
            "position": 0,
            "readiness_probe_exact": true,
            "ready_region": {
              "local_ms": 0.13142399489879608,
              "rank_max_ms": 0.18063999712467194,
              "rank_ms": [
                0.13142399489879608,
                0.18063999712467194,
                0.12268800288438797,
                0.13468800485134125
              ]
            },
            "sample_index": 83,
            "scheduled_start_arrival_ns_by_rank": [
              744621412960052,
              744621412890422,
              744621412733227,
              744621413048820
            ],
            "scheduled_start_target_ns_by_rank": [
              744621418048820,
              744621418048820,
              744621418048820,
              744621418048820
            ],
            "start_record_bracket_ns_by_rank": [
              [
                744621418049571,
                744621418076148
              ],
              [
                744621418050504,
                744621418079315
              ],
              [
                744621418049871,
                744621418075895
              ],
              [
                744621418049594,
                744621418078879
              ]
            ],
            "start_record_envelope_span_ns": 29744,
            "variant": 0
          }
        },
        "variant": 0
      },
      {
        "accepted": true,
        "attempt_id": 86,
        "logical_pair_index": 84,
        "order": [
          "reference"
        ],
        "rejection_reasons": [],
        "retry_ordinal": 0,
        "samples": {
          "reference": {
            "collective_only": {
              "local_ms": 0.03452799841761589,
              "rank_max_ms": 0.03574400022625923,
              "rank_ms": [
                0.03452799841761589,
                0.035360001027584076,
                0.0318400003015995,
                0.03574400022625923
              ]
            },
            "pair_attempt_id": 86,
            "pair_retry_ordinal": 0,
            "position": 0,
            "readiness_probe_exact": true,
            "ready_region": {
              "local_ms": 0.13142399489879608,
              "rank_max_ms": 0.17315199971199036,
              "rank_ms": [
                0.13142399489879608,
                0.17315199971199036,
                0.13574400544166565,
                0.12611199915409088
              ]
            },
            "sample_index": 84,
            "scheduled_start_arrival_ns_by_rank": [
              744621422296898,
              744621422160092,
              744621421879012,
              744621422259820
            ],
            "scheduled_start_target_ns_by_rank": [
              744621427296898,
              744621427296898,
              744621427296898,
              744621427296898
            ],
            "start_record_bracket_ns_by_rank": [
              [
                744621427297717,
                744621427330040
              ],
              [
                744621427298459,
                744621427330336
              ],
              [
                744621427297778,
                744621427331798
              ],
              [
                744621427298026,
                744621427329857
              ]
            ],
            "start_record_envelope_span_ns": 34081,
            "variant": 1
          }
        },
        "variant": 1
      },
      {
        "accepted": true,
        "attempt_id": 87,
        "logical_pair_index": 85,
        "order": [
          "reference"
        ],
        "rejection_reasons": [],
        "retry_ordinal": 0,
        "samples": {
          "reference": {
            "collective_only": {
              "local_ms": 0.04793599992990494,
              "rank_max_ms": 0.04793599992990494,
              "rank_ms": [
                0.04793599992990494,
                0.04262400045990944,
                0.04560000076889992,
                0.04601600021123886
              ]
            },
            "pair_attempt_id": 87,
            "pair_retry_ordinal": 0,
            "position": 0,
            "readiness_probe_exact": true,
            "ready_region": {
              "local_ms": 0.14281600713729858,
              "rank_max_ms": 0.19859200716018677,
              "rank_ms": [
                0.14281600713729858,
                0.19859200716018677,
                0.14771200716495514,
                0.12390399724245071
              ]
            },
            "sample_index": 85,
            "scheduled_start_arrival_ns_by_rank": [
              744621431575360,
              744621431418886,
              744621431641577,
              744621431440918
            ],
            "scheduled_start_target_ns_by_rank": [
              744621436641577,
              744621436641577,
              744621436641577,
              744621436641577
            ],
            "start_record_bracket_ns_by_rank": [
              [
                744621436642507,
                744621436677719
              ],
              [
                744621436643525,
                744621436684080
              ],
              [
                744621436642657,
                744621436680654
              ],
              [
                744621436642064,
                744621436675540
              ]
            ],
            "start_record_envelope_span_ns": 42016,
            "variant": 0
          }
        },
        "variant": 0
      },
      {
        "accepted": true,
        "attempt_id": 88,
        "logical_pair_index": 86,
        "order": [
          "reference"
        ],
        "rejection_reasons": [],
        "retry_ordinal": 0,
        "samples": {
          "reference": {
            "collective_only": {
              "local_ms": 0.0551999993622303,
              "rank_max_ms": 0.0551999993622303,
              "rank_ms": [
                0.0551999993622303,
                0.04483199864625931,
                0.05071999877691269,
                0.0496320016682148
              ]
            },
            "pair_attempt_id": 88,
            "pair_retry_ordinal": 0,
            "position": 0,
            "readiness_probe_exact": true,
            "ready_region": {
              "local_ms": 0.15535999834537506,
              "rank_max_ms": 0.23155200481414795,
              "rank_ms": [
                0.15535999834537506,
                0.23155200481414795,
                0.16121600568294525,
                0.15334400534629822
              ]
            },
            "sample_index": 86,
            "scheduled_start_arrival_ns_by_rank": [
              744621440668403,
              744621440542101,
              744621440629261,
              744621440686137
            ],
            "scheduled_start_target_ns_by_rank": [
              744621445686137,
              744621445686137,
              744621445686137,
              744621445686137
            ],
            "start_record_bracket_ns_by_rank": [
              [
                744621445687130,
                744621445723613
              ],
              [
                744621445688616,
                744621445735466
              ],
              [
                744621445687106,
                744621445728978
              ],
              [
                744621445687173,
                744621445726698
              ]
            ],
            "start_record_envelope_span_ns": 48360,
            "variant": 1
          }
        },
        "variant": 1
      },
      {
        "accepted": true,
        "attempt_id": 89,
        "logical_pair_index": 87,
        "order": [
          "reference"
        ],
        "rejection_reasons": [],
        "retry_ordinal": 0,
        "samples": {
          "reference": {
            "collective_only": {
              "local_ms": 0.04070400074124336,
              "rank_max_ms": 0.05651199817657471,
              "rank_ms": [
                0.04070400074124336,
                0.05651199817657471,
                0.05299200117588043,
                0.05100800096988678
              ]
            },
            "pair_attempt_id": 89,
            "pair_retry_ordinal": 0,
            "position": 0,
            "readiness_probe_exact": true,
            "ready_region": {
              "local_ms": 0.20428800582885742,
              "rank_max_ms": 0.20428800582885742,
              "rank_ms": [
                0.20428800582885742,
                0.16387200355529785,
                0.14927999675273895,
                0.15334400534629822
              ]
            },
            "sample_index": 87,
            "scheduled_start_arrival_ns_by_rank": [
              744621450906935,
              744621450787558,
              744621450704163,
              744621450636061
            ],
            "scheduled_start_target_ns_by_rank": [
              744621455906935,
              744621455906935,
              744621455906935,
              744621455906935
            ],
            "start_record_bracket_ns_by_rank": [
              [
                744621455909305,
                744621455953563
              ],
              [
                744621455908317,
                744621455937782
              ],
              [
                744621455907854,
                744621455940335
              ],
              [
                744621455907771,
                744621455943415
              ]
            ],
            "start_record_envelope_span_ns": 45792,
            "variant": 0
          }
        },
        "variant": 0
      },
      {
        "accepted": true,
        "attempt_id": 90,
        "logical_pair_index": 88,
        "order": [
          "reference"
        ],
        "rejection_reasons": [],
        "retry_ordinal": 0,
        "samples": {
          "reference": {
            "collective_only": {
              "local_ms": 0.04303999990224838,
              "rank_max_ms": 0.05462399870157242,
              "rank_ms": [
                0.04303999990224838,
                0.053408000618219376,
                0.04902400076389313,
                0.05462399870157242
              ]
            },
            "pair_attempt_id": 90,
            "pair_retry_ordinal": 0,
            "position": 0,
            "readiness_probe_exact": true,
            "ready_region": {
              "local_ms": 0.19599999487400055,
              "rank_max_ms": 0.19599999487400055,
              "rank_ms": [
                0.19599999487400055,
                0.1579200029373169,
                0.14287999272346497,
                0.13795199990272522
              ]
            },
            "sample_index": 88,
            "scheduled_start_arrival_ns_by_rank": [
              744621459742905,
              744621460355441,
              744621459938789,
              744621459802394
            ],
            "scheduled_start_target_ns_by_rank": [
              744621465355441,
              744621465355441,
              744621465355441,
              744621465355441
            ],
            "start_record_bracket_ns_by_rank": [
              [
                744621465357958,
                744621465404388
              ],
              [
                744621465357011,
                744621465393286
              ],
              [
                744621465356345,
                744621465393681
              ],
              [
                744621465356271,
                744621465391291
              ]
            ],
            "start_record_envelope_span_ns": 48117,
            "variant": 1
          }
        },
        "variant": 1
      },
      {
        "accepted": true,
        "attempt_id": 91,
        "logical_pair_index": 89,
        "order": [
          "reference"
        ],
        "rejection_reasons": [],
        "retry_ordinal": 0,
        "samples": {
          "reference": {
            "collective_only": {
              "local_ms": 0.04265600070357323,
              "rank_max_ms": 0.04435199871659279,
              "rank_ms": [
                0.04265600070357323,
                0.04435199871659279,
                0.03545600175857544,
                0.032607998698949814
              ]
            },
            "pair_attempt_id": 91,
            "pair_retry_ordinal": 0,
            "position": 0,
            "readiness_probe_exact": true,
            "ready_region": {
              "local_ms": 0.13548800349235535,
              "rank_max_ms": 0.16495999693870544,
              "rank_ms": [
                0.13548800349235535,
                0.16495999693870544,
                0.15222400426864624,
                0.15459200739860535
              ]
            },
            "sample_index": 89,
            "scheduled_start_arrival_ns_by_rank": [
              744621469996605,
              744621469909280,
              744621470087297,
              744621470246397
            ],
            "scheduled_start_target_ns_by_rank": [
              744621475246397,
              744621475246397,
              744621475246397,
              744621475246397
            ],
            "start_record_bracket_ns_by_rank": [
              [
                744621475247410,
                744621475279749
              ],
              [
                744621475247430,
                744621475279274
              ],
              [
                744621475247358,
                744621475287197
              ],
              [
                744621475247408,
                744621475287002
              ]
            ],
            "start_record_envelope_span_ns": 39839,
            "variant": 0
          }
        },
        "variant": 0
      },
      {
        "accepted": true,
        "attempt_id": 92,
        "logical_pair_index": 90,
        "order": [
          "reference"
        ],
        "rejection_reasons": [],
        "retry_ordinal": 0,
        "samples": {
          "reference": {
            "collective_only": {
              "local_ms": 0.03747199848294258,
              "rank_max_ms": 0.04995200037956238,
              "rank_ms": [
                0.03747199848294258,
                0.04995200037956238,
                0.04022400081157684,
                0.04620800167322159
              ]
            },
            "pair_attempt_id": 92,
            "pair_retry_ordinal": 0,
            "position": 0,
            "readiness_probe_exact": true,
            "ready_region": {
              "local_ms": 0.1876160055398941,
              "rank_max_ms": 0.1876160055398941,
              "rank_ms": [
                0.1876160055398941,
                0.17983999848365784,
                0.16816000640392303,
                0.16256000101566315
              ]
            },
            "sample_index": 90,
            "scheduled_start_arrival_ns_by_rank": [
              744621480596141,
              744621480649387,
              744621480747312,
              744621480886573
            ],
            "scheduled_start_target_ns_by_rank": [
              744621485886573,
              744621485886573,
              744621485886573,
              744621485886573
            ],
            "start_record_bracket_ns_by_rank": [
              [
                744621485888231,
                744621485930735
              ],
              [
                744621485887369,
                744621485918585
              ],
              [
                744621485887925,
                744621485928705
              ],
              [
                744621485887386,
                744621485923762
              ]
            ],
            "start_record_envelope_span_ns": 43366,
            "variant": 1
          }
        },
        "variant": 1
      },
      {
        "accepted": true,
        "attempt_id": 93,
        "logical_pair_index": 91,
        "order": [
          "reference"
        ],
        "rejection_reasons": [],
        "retry_ordinal": 0,
        "samples": {
          "reference": {
            "collective_only": {
              "local_ms": 0.05020799860358238,
              "rank_max_ms": 0.052960000932216644,
              "rank_ms": [
                0.05020799860358238,
                0.052960000932216644,
                0.04134399816393852,
                0.037087999284267426
              ]
            },
            "pair_attempt_id": 93,
            "pair_retry_ordinal": 0,
            "position": 0,
            "readiness_probe_exact": true,
            "ready_region": {
              "local_ms": 0.1470080018043518,
              "rank_max_ms": 0.1865919977426529,
              "rank_ms": [
                0.1470080018043518,
                0.1865919977426529,
                0.17350399494171143,
                0.18038399517536163
              ]
            },
            "sample_index": 91,
            "scheduled_start_arrival_ns_by_rank": [
              744621490056727,
              744621490100300,
              744621490349200,
              744621490361196
            ],
            "scheduled_start_target_ns_by_rank": [
              744621495361196,
              744621495361196,
              744621495361196,
              744621495361196
            ],
            "start_record_bracket_ns_by_rank": [
              [
                744621495362472,
                744621495399114
              ],
              [
                744621495362191,
                744621495396542
              ],
              [
                744621495362194,
                744621495407962
              ],
              [
                744621495362499,
                744621495410436
              ]
            ],
            "start_record_envelope_span_ns": 48245,
            "variant": 0
          }
        },
        "variant": 0
      },
      {
        "accepted": true,
        "attempt_id": 94,
        "logical_pair_index": 92,
        "order": [
          "reference"
        ],
        "rejection_reasons": [],
        "retry_ordinal": 0,
        "samples": {
          "reference": {
            "collective_only": {
              "local_ms": 0.046592000871896744,
              "rank_max_ms": 0.046879999339580536,
              "rank_ms": [
                0.046592000871896744,
                0.046879999339580536,
                0.03888000175356865,
                0.03619199991226196
              ]
            },
            "pair_attempt_id": 94,
            "pair_retry_ordinal": 0,
            "position": 0,
            "readiness_probe_exact": true,
            "ready_region": {
              "local_ms": 0.1380160003900528,
              "rank_max_ms": 0.17001600563526154,
              "rank_ms": [
                0.1380160003900528,
                0.17001600563526154,
                0.14803199470043182,
                0.1598079949617386
              ]
            },
            "sample_index": 92,
            "scheduled_start_arrival_ns_by_rank": [
              744621499056629,
              744621499116569,
              744621499420867,
              744621499473005
            ],
            "scheduled_start_target_ns_by_rank": [
              744621504473005,
              744621504473005,
              744621504473005,
              744621504473005
            ],
            "start_record_bracket_ns_by_rank": [
              [
                744621504473573,
                744621504507908
              ],
              [
                744621504473993,
                744621504508316
              ],
              [
                744621504473593,
                744621504516647
              ],
              [
                744621504474363,
                744621504517709
              ]
            ],
            "start_record_envelope_span_ns": 44136,
            "variant": 1
          }
        },
        "variant": 1
      },
      {
        "accepted": true,
        "attempt_id": 95,
        "logical_pair_index": 93,
        "order": [
          "reference"
        ],
        "rejection_reasons": [],
        "retry_ordinal": 0,
        "samples": {
          "reference": {
            "collective_only": {
              "local_ms": 0.041760001331567764,
              "rank_max_ms": 0.041760001331567764,
              "rank_ms": [
                0.041760001331567764,
                0.040192000567913055,
                0.034143999218940735,
                0.03519999980926514
              ]
            },
            "pair_attempt_id": 95,
            "pair_retry_ordinal": 0,
            "position": 0,
            "readiness_probe_exact": true,
            "ready_region": {
              "local_ms": 0.14531199634075165,
              "rank_max_ms": 0.19779199361801147,
              "rank_ms": [
                0.14531199634075165,
                0.19779199361801147,
                0.13977600634098053,
                0.13388800621032715
              ]
            },
            "sample_index": 93,
            "scheduled_start_arrival_ns_by_rank": [
              744621511943502,
              744621511895065,
              744621511920483,
              744621511984983
            ],
            "scheduled_start_target_ns_by_rank": [
              744621516984983,
              744621516984983,
              744621516984983,
              744621516984983
            ],
            "start_record_bracket_ns_by_rank": [
              [
                744621516985519,
                744621517029295
              ],
              [
                744621516986042,
                744621517031053
              ],
              [
                744621516985795,
                744621517034535
              ],
              [
                744621516985495,
                744621517033743
              ]
            ],
            "start_record_envelope_span_ns": 49040,
            "variant": 0
          }
        },
        "variant": 0
      },
      {
        "accepted": true,
        "attempt_id": 96,
        "logical_pair_index": 94,
        "order": [
          "reference"
        ],
        "rejection_reasons": [],
        "retry_ordinal": 0,
        "samples": {
          "reference": {
            "collective_only": {
              "local_ms": 0.04553600028157234,
              "rank_max_ms": 0.04553600028157234,
              "rank_ms": [
                0.04553600028157234,
                0.04073600098490715,
                0.032896000891923904,
                0.03593600168824196
              ]
            },
            "pair_attempt_id": 96,
            "pair_retry_ordinal": 0,
            "position": 0,
            "readiness_probe_exact": true,
            "ready_region": {
              "local_ms": 0.12006399780511856,
              "rank_max_ms": 0.1709119975566864,
              "rank_ms": [
                0.12006399780511856,
                0.1709119975566864,
                0.14480000734329224,
                0.1459520012140274
              ]
            },
            "sample_index": 94,
            "scheduled_start_arrival_ns_by_rank": [
              744621520512372,
              744621520588659,
              744621520433488,
              744621520759291
            ],
            "scheduled_start_target_ns_by_rank": [
              744621525759291,
              744621525759291,
              744621525759291,
              744621525759291
            ],
            "start_record_bracket_ns_by_rank": [
              [
                744621525759852,
                744621525788232
              ],
              [
                744621525760288,
                744621525793175
              ],
              [
                744621525760198,
                744621525798001
              ],
              [
                744621525760284,
                744621525797281
              ]
            ],
            "start_record_envelope_span_ns": 38149,
            "variant": 1
          }
        },
        "variant": 1
      },
      {
        "accepted": true,
        "attempt_id": 97,
        "logical_pair_index": 95,
        "order": [
          "reference"
        ],
        "rejection_reasons": [],
        "retry_ordinal": 0,
        "samples": {
          "reference": {
            "collective_only": {
              "local_ms": 0.03750399872660637,
              "rank_max_ms": 0.043776001781225204,
              "rank_ms": [
                0.03750399872660637,
                0.043776001781225204,
                0.03420799970626831,
                0.035071998834609985
              ]
            },
            "pair_attempt_id": 97,
            "pair_retry_ordinal": 0,
            "position": 0,
            "readiness_probe_exact": true,
            "ready_region": {
              "local_ms": 0.13238400220870972,
              "rank_max_ms": 0.16195200383663177,
              "rank_ms": [
                0.13238400220870972,
                0.15695999562740326,
                0.16195200383663177,
                0.14207999408245087
              ]
            },
            "sample_index": 95,
            "scheduled_start_arrival_ns_by_rank": [
              744621529942113,
              744621529927862,
              744621530060096,
              744621530466398
            ],
            "scheduled_start_target_ns_by_rank": [
              744621535466398,
              744621535466398,
              744621535466398,
              744621535466398
            ],
            "start_record_bracket_ns_by_rank": [
              [
                744621535467490,
                744621535504112
              ],
              [
                744621535467318,
                744621535500286
              ],
              [
                744621535467486,
                744621535508507
              ],
              [
                744621535467267,
                744621535507630
              ]
            ],
            "start_record_envelope_span_ns": 41240,
            "variant": 0
          }
        },
        "variant": 0
      },
      {
        "accepted": true,
        "attempt_id": 98,
        "logical_pair_index": 96,
        "order": [
          "reference"
        ],
        "rejection_reasons": [],
        "retry_ordinal": 0,
        "samples": {
          "reference": {
            "collective_only": {
              "local_ms": 0.046751998364925385,
              "rank_max_ms": 0.05180799961090088,
              "rank_ms": [
                0.046751998364925385,
                0.05180799961090088,
                0.04249599948525429,
                0.03939199820160866
              ]
            },
            "pair_attempt_id": 98,
            "pair_retry_ordinal": 0,
            "position": 0,
            "readiness_probe_exact": true,
            "ready_region": {
              "local_ms": 0.1544959992170334,
              "rank_max_ms": 0.188960000872612,
              "rank_ms": [
                0.1544959992170334,
                0.188960000872612,
                0.17081600427627563,
                0.17843200266361237
              ]
            },
            "sample_index": 96,
            "scheduled_start_arrival_ns_by_rank": [
              744621539115911,
              744621539091435,
              744621539529061,
              744621539509878
            ],
            "scheduled_start_target_ns_by_rank": [
              744621544529061,
              744621544529061,
              744621544529061,
              744621544529061
            ],
            "start_record_bracket_ns_by_rank": [
              [
                744621544530301,
                744621544575099
              ],
              [
                744621544529921,
                744621544569898
              ],
              [
                744621544530106,
                744621544577463
              ],
              [
                744621544530244,
                744621544580553
              ]
            ],
            "start_record_envelope_span_ns": 50632,
            "variant": 1
          }
        },
        "variant": 1
      },
      {
        "accepted": true,
        "attempt_id": 99,
        "logical_pair_index": 97,
        "order": [
          "reference"
        ],
        "rejection_reasons": [],
        "retry_ordinal": 0,
        "samples": {
          "reference": {
            "collective_only": {
              "local_ms": 0.03814399987459183,
              "rank_max_ms": 0.04169600084424019,
              "rank_ms": [
                0.03814399987459183,
                0.04169600084424019,
                0.035392001271247864,
                0.031136000528931618
              ]
            },
            "pair_attempt_id": 99,
            "pair_retry_ordinal": 0,
            "position": 0,
            "readiness_probe_exact": true,
            "ready_region": {
              "local_ms": 0.13225600123405457,
              "rank_max_ms": 0.14508800208568573,
              "rank_ms": [
                0.13225600123405457,
                0.13651199638843536,
                0.1372479945421219,
                0.14508800208568573
              ]
            },
            "sample_index": 97,
            "scheduled_start_arrival_ns_by_rank": [
              744621549534715,
              744621549760739,
              744621549539840,
              744621549697164
            ],
            "scheduled_start_target_ns_by_rank": [
              744621554760739,
              744621554760739,
              744621554760739,
              744621554760739
            ],
            "start_record_bracket_ns_by_rank": [
              [
                744621554761623,
                744621554794506
              ],
              [
                744621554761451,
                744621554790234
              ],
              [
                744621554761580,
                744621554796690
              ],
              [
                744621554761601,
                744621554798654
              ]
            ],
            "start_record_envelope_span_ns": 37203,
            "variant": 0
          }
        },
        "variant": 0
      },
      {
        "accepted": true,
        "attempt_id": 100,
        "logical_pair_index": 98,
        "order": [
          "reference"
        ],
        "rejection_reasons": [],
        "retry_ordinal": 0,
        "samples": {
          "reference": {
            "collective_only": {
              "local_ms": 0.05929600074887276,
              "rank_max_ms": 0.05929600074887276,
              "rank_ms": [
                0.05929600074887276,
                0.04435199871659279,
                0.041120000183582306,
                0.048128001391887665
              ]
            },
            "pair_attempt_id": 100,
            "pair_retry_ordinal": 0,
            "position": 0,
            "readiness_probe_exact": true,
            "ready_region": {
              "local_ms": 0.11523199826478958,
              "rank_max_ms": 0.2247679978609085,
              "rank_ms": [
                0.11523199826478958,
                0.2247679978609085,
                0.20771199464797974,
                0.1720000058412552
              ]
            },
            "sample_index": 98,
            "scheduled_start_arrival_ns_by_rank": [
              744621561723192,
              744621561745595,
              744621561943165,
              744621561994104
            ],
            "scheduled_start_target_ns_by_rank": [
              744621566994104,
              744621566994104,
              744621566994104,
              744621566994104
            ],
            "start_record_bracket_ns_by_rank": [
              [
                744621566994575,
                744621567031223
              ],
              [
                744621566996806,
                744621567049752
              ],
              [
                744621566995470,
                744621567051358
              ],
              [
                744621566994958,
                744621567044447
              ]
            ],
            "start_record_envelope_span_ns": 56783,
            "variant": 1
          }
        },
        "variant": 1
      },
      {
        "accepted": true,
        "attempt_id": 101,
        "logical_pair_index": 99,
        "order": [
          "reference"
        ],
        "rejection_reasons": [],
        "retry_ordinal": 0,
        "samples": {
          "reference": {
            "collective_only": {
              "local_ms": 0.06332799792289734,
              "rank_max_ms": 0.06332799792289734,
              "rank_ms": [
                0.06332799792289734,
                0.05299200117588043,
                0.04838399961590767,
                0.05936000123620033
              ]
            },
            "pair_attempt_id": 101,
            "pair_retry_ordinal": 0,
            "position": 0,
            "readiness_probe_exact": true,
            "ready_region": {
              "local_ms": 0.15564799308776855,
              "rank_max_ms": 0.25516799092292786,
              "rank_ms": [
                0.15564799308776855,
                0.25516799092292786,
                0.21369600296020508,
                0.16940799355506897
              ]
            },
            "sample_index": 99,
            "scheduled_start_arrival_ns_by_rank": [
              744621571278311,
              744621571470883,
              744621571652981,
              744621571452432
            ],
            "scheduled_start_target_ns_by_rank": [
              744621576652981,
              744621576652981,
              744621576652981,
              744621576652981
            ],
            "start_record_bracket_ns_by_rank": [
              [
                744621576653701,
                744621576692767
              ],
              [
                744621576655857,
                744621576708279
              ],
              [
                744621576654692,
                744621576709996
              ],
              [
                744621576653628,
                744621576693207
              ]
            ],
            "start_record_envelope_span_ns": 56368,
            "variant": 0
          }
        },
        "variant": 0
      }
    ],
    "rank_order": [
      0,
      1,
      2,
      3
    ],
    "reference": [
      {
        "collective_only": {
          "local_ms": 0.04790399968624115,
          "rank_max_ms": 0.05478399991989136,
          "rank_ms": [
            0.04790399968624115,
            0.03993599861860275,
            0.04713600128889084,
            0.05478399991989136
          ]
        },
        "pair_attempt_id": 0,
        "pair_retry_ordinal": 0,
        "position": 0,
        "readiness_probe_exact": true,
        "ready_region": {
          "local_ms": 0.18880000710487366,
          "rank_max_ms": 0.21164800226688385,
          "rank_ms": [
            0.18880000710487366,
            0.21164800226688385,
            0.2011519968509674,
            0.18384000658988953
          ]
        },
        "sample_index": 0,
        "scheduled_start_arrival_ns_by_rank": [
          744620544503911,
          744620544554264,
          744620544576275,
          744620544387966
        ],
        "scheduled_start_target_ns_by_rank": [
          744620549576275,
          744620549576275,
          744620549576275,
          744620549576275
        ],
        "start_record_bracket_ns_by_rank": [
          [
            744620549577244,
            744620549623147
          ],
          [
            744620549577618,
            744620549629274
          ],
          [
            744620549577757,
            744620549623836
          ],
          [
            744620549577072,
            744620549613403
          ]
        ],
        "start_record_envelope_span_ns": 52202,
        "variant": 1
      },
      {
        "collective_only": {
          "local_ms": 0.043007999658584595,
          "rank_max_ms": 0.04543999955058098,
          "rank_ms": [
            0.043007999658584595,
            0.0398080013692379,
            0.03811199963092804,
            0.04543999955058098
          ]
        },
        "pair_attempt_id": 1,
        "pair_retry_ordinal": 0,
        "position": 0,
        "readiness_probe_exact": true,
        "ready_region": {
          "local_ms": 0.12940800189971924,
          "rank_max_ms": 0.15167999267578125,
          "rank_ms": [
            0.12940800189971924,
            0.15167999267578125,
            0.15091200172901154,
            0.14556799829006195
          ]
        },
        "sample_index": 1,
        "scheduled_start_arrival_ns_by_rank": [
          744620554487465,
          744620554674837,
          744620554472269,
          744620554485477
        ],
        "scheduled_start_target_ns_by_rank": [
          744620559674837,
          744620559674837,
          744620559674837,
          744620559674837
        ],
        "start_record_bracket_ns_by_rank": [
          [
            744620559675291,
            744620559709379
          ],
          [
            744620559675857,
            744620559713252
          ],
          [
            744620559675732,
            744620559714214
          ],
          [
            744620559675718,
            744620559706208
          ]
        ],
        "start_record_envelope_span_ns": 38923,
        "variant": 0
      },
      {
        "collective_only": {
          "local_ms": 0.06771200150251389,
          "rank_max_ms": 0.06771200150251389,
          "rank_ms": [
            0.06771200150251389,
            0.04854400083422661,
            0.04364800080657005,
            0.05795200169086456
          ]
        },
        "pair_attempt_id": 2,
        "pair_retry_ordinal": 0,
        "position": 0,
        "readiness_probe_exact": true,
        "ready_region": {
          "local_ms": 0.12163200229406357,
          "rank_max_ms": 0.20179200172424316,
          "rank_ms": [
            0.12163200229406357,
            0.17523199319839478,
            0.20179200172424316,
            0.16566400229930878
          ]
        },
        "sample_index": 2,
        "scheduled_start_arrival_ns_by_rank": [
          744620564464529,
          744620564569030,
          744620564537631,
          744620564418407
        ],
        "scheduled_start_target_ns_by_rank": [
          744620569569030,
          744620569569030,
          744620569569030,
          744620569569030
        ],
        "start_record_bracket_ns_by_rank": [
          [
            744620569569422,
            744620569593862
          ],
          [
            744620569570055,
            744620569614129
          ],
          [
            744620569570163,
            744620569620265
          ],
          [
            744620569569897,
            744620569604157
          ]
        ],
        "start_record_envelope_span_ns": 50843,
        "variant": 1
      },
      {
        "collective_only": {
          "local_ms": 0.050592001527547836,
          "rank_max_ms": 0.059647999703884125,
          "rank_ms": [
            0.050592001527547836,
            0.04287999868392944,
            0.04761600121855736,
            0.059647999703884125
          ]
        },
        "pair_attempt_id": 3,
        "pair_retry_ordinal": 0,
        "position": 0,
        "readiness_probe_exact": true,
        "ready_region": {
          "local_ms": 0.1844799965620041,
          "rank_max_ms": 0.20985600352287292,
          "rank_ms": [
            0.1844799965620041,
            0.20985600352287292,
            0.18041600286960602,
            0.17452800273895264
          ]
        },
        "sample_index": 3,
        "scheduled_start_arrival_ns_by_rank": [
          744620573201381,
          744620573716185,
          744620573550567,
          744620573411496
        ],
        "scheduled_start_target_ns_by_rank": [
          744620578716185,
          744620578716185,
          744620578716185,
          744620578716185
        ],
        "start_record_bracket_ns_by_rank": [
          [
            744620578717184,
            744620578764418
          ],
          [
            744620578717791,
            744620578770574
          ],
          [
            744620578717015,
            744620578767508
          ],
          [
            744620578716923,
            744620578753822
          ]
        ],
        "start_record_envelope_span_ns": 53651,
        "variant": 0
      },
      {
        "collective_only": {
          "local_ms": 0.044863998889923096,
          "rank_max_ms": 0.04854400083422661,
          "rank_ms": [
            0.044863998889923096,
            0.03577600046992302,
            0.04064000025391579,
            0.04854400083422661
          ]
        },
        "pair_attempt_id": 4,
        "pair_retry_ordinal": 0,
        "position": 0,
        "readiness_probe_exact": true,
        "ready_region": {
          "local_ms": 0.16684800386428833,
          "rank_max_ms": 0.18768000602722168,
          "rank_ms": [
            0.16684800386428833,
            0.18768000602722168,
            0.17801600694656372,
            0.1725119948387146
          ]
        },
        "sample_index": 4,
        "scheduled_start_arrival_ns_by_rank": [
          744620584087362,
          744620583764873,
          744620583710582,
          744620583765403
        ],
        "scheduled_start_target_ns_by_rank": [
          744620589087362,
          744620589087362,
          744620589087362,
          744620589087362
        ],
        "start_record_bracket_ns_by_rank": [
          [
            744620589088195,
            744620589125819
          ],
          [
            744620589088601,
            744620589133112
          ],
          [
            744620589088500,
            744620589131131
          ],
          [
            744620589088163,
            744620589121037
          ]
        ],
        "start_record_envelope_span_ns": 44949,
        "variant": 1
      },
      {
        "collective_only": {
          "local_ms": 0.07107199728488922,
          "rank_max_ms": 0.07107199728488922,
          "rank_ms": [
            0.07107199728488922,
            0.045184001326560974,
            0.042688000947237015,
            0.0697920024394989
          ]
        },
        "pair_attempt_id": 5,
        "pair_retry_ordinal": 0,
        "position": 0,
        "readiness_probe_exact": true,
        "ready_region": {
          "local_ms": 0.17350399494171143,
          "rank_max_ms": 0.20553599298000336,
          "rank_ms": [
            0.17350399494171143,
            0.20553599298000336,
            0.1897599995136261,
            0.19203199446201324
          ]
        },
        "sample_index": 5,
        "scheduled_start_arrival_ns_by_rank": [
          744620593067935,
          744620593133965,
          744620593127123,
          744620593034583
        ],
        "scheduled_start_target_ns_by_rank": [
          744620598133965,
          744620598133965,
          744620598133965,
          744620598133965
        ],
        "start_record_bracket_ns_by_rank": [
          [
            744620598134840,
            744620598175203
          ],
          [
            744620598135035,
            744620598202934
          ],
          [
            744620598135601,
            744620598204165
          ],
          [
            744620598134890,
            744620598172250
          ]
        ],
        "start_record_envelope_span_ns": 69325,
        "variant": 0
      },
      {
        "collective_only": {
          "local_ms": 0.037408001720905304,
          "rank_max_ms": 0.043007999658584595,
          "rank_ms": [
            0.037408001720905304,
            0.03465599939227104,
            0.03907199949026108,
            0.043007999658584595
          ]
        },
        "pair_attempt_id": 6,
        "pair_retry_ordinal": 0,
        "position": 0,
        "readiness_probe_exact": true,
        "ready_region": {
          "local_ms": 0.152319997549057,
          "rank_max_ms": 0.16368000209331512,
          "rank_ms": [
            0.152319997549057,
            0.16368000209331512,
            0.15433600544929504,
            0.1547520011663437
          ]
        },
        "sample_index": 6,
        "scheduled_start_arrival_ns_by_rank": [
          744620603315630,
          744620603401117,
          744620602982517,
          744620602980665
        ],
        "scheduled_start_target_ns_by_rank": [
          744620608401117,
          744620608401117,
          744620608401117,
          744620608401117
        ],
        "start_record_bracket_ns_by_rank": [
          [
            744620608402135,
            744620608441065
          ],
          [
            744620608402395,
            744620608442265
          ],
          [
            744620608402190,
            744620608440281
          ],
          [
            744620608401949,
            744620608433283
          ]
        ],
        "start_record_envelope_span_ns": 40316,
        "variant": 1
      },
      {
        "collective_only": {
          "local_ms": 0.04416000097990036,
          "rank_max_ms": 0.05564799904823303,
          "rank_ms": [
            0.04416000097990036,
            0.040063999593257904,
            0.05564799904823303,
            0.047807998955249786
          ]
        },
        "pair_attempt_id": 7,
        "pair_retry_ordinal": 0,
        "position": 0,
        "readiness_probe_exact": true,
        "ready_region": {
          "local_ms": 0.16595199704170227,
          "rank_max_ms": 0.18745599687099457,
          "rank_ms": [
            0.16595199704170227,
            0.18745599687099457,
            0.14918400347232819,
            0.17657600343227386
          ]
        },
        "sample_index": 7,
        "scheduled_start_arrival_ns_by_rank": [
          744620612082248,
          744620612265005,
          744620611735051,
          744620612074478
        ],
        "scheduled_start_target_ns_by_rank": [
          744620617265005,
          744620617265005,
          744620617265005,
          744620617265005
        ],
        "start_record_bracket_ns_by_rank": [
          [
            744620617265859,
            744620617307124
          ],
          [
            744620617266040,
            744620617313252
          ],
          [
            744620617265689,
            744620617297681
          ],
          [
            744620617265973,
            744620617304325
          ]
        ],
        "start_record_envelope_span_ns": 47563,
        "variant": 0
      },
      {
        "collective_only": {
          "local_ms": 0.06169600039720535,
          "rank_max_ms": 0.06428799778223038,
          "rank_ms": [
            0.06169600039720535,
            0.05337600037455559,
            0.04864000156521797,
            0.06428799778223038
          ]
        },
        "pair_attempt_id": 8,
        "pair_retry_ordinal": 0,
        "position": 0,
        "readiness_probe_exact": true,
        "ready_region": {
          "local_ms": 0.14575999975204468,
          "rank_max_ms": 0.20259200036525726,
          "rank_ms": [
            0.14575999975204468,
            0.1727360039949417,
            0.20259200036525726,
            0.15638400614261627
          ]
        },
        "sample_index": 8,
        "scheduled_start_arrival_ns_by_rank": [
          744620622329780,
          744620622481080,
          744620622358726,
          744620622334845
        ],
        "scheduled_start_target_ns_by_rank": [
          744620627481080,
          744620627481080,
          744620627481080,
          744620627481080
        ],
        "start_record_bracket_ns_by_rank": [
          [
            744620627481938,
            744620627517541
          ],
          [
            744620627482389,
            744620627525630
          ],
          [
            744620627483532,
            744620627534025
          ],
          [
            744620627481990,
            744620627513528
          ]
        ],
        "start_record_envelope_span_ns": 52087,
        "variant": 1
      },
      {
        "collective_only": {
          "local_ms": 0.04064000025391579,
          "rank_max_ms": 0.04342399910092354,
          "rank_ms": [
            0.04064000025391579,
            0.03516799956560135,
            0.034623999148607254,
            0.04342399910092354
          ]
        },
        "pair_attempt_id": 9,
        "pair_retry_ordinal": 0,
        "position": 0,
        "readiness_probe_exact": true,
        "ready_region": {
          "local_ms": 0.14614400267601013,
          "rank_max_ms": 0.16355200111865997,
          "rank_ms": [
            0.14614400267601013,
            0.16355200111865997,
            0.160863995552063,
            0.15593600273132324
          ]
        },
        "sample_index": 9,
        "scheduled_start_arrival_ns_by_rank": [
          744620631865726,
          744620631617042,
          744620631768432,
          744620631851519
        ],
        "scheduled_start_target_ns_by_rank": [
          744620636865726,
          744620636865726,
          744620636865726,
          744620636865726
        ],
        "start_record_bracket_ns_by_rank": [
          [
            744620636866602,
            744620636898750
          ],
          [
            744620636867126,
            744620636902675
          ],
          [
            744620636867162,
            744620636903863
          ],
          [
            744620636866547,
            744620636895317
          ]
        ],
        "start_record_envelope_span_ns": 37316,
        "variant": 0
      },
      {
        "collective_only": {
          "local_ms": 0.043935999274253845,
          "rank_max_ms": 0.04521600157022476,
          "rank_ms": [
            0.043935999274253845,
            0.03587200120091438,
            0.037567999213933945,
            0.04521600157022476
          ]
        },
        "pair_attempt_id": 10,
        "pair_retry_ordinal": 0,
        "position": 0,
        "readiness_probe_exact": true,
        "ready_region": {
          "local_ms": 0.1302720010280609,
          "rank_max_ms": 0.16566400229930878,
          "rank_ms": [
            0.1302720010280609,
            0.16566400229930878,
            0.1528320014476776,
            0.1398719996213913
          ]
        },
        "sample_index": 10,
        "scheduled_start_arrival_ns_by_rank": [
          744620640531187,
          744620640609261,
          744620640413781,
          744620640514892
        ],
        "scheduled_start_target_ns_by_rank": [
          744620645609261,
          744620645609261,
          744620645609261,
          744620645609261
        ],
        "start_record_bracket_ns_by_rank": [
          [
            744620645610200,
            744620645643386
          ],
          [
            744620645610675,
            744620645651212
          ],
          [
            744620645610515,
            744620645651465
          ],
          [
            744620645610055,
            744620645638500
          ]
        ],
        "start_record_envelope_span_ns": 41410,
        "variant": 1
      },
      {
        "collective_only": {
          "local_ms": 0.039455998688936234,
          "rank_max_ms": 0.0525440014898777,
          "rank_ms": [
            0.039455998688936234,
            0.04339199885725975,
            0.04095999896526337,
            0.0525440014898777
          ]
        },
        "pair_attempt_id": 11,
        "pair_retry_ordinal": 0,
        "position": 0,
        "readiness_probe_exact": true,
        "ready_region": {
          "local_ms": 0.16627199947834015,
          "rank_max_ms": 0.18598400056362152,
          "rank_ms": [
            0.16627199947834015,
            0.18598400056362152,
            0.18294399976730347,
            0.17561599612236023
          ]
        },
        "sample_index": 11,
        "scheduled_start_arrival_ns_by_rank": [
          744620650404661,
          744620650470416,
          744620650414686,
          744620650367167
        ],
        "scheduled_start_target_ns_by_rank": [
          744620655470416,
          744620655470416,
          744620655470416,
          744620655470416
        ],
        "start_record_bracket_ns_by_rank": [
          [
            744620655471736,
            744620655522261
          ],
          [
            744620655471707,
            744620655519184
          ],
          [
            744620655472150,
            744620655520669
          ],
          [
            744620655471324,
            744620655509071
          ]
        ],
        "start_record_envelope_span_ns": 50937,
        "variant": 0
      },
      {
        "collective_only": {
          "local_ms": 0.04057599976658821,
          "rank_max_ms": 0.04447999969124794,
          "rank_ms": [
            0.04057599976658821,
            0.03376000002026558,
            0.03798399865627289,
            0.04447999969124794
          ]
        },
        "pair_attempt_id": 12,
        "pair_retry_ordinal": 0,
        "position": 0,
        "readiness_probe_exact": true,
        "ready_region": {
          "local_ms": 0.15481600165367126,
          "rank_max_ms": 0.18332800269126892,
          "rank_ms": [
            0.15481600165367126,
            0.18332800269126892,
            0.1600320041179657,
            0.13952000439167023
          ]
        },
        "sample_index": 12,
        "scheduled_start_arrival_ns_by_rank": [
          744620660622302,
          744620660704134,
          744620660829458,
          744620660774867
        ],
        "scheduled_start_target_ns_by_rank": [
          744620665829458,
          744620665829458,
          744620665829458,
          744620665829458
        ],
        "start_record_bracket_ns_by_rank": [
          [
            744620665830576,
            744620665865212
          ],
          [
            744620665830749,
            744620665871054
          ],
          [
            744620665830356,
            744620665868867
          ],
          [
            744620665830238,
            744620665857933
          ]
        ],
        "start_record_envelope_span_ns": 40816,
        "variant": 1
      },
      {
        "collective_only": {
          "local_ms": 0.03587200120091438,
          "rank_max_ms": 0.04022400081157684,
          "rank_ms": [
            0.03587200120091438,
            0.029120000079274178,
            0.03152000159025192,
            0.04022400081157684
          ]
        },
        "pair_attempt_id": 13,
        "pair_retry_ordinal": 0,
        "position": 0,
        "readiness_probe_exact": true,
        "ready_region": {
          "local_ms": 0.1138560026884079,
          "rank_max_ms": 0.1316480040550232,
          "rank_ms": [
            0.1138560026884079,
            0.1316480040550232,
            0.1188800036907196,
            0.11692799627780914
          ]
        },
        "sample_index": 13,
        "scheduled_start_arrival_ns_by_rank": [
          744620669205197,
          744620669273301,
          744620669046829,
          744620669212239
        ],
        "scheduled_start_target_ns_by_rank": [
          744620674273301,
          744620674273301,
          744620674273301,
          744620674273301
        ],
        "start_record_bracket_ns_by_rank": [
          [
            744620674274114,
            744620674300541
          ],
          [
            744620674274252,
            744620674305811
          ],
          [
            744620674274116,
            744620674304815
          ],
          [
            744620674274075,
            744620674297069
          ]
        ],
        "start_record_envelope_span_ns": 31736,
        "variant": 0
      },
      {
        "collective_only": {
          "local_ms": 0.044256001710891724,
          "rank_max_ms": 0.04809600114822388,
          "rank_ms": [
            0.044256001710891724,
            0.03699199855327606,
            0.03488000109791756,
            0.04809600114822388
          ]
        },
        "pair_attempt_id": 14,
        "pair_retry_ordinal": 0,
        "position": 0,
        "readiness_probe_exact": true,
        "ready_region": {
          "local_ms": 0.16707199811935425,
          "rank_max_ms": 0.17558400332927704,
          "rank_ms": [
            0.16707199811935425,
            0.17558400332927704,
            0.1582079976797104,
            0.15884800255298615
          ]
        },
        "sample_index": 14,
        "scheduled_start_arrival_ns_by_rank": [
          744620678805812,
          744620678873434,
          744620678864793,
          744620678829576
        ],
        "scheduled_start_target_ns_by_rank": [
          744620683873434,
          744620683873434,
          744620683873434,
          744620683873434
        ],
        "start_record_bracket_ns_by_rank": [
          [
            744620683874473,
            744620683908337
          ],
          [
            744620683874788,
            744620683914028
          ],
          [
            744620683874803,
            744620683917057
          ],
          [
            744620683874240,
            744620683903115
          ]
        ],
        "start_record_envelope_span_ns": 42817,
        "variant": 1
      },
      {
        "collective_only": {
          "local_ms": 0.04124800115823746,
          "rank_max_ms": 0.04492799937725067,
          "rank_ms": [
            0.04124800115823746,
            0.03743999823927879,
            0.03577600046992302,
            0.04492799937725067
          ]
        },
        "pair_attempt_id": 15,
        "pair_retry_ordinal": 0,
        "position": 0,
        "readiness_probe_exact": true,
        "ready_region": {
          "local_ms": 0.14905600249767303,
          "rank_max_ms": 0.17452800273895264,
          "rank_ms": [
            0.14905600249767303,
            0.17452800273895264,
            0.1603199988603592,
            0.16463999450206757
          ]
        },
        "sample_index": 15,
        "scheduled_start_arrival_ns_by_rank": [
          744620688224170,
          744620688274852,
          744620688175782,
          744620688166862
        ],
        "scheduled_start_target_ns_by_rank": [
          744620693274852,
          744620693274852,
          744620693274852,
          744620693274852
        ],
        "start_record_bracket_ns_by_rank": [
          [
            744620693275760,
            744620693311747
          ],
          [
            744620693275843,
            744620693316577
          ],
          [
            744620693275999,
            744620693317379
          ],
          [
            744620693275667,
            744620693308321
          ]
        ],
        "start_record_envelope_span_ns": 41712,
        "variant": 0
      },
      {
        "collective_only": {
          "local_ms": 0.03827200084924698,
          "rank_max_ms": 0.04294399917125702,
          "rank_ms": [
            0.03827200084924698,
            0.037567999213933945,
            0.035999998450279236,
            0.04294399917125702
          ]
        },
        "pair_attempt_id": 16,
        "pair_retry_ordinal": 0,
        "position": 0,
        "readiness_probe_exact": true,
        "ready_region": {
          "local_ms": 0.16966399550437927,
          "rank_max_ms": 0.18624000251293182,
          "rank_ms": [
            0.16966399550437927,
            0.18624000251293182,
            0.1671680063009262,
            0.16838400065898895
          ]
        },
        "sample_index": 16,
        "scheduled_start_arrival_ns_by_rank": [
          744620698636334,
          744620698810554,
          744620698523113,
          744620698617025
        ],
        "scheduled_start_target_ns_by_rank": [
          744620703810554,
          744620703810554,
          744620703810554,
          744620703810554
        ],
        "start_record_bracket_ns_by_rank": [
          [
            744620703811814,
            744620703850483
          ],
          [
            744620703811728,
            744620703852248
          ],
          [
            744620703811675,
            744620703853297
          ],
          [
            744620703811527,
            744620703845616
          ]
        ],
        "start_record_envelope_span_ns": 41770,
        "variant": 1
      },
      {
        "collective_only": {
          "local_ms": 0.07091200351715088,
          "rank_max_ms": 0.07958400249481201,
          "rank_ms": [
            0.07091200351715088,
            0.05443200096487999,
            0.06870400160551071,
            0.07958400249481201
          ]
        },
        "pair_attempt_id": 17,
        "pair_retry_ordinal": 0,
        "position": 0,
        "readiness_probe_exact": true,
        "ready_region": {
          "local_ms": 0.15532800555229187,
          "rank_max_ms": 0.22604799270629883,
          "rank_ms": [
            0.15532800555229187,
            0.22604799270629883,
            0.1549759954214096,
            0.15219199657440186
          ]
        },
        "sample_index": 17,
        "scheduled_start_arrival_ns_by_rank": [
          744620709559281,
          744620709674183,
          744620709546445,
          744620708939198
        ],
        "scheduled_start_target_ns_by_rank": [
          744620714674183,
          744620714674183,
          744620714674183,
          744620714674183
        ],
        "start_record_bracket_ns_by_rank": [
          [
            744620714675408,
            744620714713705
          ],
          [
            744620714677402,
            744620714732533
          ],
          [
            744620714675336,
            744620714716972
          ],
          [
            744620714675053,
            744620714706627
          ]
        ],
        "start_record_envelope_span_ns": 57480,
        "variant": 0
      },
      {
        "collective_only": {
          "local_ms": 0.05417599901556969,
          "rank_max_ms": 0.176256000995636,
          "rank_ms": [
            0.05417599901556969,
            0.176256000995636,
            0.03564799949526787,
            0.06489600241184235
          ]
        },
        "pair_attempt_id": 18,
        "pair_retry_ordinal": 0,
        "position": 0,
        "readiness_probe_exact": true,
        "ready_region": {
          "local_ms": 0.14908799529075623,
          "rank_max_ms": 0.18505600094795227,
          "rank_ms": [
            0.14908799529075623,
            0.18505600094795227,
            0.15939199924468994,
            0.15199999511241913
          ]
        },
        "sample_index": 18,
        "scheduled_start_arrival_ns_by_rank": [
          744620719110983,
          744620718914657,
          744620718910444,
          744620718875451
        ],
        "scheduled_start_target_ns_by_rank": [
          744620724110983,
          744620724110983,
          744620724110983,
          744620724110983
        ],
        "start_record_bracket_ns_by_rank": [
          [
            744620724693656,
            744620724731190
          ],
          [
            744620724565508,
            744620724611130
          ],
          [
            744620724707582,
            744620724749266
          ],
          [
            744620724683690,
            744620724715528
          ]
        ],
        "start_record_envelope_span_ns": 183758,
        "variant": 1
      },
      {
        "collective_only": {
          "local_ms": 0.0414079986512661,
          "rank_max_ms": 0.05411199852824211,
          "rank_ms": [
            0.0414079986512661,
            0.04188799858093262,
            0.03964800015091896,
            0.05411199852824211
          ]
        },
        "pair_attempt_id": 19,
        "pair_retry_ordinal": 0,
        "position": 0,
        "readiness_probe_exact": true,
        "ready_region": {
          "local_ms": 0.16684800386428833,
          "rank_max_ms": 0.18639999628067017,
          "rank_ms": [
            0.16684800386428833,
            0.17574399709701538,
            0.16662399470806122,
            0.18639999628067017
          ]
        },
        "sample_index": 19,
        "scheduled_start_arrival_ns_by_rank": [
          744620728128967,
          744620727891865,
          744620728141063,
          744620728095645
        ],
        "scheduled_start_target_ns_by_rank": [
          744620733141063,
          744620733141063,
          744620733141063,
          744620733141063
        ],
        "start_record_bracket_ns_by_rank": [
          [
            744620733141895,
            744620733195647
          ],
          [
            744620733142201,
            744620733195226
          ],
          [
            744620733142082,
            744620733196745
          ],
          [
            744620733141854,
            744620733177895
          ]
        ],
        "start_record_envelope_span_ns": 54891,
        "variant": 0
      },
      {
        "collective_only": {
          "local_ms": 0.047488000243902206,
          "rank_max_ms": 0.062431998550891876,
          "rank_ms": [
            0.047488000243902206,
            0.04214400053024292,
            0.039264000952243805,
            0.062431998550891876
          ]
        },
        "pair_attempt_id": 20,
        "pair_retry_ordinal": 0,
        "position": 0,
        "readiness_probe_exact": true,
        "ready_region": {
          "local_ms": 0.1483840048313141,
          "rank_max_ms": 0.1785919964313507,
          "rank_ms": [
            0.1483840048313141,
            0.1785919964313507,
            0.17532800137996674,
            0.14054399728775024
          ]
        },
        "sample_index": 20,
        "scheduled_start_arrival_ns_by_rank": [
          744620738767545,
          744620738647982,
          744620738720899,
          744620738671649
        ],
        "scheduled_start_target_ns_by_rank": [
          744620743767545,
          744620743767545,
          744620743767545,
          744620743767545
        ],
        "start_record_bracket_ns_by_rank": [
          [
            744620743768072,
            744620743805884
          ],
          [
            744620743768807,
            744620743813075
          ],
          [
            744620743768862,
            744620743814446
          ],
          [
            744620743768054,
            744620743791831
          ]
        ],
        "start_record_envelope_span_ns": 46392,
        "variant": 1
      },
      {
        "collective_only": {
          "local_ms": 0.06047999858856201,
          "rank_max_ms": 0.06681600213050842,
          "rank_ms": [
            0.06047999858856201,
            0.048128001391887665,
            0.04198399931192398,
            0.06681600213050842
          ]
        },
        "pair_attempt_id": 21,
        "pair_retry_ordinal": 0,
        "position": 0,
        "readiness_probe_exact": true,
        "ready_region": {
          "local_ms": 0.15452800691127777,
          "rank_max_ms": 0.23129600286483765,
          "rank_ms": [
            0.15452800691127777,
            0.23129600286483765,
            0.20943999290466309,
            0.14271999895572662
          ]
        },
        "sample_index": 21,
        "scheduled_start_arrival_ns_by_rank": [
          744620748560969,
          744620748789705,
          744620748603950,
          744620748611847
        ],
        "scheduled_start_target_ns_by_rank": [
          744620753789705,
          744620753789705,
          744620753789705,
          744620753789705
        ],
        "start_record_bracket_ns_by_rank": [
          [
            744620753790242,
            744620753824513
          ],
          [
            744620753790863,
            744620753838756
          ],
          [
            744620753791217,
            744620753842792
          ],
          [
            744620753790197,
            744620753812948
          ]
        ],
        "start_record_envelope_span_ns": 52595,
        "variant": 0
      },
      {
        "collective_only": {
          "local_ms": 0.11081600189208984,
          "rank_max_ms": 0.11081600189208984,
          "rank_ms": [
            0.11081600189208984,
            0.08406399935483932,
            0.08217599987983704,
            0.10822399705648422
          ]
        },
        "pair_attempt_id": 22,
        "pair_retry_ordinal": 0,
        "position": 0,
        "readiness_probe_exact": true,
        "ready_region": {
          "local_ms": 0.16371199488639832,
          "rank_max_ms": 0.25625601410865784,
          "rank_ms": [
            0.16371199488639832,
            0.25625601410865784,
            0.20956799387931824,
            0.18620799481868744
          ]
        },
        "sample_index": 22,
        "scheduled_start_arrival_ns_by_rank": [
          744620758772845,
          744620758988444,
          744620759097342,
          744620758938489
        ],
        "scheduled_start_target_ns_by_rank": [
          744620764097342,
          744620764097342,
          744620764097342,
          744620764097342
        ],
        "start_record_bracket_ns_by_rank": [
          [
            744620764097791,
            744620764130424
          ],
          [
            744620764099347,
            744620764162410
          ],
          [
            744620764099070,
            744620764156855
          ],
          [
            744620764098101,
            744620764133189
          ]
        ],
        "start_record_envelope_span_ns": 64619,
        "variant": 1
      },
      {
        "collective_only": {
          "local_ms": 0.10499200224876404,
          "rank_max_ms": 0.10860799998044968,
          "rank_ms": [
            0.10499200224876404,
            0.07449600100517273,
            0.08284799754619598,
            0.10860799998044968
          ]
        },
        "pair_attempt_id": 23,
        "pair_retry_ordinal": 0,
        "position": 0,
        "readiness_probe_exact": true,
        "ready_region": {
          "local_ms": 0.1451520025730133,
          "rank_max_ms": 0.2582719922065735,
          "rank_ms": [
            0.1451520025730133,
            0.2582719922065735,
            0.19232000410556793,
            0.151296004652977
          ]
        },
        "sample_index": 23,
        "scheduled_start_arrival_ns_by_rank": [
          744620767733300,
          744620767894257,
          744620768103772,
          744620767702312
        ],
        "scheduled_start_target_ns_by_rank": [
          744620773103772,
          744620773103772,
          744620773103772,
          744620773103772
        ],
        "start_record_bracket_ns_by_rank": [
          [
            744620773104242,
            744620773128734
          ],
          [
            744620773106026,
            744620773162121
          ],
          [
            744620773105465,
            744620773153094
          ],
          [
            744620773104285,
            744620773124682
          ]
        ],
        "start_record_envelope_span_ns": 57879,
        "variant": 0
      },
      {
        "collective_only": {
          "local_ms": 0.045471999794244766,
          "rank_max_ms": 0.045471999794244766,
          "rank_ms": [
            0.045471999794244766,
            0.04479999840259552,
            0.04505600035190582,
            0.040991999208927155
          ]
        },
        "pair_attempt_id": 24,
        "pair_retry_ordinal": 0,
        "position": 0,
        "readiness_probe_exact": true,
        "ready_region": {
          "local_ms": 0.15385599434375763,
          "rank_max_ms": 0.19836799800395966,
          "rank_ms": [
            0.15385599434375763,
            0.1735360026359558,
            0.18329599499702454,
            0.19836799800395966
          ]
        },
        "sample_index": 24,
        "scheduled_start_arrival_ns_by_rank": [
          744620777309725,
          744620776861332,
          744620776896453,
          744620776660204
        ],
        "scheduled_start_target_ns_by_rank": [
          744620782309725,
          744620782309725,
          744620782309725,
          744620782309725
        ],
        "start_record_bracket_ns_by_rank": [
          [
            744620782310766,
            744620782349024
          ],
          [
            744620782310826,
            744620782351877
          ],
          [
            744620782311897,
            744620782351890
          ],
          [
            744620782312631,
            744620782354592
          ]
        ],
        "start_record_envelope_span_ns": 43826,
        "variant": 1
      },
      {
        "collective_only": {
          "local_ms": 0.03311999887228012,
          "rank_max_ms": 0.05104000121355057,
          "rank_ms": [
            0.03311999887228012,
            0.03580800071358681,
            0.03235200047492981,
            0.05104000121355057
          ]
        },
        "pair_attempt_id": 25,
        "pair_retry_ordinal": 0,
        "position": 0,
        "readiness_probe_exact": true,
        "ready_region": {
          "local_ms": 0.1390720009803772,
          "rank_max_ms": 0.17129600048065186,
          "rank_ms": [
            0.1390720009803772,
            0.17129600048065186,
            0.1367039978504181,
            0.10521599650382996
          ]
        },
        "sample_index": 25,
        "scheduled_start_arrival_ns_by_rank": [
          744620785578312,
          744620785668652,
          744620785591224,
          744620785499393
        ],
        "scheduled_start_target_ns_by_rank": [
          744620790668652,
          744620790668652,
          744620790668652,
          744620790668652
        ],
        "start_record_bracket_ns_by_rank": [
          [
            744620790669750,
            744620790704570
          ],
          [
            744620790669553,
            744620790702714
          ],
          [
            744620790669827,
            744620790705155
          ],
          [
            744620790669171,
            744620790685490
          ]
        ],
        "start_record_envelope_span_ns": 35984,
        "variant": 0
      },
      {
        "collective_only": {
          "local_ms": 0.04771199822425842,
          "rank_max_ms": 0.06665600091218948,
          "rank_ms": [
            0.04771199822425842,
            0.03984000161290169,
            0.046879999339580536,
            0.06665600091218948
          ]
        },
        "pair_attempt_id": 26,
        "pair_retry_ordinal": 0,
        "position": 0,
        "readiness_probe_exact": true,
        "ready_region": {
          "local_ms": 0.1443520039319992,
          "rank_max_ms": 0.16918399930000305,
          "rank_ms": [
            0.1443520039319992,
            0.16918399930000305,
            0.14985600113868713,
            0.11337599903345108
          ]
        },
        "sample_index": 26,
        "scheduled_start_arrival_ns_by_rank": [
          744620793755929,
          744620793656189,
          744620793499253,
          744620793491195
        ],
        "scheduled_start_target_ns_by_rank": [
          744620798755929,
          744620798755929,
          744620798755929,
          744620798755929
        ],
        "start_record_bracket_ns_by_rank": [
          [
            744620798756770,
            744620798793960
          ],
          [
            744620798757318,
            744620798802062
          ],
          [
            744620798757118,
            744620798797295
          ],
          [
            744620798756416,
            744620798774407
          ]
        ],
        "start_record_envelope_span_ns": 45646,
        "variant": 1
      },
      {
        "collective_only": {
          "local_ms": 0.04966399818658829,
          "rank_max_ms": 0.05321599915623665,
          "rank_ms": [
            0.04966399818658829,
            0.044863998889923096,
            0.044319998472929,
            0.05321599915623665
          ]
        },
        "pair_attempt_id": 27,
        "pair_retry_ordinal": 0,
        "position": 0,
        "readiness_probe_exact": true,
        "ready_region": {
          "local_ms": 0.16499200463294983,
          "rank_max_ms": 0.19814400374889374,
          "rank_ms": [
            0.16499200463294983,
            0.19814400374889374,
            0.17951999604701996,
            0.18515199422836304
          ]
        },
        "sample_index": 27,
        "scheduled_start_arrival_ns_by_rank": [
          744620802108829,
          744620801810048,
          744620802203142,
          744620801727595
        ],
        "scheduled_start_target_ns_by_rank": [
          744620807203142,
          744620807203142,
          744620807203142,
          744620807203142
        ],
        "start_record_bracket_ns_by_rank": [
          [
            744620807204654,
            744620807246734
          ],
          [
            744620807205594,
            744620807254014
          ],
          [
            744620807204433,
            744620807254723
          ],
          [
            744620807204376,
            744620807242931
          ]
        ],
        "start_record_envelope_span_ns": 50347,
        "variant": 0
      },
      {
        "collective_only": {
          "local_ms": 0.04412800073623657,
          "rank_max_ms": 0.04966399818658829,
          "rank_ms": [
            0.04412800073623657,
            0.03788800165057182,
            0.04435199871659279,
            0.04966399818658829
          ]
        },
        "pair_attempt_id": 28,
        "pair_retry_ordinal": 0,
        "position": 0,
        "readiness_probe_exact": true,
        "ready_region": {
          "local_ms": 0.14931200444698334,
          "rank_max_ms": 0.17238399386405945,
          "rank_ms": [
            0.14931200444698334,
            0.17238399386405945,
            0.1533759981393814,
            0.13209599256515503
          ]
        },
        "sample_index": 28,
        "scheduled_start_arrival_ns_by_rank": [
          744620812503732,
          744620812353587,
          744620812524750,
          744620812421466
        ],
        "scheduled_start_target_ns_by_rank": [
          744620817524750,
          744620817524750,
          744620817524750,
          744620817524750
        ],
        "start_record_bracket_ns_by_rank": [
          [
            744620817525714,
            744620817564291
          ],
          [
            744620817526580,
            744620817569734
          ],
          [
            744620817526276,
            744620817566277
          ],
          [
            744620817525327,
            744620817554870
          ]
        ],
        "start_record_envelope_span_ns": 44407,
        "variant": 1
      },
      {
        "collective_only": {
          "local_ms": 0.05132799968123436,
          "rank_max_ms": 0.06623999774456024,
          "rank_ms": [
            0.05132799968123436,
            0.04124800115823746,
            0.05225599929690361,
            0.06623999774456024
          ]
        },
        "pair_attempt_id": 29,
        "pair_retry_ordinal": 0,
        "position": 0,
        "readiness_probe_exact": true,
        "ready_region": {
          "local_ms": 0.15142400562763214,
          "rank_max_ms": 0.22019200026988983,
          "rank_ms": [
            0.15142400562763214,
            0.22019200026988983,
            0.1472959965467453,
            0.10966400057077408
          ]
        },
        "sample_index": 29,
        "scheduled_start_arrival_ns_by_rank": [
          744620822846240,
          744620822573037,
          744620822646338,
          744620822454553
        ],
        "scheduled_start_target_ns_by_rank": [
          744620827846240,
          744620827846240,
          744620827846240,
          744620827846240
        ],
        "start_record_bracket_ns_by_rank": [
          [
            744620827847478,
            744620827881948
          ],
          [
            744620827848204,
            744620827891316
          ],
          [
            744620827847198,
            744620827881418
          ],
          [
            744620827846683,
            744620827866048
          ]
        ],
        "start_record_envelope_span_ns": 44633,
        "variant": 0
      },
      {
        "collective_only": {
          "local_ms": 0.05318399891257286,
          "rank_max_ms": 0.06569600105285645,
          "rank_ms": [
            0.05318399891257286,
            0.04572800174355507,
            0.05660799890756607,
            0.06569600105285645
          ]
        },
        "pair_attempt_id": 30,
        "pair_retry_ordinal": 0,
        "position": 0,
        "readiness_probe_exact": true,
        "ready_region": {
          "local_ms": 0.14399999380111694,
          "rank_max_ms": 0.1964160054922104,
          "rank_ms": [
            0.14399999380111694,
            0.1964160054922104,
            0.14505599439144135,
            0.1459839940071106
          ]
        },
        "sample_index": 30,
        "scheduled_start_arrival_ns_by_rank": [
          744620831489439,
          744620831584789,
          744620831573998,
          744620831274957
        ],
        "scheduled_start_target_ns_by_rank": [
          744620836584789,
          744620836584789,
          744620836584789,
          744620836584789
        ],
        "start_record_bracket_ns_by_rank": [
          [
            744620836585938,
            744620836625113
          ],
          [
            744620836586479,
            744620836631883
          ],
          [
            744620836585628,
            744620836621924
          ],
          [
            744620836585922,
            744620836612823
          ]
        ],
        "start_record_envelope_span_ns": 46255,
        "variant": 1
      },
      {
        "collective_only": {
          "local_ms": 0.05087999999523163,
          "rank_max_ms": 0.06390400230884552,
          "rank_ms": [
            0.05087999999523163,
            0.04211200028657913,
            0.03999999910593033,
            0.06390400230884552
          ]
        },
        "pair_attempt_id": 31,
        "pair_retry_ordinal": 0,
        "position": 0,
        "readiness_probe_exact": true,
        "ready_region": {
          "local_ms": 0.1319359987974167,
          "rank_max_ms": 0.1740799993276596,
          "rank_ms": [
            0.1319359987974167,
            0.1711679995059967,
            0.1740799993276596,
            0.11427199840545654
          ]
        },
        "sample_index": 31,
        "scheduled_start_arrival_ns_by_rank": [
          744620840469391,
          744620840324290,
          744620840446312,
          744620840128739
        ],
        "scheduled_start_target_ns_by_rank": [
          744620845469391,
          744620845469391,
          744620845469391,
          744620845469391
        ],
        "start_record_bracket_ns_by_rank": [
          [
            744620845470111,
            744620845502121
          ],
          [
            744620845471333,
            744620845511944
          ],
          [
            744620845470938,
            744620845514718
          ],
          [
            744620845469946,
            744620845489295
          ]
        ],
        "start_record_envelope_span_ns": 44772,
        "variant": 0
      },
      {
        "collective_only": {
          "local_ms": 0.1478399932384491,
          "rank_max_ms": 0.1478399932384491,
          "rank_ms": [
            0.1478399932384491,
            0.13475200533866882,
            0.0323840007185936,
            0.14211200177669525
          ]
        },
        "pair_attempt_id": 32,
        "pair_retry_ordinal": 0,
        "position": 0,
        "readiness_probe_exact": true,
        "ready_region": {
          "local_ms": 0.15718400478363037,
          "rank_max_ms": 0.17660799622535706,
          "rank_ms": [
            0.15718400478363037,
            0.1512639969587326,
            0.17660799622535706,
            0.1520320028066635
          ]
        },
        "sample_index": 32,
        "scheduled_start_arrival_ns_by_rank": [
          744620848671968,
          744620848775131,
          744620848726311,
          744620848692233
        ],
        "scheduled_start_target_ns_by_rank": [
          744620853775131,
          744620853775131,
          744620853775131,
          744620853775131
        ],
        "start_record_bracket_ns_by_rank": [
          [
            744620853775479,
            744620853798577
          ],
          [
            744620853775703,
            744620853812627
          ],
          [
            744620853876240,
            744620853914315
          ],
          [
            744620853775747,
            744620853802356
          ]
        ],
        "start_record_envelope_span_ns": 138836,
        "variant": 1
      },
      {
        "collective_only": {
          "local_ms": 0.049536000937223434,
          "rank_max_ms": 0.06864000111818314,
          "rank_ms": [
            0.049536000937223434,
            0.03939199820160866,
            0.046271998435258865,
            0.06864000111818314
          ]
        },
        "pair_attempt_id": 33,
        "pair_retry_ordinal": 0,
        "position": 0,
        "readiness_probe_exact": true,
        "ready_region": {
          "local_ms": 0.14723199605941772,
          "rank_max_ms": 0.19923199713230133,
          "rank_ms": [
            0.14723199605941772,
            0.19923199713230133,
            0.19359999895095825,
            0.13948799669742584
          ]
        },
        "sample_index": 33,
        "scheduled_start_arrival_ns_by_rank": [
          744620856571116,
          744620856703577,
          744620856966896,
          744620856551723
        ],
        "scheduled_start_target_ns_by_rank": [
          744620861966896,
          744620861966896,
          744620861966896,
          744620861966896
        ],
        "start_record_bracket_ns_by_rank": [
          [
            744620861967725,
            744620862012413
          ],
          [
            744620861969440,
            744620862022030
          ],
          [
            744620861967731,
            744620862017545
          ],
          [
            744620861967370,
            744620861991297
          ]
        ],
        "start_record_envelope_span_ns": 54660,
        "variant": 0
      },
      {
        "collective_only": {
          "local_ms": 0.06924799829721451,
          "rank_max_ms": 0.07472000271081924,
          "rank_ms": [
            0.06924799829721451,
            0.052928000688552856,
            0.07363200187683105,
            0.07472000271081924
          ]
        },
        "pair_attempt_id": 34,
        "pair_retry_ordinal": 0,
        "position": 0,
        "readiness_probe_exact": true,
        "ready_region": {
          "local_ms": 0.17100800573825836,
          "rank_max_ms": 0.2444480061531067,
          "rank_ms": [
            0.17100800573825836,
            0.2444480061531067,
            0.15782399475574493,
            0.15718400478363037
          ]
        },
        "sample_index": 34,
        "scheduled_start_arrival_ns_by_rank": [
          744620866333149,
          744620866478409,
          744620865733534,
          744620866263138
        ],
        "scheduled_start_target_ns_by_rank": [
          744620871478409,
          744620871478409,
          744620871478409,
          744620871478409
        ],
        "start_record_bracket_ns_by_rank": [
          [
            744620871479343,
            744620871520889
          ],
          [
            744620871480683,
            744620871539763
          ],
          [
            744620871479190,
            744620871516466
          ],
          [
            744620871478943,
            744620871510633
          ]
        ],
        "start_record_envelope_span_ns": 60820,
        "variant": 1
      },
      {
        "collective_only": {
          "local_ms": 0.04809600114822388,
          "rank_max_ms": 0.06313599646091461,
          "rank_ms": [
            0.04809600114822388,
            0.04028800129890442,
            0.04793599992990494,
            0.06313599646091461
          ]
        },
        "pair_attempt_id": 35,
        "pair_retry_ordinal": 0,
        "position": 0,
        "readiness_probe_exact": true,
        "ready_region": {
          "local_ms": 0.1350719928741455,
          "rank_max_ms": 0.1809920072555542,
          "rank_ms": [
            0.1350719928741455,
            0.1809920072555542,
            0.16412800550460815,
            0.12479999661445618
          ]
        },
        "sample_index": 35,
        "scheduled_start_arrival_ns_by_rank": [
          744620875480479,
          744620875142743,
          744620875075100,
          744620875410693
        ],
        "scheduled_start_target_ns_by_rank": [
          744620880480479,
          744620880480479,
          744620880480479,
          744620880480479
        ],
        "start_record_bracket_ns_by_rank": [
          [
            744620880481035,
            744620880516299
          ],
          [
            744620880482148,
            744620880524584
          ],
          [
            744620880481498,
            744620880517017
          ],
          [
            744620880480942,
            744620880500457
          ]
        ],
        "start_record_envelope_span_ns": 43642,
        "variant": 0
      },
      {
        "collective_only": {
          "local_ms": 0.32867199182510376,
          "rank_max_ms": 0.32867199182510376,
          "rank_ms": [
            0.32867199182510376,
            0.04320000112056732,
            0.04399999976158142,
            0.06284800171852112
          ]
        },
        "pair_attempt_id": 36,
        "pair_retry_ordinal": 0,
        "position": 0,
        "readiness_probe_exact": true,
        "ready_region": {
          "local_ms": 0.3377920091152191,
          "rank_max_ms": 0.3377920091152191,
          "rank_ms": [
            0.3377920091152191,
            0.25119999051094055,
            0.21932800114154816,
            0.15430399775505066
          ]
        },
        "sample_index": 36,
        "scheduled_start_arrival_ns_by_rank": [
          744620883862105,
          744620884024118,
          744620884060564,
          744620883843430
        ],
        "scheduled_start_target_ns_by_rank": [
          744620889060564,
          744620889060564,
          744620889060564,
          744620889060564
        ],
        "start_record_bracket_ns_by_rank": [
          [
            744620889061533,
            744620889099667
          ],
          [
            744620889061628,
            744620889106687
          ],
          [
            744620889062423,
            744620889106916
          ],
          [
            744620889061024,
            744620889084912
          ]
        ],
        "start_record_envelope_span_ns": 45892,
        "variant": 1
      },
      {
        "collective_only": {
          "local_ms": 0.012703999876976013,
          "rank_max_ms": 0.1979839950799942,
          "rank_ms": [
            0.012703999876976013,
            0.19699199497699738,
            0.19116799533367157,
            0.1979839950799942
          ]
        },
        "pair_attempt_id": 37,
        "pair_retry_ordinal": 0,
        "position": 0,
        "readiness_probe_exact": true,
        "ready_region": {
          "local_ms": 0.02191999927163124,
          "rank_max_ms": 0.20819200575351715,
          "rank_ms": [
            0.02191999927163124,
            0.2070399969816208,
            0.20041599869728088,
            0.20819200575351715
          ]
        },
        "sample_index": 37,
        "scheduled_start_arrival_ns_by_rank": [
          744620896211582,
          744620893935697,
          744620894153822,
          744620894222401
        ],
        "scheduled_start_target_ns_by_rank": [
          744620901211582,
          744620901211582,
          744620901211582,
          744620901211582
        ],
        "start_record_bracket_ns_by_rank": [
          [
            744620901212763,
            744620901249950
          ],
          [
            744620901212697,
            744620901253152
          ],
          [
            744620901212988,
            744620901258486
          ],
          [
            744620901212346,
            744620901245329
          ]
        ],
        "start_record_envelope_span_ns": 46140,
        "variant": 0
      },
      {
        "collective_only": {
          "local_ms": 0.03916800022125244,
          "rank_max_ms": 0.04243199899792671,
          "rank_ms": [
            0.03916800022125244,
            0.032127998769283295,
            0.0379519984126091,
            0.04243199899792671
          ]
        },
        "pair_attempt_id": 38,
        "pair_retry_ordinal": 0,
        "position": 0,
        "readiness_probe_exact": true,
        "ready_region": {
          "local_ms": 0.13964800536632538,
          "rank_max_ms": 0.18092800676822662,
          "rank_ms": [
            0.13964800536632538,
            0.18092800676822662,
            0.13760000467300415,
            0.13116799294948578
          ]
        },
        "sample_index": 38,
        "scheduled_start_arrival_ns_by_rank": [
          744620910106862,
          744620909931780,
          744620910092893,
          744620909944025
        ],
        "scheduled_start_target_ns_by_rank": [
          744620915106862,
          744620915106862,
          744620915106862,
          744620915106862
        ],
        "start_record_bracket_ns_by_rank": [
          [
            744620915107772,
            744620915136308
          ],
          [
            744620915108666,
            744620915141628
          ],
          [
            744620915107665,
            744620915136430
          ],
          [
            744620915107576,
            744620915132335
          ]
        ],
        "start_record_envelope_span_ns": 34052,
        "variant": 1
      },
      {
        "collective_only": {
          "local_ms": 0.04598399996757507,
          "rank_max_ms": 0.04598399996757507,
          "rank_ms": [
            0.04598399996757507,
            0.03235200047492981,
            0.03798399865627289,
            0.042847998440265656
          ]
        },
        "pair_attempt_id": 39,
        "pair_retry_ordinal": 0,
        "position": 0,
        "readiness_probe_exact": true,
        "ready_region": {
          "local_ms": 0.11219199746847153,
          "rank_max_ms": 0.16310399770736694,
          "rank_ms": [
            0.11219199746847153,
            0.16310399770736694,
            0.13555200397968292,
            0.13990400731563568
          ]
        },
        "sample_index": 39,
        "scheduled_start_arrival_ns_by_rank": [
          744620918882337,
          744620918617197,
          744620918699022,
          744620918793968
        ],
        "scheduled_start_target_ns_by_rank": [
          744620923882337,
          744620923882337,
          744620923882337,
          744620923882337
        ],
        "start_record_bracket_ns_by_rank": [
          [
            744620923882752,
            744620923903671
          ],
          [
            744620923883951,
            744620923916980
          ],
          [
            744620923883019,
            744620923914454
          ],
          [
            744620923882934,
            744620923908828
          ]
        ],
        "start_record_envelope_span_ns": 34228,
        "variant": 0
      },
      {
        "collective_only": {
          "local_ms": 0.06585600227117538,
          "rank_max_ms": 0.06585600227117538,
          "rank_ms": [
            0.06585600227117538,
            0.040672000497579575,
            0.052000001072883606,
            0.058720000088214874
          ]
        },
        "pair_attempt_id": 40,
        "pair_retry_ordinal": 0,
        "position": 0,
        "readiness_probe_exact": true,
        "ready_region": {
          "local_ms": 0.11881600320339203,
          "rank_max_ms": 0.2046400010585785,
          "rank_ms": [
            0.11881600320339203,
            0.2046400010585785,
            0.1390720009803772,
            0.15190400183200836
          ]
        },
        "sample_index": 40,
        "scheduled_start_arrival_ns_by_rank": [
          744620927064406,
          744620927241673,
          744620927487153,
          744620927257469
        ],
        "scheduled_start_target_ns_by_rank": [
          744620932487153,
          744620932487153,
          744620932487153,
          744620932487153
        ],
        "start_record_bracket_ns_by_rank": [
          [
            744620932487693,
            744620932510201
          ],
          [
            744620932488886,
            744620932535541
          ],
          [
            744620932487863,
            744620932526377
          ],
          [
            744620932487984,
            744620932518204
          ]
        ],
        "start_record_envelope_span_ns": 47848,
        "variant": 1
      },
      {
        "collective_only": {
          "local_ms": 0.07683199644088745,
          "rank_max_ms": 0.07683199644088745,
          "rank_ms": [
            0.07683199644088745,
            0.07385600358247757,
            0.04499199986457825,
            0.07452800124883652
          ]
        },
        "pair_attempt_id": 41,
        "pair_retry_ordinal": 0,
        "position": 0,
        "readiness_probe_exact": true,
        "ready_region": {
          "local_ms": 0.16300800442695618,
          "rank_max_ms": 0.1976960003376007,
          "rank_ms": [
            0.16300800442695618,
            0.18620799481868744,
            0.1976960003376007,
            0.18748800456523895
          ]
        },
        "sample_index": 41,
        "scheduled_start_arrival_ns_by_rank": [
          744620937091711,
          744620937143451,
          744620937099710,
          744620936976493
        ],
        "scheduled_start_target_ns_by_rank": [
          744620942143451,
          744620942143451,
          744620942143451,
          744620942143451
        ],
        "start_record_bracket_ns_by_rank": [
          [
            744620942144220,
            744620942175215
          ],
          [
            744620942144127,
            744620942177626
          ],
          [
            744620942145305,
            744620942209654
          ],
          [
            744620942144601,
            744620942189137
          ]
        ],
        "start_record_envelope_span_ns": 65527,
        "variant": 0
      },
      {
        "collective_only": {
          "local_ms": 0.06124800071120262,
          "rank_max_ms": 0.06201599910855293,
          "rank_ms": [
            0.06124800071120262,
            0.05974400043487549,
            0.04320000112056732,
            0.06201599910855293
          ]
        },
        "pair_attempt_id": 42,
        "pair_retry_ordinal": 0,
        "position": 0,
        "readiness_probe_exact": true,
        "ready_region": {
          "local_ms": 0.14777599275112152,
          "rank_max_ms": 0.18704000115394592,
          "rank_ms": [
            0.14777599275112152,
            0.1594880074262619,
            0.18704000115394592,
            0.14416000247001648
          ]
        },
        "sample_index": 42,
        "scheduled_start_arrival_ns_by_rank": [
          744620954081089,
          744620954098987,
          744620954099753,
          744620954028533
        ],
        "scheduled_start_target_ns_by_rank": [
          744620959099753,
          744620959099753,
          744620959099753,
          744620959099753
        ],
        "start_record_bracket_ns_by_rank": [
          [
            744620959100271,
            744620959122220
          ],
          [
            744620959100302,
            744620959122353
          ],
          [
            744620959100645,
            744620959140643
          ],
          [
            744620959100271,
            744620959116205
          ]
        ],
        "start_record_envelope_span_ns": 40372,
        "variant": 1
      },
      {
        "collective_only": {
          "local_ms": 0.031168000772595406,
          "rank_max_ms": 0.044704001396894455,
          "rank_ms": [
            0.031168000772595406,
            0.03824000060558319,
            0.0387520007789135,
            0.044704001396894455
          ]
        },
        "pair_attempt_id": 43,
        "pair_retry_ordinal": 0,
        "position": 0,
        "readiness_probe_exact": true,
        "ready_region": {
          "local_ms": 1.8554879426956177,
          "rank_max_ms": 1.8554879426956177,
          "rank_ms": [
            1.8554879426956177,
            0.12828800082206726,
            0.1170559972524643,
            0.10659199953079224
          ]
        },
        "sample_index": 43,
        "scheduled_start_arrival_ns_by_rank": [
          744620962770982,
          744620962534798,
          744620962577417,
          744620962549949
        ],
        "scheduled_start_target_ns_by_rank": [
          744620967770982,
          744620967770982,
          744620967770982,
          744620967770982
        ],
        "start_record_bracket_ns_by_rank": [
          [
            744620967771477,
            744620967797552
          ],
          [
            744620967771549,
            744620967791493
          ],
          [
            744620967771525,
            744620967790509
          ],
          [
            744620967771444,
            744620967784868
          ]
        ],
        "start_record_envelope_span_ns": 26108,
        "variant": 0
      },
      {
        "collective_only": {
          "local_ms": 0.05734400078654289,
          "rank_max_ms": 0.3994239866733551,
          "rank_ms": [
            0.05734400078654289,
            0.3798080086708069,
            0.3803200125694275,
            0.3994239866733551
          ]
        },
        "pair_attempt_id": 44,
        "pair_retry_ordinal": 0,
        "position": 0,
        "readiness_probe_exact": true,
        "ready_region": {
          "local_ms": 0.22182400524616241,
          "rank_max_ms": 0.4094400107860565,
          "rank_ms": [
            0.22182400524616241,
            0.39004799723625183,
            0.3906239867210388,
            0.4094400107860565
          ]
        },
        "sample_index": 44,
        "scheduled_start_arrival_ns_by_rank": [
          744620980407218,
          744620980780353,
          744620980394553,
          744620980657164
        ],
        "scheduled_start_target_ns_by_rank": [
          744620985780353,
          744620985780353,
          744620985780353,
          744620985780353
        ],
        "start_record_bracket_ns_by_rank": [
          [
            744620986116474,
            744620986163478
          ],
          [
            744620985782121,
            744620985841661
          ],
          [
            744620985781773,
            744620985841884
          ],
          [
            744620985781304,
            744620985821299
          ]
        ],
        "start_record_envelope_span_ns": 382174,
        "variant": 1
      },
      {
        "collective_only": {
          "local_ms": 0.03711999952793121,
          "rank_max_ms": 0.14496000111103058,
          "rank_ms": [
            0.03711999952793121,
            0.1404159963130951,
            0.14496000111103058,
            0.039872001856565475
          ]
        },
        "pair_attempt_id": 45,
        "pair_retry_ordinal": 0,
        "position": 0,
        "readiness_probe_exact": true,
        "ready_region": {
          "local_ms": 0.13078400492668152,
          "rank_max_ms": 0.2763519883155823,
          "rank_ms": [
            0.13078400492668152,
            0.2763519883155823,
            0.2536320090293884,
            0.25513601303100586
          ]
        },
        "sample_index": 45,
        "scheduled_start_arrival_ns_by_rank": [
          744620990541331,
          744620990595693,
          744620990511581,
          744620990756355
        ],
        "scheduled_start_target_ns_by_rank": [
          744620995756355,
          744620995756355,
          744620995756355,
          744620995756355
        ],
        "start_record_bracket_ns_by_rank": [
          [
            744620995757713,
            744620995811613
          ],
          [
            744620995758219,
            744620995815823
          ],
          [
            744620995757695,
            744620995813063
          ],
          [
            744620995846188,
            744620995914558
          ]
        ],
        "start_record_envelope_span_ns": 156863,
        "variant": 0
      },
      {
        "collective_only": {
          "local_ms": 0.05071999877691269,
          "rank_max_ms": 0.05071999877691269,
          "rank_ms": [
            0.05071999877691269,
            0.040991999208927155,
            0.0490880012512207,
            0.04912000149488449
          ]
        },
        "pair_attempt_id": 47,
        "pair_retry_ordinal": 1,
        "position": 0,
        "readiness_probe_exact": true,
        "ready_region": {
          "local_ms": 0.15353600680828094,
          "rank_max_ms": 0.17820799350738525,
          "rank_ms": [
            0.15353600680828094,
            0.17820799350738525,
            0.15574400126934052,
            0.16070400178432465
          ]
        },
        "sample_index": 46,
        "scheduled_start_arrival_ns_by_rank": [
          744621020738759,
          744621020634837,
          744621020616642,
          744621020599541
        ],
        "scheduled_start_target_ns_by_rank": [
          744621025738759,
          744621025738759,
          744621025738759,
          744621025738759
        ],
        "start_record_bracket_ns_by_rank": [
          [
            744621025739281,
            744621025766571
          ],
          [
            744621025739421,
            744621025774918
          ],
          [
            744621025739315,
            744621025769101
          ],
          [
            744621025739216,
            744621025768810
          ]
        ],
        "start_record_envelope_span_ns": 35702,
        "variant": 0
      },
      {
        "collective_only": {
          "local_ms": 0.050335999578237534,
          "rank_max_ms": 0.050335999578237534,
          "rank_ms": [
            0.050335999578237534,
            0.04134399816393852,
            0.037408001720905304,
            0.04444799944758415
          ]
        },
        "pair_attempt_id": 48,
        "pair_retry_ordinal": 0,
        "position": 0,
        "readiness_probe_exact": true,
        "ready_region": {
          "local_ms": 0.13846400380134583,
          "rank_max_ms": 0.18105599284172058,
          "rank_ms": [
            0.13846400380134583,
            0.18105599284172058,
            0.15936000645160675,
            0.14188799262046814
          ]
        },
        "sample_index": 47,
        "scheduled_start_arrival_ns_by_rank": [
          744621030920983,
          744621031236529,
          744621031246228,
          744621031115207
        ],
        "scheduled_start_target_ns_by_rank": [
          744621036246228,
          744621036246228,
          744621036246228,
          744621036246228
        ],
        "start_record_bracket_ns_by_rank": [
          [
            744621036246682,
            744621036269697
          ],
          [
            744621036246918,
            744621036279556
          ],
          [
            744621036246966,
            744621036281106
          ],
          [
            744621036246733,
            744621036269828
          ]
        ],
        "start_record_envelope_span_ns": 34424,
        "variant": 1
      },
      {
        "collective_only": {
          "local_ms": 0.012896000407636166,
          "rank_max_ms": 0.11734399944543839,
          "rank_ms": [
            0.012896000407636166,
            0.10224000364542007,
            0.09750399738550186,
            0.11734399944543839
          ]
        },
        "pair_attempt_id": 49,
        "pair_retry_ordinal": 0,
        "position": 0,
        "readiness_probe_exact": true,
        "ready_region": {
          "local_ms": 0.06697600334882736,
          "rank_max_ms": 0.30300799012184143,
          "rank_ms": [
            0.06697600334882736,
            0.30300799012184143,
            0.23136000335216522,
            0.1709119975566864
          ]
        },
        "sample_index": 48,
        "scheduled_start_arrival_ns_by_rank": [
          744621039778303,
          744621039816972,
          744621039760002,
          744621039864880
        ],
        "scheduled_start_target_ns_by_rank": [
          744621044864880,
          744621044864880,
          744621044864880,
          744621044864880
        ],
        "start_record_bracket_ns_by_rank": [
          [
            744621044865467,
            744621044892981
          ],
          [
            744621044866307,
            744621044910997
          ],
          [
            744621044866576,
            744621044915445
          ],
          [
            744621044865322,
            744621044889670
          ]
        ],
        "start_record_envelope_span_ns": 50123,
        "variant": 0
      },
      {
        "collective_only": {
          "local_ms": 0.013407999649643898,
          "rank_max_ms": 0.1284160017967224,
          "rank_ms": [
            0.013407999649643898,
            0.10454399883747101,
            0.12476799637079239,
            0.1284160017967224
          ]
        },
        "pair_attempt_id": 50,
        "pair_retry_ordinal": 0,
        "position": 0,
        "readiness_probe_exact": true,
        "ready_region": {
          "local_ms": 0.3359360098838806,
          "rank_max_ms": 0.3359360098838806,
          "rank_ms": [
            0.3359360098838806,
            0.2900800108909607,
            0.14403200149536133,
            0.14528000354766846
          ]
        },
        "sample_index": 49,
        "scheduled_start_arrival_ns_by_rank": [
          744621047625985,
          744621047810032,
          744621047585671,
          744621047533764
        ],
        "scheduled_start_target_ns_by_rank": [
          744621052810032,
          744621052810032,
          744621052810032,
          744621052810032
        ],
        "start_record_bracket_ns_by_rank": [
          [
            744621052810574,
            744621052836889
          ],
          [
            744621052812619,
            744621052859060
          ],
          [
            744621052810540,
            744621052836601
          ],
          [
            744621052810558,
            744621052833209
          ]
        ],
        "start_record_envelope_span_ns": 48520,
        "variant": 1
      },
      {
        "collective_only": {
          "local_ms": 0.012512000277638435,
          "rank_max_ms": 0.1287360042333603,
          "rank_ms": [
            0.012512000277638435,
            0.1287360042333603,
            0.1226240023970604,
            0.12083200365304947
          ]
        },
        "pair_attempt_id": 51,
        "pair_retry_ordinal": 0,
        "position": 0,
        "readiness_probe_exact": true,
        "ready_region": {
          "local_ms": 0.3166080117225647,
          "rank_max_ms": 0.3166080117225647,
          "rank_ms": [
            0.3166080117225647,
            0.22886399924755096,
            0.17657600343227386,
            0.1849920004606247
          ]
        },
        "sample_index": 50,
        "scheduled_start_arrival_ns_by_rank": [
          744621058226124,
          744621058072784,
          744621058117298,
          744621058229373
        ],
        "scheduled_start_target_ns_by_rank": [
          744621063229373,
          744621063229373,
          744621063229373,
          744621063229373
        ],
        "start_record_bracket_ns_by_rank": [
          [
            744621063230460,
            744621063275577
          ],
          [
            744621063231417,
            744621063272445
          ],
          [
            744621063230306,
            744621063274176
          ],
          [
            744621063230300,
            744621063279111
          ]
        ],
        "start_record_envelope_span_ns": 48811,
        "variant": 0
      },
      {
        "collective_only": {
          "local_ms": 0.013055999763309956,
          "rank_max_ms": 0.13091200590133667,
          "rank_ms": [
            0.013055999763309956,
            0.13091200590133667,
            0.12307199835777283,
            0.12556800246238708
          ]
        },
        "pair_attempt_id": 52,
        "pair_retry_ordinal": 0,
        "position": 0,
        "readiness_probe_exact": true,
        "ready_region": {
          "local_ms": 0.254720002412796,
          "rank_max_ms": 0.254720002412796,
          "rank_ms": [
            0.254720002412796,
            0.2391359955072403,
            0.16380800306797028,
            0.16415999829769135
          ]
        },
        "sample_index": 51,
        "scheduled_start_arrival_ns_by_rank": [
          744621067945861,
          744621067746961,
          744621067822575,
          744621067761670
        ],
        "scheduled_start_target_ns_by_rank": [
          744621072945861,
          744621072945861,
          744621072945861,
          744621072945861
        ],
        "start_record_bracket_ns_by_rank": [
          [
            744621072946687,
            744621072983118
          ],
          [
            744621072947938,
            744621072981824
          ],
          [
            744621072947364,
            744621072985058
          ],
          [
            744621072946675,
            744621072985878
          ]
        ],
        "start_record_envelope_span_ns": 39203,
        "variant": 1
      },
      {
        "collective_only": {
          "local_ms": 0.012896000407636166,
          "rank_max_ms": 0.13433599472045898,
          "rank_ms": [
            0.012896000407636166,
            0.13433599472045898,
            0.13171200454235077,
            0.12272000312805176
          ]
        },
        "pair_attempt_id": 53,
        "pair_retry_ordinal": 0,
        "position": 0,
        "readiness_probe_exact": true,
        "ready_region": {
          "local_ms": 0.29260799288749695,
          "rank_max_ms": 0.29260799288749695,
          "rank_ms": [
            0.29260799288749695,
            0.2030079960823059,
            0.15401600301265717,
            0.151296004652977
          ]
        },
        "sample_index": 52,
        "scheduled_start_arrival_ns_by_rank": [
          744621077712454,
          744621078224092,
          744621077471871,
          744621077648475
        ],
        "scheduled_start_target_ns_by_rank": [
          744621083224092,
          744621083224092,
          744621083224092,
          744621083224092
        ],
        "start_record_bracket_ns_by_rank": [
          [
            744621083225208,
            744621083263992
          ],
          [
            744621083226352,
            744621083261612
          ],
          [
            744621083225000,
            744621083263499
          ],
          [
            744621083224840,
            744621083265672
          ]
        ],
        "start_record_envelope_span_ns": 40832,
        "variant": 0
      },
      {
        "collective_only": {
          "local_ms": 0.012864000163972378,
          "rank_max_ms": 0.1297599971294403,
          "rank_ms": [
            0.012864000163972378,
            0.1297599971294403,
            0.12396799772977829,
            0.12476799637079239
          ]
        },
        "pair_attempt_id": 54,
        "pair_retry_ordinal": 0,
        "position": 0,
        "readiness_probe_exact": true,
        "ready_region": {
          "local_ms": 0.31593599915504456,
          "rank_max_ms": 0.31593599915504456,
          "rank_ms": [
            0.31593599915504456,
            0.18828800320625305,
            0.15292799472808838,
            0.15353600680828094
          ]
        },
        "sample_index": 53,
        "scheduled_start_arrival_ns_by_rank": [
          744621088294835,
          744621088057915,
          744621088125008,
          744621088242699
        ],
        "scheduled_start_target_ns_by_rank": [
          744621093294835,
          744621093294835,
          744621093294835,
          744621093294835
        ],
        "start_record_bracket_ns_by_rank": [
          [
            744621093295889,
            744621093335527
          ],
          [
            744621093297019,
            744621093330719
          ],
          [
            744621093295724,
            744621093335678
          ],
          [
            744621093295525,
            744621093334912
          ]
        ],
        "start_record_envelope_span_ns": 40153,
        "variant": 1
      },
      {
        "collective_only": {
          "local_ms": 0.01283199992030859,
          "rank_max_ms": 0.11456000059843063,
          "rank_ms": [
            0.01283199992030859,
            0.11376000195741653,
            0.11382400244474411,
            0.11456000059843063
          ]
        },
        "pair_attempt_id": 55,
        "pair_retry_ordinal": 0,
        "position": 0,
        "readiness_probe_exact": true,
        "ready_region": {
          "local_ms": 0.03574400022625923,
          "rank_max_ms": 0.23212799429893494,
          "rank_ms": [
            0.03574400022625923,
            0.23212799429893494,
            0.16655999422073364,
            0.14083200693130493
          ]
        },
        "sample_index": 54,
        "scheduled_start_arrival_ns_by_rank": [
          744621099112764,
          744621098945621,
          744621098965070,
          744621098871134
        ],
        "scheduled_start_target_ns_by_rank": [
          744621104112764,
          744621104112764,
          744621104112764,
          744621104112764
        ],
        "start_record_bracket_ns_by_rank": [
          [
            744621104113494,
            744621104145428
          ],
          [
            744621104115009,
            744621104156405
          ],
          [
            744621104113784,
            744621104153055
          ],
          [
            744621104113255,
            744621104149960
          ]
        ],
        "start_record_envelope_span_ns": 43150,
        "variant": 0
      },
      {
        "collective_only": {
          "local_ms": 0.013248000293970108,
          "rank_max_ms": 0.13555200397968292,
          "rank_ms": [
            0.013248000293970108,
            0.13555200397968292,
            0.12758399546146393,
            0.12028799951076508
          ]
        },
        "pair_attempt_id": 56,
        "pair_retry_ordinal": 0,
        "position": 0,
        "readiness_probe_exact": true,
        "ready_region": {
          "local_ms": 0.4105600118637085,
          "rank_max_ms": 0.4105600118637085,
          "rank_ms": [
            0.4105600118637085,
            0.17321600019931793,
            0.16284799575805664,
            0.1709440052509308
          ]
        },
        "sample_index": 55,
        "scheduled_start_arrival_ns_by_rank": [
          744621108835729,
          744621108820816,
          744621108715315,
          744621108837274
        ],
        "scheduled_start_target_ns_by_rank": [
          744621113837274,
          744621113837274,
          744621113837274,
          744621113837274
        ],
        "start_record_bracket_ns_by_rank": [
          [
            744621113838254,
            744621113873370
          ],
          [
            744621113838201,
            744621113866484
          ],
          [
            744621113838263,
            744621113873826
          ],
          [
            744621113838076,
            744621113876441
          ]
        ],
        "start_record_envelope_span_ns": 38365,
        "variant": 1
      },
      {
        "collective_only": {
          "local_ms": 0.012959999963641167,
          "rank_max_ms": 0.11760000139474869,
          "rank_ms": [
            0.012959999963641167,
            0.11760000139474869,
            0.11446399986743927,
            0.11760000139474869
          ]
        },
        "pair_attempt_id": 57,
        "pair_retry_ordinal": 0,
        "position": 0,
        "readiness_probe_exact": true,
        "ready_region": {
          "local_ms": 0.23420800268650055,
          "rank_max_ms": 0.27110400795936584,
          "rank_ms": [
            0.23420800268650055,
            0.27110400795936584,
            0.17772799730300903,
            0.1900479942560196
          ]
        },
        "sample_index": 56,
        "scheduled_start_arrival_ns_by_rank": [
          744621118654049,
          744621118658742,
          744621118591050,
          744621118753735
        ],
        "scheduled_start_target_ns_by_rank": [
          744621123753735,
          744621123753735,
          744621123753735,
          744621123753735
        ],
        "start_record_bracket_ns_by_rank": [
          [
            744621123754994,
            744621123801844
          ],
          [
            744621123756081,
            744621123804481
          ],
          [
            744621123754887,
            744621123802947
          ],
          [
            744621123754825,
            744621123803540
          ]
        ],
        "start_record_envelope_span_ns": 49656,
        "variant": 0
      },
      {
        "collective_only": {
          "local_ms": 0.042367998510599136,
          "rank_max_ms": 0.044319998472929,
          "rank_ms": [
            0.042367998510599136,
            0.04131200164556503,
            0.041280001401901245,
            0.044319998472929
          ]
        },
        "pair_attempt_id": 58,
        "pair_retry_ordinal": 0,
        "position": 0,
        "readiness_probe_exact": true,
        "ready_region": {
          "local_ms": 0.1552640050649643,
          "rank_max_ms": 0.20707200467586517,
          "rank_ms": [
            0.1552640050649643,
            0.20707200467586517,
            0.15836800634860992,
            0.1467839926481247
          ]
        },
        "sample_index": 57,
        "scheduled_start_arrival_ns_by_rank": [
          744621128214344,
          744621128051178,
          744621128213170,
          744621128205847
        ],
        "scheduled_start_target_ns_by_rank": [
          744621133214344,
          744621133214344,
          744621133214344,
          744621133214344
        ],
        "start_record_bracket_ns_by_rank": [
          [
            744621133215449,
            744621133256272
          ],
          [
            744621133216023,
            744621133257241
          ],
          [
            744621133215366,
            744621133257436
          ],
          [
            744621133214964,
            744621133254477
          ]
        ],
        "start_record_envelope_span_ns": 42472,
        "variant": 1
      },
      {
        "collective_only": {
          "local_ms": 0.06412799656391144,
          "rank_max_ms": 0.06412799656391144,
          "rank_ms": [
            0.06412799656391144,
            0.05571199953556061,
            0.054816000163555145,
            0.06163199990987778
          ]
        },
        "pair_attempt_id": 59,
        "pair_retry_ordinal": 0,
        "position": 0,
        "readiness_probe_exact": true,
        "ready_region": {
          "local_ms": 0.18636800348758698,
          "rank_max_ms": 0.3117760121822357,
          "rank_ms": [
            0.18636800348758698,
            0.3117760121822357,
            0.24924799799919128,
            0.20108799636363983
          ]
        },
        "sample_index": 58,
        "scheduled_start_arrival_ns_by_rank": [
          744621137475020,
          744621137266925,
          744621137506839,
          744621137528617
        ],
        "scheduled_start_target_ns_by_rank": [
          744621142528617,
          744621142528617,
          744621142528617,
          744621142528617
        ],
        "start_record_bracket_ns_by_rank": [
          [
            744621142530253,
            744621142575672
          ],
          [
            744621142530802,
            744621142587990
          ],
          [
            744621142531601,
            744621142587928
          ],
          [
            744621142529811,
            744621142579044
          ]
        ],
        "start_record_envelope_span_ns": 58179,
        "variant": 0
      },
      {
        "collective_only": {
          "local_ms": 0.05049600079655647,
          "rank_max_ms": 0.056832000613212585,
          "rank_ms": [
            0.05049600079655647,
            0.05152000114321709,
            0.05145600065588951,
            0.056832000613212585
          ]
        },
        "pair_attempt_id": 60,
        "pair_retry_ordinal": 0,
        "position": 0,
        "readiness_probe_exact": true,
        "ready_region": {
          "local_ms": 0.17712000012397766,
          "rank_max_ms": 0.255264014005661,
          "rank_ms": [
            0.17712000012397766,
            0.255264014005661,
            0.18031999468803406,
            0.17286400496959686
          ]
        },
        "sample_index": 59,
        "scheduled_start_arrival_ns_by_rank": [
          744621149294772,
          744621149477501,
          744621149091691,
          744621148809895
        ],
        "scheduled_start_target_ns_by_rank": [
          744621154477501,
          744621154477501,
          744621154477501,
          744621154477501
        ],
        "start_record_bracket_ns_by_rank": [
          [
            744621154480731,
            744621154528247
          ],
          [
            744621154479474,
            744621154533456
          ],
          [
            744621154478747,
            744621154527091
          ],
          [
            744621154478492,
            744621154526292
          ]
        ],
        "start_record_envelope_span_ns": 54964,
        "variant": 1
      },
      {
        "collective_only": {
          "local_ms": 0.04444799944758415,
          "rank_max_ms": 0.04444799944758415,
          "rank_ms": [
            0.04444799944758415,
            0.04057599976658821,
            0.040672000497579575,
            0.03923200070858002
          ]
        },
        "pair_attempt_id": 61,
        "pair_retry_ordinal": 0,
        "position": 0,
        "readiness_probe_exact": true,
        "ready_region": {
          "local_ms": 0.1483200043439865,
          "rank_max_ms": 0.23260800540447235,
          "rank_ms": [
            0.1483200043439865,
            0.23260800540447235,
            0.1802240014076233,
            0.17635199427604675
          ]
        },
        "sample_index": 60,
        "scheduled_start_arrival_ns_by_rank": [
          744621159629620,
          744621159706516,
          744621159719007,
          744621159798678
        ],
        "scheduled_start_target_ns_by_rank": [
          744621164798678,
          744621164798678,
          744621164798678,
          744621164798678
        ],
        "start_record_bracket_ns_by_rank": [
          [
            744621164799696,
            744621164836915
          ],
          [
            744621164800133,
            744621164841434
          ],
          [
            744621164799687,
            744621164842254
          ],
          [
            744621164799736,
            744621164842025
          ]
        ],
        "start_record_envelope_span_ns": 42567,
        "variant": 0
      },
      {
        "collective_only": {
          "local_ms": 0.05417599901556969,
          "rank_max_ms": 0.05417599901556969,
          "rank_ms": [
            0.05417599901556969,
            0.04521600157022476,
            0.049375999718904495,
            0.04668800160288811
          ]
        },
        "pair_attempt_id": 62,
        "pair_retry_ordinal": 0,
        "position": 0,
        "readiness_probe_exact": true,
        "ready_region": {
          "local_ms": 0.14867199957370758,
          "rank_max_ms": 0.22918400168418884,
          "rank_ms": [
            0.14867199957370758,
            0.22918400168418884,
            0.1735360026359558,
            0.16019199788570404
          ]
        },
        "sample_index": 61,
        "scheduled_start_arrival_ns_by_rank": [
          744621171160524,
          744621171114238,
          744621171251674,
          744621171269509
        ],
        "scheduled_start_target_ns_by_rank": [
          744621176269509,
          744621176269509,
          744621176269509,
          744621176269509
        ],
        "start_record_bracket_ns_by_rank": [
          [
            744621176270335,
            744621176308752
          ],
          [
            744621176272190,
            744621176319570
          ],
          [
            744621176270767,
            744621176315157
          ],
          [
            744621176270462,
            744621176312857
          ]
        ],
        "start_record_envelope_span_ns": 49235,
        "variant": 1
      },
      {
        "collective_only": {
          "local_ms": 0.037696000188589096,
          "rank_max_ms": 0.04227200150489807,
          "rank_ms": [
            0.037696000188589096,
            0.04227200150489807,
            0.03766399994492531,
            0.03721600025892258
          ]
        },
        "pair_attempt_id": 63,
        "pair_retry_ordinal": 0,
        "position": 0,
        "readiness_probe_exact": true,
        "ready_region": {
          "local_ms": 0.42102399468421936,
          "rank_max_ms": 0.42102399468421936,
          "rank_ms": [
            0.42102399468421936,
            0.21372799575328827,
            0.19283199310302734,
            0.19430400431156158
          ]
        },
        "sample_index": 62,
        "scheduled_start_arrival_ns_by_rank": [
          744621180741809,
          744621180664197,
          744621180461700,
          744621180827788
        ],
        "scheduled_start_target_ns_by_rank": [
          744621185827788,
          744621185827788,
          744621185827788,
          744621185827788
        ],
        "start_record_bracket_ns_by_rank": [
          [
            744621185828596,
            744621185868227
          ],
          [
            744621185828512,
            744621185864610
          ],
          [
            744621185828636,
            744621185871388
          ],
          [
            744621185828591,
            744621185870691
          ]
        ],
        "start_record_envelope_span_ns": 42876,
        "variant": 0
      },
      {
        "collective_only": {
          "local_ms": 0.052671998739242554,
          "rank_max_ms": 0.06752000004053116,
          "rank_ms": [
            0.052671998739242554,
            0.045343998819589615,
            0.05283199995756149,
            0.06752000004053116
          ]
        },
        "pair_attempt_id": 64,
        "pair_retry_ordinal": 0,
        "position": 0,
        "readiness_probe_exact": true,
        "ready_region": {
          "local_ms": 0.14979200065135956,
          "rank_max_ms": 0.22672000527381897,
          "rank_ms": [
            0.14979200065135956,
            0.22672000527381897,
            0.15750400722026825,
            0.12479999661445618
          ]
        },
        "sample_index": 63,
        "scheduled_start_arrival_ns_by_rank": [
          744621191538291,
          744621189126314,
          744621189221374,
          744621189441312
        ],
        "scheduled_start_target_ns_by_rank": [
          744621196538291,
          744621196538291,
          744621196538291,
          744621196538291
        ],
        "start_record_bracket_ns_by_rank": [
          [
            744621196539212,
            744621196578136
          ],
          [
            744621196541063,
            744621196589267
          ],
          [
            744621196539267,
            744621196580347
          ],
          [
            744621196538719,
            744621196565134
          ]
        ],
        "start_record_envelope_span_ns": 50548,
        "variant": 1
      },
      {
        "collective_only": {
          "local_ms": 0.012543999589979649,
          "rank_max_ms": 0.13766400516033173,
          "rank_ms": [
            0.012543999589979649,
            0.10719999670982361,
            0.11187200248241425,
            0.13766400516033173
          ]
        },
        "pair_attempt_id": 65,
        "pair_retry_ordinal": 0,
        "position": 0,
        "readiness_probe_exact": true,
        "ready_region": {
          "local_ms": 0.0841279998421669,
          "rank_max_ms": 0.32604798674583435,
          "rank_ms": [
            0.0841279998421669,
            0.32604798674583435,
            0.18838399648666382,
            0.1478399932384491
          ]
        },
        "sample_index": 64,
        "scheduled_start_arrival_ns_by_rank": [
          744621201918824,
          744621201736383,
          744621201792038,
          744621201498576
        ],
        "scheduled_start_target_ns_by_rank": [
          744621206918824,
          744621206918824,
          744621206918824,
          744621206918824
        ],
        "start_record_bracket_ns_by_rank": [
          [
            744621206919871,
            744621206964536
          ],
          [
            744621206921578,
            744621206981510
          ],
          [
            744621206920044,
            744621206969128
          ],
          [
            744621206919223,
            744621206944080
          ]
        ],
        "start_record_envelope_span_ns": 62287,
        "variant": 0
      },
      {
        "collective_only": {
          "local_ms": 0.011935999616980553,
          "rank_max_ms": 0.11923199892044067,
          "rank_ms": [
            0.011935999616980553,
            0.11468800157308578,
            0.1188800036907196,
            0.11923199892044067
          ]
        },
        "pair_attempt_id": 66,
        "pair_retry_ordinal": 0,
        "position": 0,
        "readiness_probe_exact": true,
        "ready_region": {
          "local_ms": 0.05801599845290184,
          "rank_max_ms": 0.24755200743675232,
          "rank_ms": [
            0.05801599845290184,
            0.24755200743675232,
            0.19952000677585602,
            0.18988800048828125
          ]
        },
        "sample_index": 65,
        "scheduled_start_arrival_ns_by_rank": [
          744621216986469,
          744621217053164,
          744621216610385,
          744621216447880
        ],
        "scheduled_start_target_ns_by_rank": [
          744621222053164,
          744621222053164,
          744621222053164,
          744621222053164
        ],
        "start_record_bracket_ns_by_rank": [
          [
            744621222053729,
            744621222095172
          ],
          [
            744621222054790,
            744621222102977
          ],
          [
            744621222054140,
            744621222098602
          ],
          [
            744621222054122,
            744621222096747
          ]
        ],
        "start_record_envelope_span_ns": 49248,
        "variant": 1
      },
      {
        "collective_only": {
          "local_ms": 0.05830400064587593,
          "rank_max_ms": 0.06019200012087822,
          "rank_ms": [
            0.05830400064587593,
            0.04896000027656555,
            0.06019200012087822,
            0.052928000688552856
          ]
        },
        "pair_attempt_id": 67,
        "pair_retry_ordinal": 0,
        "position": 0,
        "readiness_probe_exact": true,
        "ready_region": {
          "local_ms": 0.1598079949617386,
          "rank_max_ms": 0.24675199389457703,
          "rank_ms": [
            0.1598079949617386,
            0.24675199389457703,
            0.16259199380874634,
            0.16435199975967407
          ]
        },
        "sample_index": 66,
        "scheduled_start_arrival_ns_by_rank": [
          744621225576832,
          744621225468160,
          744621225543421,
          744621225361167
        ],
        "scheduled_start_target_ns_by_rank": [
          744621230576832,
          744621230576832,
          744621230576832,
          744621230576832
        ],
        "start_record_bracket_ns_by_rank": [
          [
            744621230577651,
            744621230618761
          ],
          [
            744621230580010,
            744621230631172
          ],
          [
            744621230577771,
            744621230620072
          ],
          [
            744621230577793,
            744621230620251
          ]
        ],
        "start_record_envelope_span_ns": 53521,
        "variant": 0
      },
      {
        "collective_only": {
          "local_ms": 0.07852800190448761,
          "rank_max_ms": 0.07852800190448761,
          "rank_ms": [
            0.07852800190448761,
            0.06563200056552887,
            0.07532799988985062,
            0.07468800246715546
          ]
        },
        "pair_attempt_id": 68,
        "pair_retry_ordinal": 0,
        "position": 0,
        "readiness_probe_exact": true,
        "ready_region": {
          "local_ms": 0.1669439971446991,
          "rank_max_ms": 0.34860798716545105,
          "rank_ms": [
            0.1669439971446991,
            0.34860798716545105,
            0.174112007021904,
            0.174112007021904
          ]
        },
        "sample_index": 67,
        "scheduled_start_arrival_ns_by_rank": [
          744621237732581,
          744621235613424,
          744621235792749,
          744621235610078
        ],
        "scheduled_start_target_ns_by_rank": [
          744621242732581,
          744621242732581,
          744621242732581,
          744621242732581
        ],
        "start_record_bracket_ns_by_rank": [
          [
            744621242733599,
            744621242776063
          ],
          [
            744621242737516,
            744621242800587
          ],
          [
            744621242733653,
            744621242781949
          ],
          [
            744621242733516,
            744621242781031
          ]
        ],
        "start_record_envelope_span_ns": 67071,
        "variant": 1
      },
      {
        "collective_only": {
          "local_ms": 0.06207999959588051,
          "rank_max_ms": 0.06207999959588051,
          "rank_ms": [
            0.06207999959588051,
            0.05430399999022484,
            0.05942400172352791,
            0.06054399907588959
          ]
        },
        "pair_attempt_id": 69,
        "pair_retry_ordinal": 0,
        "position": 0,
        "readiness_probe_exact": true,
        "ready_region": {
          "local_ms": 0.17398400604724884,
          "rank_max_ms": 0.2425280064344406,
          "rank_ms": [
            0.17398400604724884,
            0.2425280064344406,
            0.17180800437927246,
            0.18806399405002594
          ]
        },
        "sample_index": 68,
        "scheduled_start_arrival_ns_by_rank": [
          744621248856053,
          744621249332638,
          744621248752463,
          744621248431760
        ],
        "scheduled_start_target_ns_by_rank": [
          744621254332638,
          744621254332638,
          744621254332638,
          744621254332638
        ],
        "start_record_bracket_ns_by_rank": [
          [
            744621254333720,
            744621254379187
          ],
          [
            744621254335599,
            744621254391691
          ],
          [
            744621254333652,
            744621254382559
          ],
          [
            744621254333569,
            744621254382242
          ]
        ],
        "start_record_envelope_span_ns": 58122,
        "variant": 0
      },
      {
        "collective_only": {
          "local_ms": 0.050144001841545105,
          "rank_max_ms": 0.050144001841545105,
          "rank_ms": [
            0.050144001841545105,
            0.04464000090956688,
            0.04758400097489357,
            0.04499199986457825
          ]
        },
        "pair_attempt_id": 70,
        "pair_retry_ordinal": 0,
        "position": 0,
        "readiness_probe_exact": true,
        "ready_region": {
          "local_ms": 0.16873599588871002,
          "rank_max_ms": 0.2226880043745041,
          "rank_ms": [
            0.16873599588871002,
            0.2226880043745041,
            0.16128000617027283,
            0.17260800302028656
          ]
        },
        "sample_index": 69,
        "scheduled_start_arrival_ns_by_rank": [
          744621259419934,
          744621258604617,
          744621258699184,
          744621258761006
        ],
        "scheduled_start_target_ns_by_rank": [
          744621264419934,
          744621264419934,
          744621264419934,
          744621264419934
        ],
        "start_record_bracket_ns_by_rank": [
          [
            744621264420766,
            744621264463076
          ],
          [
            744621264423095,
            744621264468248
          ],
          [
            744621264420894,
            744621264465086
          ],
          [
            744621264420751,
            744621264466501
          ]
        ],
        "start_record_envelope_span_ns": 47497,
        "variant": 1
      },
      {
        "collective_only": {
          "local_ms": 0.08675199747085571,
          "rank_max_ms": 0.08675199747085571,
          "rank_ms": [
            0.08675199747085571,
            0.060416001826524734,
            0.07631999999284744,
            0.06518399715423584
          ]
        },
        "pair_attempt_id": 71,
        "pair_retry_ordinal": 0,
        "position": 0,
        "readiness_probe_exact": true,
        "ready_region": {
          "local_ms": 0.2033279985189438,
          "rank_max_ms": 0.30294400453567505,
          "rank_ms": [
            0.2033279985189438,
            0.30294400453567505,
            0.20659199357032776,
            0.22748799622058868
          ]
        },
        "sample_index": 70,
        "scheduled_start_arrival_ns_by_rank": [
          744621269953662,
          744621269799172,
          744621269764944,
          744621269861221
        ],
        "scheduled_start_target_ns_by_rank": [
          744621274953662,
          744621274953662,
          744621274953662,
          744621274953662
        ],
        "start_record_bracket_ns_by_rank": [
          [
            744621274955084,
            744621275010937
          ],
          [
            744621274957153,
            744621275035916
          ],
          [
            744621274954717,
            744621275012752
          ],
          [
            744621274955351,
            744621275023990
          ]
        ],
        "start_record_envelope_span_ns": 81199,
        "variant": 0
      },
      {
        "collective_only": {
          "local_ms": 0.052352000027894974,
          "rank_max_ms": 0.08313599973917007,
          "rank_ms": [
            0.052352000027894974,
            0.08313599973917007,
            0.06172800064086914,
            0.030112000182271004
          ]
        },
        "pair_attempt_id": 72,
        "pair_retry_ordinal": 0,
        "position": 0,
        "readiness_probe_exact": true,
        "ready_region": {
          "local_ms": 0.3646720051765442,
          "rank_max_ms": 0.3646720051765442,
          "rank_ms": [
            0.3646720051765442,
            0.18118399381637573,
            0.18105599284172058,
            0.16812799870967865
          ]
        },
        "sample_index": 71,
        "scheduled_start_arrival_ns_by_rank": [
          744621279557728,
          744621279719203,
          744621279870109,
          744621279865608
        ],
        "scheduled_start_target_ns_by_rank": [
          744621284870109,
          744621284870109,
          744621284870109,
          744621284870109
        ],
        "start_record_bracket_ns_by_rank": [
          [
            744621284896511,
            744621284928802
          ],
          [
            744621284870829,
            744621284897210
          ],
          [
            744621284881508,
            744621284919859
          ],
          [
            744621284910888,
            744621284947041
          ]
        ],
        "start_record_envelope_span_ns": 76212,
        "variant": 1
      },
      {
        "collective_only": {
          "local_ms": 0.06415999680757523,
          "rank_max_ms": 0.06415999680757523,
          "rank_ms": [
            0.06415999680757523,
            0.05215999856591225,
            0.06204799935221672,
            0.05798399820923805
          ]
        },
        "pair_attempt_id": 74,
        "pair_retry_ordinal": 1,
        "position": 0,
        "readiness_probe_exact": true,
        "ready_region": {
          "local_ms": 0.16329599916934967,
          "rank_max_ms": 0.26499199867248535,
          "rank_ms": [
            0.16329599916934967,
            0.26499199867248535,
            0.17555199563503265,
            0.1913599967956543
          ]
        },
        "sample_index": 72,
        "scheduled_start_arrival_ns_by_rank": [
          744621300214031,
          744621299953503,
          744621300052916,
          744621300273722
        ],
        "scheduled_start_target_ns_by_rank": [
          744621305273722,
          744621305273722,
          744621305273722,
          744621305273722
        ],
        "start_record_bracket_ns_by_rank": [
          [
            744621305274811,
            744621305318139
          ],
          [
            744621305277141,
            744621305332171
          ],
          [
            744621305274842,
            744621305321193
          ],
          [
            744621305275404,
            744621305323789
          ]
        ],
        "start_record_envelope_span_ns": 57360,
        "variant": 1
      },
      {
        "collective_only": {
          "local_ms": 0.04972799867391586,
          "rank_max_ms": 0.05036799982190132,
          "rank_ms": [
            0.04972799867391586,
            0.04649600014090538,
            0.047359999269247055,
            0.05036799982190132
          ]
        },
        "pair_attempt_id": 75,
        "pair_retry_ordinal": 0,
        "position": 0,
        "readiness_probe_exact": true,
        "ready_region": {
          "local_ms": 0.1467200070619583,
          "rank_max_ms": 0.22604799270629883,
          "rank_ms": [
            0.1467200070619583,
            0.22604799270629883,
            0.1719360053539276,
            0.15331199765205383
          ]
        },
        "sample_index": 73,
        "scheduled_start_arrival_ns_by_rank": [
          744621309691777,
          744621309630873,
          744621309690954,
          744621309693678
        ],
        "scheduled_start_target_ns_by_rank": [
          744621314693678,
          744621314693678,
          744621314693678,
          744621314693678
        ],
        "start_record_bracket_ns_by_rank": [
          [
            744621314694456,
            744621314735721
          ],
          [
            744621314695870,
            744621314742421
          ],
          [
            744621314695428,
            744621314739530
          ],
          [
            744621314694671,
            744621314733731
          ]
        ],
        "start_record_envelope_span_ns": 47965,
        "variant": 0
      },
      {
        "collective_only": {
          "local_ms": 0.05385600030422211,
          "rank_max_ms": 0.05385600030422211,
          "rank_ms": [
            0.05385600030422211,
            0.04575999826192856,
            0.052319999784231186,
            0.0514880008995533
          ]
        },
        "pair_attempt_id": 76,
        "pair_retry_ordinal": 0,
        "position": 0,
        "readiness_probe_exact": true,
        "ready_region": {
          "local_ms": 0.14496000111103058,
          "rank_max_ms": 0.22630399465560913,
          "rank_ms": [
            0.14496000111103058,
            0.22630399465560913,
            0.14979200065135956,
            0.15216000378131866
          ]
        },
        "sample_index": 74,
        "scheduled_start_arrival_ns_by_rank": [
          744621319707755,
          744621319628312,
          744621319693167,
          744621319665250
        ],
        "scheduled_start_target_ns_by_rank": [
          744621324707755,
          744621324707755,
          744621324707755,
          744621324707755
        ],
        "start_record_bracket_ns_by_rank": [
          [
            744621324708909,
            744621324747029
          ],
          [
            744621324710429,
            744621324758741
          ],
          [
            744621324708847,
            744621324748268
          ],
          [
            744621324708733,
            744621324749050
          ]
        ],
        "start_record_envelope_span_ns": 50008,
        "variant": 1
      },
      {
        "collective_only": {
          "local_ms": 0.06428799778223038,
          "rank_max_ms": 0.06428799778223038,
          "rank_ms": [
            0.06428799778223038,
            0.047680001705884933,
            0.03606399893760681,
            0.06143999844789505
          ]
        },
        "pair_attempt_id": 77,
        "pair_retry_ordinal": 0,
        "position": 0,
        "readiness_probe_exact": true,
        "ready_region": {
          "local_ms": 0.14105600118637085,
          "rank_max_ms": 0.22115199267864227,
          "rank_ms": [
            0.14105600118637085,
            0.22115199267864227,
            0.14617599546909332,
            0.15756799280643463
          ]
        },
        "sample_index": 75,
        "scheduled_start_arrival_ns_by_rank": [
          744621333965242,
          744621332801696,
          744621332958369,
          744621332650810
        ],
        "scheduled_start_target_ns_by_rank": [
          744621338965242,
          744621338965242,
          744621338965242,
          744621338965242
        ],
        "start_record_bracket_ns_by_rank": [
          [
            744621338966045,
            744621338997030
          ],
          [
            744621338966718,
            744621339017032
          ],
          [
            744621338966009,
            744621339027339
          ],
          [
            744621338965818,
            744621339022637
          ]
        ],
        "start_record_envelope_span_ns": 61521,
        "variant": 0
      },
      {
        "collective_only": {
          "local_ms": 0.03455999866127968,
          "rank_max_ms": 0.03580800071358681,
          "rank_ms": [
            0.03455999866127968,
            0.03580800071358681,
            0.031199999153614044,
            0.03276799991726875
          ]
        },
        "pair_attempt_id": 78,
        "pair_retry_ordinal": 0,
        "position": 0,
        "readiness_probe_exact": true,
        "ready_region": {
          "local_ms": 0.13491199910640717,
          "rank_max_ms": 0.17670400440692902,
          "rank_ms": [
            0.13491199910640717,
            0.17670400440692902,
            0.13849599659442902,
            0.14086399972438812
          ]
        },
        "sample_index": 76,
        "scheduled_start_arrival_ns_by_rank": [
          744621342583685,
          744621342493089,
          744621342663917,
          744621342739438
        ],
        "scheduled_start_target_ns_by_rank": [
          744621347739438,
          744621347739438,
          744621347739438,
          744621347739438
        ],
        "start_record_bracket_ns_by_rank": [
          [
            744621347740145,
            744621347774817
          ],
          [
            744621347740063,
            744621347775229
          ],
          [
            744621347740202,
            744621347776219
          ],
          [
            744621347740135,
            744621347776932
          ]
        ],
        "start_record_envelope_span_ns": 36869,
        "variant": 1
      },
      {
        "collective_only": {
          "local_ms": 0.013344000093638897,
          "rank_max_ms": 0.1241919994354248,
          "rank_ms": [
            0.013344000093638897,
            0.11692799627780914,
            0.1241919994354248,
            0.12115199863910675
          ]
        },
        "pair_attempt_id": 79,
        "pair_retry_ordinal": 0,
        "position": 0,
        "readiness_probe_exact": true,
        "ready_region": {
          "local_ms": 0.06569600105285645,
          "rank_max_ms": 0.26070401072502136,
          "rank_ms": [
            0.06569600105285645,
            0.26070401072502136,
            0.17027199268341064,
            0.17689600586891174
          ]
        },
        "sample_index": 77,
        "scheduled_start_arrival_ns_by_rank": [
          744621351935085,
          744621351712158,
          744621351725853,
          744621351836973
        ],
        "scheduled_start_target_ns_by_rank": [
          744621356935085,
          744621356935085,
          744621356935085,
          744621356935085
        ],
        "start_record_bracket_ns_by_rank": [
          [
            744621356936090,
            744621356977741
          ],
          [
            744621356937580,
            744621356983661
          ],
          [
            744621356935954,
            744621356975306
          ],
          [
            744621356935917,
            744621356977934
          ]
        ],
        "start_record_envelope_span_ns": 47744,
        "variant": 0
      },
      {
        "collective_only": {
          "local_ms": 0.40796801447868347,
          "rank_max_ms": 0.4201599955558777,
          "rank_ms": [
            0.40796801447868347,
            0.4201599955558777,
            0.3253119885921478,
            0.026847999542951584
          ]
        },
        "pair_attempt_id": 80,
        "pair_retry_ordinal": 0,
        "position": 0,
        "readiness_probe_exact": true,
        "ready_region": {
          "local_ms": 0.41788798570632935,
          "rank_max_ms": 0.42819198966026306,
          "rank_ms": [
            0.41788798570632935,
            0.42819198966026306,
            0.333407998085022,
            0.15056000649929047
          ]
        },
        "sample_index": 78,
        "scheduled_start_arrival_ns_by_rank": [
          744621362694887,
          744621362544685,
          744621362646513,
          744621362684208
        ],
        "scheduled_start_target_ns_by_rank": [
          744621367694887,
          744621367694887,
          744621367694887,
          744621367694887
        ],
        "start_record_bracket_ns_by_rank": [
          [
            744621367705182,
            744621367735392
          ],
          [
            744621367695413,
            744621367722366
          ],
          [
            744621367784792,
            744621367816399
          ],
          [
            744621368080004,
            744621368111407
          ]
        ],
        "start_record_envelope_span_ns": 415994,
        "variant": 1
      },
      {
        "collective_only": {
          "local_ms": 0.030880000442266464,
          "rank_max_ms": 0.20083199441432953,
          "rank_ms": [
            0.030880000442266464,
            0.1990080028772354,
            0.20083199441432953,
            0.19606399536132812
          ]
        },
        "pair_attempt_id": 81,
        "pair_retry_ordinal": 0,
        "position": 0,
        "readiness_probe_exact": true,
        "ready_region": {
          "local_ms": 0.18649600446224213,
          "rank_max_ms": 0.21004800498485565,
          "rank_ms": [
            0.18649600446224213,
            0.20918400585651398,
            0.21004800498485565,
            0.20608000457286835
          ]
        },
        "sample_index": 79,
        "scheduled_start_arrival_ns_by_rank": [
          744621373810100,
          744621373632631,
          744621373929283,
          744621373688784
        ],
        "scheduled_start_target_ns_by_rank": [
          744621378929283,
          744621378929283,
          744621378929283,
          744621378929283
        ],
        "start_record_bracket_ns_by_rank": [
          [
            744621379099908,
            744621379133849
          ],
          [
            744621378931413,
            744621378968801
          ],
          [
            744621378930792,
            744621378968610
          ],
          [
            744621378930170,
            744621378966021
          ]
        ],
        "start_record_envelope_span_ns": 203679,
        "variant": 0
      },
      {
        "collective_only": {
          "local_ms": 0.05023999884724617,
          "rank_max_ms": 0.0506879985332489,
          "rank_ms": [
            0.05023999884724617,
            0.043327998369932175,
            0.0506879985332489,
            0.04927999898791313
          ]
        },
        "pair_attempt_id": 82,
        "pair_retry_ordinal": 0,
        "position": 0,
        "readiness_probe_exact": true,
        "ready_region": {
          "local_ms": 0.16102400422096252,
          "rank_max_ms": 0.2635520100593567,
          "rank_ms": [
            0.16102400422096252,
            0.2635520100593567,
            0.1555519998073578,
            0.16387200355529785
          ]
        },
        "sample_index": 80,
        "scheduled_start_arrival_ns_by_rank": [
          744621382810808,
          744621382675368,
          744621382902538,
          744621382672299
        ],
        "scheduled_start_target_ns_by_rank": [
          744621387902538,
          744621387902538,
          744621387902538,
          744621387902538
        ],
        "start_record_bracket_ns_by_rank": [
          [
            744621387903527,
            744621387939114
          ],
          [
            744621387904960,
            744621387948278
          ],
          [
            744621387903374,
            744621387938893
          ],
          [
            744621387903482,
            744621387939809
          ]
        ],
        "start_record_envelope_span_ns": 44904,
        "variant": 1
      },
      {
        "collective_only": {
          "local_ms": 0.04105599969625473,
          "rank_max_ms": 0.04150399938225746,
          "rank_ms": [
            0.04105599969625473,
            0.04150399938225746,
            0.04016000032424927,
            0.03420799970626831
          ]
        },
        "pair_attempt_id": 83,
        "pair_retry_ordinal": 0,
        "position": 0,
        "readiness_probe_exact": true,
        "ready_region": {
          "local_ms": 0.15318399667739868,
          "rank_max_ms": 0.20137600600719452,
          "rank_ms": [
            0.15318399667739868,
            0.20137600600719452,
            0.15199999511241913,
            0.16368000209331512
          ]
        },
        "sample_index": 81,
        "scheduled_start_arrival_ns_by_rank": [
          744621392623776,
          744621392582544,
          744621392642491,
          744621392653321
        ],
        "scheduled_start_target_ns_by_rank": [
          744621397653321,
          744621397653321,
          744621397653321,
          744621397653321
        ],
        "start_record_bracket_ns_by_rank": [
          [
            744621397654260,
            744621397691426
          ],
          [
            744621397654503,
            744621397691241
          ],
          [
            744621397654337,
            744621397691818
          ],
          [
            744621397654165,
            744621397696476
          ]
        ],
        "start_record_envelope_span_ns": 42311,
        "variant": 0
      },
      {
        "collective_only": {
          "local_ms": 0.040352001786231995,
          "rank_max_ms": 0.040352001786231995,
          "rank_ms": [
            0.040352001786231995,
            0.035392001271247864,
            0.03961599990725517,
            0.03500799834728241
          ]
        },
        "pair_attempt_id": 84,
        "pair_retry_ordinal": 0,
        "position": 0,
        "readiness_probe_exact": true,
        "ready_region": {
          "local_ms": 0.13340799510478973,
          "rank_max_ms": 0.18217599391937256,
          "rank_ms": [
            0.13340799510478973,
            0.18217599391937256,
            0.1377280056476593,
            0.13859200477600098
          ]
        },
        "sample_index": 82,
        "scheduled_start_arrival_ns_by_rank": [
          744621402063613,
          744621401856481,
          744621402035268,
          744621402241796
        ],
        "scheduled_start_target_ns_by_rank": [
          744621407241796,
          744621407241796,
          744621407241796,
          744621407241796
        ],
        "start_record_bracket_ns_by_rank": [
          [
            744621407242800,
            744621407275962
          ],
          [
            744621407243692,
            744621407280157
          ],
          [
            744621407242679,
            744621407277049
          ],
          [
            744621407242615,
            744621407277147
          ]
        ],
        "start_record_envelope_span_ns": 37542,
        "variant": 1
      },
      {
        "collective_only": {
          "local_ms": 0.03564799949526787,
          "rank_max_ms": 0.03564799949526787,
          "rank_ms": [
            0.03564799949526787,
            0.03219199925661087,
            0.035551998764276505,
            0.03299200162291527
          ]
        },
        "pair_attempt_id": 85,
        "pair_retry_ordinal": 0,
        "position": 0,
        "readiness_probe_exact": true,
        "ready_region": {
          "local_ms": 0.13142399489879608,
          "rank_max_ms": 0.18063999712467194,
          "rank_ms": [
            0.13142399489879608,
            0.18063999712467194,
            0.12268800288438797,
            0.13468800485134125
          ]
        },
        "sample_index": 83,
        "scheduled_start_arrival_ns_by_rank": [
          744621412960052,
          744621412890422,
          744621412733227,
          744621413048820
        ],
        "scheduled_start_target_ns_by_rank": [
          744621418048820,
          744621418048820,
          744621418048820,
          744621418048820
        ],
        "start_record_bracket_ns_by_rank": [
          [
            744621418049571,
            744621418076148
          ],
          [
            744621418050504,
            744621418079315
          ],
          [
            744621418049871,
            744621418075895
          ],
          [
            744621418049594,
            744621418078879
          ]
        ],
        "start_record_envelope_span_ns": 29744,
        "variant": 0
      },
      {
        "collective_only": {
          "local_ms": 0.03452799841761589,
          "rank_max_ms": 0.03574400022625923,
          "rank_ms": [
            0.03452799841761589,
            0.035360001027584076,
            0.0318400003015995,
            0.03574400022625923
          ]
        },
        "pair_attempt_id": 86,
        "pair_retry_ordinal": 0,
        "position": 0,
        "readiness_probe_exact": true,
        "ready_region": {
          "local_ms": 0.13142399489879608,
          "rank_max_ms": 0.17315199971199036,
          "rank_ms": [
            0.13142399489879608,
            0.17315199971199036,
            0.13574400544166565,
            0.12611199915409088
          ]
        },
        "sample_index": 84,
        "scheduled_start_arrival_ns_by_rank": [
          744621422296898,
          744621422160092,
          744621421879012,
          744621422259820
        ],
        "scheduled_start_target_ns_by_rank": [
          744621427296898,
          744621427296898,
          744621427296898,
          744621427296898
        ],
        "start_record_bracket_ns_by_rank": [
          [
            744621427297717,
            744621427330040
          ],
          [
            744621427298459,
            744621427330336
          ],
          [
            744621427297778,
            744621427331798
          ],
          [
            744621427298026,
            744621427329857
          ]
        ],
        "start_record_envelope_span_ns": 34081,
        "variant": 1
      },
      {
        "collective_only": {
          "local_ms": 0.04793599992990494,
          "rank_max_ms": 0.04793599992990494,
          "rank_ms": [
            0.04793599992990494,
            0.04262400045990944,
            0.04560000076889992,
            0.04601600021123886
          ]
        },
        "pair_attempt_id": 87,
        "pair_retry_ordinal": 0,
        "position": 0,
        "readiness_probe_exact": true,
        "ready_region": {
          "local_ms": 0.14281600713729858,
          "rank_max_ms": 0.19859200716018677,
          "rank_ms": [
            0.14281600713729858,
            0.19859200716018677,
            0.14771200716495514,
            0.12390399724245071
          ]
        },
        "sample_index": 85,
        "scheduled_start_arrival_ns_by_rank": [
          744621431575360,
          744621431418886,
          744621431641577,
          744621431440918
        ],
        "scheduled_start_target_ns_by_rank": [
          744621436641577,
          744621436641577,
          744621436641577,
          744621436641577
        ],
        "start_record_bracket_ns_by_rank": [
          [
            744621436642507,
            744621436677719
          ],
          [
            744621436643525,
            744621436684080
          ],
          [
            744621436642657,
            744621436680654
          ],
          [
            744621436642064,
            744621436675540
          ]
        ],
        "start_record_envelope_span_ns": 42016,
        "variant": 0
      },
      {
        "collective_only": {
          "local_ms": 0.0551999993622303,
          "rank_max_ms": 0.0551999993622303,
          "rank_ms": [
            0.0551999993622303,
            0.04483199864625931,
            0.05071999877691269,
            0.0496320016682148
          ]
        },
        "pair_attempt_id": 88,
        "pair_retry_ordinal": 0,
        "position": 0,
        "readiness_probe_exact": true,
        "ready_region": {
          "local_ms": 0.15535999834537506,
          "rank_max_ms": 0.23155200481414795,
          "rank_ms": [
            0.15535999834537506,
            0.23155200481414795,
            0.16121600568294525,
            0.15334400534629822
          ]
        },
        "sample_index": 86,
        "scheduled_start_arrival_ns_by_rank": [
          744621440668403,
          744621440542101,
          744621440629261,
          744621440686137
        ],
        "scheduled_start_target_ns_by_rank": [
          744621445686137,
          744621445686137,
          744621445686137,
          744621445686137
        ],
        "start_record_bracket_ns_by_rank": [
          [
            744621445687130,
            744621445723613
          ],
          [
            744621445688616,
            744621445735466
          ],
          [
            744621445687106,
            744621445728978
          ],
          [
            744621445687173,
            744621445726698
          ]
        ],
        "start_record_envelope_span_ns": 48360,
        "variant": 1
      },
      {
        "collective_only": {
          "local_ms": 0.04070400074124336,
          "rank_max_ms": 0.05651199817657471,
          "rank_ms": [
            0.04070400074124336,
            0.05651199817657471,
            0.05299200117588043,
            0.05100800096988678
          ]
        },
        "pair_attempt_id": 89,
        "pair_retry_ordinal": 0,
        "position": 0,
        "readiness_probe_exact": true,
        "ready_region": {
          "local_ms": 0.20428800582885742,
          "rank_max_ms": 0.20428800582885742,
          "rank_ms": [
            0.20428800582885742,
            0.16387200355529785,
            0.14927999675273895,
            0.15334400534629822
          ]
        },
        "sample_index": 87,
        "scheduled_start_arrival_ns_by_rank": [
          744621450906935,
          744621450787558,
          744621450704163,
          744621450636061
        ],
        "scheduled_start_target_ns_by_rank": [
          744621455906935,
          744621455906935,
          744621455906935,
          744621455906935
        ],
        "start_record_bracket_ns_by_rank": [
          [
            744621455909305,
            744621455953563
          ],
          [
            744621455908317,
            744621455937782
          ],
          [
            744621455907854,
            744621455940335
          ],
          [
            744621455907771,
            744621455943415
          ]
        ],
        "start_record_envelope_span_ns": 45792,
        "variant": 0
      },
      {
        "collective_only": {
          "local_ms": 0.04303999990224838,
          "rank_max_ms": 0.05462399870157242,
          "rank_ms": [
            0.04303999990224838,
            0.053408000618219376,
            0.04902400076389313,
            0.05462399870157242
          ]
        },
        "pair_attempt_id": 90,
        "pair_retry_ordinal": 0,
        "position": 0,
        "readiness_probe_exact": true,
        "ready_region": {
          "local_ms": 0.19599999487400055,
          "rank_max_ms": 0.19599999487400055,
          "rank_ms": [
            0.19599999487400055,
            0.1579200029373169,
            0.14287999272346497,
            0.13795199990272522
          ]
        },
        "sample_index": 88,
        "scheduled_start_arrival_ns_by_rank": [
          744621459742905,
          744621460355441,
          744621459938789,
          744621459802394
        ],
        "scheduled_start_target_ns_by_rank": [
          744621465355441,
          744621465355441,
          744621465355441,
          744621465355441
        ],
        "start_record_bracket_ns_by_rank": [
          [
            744621465357958,
            744621465404388
          ],
          [
            744621465357011,
            744621465393286
          ],
          [
            744621465356345,
            744621465393681
          ],
          [
            744621465356271,
            744621465391291
          ]
        ],
        "start_record_envelope_span_ns": 48117,
        "variant": 1
      },
      {
        "collective_only": {
          "local_ms": 0.04265600070357323,
          "rank_max_ms": 0.04435199871659279,
          "rank_ms": [
            0.04265600070357323,
            0.04435199871659279,
            0.03545600175857544,
            0.032607998698949814
          ]
        },
        "pair_attempt_id": 91,
        "pair_retry_ordinal": 0,
        "position": 0,
        "readiness_probe_exact": true,
        "ready_region": {
          "local_ms": 0.13548800349235535,
          "rank_max_ms": 0.16495999693870544,
          "rank_ms": [
            0.13548800349235535,
            0.16495999693870544,
            0.15222400426864624,
            0.15459200739860535
          ]
        },
        "sample_index": 89,
        "scheduled_start_arrival_ns_by_rank": [
          744621469996605,
          744621469909280,
          744621470087297,
          744621470246397
        ],
        "scheduled_start_target_ns_by_rank": [
          744621475246397,
          744621475246397,
          744621475246397,
          744621475246397
        ],
        "start_record_bracket_ns_by_rank": [
          [
            744621475247410,
            744621475279749
          ],
          [
            744621475247430,
            744621475279274
          ],
          [
            744621475247358,
            744621475287197
          ],
          [
            744621475247408,
            744621475287002
          ]
        ],
        "start_record_envelope_span_ns": 39839,
        "variant": 0
      },
      {
        "collective_only": {
          "local_ms": 0.03747199848294258,
          "rank_max_ms": 0.04995200037956238,
          "rank_ms": [
            0.03747199848294258,
            0.04995200037956238,
            0.04022400081157684,
            0.04620800167322159
          ]
        },
        "pair_attempt_id": 92,
        "pair_retry_ordinal": 0,
        "position": 0,
        "readiness_probe_exact": true,
        "ready_region": {
          "local_ms": 0.1876160055398941,
          "rank_max_ms": 0.1876160055398941,
          "rank_ms": [
            0.1876160055398941,
            0.17983999848365784,
            0.16816000640392303,
            0.16256000101566315
          ]
        },
        "sample_index": 90,
        "scheduled_start_arrival_ns_by_rank": [
          744621480596141,
          744621480649387,
          744621480747312,
          744621480886573
        ],
        "scheduled_start_target_ns_by_rank": [
          744621485886573,
          744621485886573,
          744621485886573,
          744621485886573
        ],
        "start_record_bracket_ns_by_rank": [
          [
            744621485888231,
            744621485930735
          ],
          [
            744621485887369,
            744621485918585
          ],
          [
            744621485887925,
            744621485928705
          ],
          [
            744621485887386,
            744621485923762
          ]
        ],
        "start_record_envelope_span_ns": 43366,
        "variant": 1
      },
      {
        "collective_only": {
          "local_ms": 0.05020799860358238,
          "rank_max_ms": 0.052960000932216644,
          "rank_ms": [
            0.05020799860358238,
            0.052960000932216644,
            0.04134399816393852,
            0.037087999284267426
          ]
        },
        "pair_attempt_id": 93,
        "pair_retry_ordinal": 0,
        "position": 0,
        "readiness_probe_exact": true,
        "ready_region": {
          "local_ms": 0.1470080018043518,
          "rank_max_ms": 0.1865919977426529,
          "rank_ms": [
            0.1470080018043518,
            0.1865919977426529,
            0.17350399494171143,
            0.18038399517536163
          ]
        },
        "sample_index": 91,
        "scheduled_start_arrival_ns_by_rank": [
          744621490056727,
          744621490100300,
          744621490349200,
          744621490361196
        ],
        "scheduled_start_target_ns_by_rank": [
          744621495361196,
          744621495361196,
          744621495361196,
          744621495361196
        ],
        "start_record_bracket_ns_by_rank": [
          [
            744621495362472,
            744621495399114
          ],
          [
            744621495362191,
            744621495396542
          ],
          [
            744621495362194,
            744621495407962
          ],
          [
            744621495362499,
            744621495410436
          ]
        ],
        "start_record_envelope_span_ns": 48245,
        "variant": 0
      },
      {
        "collective_only": {
          "local_ms": 0.046592000871896744,
          "rank_max_ms": 0.046879999339580536,
          "rank_ms": [
            0.046592000871896744,
            0.046879999339580536,
            0.03888000175356865,
            0.03619199991226196
          ]
        },
        "pair_attempt_id": 94,
        "pair_retry_ordinal": 0,
        "position": 0,
        "readiness_probe_exact": true,
        "ready_region": {
          "local_ms": 0.1380160003900528,
          "rank_max_ms": 0.17001600563526154,
          "rank_ms": [
            0.1380160003900528,
            0.17001600563526154,
            0.14803199470043182,
            0.1598079949617386
          ]
        },
        "sample_index": 92,
        "scheduled_start_arrival_ns_by_rank": [
          744621499056629,
          744621499116569,
          744621499420867,
          744621499473005
        ],
        "scheduled_start_target_ns_by_rank": [
          744621504473005,
          744621504473005,
          744621504473005,
          744621504473005
        ],
        "start_record_bracket_ns_by_rank": [
          [
            744621504473573,
            744621504507908
          ],
          [
            744621504473993,
            744621504508316
          ],
          [
            744621504473593,
            744621504516647
          ],
          [
            744621504474363,
            744621504517709
          ]
        ],
        "start_record_envelope_span_ns": 44136,
        "variant": 1
      },
      {
        "collective_only": {
          "local_ms": 0.041760001331567764,
          "rank_max_ms": 0.041760001331567764,
          "rank_ms": [
            0.041760001331567764,
            0.040192000567913055,
            0.034143999218940735,
            0.03519999980926514
          ]
        },
        "pair_attempt_id": 95,
        "pair_retry_ordinal": 0,
        "position": 0,
        "readiness_probe_exact": true,
        "ready_region": {
          "local_ms": 0.14531199634075165,
          "rank_max_ms": 0.19779199361801147,
          "rank_ms": [
            0.14531199634075165,
            0.19779199361801147,
            0.13977600634098053,
            0.13388800621032715
          ]
        },
        "sample_index": 93,
        "scheduled_start_arrival_ns_by_rank": [
          744621511943502,
          744621511895065,
          744621511920483,
          744621511984983
        ],
        "scheduled_start_target_ns_by_rank": [
          744621516984983,
          744621516984983,
          744621516984983,
          744621516984983
        ],
        "start_record_bracket_ns_by_rank": [
          [
            744621516985519,
            744621517029295
          ],
          [
            744621516986042,
            744621517031053
          ],
          [
            744621516985795,
            744621517034535
          ],
          [
            744621516985495,
            744621517033743
          ]
        ],
        "start_record_envelope_span_ns": 49040,
        "variant": 0
      },
      {
        "collective_only": {
          "local_ms": 0.04553600028157234,
          "rank_max_ms": 0.04553600028157234,
          "rank_ms": [
            0.04553600028157234,
            0.04073600098490715,
            0.032896000891923904,
            0.03593600168824196
          ]
        },
        "pair_attempt_id": 96,
        "pair_retry_ordinal": 0,
        "position": 0,
        "readiness_probe_exact": true,
        "ready_region": {
          "local_ms": 0.12006399780511856,
          "rank_max_ms": 0.1709119975566864,
          "rank_ms": [
            0.12006399780511856,
            0.1709119975566864,
            0.14480000734329224,
            0.1459520012140274
          ]
        },
        "sample_index": 94,
        "scheduled_start_arrival_ns_by_rank": [
          744621520512372,
          744621520588659,
          744621520433488,
          744621520759291
        ],
        "scheduled_start_target_ns_by_rank": [
          744621525759291,
          744621525759291,
          744621525759291,
          744621525759291
        ],
        "start_record_bracket_ns_by_rank": [
          [
            744621525759852,
            744621525788232
          ],
          [
            744621525760288,
            744621525793175
          ],
          [
            744621525760198,
            744621525798001
          ],
          [
            744621525760284,
            744621525797281
          ]
        ],
        "start_record_envelope_span_ns": 38149,
        "variant": 1
      },
      {
        "collective_only": {
          "local_ms": 0.03750399872660637,
          "rank_max_ms": 0.043776001781225204,
          "rank_ms": [
            0.03750399872660637,
            0.043776001781225204,
            0.03420799970626831,
            0.035071998834609985
          ]
        },
        "pair_attempt_id": 97,
        "pair_retry_ordinal": 0,
        "position": 0,
        "readiness_probe_exact": true,
        "ready_region": {
          "local_ms": 0.13238400220870972,
          "rank_max_ms": 0.16195200383663177,
          "rank_ms": [
            0.13238400220870972,
            0.15695999562740326,
            0.16195200383663177,
            0.14207999408245087
          ]
        },
        "sample_index": 95,
        "scheduled_start_arrival_ns_by_rank": [
          744621529942113,
          744621529927862,
          744621530060096,
          744621530466398
        ],
        "scheduled_start_target_ns_by_rank": [
          744621535466398,
          744621535466398,
          744621535466398,
          744621535466398
        ],
        "start_record_bracket_ns_by_rank": [
          [
            744621535467490,
            744621535504112
          ],
          [
            744621535467318,
            744621535500286
          ],
          [
            744621535467486,
            744621535508507
          ],
          [
            744621535467267,
            744621535507630
          ]
        ],
        "start_record_envelope_span_ns": 41240,
        "variant": 0
      },
      {
        "collective_only": {
          "local_ms": 0.046751998364925385,
          "rank_max_ms": 0.05180799961090088,
          "rank_ms": [
            0.046751998364925385,
            0.05180799961090088,
            0.04249599948525429,
            0.03939199820160866
          ]
        },
        "pair_attempt_id": 98,
        "pair_retry_ordinal": 0,
        "position": 0,
        "readiness_probe_exact": true,
        "ready_region": {
          "local_ms": 0.1544959992170334,
          "rank_max_ms": 0.188960000872612,
          "rank_ms": [
            0.1544959992170334,
            0.188960000872612,
            0.17081600427627563,
            0.17843200266361237
          ]
        },
        "sample_index": 96,
        "scheduled_start_arrival_ns_by_rank": [
          744621539115911,
          744621539091435,
          744621539529061,
          744621539509878
        ],
        "scheduled_start_target_ns_by_rank": [
          744621544529061,
          744621544529061,
          744621544529061,
          744621544529061
        ],
        "start_record_bracket_ns_by_rank": [
          [
            744621544530301,
            744621544575099
          ],
          [
            744621544529921,
            744621544569898
          ],
          [
            744621544530106,
            744621544577463
          ],
          [
            744621544530244,
            744621544580553
          ]
        ],
        "start_record_envelope_span_ns": 50632,
        "variant": 1
      },
      {
        "collective_only": {
          "local_ms": 0.03814399987459183,
          "rank_max_ms": 0.04169600084424019,
          "rank_ms": [
            0.03814399987459183,
            0.04169600084424019,
            0.035392001271247864,
            0.031136000528931618
          ]
        },
        "pair_attempt_id": 99,
        "pair_retry_ordinal": 0,
        "position": 0,
        "readiness_probe_exact": true,
        "ready_region": {
          "local_ms": 0.13225600123405457,
          "rank_max_ms": 0.14508800208568573,
          "rank_ms": [
            0.13225600123405457,
            0.13651199638843536,
            0.1372479945421219,
            0.14508800208568573
          ]
        },
        "sample_index": 97,
        "scheduled_start_arrival_ns_by_rank": [
          744621549534715,
          744621549760739,
          744621549539840,
          744621549697164
        ],
        "scheduled_start_target_ns_by_rank": [
          744621554760739,
          744621554760739,
          744621554760739,
          744621554760739
        ],
        "start_record_bracket_ns_by_rank": [
          [
            744621554761623,
            744621554794506
          ],
          [
            744621554761451,
            744621554790234
          ],
          [
            744621554761580,
            744621554796690
          ],
          [
            744621554761601,
            744621554798654
          ]
        ],
        "start_record_envelope_span_ns": 37203,
        "variant": 0
      },
      {
        "collective_only": {
          "local_ms": 0.05929600074887276,
          "rank_max_ms": 0.05929600074887276,
          "rank_ms": [
            0.05929600074887276,
            0.04435199871659279,
            0.041120000183582306,
            0.048128001391887665
          ]
        },
        "pair_attempt_id": 100,
        "pair_retry_ordinal": 0,
        "position": 0,
        "readiness_probe_exact": true,
        "ready_region": {
          "local_ms": 0.11523199826478958,
          "rank_max_ms": 0.2247679978609085,
          "rank_ms": [
            0.11523199826478958,
            0.2247679978609085,
            0.20771199464797974,
            0.1720000058412552
          ]
        },
        "sample_index": 98,
        "scheduled_start_arrival_ns_by_rank": [
          744621561723192,
          744621561745595,
          744621561943165,
          744621561994104
        ],
        "scheduled_start_target_ns_by_rank": [
          744621566994104,
          744621566994104,
          744621566994104,
          744621566994104
        ],
        "start_record_bracket_ns_by_rank": [
          [
            744621566994575,
            744621567031223
          ],
          [
            744621566996806,
            744621567049752
          ],
          [
            744621566995470,
            744621567051358
          ],
          [
            744621566994958,
            744621567044447
          ]
        ],
        "start_record_envelope_span_ns": 56783,
        "variant": 1
      },
      {
        "collective_only": {
          "local_ms": 0.06332799792289734,
          "rank_max_ms": 0.06332799792289734,
          "rank_ms": [
            0.06332799792289734,
            0.05299200117588043,
            0.04838399961590767,
            0.05936000123620033
          ]
        },
        "pair_attempt_id": 101,
        "pair_retry_ordinal": 0,
        "position": 0,
        "readiness_probe_exact": true,
        "ready_region": {
          "local_ms": 0.15564799308776855,
          "rank_max_ms": 0.25516799092292786,
          "rank_ms": [
            0.15564799308776855,
            0.25516799092292786,
            0.21369600296020508,
            0.16940799355506897
          ]
        },
        "sample_index": 99,
        "scheduled_start_arrival_ns_by_rank": [
          744621571278311,
          744621571470883,
          744621571652981,
          744621571452432
        ],
        "scheduled_start_target_ns_by_rank": [
          744621576652981,
          744621576652981,
          744621576652981,
          744621576652981
        ],
        "start_record_bracket_ns_by_rank": [
          [
            744621576653701,
            744621576692767
          ],
          [
            744621576655857,
            744621576708279
          ],
          [
            744621576654692,
            744621576709996
          ],
          [
            744621576653628,
            744621576693207
          ]
        ],
        "start_record_envelope_span_ns": 56368,
        "variant": 0
      }
    ],
    "warmup_order": [
      [
        "reference"
      ],
      [
        "reference"
      ],
      [
        "reference"
      ],
      [
        "reference"
      ],
      [
        "reference"
      ],
      [
        "reference"
      ],
      [
        "reference"
      ],
      [
        "reference"
      ],
      [
        "reference"
      ],
      [
        "reference"
      ]
    ],
    "warmup_variants": [
      1,
      0,
      1,
      0,
      1,
      0,
      1,
      0,
      1,
      0
    ]
  },
  "readiness_probe": {
    "dtype": "torch.bfloat16",
    "full_tensor_consumer": "preallocated BF16 negation output",
    "full_tensor_validation": "exact on every warmup and measured sample",
    "num_elements": 60,
    "positions": [
      [
        0,
        0
      ],
      [
        0,
        1
      ],
      [
        0,
        2
      ],
      [
        0,
        3
      ],
      [
        0,
        2048
      ],
      [
        0,
        3072
      ],
      [
        0,
        6140
      ],
      [
        0,
        6141
      ],
      [
        0,
        6142
      ],
      [
        0,
        6143
      ],
      [
        1,
        0
      ],
      [
        1,
        1
      ],
      [
        1,
        2
      ],
      [
        1,
        3
      ],
      [
        1,
        2048
      ],
      [
        1,
        3072
      ],
      [
        1,
        6140
      ],
      [
        1,
        6141
      ],
      [
        1,
        6142
      ],
      [
        1,
        6143
      ],
      [
        5,
        0
      ],
      [
        5,
        1
      ],
      [
        5,
        2
      ],
      [
        5,
        3
      ],
      [
        5,
        2048
      ],
      [
        5,
        3072
      ],
      [
        5,
        6140
      ],
      [
        5,
        6141
      ],
      [
        5,
        6142
      ],
      [
        5,
        6143
      ],
      [
        8,
        0
      ],
      [
        8,
        1
      ],
      [
        8,
        2
      ],
      [
        8,
        3
      ],
      [
        8,
        2048
      ],
      [
        8,
        3072
      ],
      [
        8,
        6140
      ],
      [
        8,
        6141
      ],
      [
        8,
        6142
      ],
      [
        8,
        6143
      ],
      [
        14,
        0
      ],
      [
        14,
        1
      ],
      [
        14,
        2
      ],
      [
        14,
        3
      ],
      [
        14,
        2048
      ],
      [
        14,
        3072
      ],
      [
        14,
        6140
      ],
      [
        14,
        6141
      ],
      [
        14,
        6142
      ],
      [
        14,
        6143
      ],
      [
        15,
        0
      ],
      [
        15,
        1
      ],
      [
        15,
        2
      ],
      [
        15,
        3
      ],
      [
        15,
        2048
      ],
      [
        15,
        3072
      ],
      [
        15,
        6140
      ],
      [
        15,
        6141
      ],
      [
        15,
        6142
      ],
      [
        15,
        6143
      ]
    ],
    "validation": "exact on every warmup and measured sample"
  },
  "reference": {
    "collective_only": {
      "median_ms": 0.05806400068104267,
      "min_ms": 0.03564799949526787,
      "p95_ms": 0.176256000995636
    },
    "gate_metric": "ready_region.rank_max_ms",
    "readiness_probe_overhead_median_ms": 0.13899200409650803,
    "ready_region": {
      "median_ms": 0.20446400344371796,
      "min_ms": 0.1316480040550232,
      "p95_ms": 0.3646720051765442
    }
  },
  "reference_policy": "SGLANG_GLM52_OPT=0 production GroupCoordinator path",
  "result_path": "/tmp/tp_allreduce_reachability_20260722T192433Z/baseline/m16_run1.json",
  "schema_version": 2,
  "scope": "tp4_allreduce_diagnostic_only",
  "timing_contract": {
    "alignment_retry_admission": "scheduled arrivals, common targets, and start-record brackets only; collective and ready-region latency are excluded",
    "collective_only": "start event through event recorded immediately after run()",
    "gate_metric": "ready_region rank-max paired p50",
    "rank_start_alignment": "selected stream synchronized after restoration; TP CPU-group all-gather selects a common same-host monotonic deadline 5 ms after latest arrival; ranks busy-wait; host timestamps bracket every start-event record call; a host-only 500 us envelope predicate allows at most 10 physical attempts for the whole logical A/B pair; the exact input variant alternates on every physical pair",
    "ready_region": "start event through full-tensor same-stream negation and position-sensitive gather",
    "restoration": "variant source-to-local copy and consumer/probe poison occur before every start event"
  },
  "workload": {
    "distributed": true,
    "family": "allreduce",
    "name": "tp4_allreduce_decode_m16",
    "notes": "TP4/DP4 decode bucket: local M=16; sum reduction. Standalone diagnostic; production caller/ABI not yet proven.",
    "params": {
      "dtype": "bfloat16",
      "hidden": 6144,
      "local_tokens": 16
    },
    "phase": "decode",
    "source_symbol": "sglang.srt.distributed.parallel_state.GroupCoordinator.all_reduce",
    "world_size": 4
  }
}
