started_utc=2026-07-22T19:30:12.241410502Z
command= /home/qinhaiyan/glm52-goal-runs/24-tp_allreduce_reachability/kernel-harness/serving_native/run.sh tp4_allreduce_decode_m32 --execution-mode cuda_graph --stream nondefault --warmup 10 --repeat 100 --output /tmp/tp_allreduce_reachability_20260722T192433Z/baseline/m32_run1.json
timeout_seconds=1800

*****************************************
Setting OMP_NUM_THREADS environment variable for each process to be 1 in default, to avoid your system being overloaded, please further tune the variable for optimal performance in your application as needed. 
*****************************************
/home/qinhaiyan/glm52-goal-runs/24-tp_allreduce_reachability/kernel-harness/.venv/lib/python3.12/site-packages/torch/distributed/c10d_logger.py:83: UserWarning: barrier(): using the device under current context. You can specify `device_id` in `init_process_group` to mute this warning.
  return func(*args, **kwargs)
[rank0]:[W722 19:30:24.801240143 ProcessGroupNCCL.cpp:5188] Guessing device ID based on global rank. This can cause a hang if rank to GPU mapping is heterogeneous. You can specify device_id in init_process_group()
{
  "all_reduce_trace": {
    "enabled": false,
    "evidence_valid": null,
    "failure_counts_by_rank": null,
    "measurement_instrumented": false,
    "paths_by_rank": null,
    "replay_limitation": "Python observes eager dispatch or CUDA graph capture only; CUDA graph replay does not re-enter this hook. Correlate stable kernel names in an Nsight Systems trace to prove replay execution."
  },
  "allreduce": {
    "candidate_capture_context_by_rank": null,
    "candidate_contract_by_rank": null,
    "exact_oracle": "hash[row,col]=(37*(row%127)+17*(col%127)+13*(row%127)*(col%127))%127; base_variant=((hash+shift)%127)-63 for shifts [0,31]; source=base+2*rank-(world_size-1); expected=world_size*base",
    "message_bytes": 393216,
    "reference_contract_by_rank": [
      {
        "exact_values": true,
        "local_poststate": "reduced",
        "output": {
          "device": "cuda:0",
          "dtype": "torch.bfloat16",
          "shape": [
            32,
            6144
          ],
          "stride": [
            6144,
            1
          ]
        },
        "output_aliases_local": true,
        "source_immutable": true
      },
      {
        "exact_values": true,
        "local_poststate": "reduced",
        "output": {
          "device": "cuda:1",
          "dtype": "torch.bfloat16",
          "shape": [
            32,
            6144
          ],
          "stride": [
            6144,
            1
          ]
        },
        "output_aliases_local": true,
        "source_immutable": true
      },
      {
        "exact_values": true,
        "local_poststate": "reduced",
        "output": {
          "device": "cuda:2",
          "dtype": "torch.bfloat16",
          "shape": [
            32,
            6144
          ],
          "stride": [
            6144,
            1
          ]
        },
        "output_aliases_local": true,
        "source_immutable": true
      },
      {
        "exact_values": true,
        "local_poststate": "reduced",
        "output": {
          "device": "cuda:3",
          "dtype": "torch.bfloat16",
          "shape": [
            32,
            6144
          ],
          "stride": [
            6144,
            1
          ]
        },
        "output_aliases_local": true,
        "source_immutable": true
      }
    ],
    "reference_dispatch_by_rank": [
      {
        "communicators": {
          "custom": {
            "algorithm": "ONE_SHOT_PUSH",
            "class": "sglang.srt.distributed.device_communicators.custom_all_reduce_v2.CustomAllReduceV2",
            "fields": {
              "config": "ModeConfig(one_shot_push_threshold=2097152, one_shot_pull_threshold=2097152)",
              "disabled": "False",
              "max_size": "16777216",
              "override_algo": "None",
              "rank": "0",
              "tms_cudagraph": "False",
              "world_size": "4"
            },
            "python_id": 130283271613152,
            "should_custom_ar": {
              "value": true
            }
          },
          "pymscclpp": {
            "should_mscclpp_allreduce": {
              "value": false
            }
          },
          "pynccl": {
            "class": "sglang.srt.distributed.device_communicators.pynccl.PyNcclCommunicator",
            "fields": {
              "disabled": "False",
              "rank": "0",
              "world_size": "4"
            },
            "python_id": 130283210936672,
            "symmetric_pool_enabled": {
              "value": false
            }
          },
          "quick": {
            "should_quick_allreduce": {
              "value": false
            }
          },
          "torch_symmetric_memory": {
            "should_torch_symm_mem_allreduce": {
              "value": false
            }
          }
        },
        "dtype": "torch.bfloat16",
        "execution_mode": "cuda_graph",
        "group_name": "tp:0",
        "group_ranks": [
          0,
          1,
          2,
          3
        ],
        "local_size": 0,
        "message_bytes": 393216,
        "phase": "reference_capture",
        "predicted_reference_algorithm": "ONE_SHOT_PUSH",
        "predicted_reference_backend": "custom_all_reduce_outplace",
        "rank": 0,
        "shape": [
          32,
          6144
        ],
        "stream": {
          "cuda_stream": 94013149155120,
          "requested": "nondefault"
        },
        "stride": [
          6144,
          1
        ],
        "world_size": 4
      },
      {
        "communicators": {
          "custom": {
            "algorithm": "ONE_SHOT_PUSH",
            "class": "sglang.srt.distributed.device_communicators.custom_all_reduce_v2.CustomAllReduceV2",
            "fields": {
              "config": "ModeConfig(one_shot_push_threshold=2097152, one_shot_pull_threshold=2097152)",
              "disabled": "False",
              "max_size": "16777216",
              "override_algo": "None",
              "rank": "1",
              "tms_cudagraph": "False",
              "world_size": "4"
            },
            "python_id": 127897856053264,
            "should_custom_ar": {
              "value": true
            }
          },
          "pymscclpp": {
            "should_mscclpp_allreduce": {
              "value": false
            }
          },
          "pynccl": {
            "class": "sglang.srt.distributed.device_communicators.pynccl.PyNcclCommunicator",
            "fields": {
              "disabled": "False",
              "rank": "1",
              "world_size": "4"
            },
            "python_id": 127897856210752,
            "symmetric_pool_enabled": {
              "value": false
            }
          },
          "quick": {
            "should_quick_allreduce": {
              "value": false
            }
          },
          "torch_symmetric_memory": {
            "should_torch_symm_mem_allreduce": {
              "value": false
            }
          }
        },
        "dtype": "torch.bfloat16",
        "execution_mode": "cuda_graph",
        "group_name": "tp:0",
        "group_ranks": [
          0,
          1,
          2,
          3
        ],
        "local_size": 0,
        "message_bytes": 393216,
        "phase": "reference_capture",
        "predicted_reference_algorithm": "ONE_SHOT_PUSH",
        "predicted_reference_backend": "custom_all_reduce_outplace",
        "rank": 1,
        "shape": [
          32,
          6144
        ],
        "stream": {
          "cuda_stream": 96349880921936,
          "requested": "nondefault"
        },
        "stride": [
          6144,
          1
        ],
        "world_size": 4
      },
      {
        "communicators": {
          "custom": {
            "algorithm": "ONE_SHOT_PUSH",
            "class": "sglang.srt.distributed.device_communicators.custom_all_reduce_v2.CustomAllReduceV2",
            "fields": {
              "config": "ModeConfig(one_shot_push_threshold=2097152, one_shot_pull_threshold=2097152)",
              "disabled": "False",
              "max_size": "16777216",
              "override_algo": "None",
              "rank": "2",
              "tms_cudagraph": "False",
              "world_size": "4"
            },
            "python_id": 131723314228416,
            "should_custom_ar": {
              "value": true
            }
          },
          "pymscclpp": {
            "should_mscclpp_allreduce": {
              "value": false
            }
          },
          "pynccl": {
            "class": "sglang.srt.distributed.device_communicators.pynccl.PyNcclCommunicator",
            "fields": {
              "disabled": "False",
              "rank": "2",
              "world_size": "4"
            },
            "python_id": 131723293914896,
            "symmetric_pool_enabled": {
              "value": false
            }
          },
          "quick": {
            "should_quick_allreduce": {
              "value": false
            }
          },
          "torch_symmetric_memory": {
            "should_torch_symm_mem_allreduce": {
              "value": false
            }
          }
        },
        "dtype": "torch.bfloat16",
        "execution_mode": "cuda_graph",
        "group_name": "tp:0",
        "group_ranks": [
          0,
          1,
          2,
          3
        ],
        "local_size": 0,
        "message_bytes": 393216,
        "phase": "reference_capture",
        "predicted_reference_algorithm": "ONE_SHOT_PUSH",
        "predicted_reference_backend": "custom_all_reduce_outplace",
        "rank": 2,
        "shape": [
          32,
          6144
        ],
        "stream": {
          "cuda_stream": 108018576663824,
          "requested": "nondefault"
        },
        "stride": [
          6144,
          1
        ],
        "world_size": 4
      },
      {
        "communicators": {
          "custom": {
            "algorithm": "ONE_SHOT_PUSH",
            "class": "sglang.srt.distributed.device_communicators.custom_all_reduce_v2.CustomAllReduceV2",
            "fields": {
              "config": "ModeConfig(one_shot_push_threshold=2097152, one_shot_pull_threshold=2097152)",
              "disabled": "False",
              "max_size": "16777216",
              "override_algo": "None",
              "rank": "3",
              "tms_cudagraph": "False",
              "world_size": "4"
            },
            "python_id": 135722433859696,
            "should_custom_ar": {
              "value": true
            }
          },
          "pymscclpp": {
            "should_mscclpp_allreduce": {
              "value": false
            }
          },
          "pynccl": {
            "class": "sglang.srt.distributed.device_communicators.pynccl.PyNcclCommunicator",
            "fields": {
              "disabled": "False",
              "rank": "3",
              "world_size": "4"
            },
            "python_id": 135722434017232,
            "symmetric_pool_enabled": {
              "value": false
            }
          },
          "quick": {
            "should_quick_allreduce": {
              "value": false
            }
          },
          "torch_symmetric_memory": {
            "should_torch_symm_mem_allreduce": {
              "value": false
            }
          }
        },
        "dtype": "torch.bfloat16",
        "execution_mode": "cuda_graph",
        "group_name": "tp:0",
        "group_ranks": [
          0,
          1,
          2,
          3
        ],
        "local_size": 0,
        "message_bytes": 393216,
        "phase": "reference_capture",
        "predicted_reference_algorithm": "ONE_SHOT_PUSH",
        "predicted_reference_backend": "custom_all_reduce_outplace",
        "rank": 3,
        "shape": [
          32,
          6144
        ],
        "stream": {
          "cuda_stream": 106574687466768,
          "requested": "nondefault"
        },
        "stride": [
          6144,
          1
        ],
        "world_size": 4
      }
    ]
  },
  "candidate": null,
  "correctness": {
    "alternating_input_variants": 2,
    "candidate_state_guarded": false,
    "exact_full_checks": "before and after timing",
    "exact_full_tensor_consumer": "every warmup and measured sample",
    "exact_position_probe": "every warmup and measured sample",
    "passed": true,
    "validation_errors_aggregated_over_tp_cpu_group": true
  },
  "disposition": "tp4_reference_characterization_only",
  "environment": {
    "device": {
      "capability": [
        10,
        0
      ],
      "name": "NVIDIA B200",
      "rank": 0,
      "total_memory": 191490555904
    },
    "device_by_rank": [
      {
        "capability": [
          10,
          0
        ],
        "name": "NVIDIA B200",
        "rank": 0,
        "total_memory": 191490555904
      },
      {
        "capability": [
          10,
          0
        ],
        "name": "NVIDIA B200",
        "rank": 1,
        "total_memory": 191490555904
      },
      {
        "capability": [
          10,
          0
        ],
        "name": "NVIDIA B200",
        "rank": 2,
        "total_memory": 191490555904
      },
      {
        "capability": [
          10,
          0
        ],
        "name": "NVIDIA B200",
        "rank": 3,
        "total_memory": 191490555904
      }
    ],
    "env": {
      "CUDA_VISIBLE_DEVICES": "0,1,2,3",
      "NCCL_ALGO": null,
      "NCCL_PROTO": null,
      "SGLANG_ALL_REDUCE_TRACE": null,
      "SGLANG_GLM52_OPT": "0",
      "SGLANG_OPT_USE_CUSTOM_ALL_REDUCE_V2": null,
      "SGLANG_ROOT": "/home/qinhaiyan/glm52-goal-runs/24-tp_allreduce_reachability/sglang"
    },
    "kernel_harness_git": {
      "branch": "goal/glm52-prod-24-tp_allreduce_reachability",
      "dirty": false,
      "root": "/home/qinhaiyan/glm52-goal-runs/24-tp_allreduce_reachability/kernel-harness",
      "sha": "bea4a8cd294a84f2d305cd023eb3fed281de4b1e",
      "status": []
    },
    "packages": {
      "flashinfer": {
        "path": "/mnt/OS-oKqEXySb/home/qinhaiyan/miniconda3/envs/sglang/lib/python3.12/site-packages/flashinfer/__init__.py",
        "version": "0.6.12"
      },
      "sgl_kernel": {
        "path": "/mnt/OS-oKqEXySb/home/qinhaiyan/miniconda3/envs/sglang/lib/python3.12/site-packages/sgl_kernel/__init__.py",
        "version": "0.4.4"
      },
      "sglang": {
        "path": "/home/qinhaiyan/glm52-goal-runs/24-tp_allreduce_reachability/sglang/python/sglang/__init__.py",
        "version": "0.5.15"
      },
      "torch": {
        "cuda": "13.0",
        "nccl": [
          2,
          28,
          9
        ],
        "path": "/mnt/OS-oKqEXySb/home/qinhaiyan/miniconda3/envs/sglang/lib/python3.12/site-packages/torch/__init__.py",
        "version": "2.11.0+cu130"
      },
      "triton": {
        "path": "/mnt/OS-oKqEXySb/home/qinhaiyan/miniconda3/envs/sglang/lib/python3.12/site-packages/triton/__init__.py",
        "version": "3.6.0"
      }
    },
    "python": "/home/qinhaiyan/glm52-goal-runs/24-tp_allreduce_reachability/kernel-harness/.venv/bin/python",
    "python_version": "3.12.13 | packaged by Anaconda, Inc. | (main, Jul  9 2026, 14:38:16) [GCC 14.3.0]",
    "sglang_git": {
      "branch": "goal/glm52-prod-24-tp_allreduce_reachability",
      "dirty": false,
      "root": "/home/qinhaiyan/glm52-goal-runs/24-tp_allreduce_reachability/sglang",
      "sha": "a91928c6f713d69722176a8d13781367e9b78dc4",
      "status": []
    }
  },
  "execution": {
    "cuda_stream": 94013149155120,
    "default_to_execution_waits_outside_timing": 5,
    "mode": "cuda_graph",
    "nvtx_measurement_range": "serving_native/tp4_allreduce_decode_m32/cuda_graph/nondefault/reference",
    "nvtx_rank_synchronization": "rank 0 push after a TP CPU-group barrier; all ranks wait at a second barrier before measurement and before rank 0 pop",
    "stream": "nondefault"
  },
  "gate": {
    "candidate_present": false,
    "metric": "paired ready-region rank-max p50 speedup",
    "minimum_speedup": 1.03,
    "passed": null,
    "performance_eligible": true,
    "stock_fallback_active": true
  },
  "production_acceptance": "This direct TP4 callable is not proof of the GLM serving caller/ABI and cannot be relabeled as TP8 evidence.",
  "raw_samples": {
    "alignment_policy": {
      "accepted_pair_attempts": 100,
      "admission_fields": [
        "scheduled_start_arrival_ns_by_rank",
        "scheduled_start_target_ns_by_rank",
        "start_record_bracket_ns_by_rank",
        "start_record_envelope_span_ns"
      ],
      "initial_input_variant": 1,
      "latency_fields_excluded": true,
      "max_pair_attempts": 10,
      "next_input_variant": 0,
      "rejected_pair_attempts": 3,
      "requested_logical_pairs": 100,
      "start_record_envelope_limit_ns": 500000,
      "total_pair_attempts": 103
    },
    "candidate": null,
    "measured_order": [
      [
        "reference"
      ],
      [
        "reference"
      ],
      [
        "reference"
      ],
      [
        "reference"
      ],
      [
        "reference"
      ],
      [
        "reference"
      ],
      [
        "reference"
      ],
      [
        "reference"
      ],
      [
        "reference"
      ],
      [
        "reference"
      ],
      [
        "reference"
      ],
      [
        "reference"
      ],
      [
        "reference"
      ],
      [
        "reference"
      ],
      [
        "reference"
      ],
      [
        "reference"
      ],
      [
        "reference"
      ],
      [
        "reference"
      ],
      [
        "reference"
      ],
      [
        "reference"
      ],
      [
        "reference"
      ],
      [
        "reference"
      ],
      [
        "reference"
      ],
      [
        "reference"
      ],
      [
        "reference"
      ],
      [
        "reference"
      ],
      [
        "reference"
      ],
      [
        "reference"
      ],
      [
        "reference"
      ],
      [
        "reference"
      ],
      [
        "reference"
      ],
      [
        "reference"
      ],
      [
        "reference"
      ],
      [
        "reference"
      ],
      [
        "reference"
      ],
      [
        "reference"
      ],
      [
        "reference"
      ],
      [
        "reference"
      ],
      [
        "reference"
      ],
      [
        "reference"
      ],
      [
        "reference"
      ],
      [
        "reference"
      ],
      [
        "reference"
      ],
      [
        "reference"
      ],
      [
        "reference"
      ],
      [
        "reference"
      ],
      [
        "reference"
      ],
      [
        "reference"
      ],
      [
        "reference"
      ],
      [
        "reference"
      ],
      [
        "reference"
      ],
      [
        "reference"
      ],
      [
        "reference"
      ],
      [
        "reference"
      ],
      [
        "reference"
      ],
      [
        "reference"
      ],
      [
        "reference"
      ],
      [
        "reference"
      ],
      [
        "reference"
      ],
      [
        "reference"
      ],
      [
        "reference"
      ],
      [
        "reference"
      ],
      [
        "reference"
      ],
      [
        "reference"
      ],
      [
        "reference"
      ],
      [
        "reference"
      ],
      [
        "reference"
      ],
      [
        "reference"
      ],
      [
        "reference"
      ],
      [
        "reference"
      ],
      [
        "reference"
      ],
      [
        "reference"
      ],
      [
        "reference"
      ],
      [
        "reference"
      ],
      [
        "reference"
      ],
      [
        "reference"
      ],
      [
        "reference"
      ],
      [
        "reference"
      ],
      [
        "reference"
      ],
      [
        "reference"
      ],
      [
        "reference"
      ],
      [
        "reference"
      ],
      [
        "reference"
      ],
      [
        "reference"
      ],
      [
        "reference"
      ],
      [
        "reference"
      ],
      [
        "reference"
      ],
      [
        "reference"
      ],
      [
        "reference"
      ],
      [
        "reference"
      ],
      [
        "reference"
      ],
      [
        "reference"
      ],
      [
        "reference"
      ],
      [
        "reference"
      ],
      [
        "reference"
      ],
      [
        "reference"
      ],
      [
        "reference"
      ],
      [
        "reference"
      ],
      [
        "reference"
      ],
      [
        "reference"
      ]
    ],
    "measurement_attempts": [
      {
        "accepted": true,
        "attempt_id": 0,
        "logical_pair_index": 0,
        "order": [
          "reference"
        ],
        "rejection_reasons": [],
        "retry_ordinal": 0,
        "samples": {
          "reference": {
            "collective_only": {
              "local_ms": 0.04185599833726883,
              "rank_max_ms": 0.05167999863624573,
              "rank_ms": [
                0.04185599833726883,
                0.04451199993491173,
                0.05167999863624573,
                0.04153599962592125
              ]
            },
            "pair_attempt_id": 0,
            "pair_retry_ordinal": 0,
            "position": 0,
            "readiness_probe_exact": true,
            "ready_region": {
              "local_ms": 0.1807679980993271,
              "rank_max_ms": 0.18358400464057922,
              "rank_ms": [
                0.1807679980993271,
                0.1661120057106018,
                0.18195199966430664,
                0.18358400464057922
              ]
            },
            "sample_index": 0,
            "scheduled_start_arrival_ns_by_rank": [
              744727832639309,
              744727832647052,
              744727832552308,
              744727832641283
            ],
            "scheduled_start_target_ns_by_rank": [
              744727837647052,
              744727837647052,
              744727837647052,
              744727837647052
            ],
            "start_record_bracket_ns_by_rank": [
              [
                744727837648185,
                744727837695768
              ],
              [
                744727837647991,
                744727837691865
              ],
              [
                744727837648249,
                744727837687164
              ],
              [
                744727837648052,
                744727837695632
              ]
            ],
            "start_record_envelope_span_ns": 47777,
            "variant": 1
          }
        },
        "variant": 1
      },
      {
        "accepted": true,
        "attempt_id": 1,
        "logical_pair_index": 1,
        "order": [
          "reference"
        ],
        "rejection_reasons": [],
        "retry_ordinal": 0,
        "samples": {
          "reference": {
            "collective_only": {
              "local_ms": 0.043007999658584595,
              "rank_max_ms": 0.21321600675582886,
              "rank_ms": [
                0.043007999658584595,
                0.16118399798870087,
                0.21321600675582886,
                0.20019200444221497
              ]
            },
            "pair_attempt_id": 1,
            "pair_retry_ordinal": 0,
            "position": 0,
            "readiness_probe_exact": true,
            "ready_region": {
              "local_ms": 0.2361920028924942,
              "rank_max_ms": 0.24569599330425262,
              "rank_ms": [
                0.2361920028924942,
                0.2274560034275055,
                0.2295359969139099,
                0.24569599330425262
              ]
            },
            "sample_index": 1,
            "scheduled_start_arrival_ns_by_rank": [
              744727845484332,
              744727845845864,
              744727845522461,
              744727845482730
            ],
            "scheduled_start_target_ns_by_rank": [
              744727850845864,
              744727850845864,
              744727850845864,
              744727850845864
            ],
            "start_record_bracket_ns_by_rank": [
              [
                744727850967904,
                744727851054923
              ],
              [
                744727850889168,
                744727850937912
              ],
              [
                744727850846720,
                744727850888100
              ],
              [
                744727850846963,
                744727850898392
              ]
            ],
            "start_record_envelope_span_ns": 208203,
            "variant": 0
          }
        },
        "variant": 0
      },
      {
        "accepted": false,
        "attempt_id": 2,
        "logical_pair_index": 2,
        "order": [
          "reference"
        ],
        "rejection_reasons": [
          {
            "limit_ns": 500000,
            "side": "reference",
            "start_record_envelope_span_ns": 781605
          }
        ],
        "retry_ordinal": 0,
        "samples": {
          "reference": {
            "collective_only": {
              "local_ms": 0.039264000952243805,
              "rank_max_ms": 0.7867839932441711,
              "rank_ms": [
                0.039264000952243805,
                0.06630399823188782,
                0.7867839932441711,
                0.718176007270813
              ]
            },
            "pair_attempt_id": 2,
            "pair_retry_ordinal": 0,
            "position": 0,
            "readiness_probe_exact": true,
            "ready_region": {
              "local_ms": 0.18812799453735352,
              "rank_max_ms": 0.7969279885292053,
              "rank_ms": [
                0.18812799453735352,
                0.1897599995136261,
                0.7969279885292053,
                0.7281280159950256
              ]
            },
            "sample_index": 2,
            "scheduled_start_arrival_ns_by_rank": [
              744727858861966,
              744727858777493,
              744727858731143,
              744727858706303
            ],
            "scheduled_start_target_ns_by_rank": [
              744727863861966,
              744727863861966,
              744727863861966,
              744727863861966
            ],
            "start_record_bracket_ns_by_rank": [
              [
                744727865416435,
                744727865467863
              ],
              [
                744727865395616,
                744727865446091
              ],
              [
                744727864686258,
                744727864724053
              ],
              [
                744727864744837,
                744727864792982
              ]
            ],
            "start_record_envelope_span_ns": 781605,
            "variant": 1
          }
        },
        "variant": 1
      },
      {
        "accepted": true,
        "attempt_id": 3,
        "logical_pair_index": 2,
        "order": [
          "reference"
        ],
        "rejection_reasons": [],
        "retry_ordinal": 1,
        "samples": {
          "reference": {
            "collective_only": {
              "local_ms": 0.07884799689054489,
              "rank_max_ms": 0.40377599000930786,
              "rank_ms": [
                0.07884799689054489,
                0.03574400022625923,
                0.2321919947862625,
                0.40377599000930786
              ]
            },
            "pair_attempt_id": 3,
            "pair_retry_ordinal": 1,
            "position": 0,
            "readiness_probe_exact": true,
            "ready_region": {
              "local_ms": 0.18163199722766876,
              "rank_max_ms": 0.41286399960517883,
              "rank_ms": [
                0.18163199722766876,
                0.18000000715255737,
                0.24236799776554108,
                0.41286399960517883
              ]
            },
            "sample_index": 2,
            "scheduled_start_arrival_ns_by_rank": [
              744727871647763,
              744727871739217,
              744727871680326,
              744727871681216
            ],
            "scheduled_start_target_ns_by_rank": [
              744727876739217,
              744727876739217,
              744727876739217,
              744727876739217
            ],
            "start_record_bracket_ns_by_rank": [
              [
                744727877063995,
                744727877104350
              ],
              [
                744727877108128,
                744727877147555
              ],
              [
                744727876918046,
                744727876951502
              ],
              [
                744727876740102,
                744727876779214
              ]
            ],
            "start_record_envelope_span_ns": 407453,
            "variant": 0
          }
        },
        "variant": 0
      },
      {
        "accepted": true,
        "attempt_id": 4,
        "logical_pair_index": 3,
        "order": [
          "reference"
        ],
        "rejection_reasons": [],
        "retry_ordinal": 0,
        "samples": {
          "reference": {
            "collective_only": {
              "local_ms": 0.04108799993991852,
              "rank_max_ms": 0.05087999999523163,
              "rank_ms": [
                0.04108799993991852,
                0.042527999728918076,
                0.05087999999523163,
                0.036959998309612274
              ]
            },
            "pair_attempt_id": 4,
            "pair_retry_ordinal": 0,
            "position": 0,
            "readiness_probe_exact": true,
            "ready_region": {
              "local_ms": 0.16105599701404572,
              "rank_max_ms": 0.17056000232696533,
              "rank_ms": [
                0.16105599701404572,
                0.15865600109100342,
                0.1608320027589798,
                0.17056000232696533
              ]
            },
            "sample_index": 3,
            "scheduled_start_arrival_ns_by_rank": [
              744727882414205,
              744727882538184,
              744727882069945,
              744727882322814
            ],
            "scheduled_start_target_ns_by_rank": [
              744727887538184,
              744727887538184,
              744727887538184,
              744727887538184
            ],
            "start_record_bracket_ns_by_rank": [
              [
                744727887539145,
                744727887581297
              ],
              [
                744727887539336,
                744727887579543
              ],
              [
                744727887539160,
                744727887571653
              ],
              [
                744727887539490,
                744727887583288
              ]
            ],
            "start_record_envelope_span_ns": 44143,
            "variant": 1
          }
        },
        "variant": 1
      },
      {
        "accepted": true,
        "attempt_id": 5,
        "logical_pair_index": 4,
        "order": [
          "reference"
        ],
        "rejection_reasons": [],
        "retry_ordinal": 0,
        "samples": {
          "reference": {
            "collective_only": {
              "local_ms": 0.044064000248909,
              "rank_max_ms": 0.055135998874902725,
              "rank_ms": [
                0.044064000248909,
                0.05084799975156784,
                0.055135998874902725,
                0.04665600135922432
              ]
            },
            "pair_attempt_id": 5,
            "pair_retry_ordinal": 0,
            "position": 0,
            "readiness_probe_exact": true,
            "ready_region": {
              "local_ms": 0.18547199666500092,
              "rank_max_ms": 0.18729600310325623,
              "rank_ms": [
                0.18547199666500092,
                0.17321600019931793,
                0.17683200538158417,
                0.18729600310325623
              ]
            },
            "sample_index": 4,
            "scheduled_start_arrival_ns_by_rank": [
              744727893382430,
              744727893488967,
              744727893433478,
              744727893431534
            ],
            "scheduled_start_target_ns_by_rank": [
              744727898488967,
              744727898488967,
              744727898488967,
              744727898488967
            ],
            "start_record_bracket_ns_by_rank": [
              [
                744727898490246,
                744727898543429
              ],
              [
                744727898490282,
                744727898538435
              ],
              [
                744727898490229,
                744727898534014
              ],
              [
                744727898490285,
                744727898543269
              ]
            ],
            "start_record_envelope_span_ns": 53200,
            "variant": 0
          }
        },
        "variant": 0
      },
      {
        "accepted": true,
        "attempt_id": 6,
        "logical_pair_index": 5,
        "order": [
          "reference"
        ],
        "rejection_reasons": [],
        "retry_ordinal": 0,
        "samples": {
          "reference": {
            "collective_only": {
              "local_ms": 0.03811199963092804,
              "rank_max_ms": 0.04560000076889992,
              "rank_ms": [
                0.03811199963092804,
                0.040863998234272,
                0.04560000076889992,
                0.03388800099492073
              ]
            },
            "pair_attempt_id": 6,
            "pair_retry_ordinal": 0,
            "position": 0,
            "readiness_probe_exact": true,
            "ready_region": {
              "local_ms": 0.1435520052909851,
              "rank_max_ms": 0.1510079950094223,
              "rank_ms": [
                0.1435520052909851,
                0.1388159990310669,
                0.14051200449466705,
                0.1510079950094223
              ]
            },
            "sample_index": 5,
            "scheduled_start_arrival_ns_by_rank": [
              744727903437864,
              744727903430580,
              744727903139047,
              744727903391595
            ],
            "scheduled_start_target_ns_by_rank": [
              744727908437864,
              744727908437864,
              744727908437864,
              744727908437864
            ],
            "start_record_bracket_ns_by_rank": [
              [
                744727908438707,
                744727908474262
              ],
              [
                744727908438804,
                744727908472085
              ],
              [
                744727908438696,
                744727908466896
              ],
              [
                744727908438865,
                744727908476604
              ]
            ],
            "start_record_envelope_span_ns": 37908,
            "variant": 1
          }
        },
        "variant": 1
      },
      {
        "accepted": true,
        "attempt_id": 7,
        "logical_pair_index": 6,
        "order": [
          "reference"
        ],
        "rejection_reasons": [],
        "retry_ordinal": 0,
        "samples": {
          "reference": {
            "collective_only": {
              "local_ms": 0.06473600119352341,
              "rank_max_ms": 0.07593599706888199,
              "rank_ms": [
                0.06473600119352341,
                0.06681600213050842,
                0.07593599706888199,
                0.04214400053024292
              ]
            },
            "pair_attempt_id": 7,
            "pair_retry_ordinal": 0,
            "position": 0,
            "readiness_probe_exact": true,
            "ready_region": {
              "local_ms": 0.19411200284957886,
              "rank_max_ms": 0.19411200284957886,
              "rank_ms": [
                0.19411200284957886,
                0.19225600361824036,
                0.18646399676799774,
                0.19164800643920898
              ]
            },
            "sample_index": 6,
            "scheduled_start_arrival_ns_by_rank": [
              744727916361973,
              744727916312744,
              744727915804525,
              744727915681411
            ],
            "scheduled_start_target_ns_by_rank": [
              744727921361973,
              744727921361973,
              744727921361973,
              744727921361973
            ],
            "start_record_bracket_ns_by_rank": [
              [
                744727921363062,
                744727921415004
              ],
              [
                744727921363157,
                744727921412834
              ],
              [
                744727921362939,
                744727921403534
              ],
              [
                744727921383437,
                744727921435971
              ]
            ],
            "start_record_envelope_span_ns": 73032,
            "variant": 0
          }
        },
        "variant": 0
      },
      {
        "accepted": true,
        "attempt_id": 8,
        "logical_pair_index": 7,
        "order": [
          "reference"
        ],
        "rejection_reasons": [],
        "retry_ordinal": 0,
        "samples": {
          "reference": {
            "collective_only": {
              "local_ms": 0.052671998739242554,
              "rank_max_ms": 0.06377600133419037,
              "rank_ms": [
                0.052671998739242554,
                0.06377600133419037,
                0.06332799792289734,
                0.04975999891757965
              ]
            },
            "pair_attempt_id": 8,
            "pair_retry_ordinal": 0,
            "position": 0,
            "readiness_probe_exact": true,
            "ready_region": {
              "local_ms": 0.2213120013475418,
              "rank_max_ms": 0.24329599738121033,
              "rank_ms": [
                0.2213120013475418,
                0.24329599738121033,
                0.20268799364566803,
                0.2144639939069748
              ]
            },
            "sample_index": 7,
            "scheduled_start_arrival_ns_by_rank": [
              744727927092390,
              744727927052055,
              744727926668865,
              744727926811342
            ],
            "scheduled_start_target_ns_by_rank": [
              744727932092390,
              744727932092390,
              744727932092390,
              744727932092390
            ],
            "start_record_bracket_ns_by_rank": [
              [
                744727932093596,
                744727932145704
              ],
              [
                744727932093794,
                744727932150532
              ],
              [
                744727932093411,
                744727932134942
              ],
              [
                744727932093865,
                744727932147839
              ]
            ],
            "start_record_envelope_span_ns": 57121,
            "variant": 1
          }
        },
        "variant": 1
      },
      {
        "accepted": true,
        "attempt_id": 9,
        "logical_pair_index": 8,
        "order": [
          "reference"
        ],
        "rejection_reasons": [],
        "retry_ordinal": 0,
        "samples": {
          "reference": {
            "collective_only": {
              "local_ms": 0.0350399985909462,
              "rank_max_ms": 0.042047999799251556,
              "rank_ms": [
                0.0350399985909462,
                0.03657599911093712,
                0.042047999799251556,
                0.036288000643253326
              ]
            },
            "pair_attempt_id": 9,
            "pair_retry_ordinal": 0,
            "position": 0,
            "readiness_probe_exact": true,
            "ready_region": {
              "local_ms": 0.1504960060119629,
              "rank_max_ms": 0.1504960060119629,
              "rank_ms": [
                0.1504960060119629,
                0.147039994597435,
                0.14905600249767303,
                0.14815999567508698
              ]
            },
            "sample_index": 8,
            "scheduled_start_arrival_ns_by_rank": [
              744727936326452,
              744727936400345,
              744727936150366,
              744727935969206
            ],
            "scheduled_start_target_ns_by_rank": [
              744727941400345,
              744727941400345,
              744727941400345,
              744727941400345
            ],
            "start_record_bracket_ns_by_rank": [
              [
                744727941401250,
                744727941439296
              ],
              [
                744727941401333,
                744727941438076
              ],
              [
                744727941401304,
                744727941433076
              ],
              [
                744727941401270,
                744727941438908
              ]
            ],
            "start_record_envelope_span_ns": 38046,
            "variant": 0
          }
        },
        "variant": 0
      },
      {
        "accepted": true,
        "attempt_id": 10,
        "logical_pair_index": 9,
        "order": [
          "reference"
        ],
        "rejection_reasons": [],
        "retry_ordinal": 0,
        "samples": {
          "reference": {
            "collective_only": {
              "local_ms": 0.03939199820160866,
              "rank_max_ms": 0.05152000114321709,
              "rank_ms": [
                0.03939199820160866,
                0.04934399947524071,
                0.05152000114321709,
                0.044064000248909
              ]
            },
            "pair_attempt_id": 10,
            "pair_retry_ordinal": 0,
            "position": 0,
            "readiness_probe_exact": true,
            "ready_region": {
              "local_ms": 0.2003519982099533,
              "rank_max_ms": 0.2003519982099533,
              "rank_ms": [
                0.2003519982099533,
                0.15695999562740326,
                0.18563200533390045,
                0.19260799884796143
              ]
            },
            "sample_index": 9,
            "scheduled_start_arrival_ns_by_rank": [
              744727946039800,
              744727945826261,
              744727945673476,
              744727945647296
            ],
            "scheduled_start_target_ns_by_rank": [
              744727951039800,
              744727951039800,
              744727951039800,
              744727951039800
            ],
            "start_record_bracket_ns_by_rank": [
              [
                744727951040755,
                744727951087202
              ],
              [
                744727951040625,
                744727951077392
              ],
              [
                744727951040701,
                744727951076370
              ],
              [
                744727951041020,
                744727951084860
              ]
            ],
            "start_record_envelope_span_ns": 46577,
            "variant": 1
          }
        },
        "variant": 1
      },
      {
        "accepted": true,
        "attempt_id": 11,
        "logical_pair_index": 10,
        "order": [
          "reference"
        ],
        "rejection_reasons": [],
        "retry_ordinal": 0,
        "samples": {
          "reference": {
            "collective_only": {
              "local_ms": 0.036448001861572266,
              "rank_max_ms": 0.05193600058555603,
              "rank_ms": [
                0.036448001861572266,
                0.05193600058555603,
                0.04137599840760231,
                0.03619199991226196
              ]
            },
            "pair_attempt_id": 11,
            "pair_retry_ordinal": 0,
            "position": 0,
            "readiness_probe_exact": true,
            "ready_region": {
              "local_ms": 0.1462399959564209,
              "rank_max_ms": 0.14924800395965576,
              "rank_ms": [
                0.1462399959564209,
                0.10844799876213074,
                0.14867199957370758,
                0.14924800395965576
              ]
            },
            "sample_index": 10,
            "scheduled_start_arrival_ns_by_rank": [
              744727956609781,
              744727956308094,
              744727956501021,
              744727956367684
            ],
            "scheduled_start_target_ns_by_rank": [
              744727961609781,
              744727961609781,
              744727961609781,
              744727961609781
            ],
            "start_record_bracket_ns_by_rank": [
              [
                744727961610882,
                744727961648600
              ],
              [
                744727961610409,
                744727961631549
              ],
              [
                744727961610675,
                744727961643343
              ],
              [
                744727961610660,
                744727961648593
              ]
            ],
            "start_record_envelope_span_ns": 38191,
            "variant": 0
          }
        },
        "variant": 0
      },
      {
        "accepted": true,
        "attempt_id": 12,
        "logical_pair_index": 11,
        "order": [
          "reference"
        ],
        "rejection_reasons": [],
        "retry_ordinal": 0,
        "samples": {
          "reference": {
            "collective_only": {
              "local_ms": 0.03545600175857544,
              "rank_max_ms": 0.04022400081157684,
              "rank_ms": [
                0.03545600175857544,
                0.03596799820661545,
                0.04022400081157684,
                0.034143999218940735
              ]
            },
            "pair_attempt_id": 12,
            "pair_retry_ordinal": 0,
            "position": 0,
            "readiness_probe_exact": true,
            "ready_region": {
              "local_ms": 0.1695999950170517,
              "rank_max_ms": 0.1725119948387146,
              "rank_ms": [
                0.1695999950170517,
                0.1725119948387146,
                0.17081600427627563,
                0.1716800034046173
              ]
            },
            "sample_index": 11,
            "scheduled_start_arrival_ns_by_rank": [
              744727965794393,
              744727965539306,
              744727965883172,
              744727965757564
            ],
            "scheduled_start_target_ns_by_rank": [
              744727970883172,
              744727970883172,
              744727970883172,
              744727970883172
            ],
            "start_record_bracket_ns_by_rank": [
              [
                744727970883898,
                744727970921248
              ],
              [
                744727970884271,
                744727970921374
              ],
              [
                744727970884048,
                744727970917851
              ],
              [
                744727970884071,
                744727970921479
              ]
            ],
            "start_record_envelope_span_ns": 37581,
            "variant": 1
          }
        },
        "variant": 1
      },
      {
        "accepted": true,
        "attempt_id": 13,
        "logical_pair_index": 12,
        "order": [
          "reference"
        ],
        "rejection_reasons": [],
        "retry_ordinal": 0,
        "samples": {
          "reference": {
            "collective_only": {
              "local_ms": 0.036639999598264694,
              "rank_max_ms": 0.04950400069355965,
              "rank_ms": [
                0.036639999598264694,
                0.04950400069355965,
                0.04707200080156326,
                0.03638400137424469
              ]
            },
            "pair_attempt_id": 13,
            "pair_retry_ordinal": 0,
            "position": 0,
            "readiness_probe_exact": true,
            "ready_region": {
              "local_ms": 0.14854399859905243,
              "rank_max_ms": 0.158720001578331,
              "rank_ms": [
                0.14854399859905243,
                0.11414399743080139,
                0.158720001578331,
                0.15036800503730774
              ]
            },
            "sample_index": 12,
            "scheduled_start_arrival_ns_by_rank": [
              744727976455984,
              744727976269395,
              744727975948502,
              744727976389247
            ],
            "scheduled_start_target_ns_by_rank": [
              744727981455984,
              744727981455984,
              744727981455984,
              744727981455984
            ],
            "start_record_bracket_ns_by_rank": [
              [
                744727981457115,
                744727981495055
              ],
              [
                744727981456703,
                744727981481646
              ],
              [
                744727981456745,
                744727981485319
              ],
              [
                744727981457093,
                744727981495670
              ]
            ],
            "start_record_envelope_span_ns": 38967,
            "variant": 0
          }
        },
        "variant": 0
      },
      {
        "accepted": true,
        "attempt_id": 14,
        "logical_pair_index": 13,
        "order": [
          "reference"
        ],
        "rejection_reasons": [],
        "retry_ordinal": 0,
        "samples": {
          "reference": {
            "collective_only": {
              "local_ms": 0.036288000643253326,
              "rank_max_ms": 0.04972799867391586,
              "rank_ms": [
                0.036288000643253326,
                0.04287999868392944,
                0.04972799867391586,
                0.04070400074124336
              ]
            },
            "pair_attempt_id": 14,
            "pair_retry_ordinal": 0,
            "position": 0,
            "readiness_probe_exact": true,
            "ready_region": {
              "local_ms": 0.16396799683570862,
              "rank_max_ms": 0.1648000031709671,
              "rank_ms": [
                0.16396799683570862,
                0.160863995552063,
                0.15641599893569946,
                0.1648000031709671
              ]
            },
            "sample_index": 13,
            "scheduled_start_arrival_ns_by_rank": [
              744727987121144,
              744727987532282,
              744727986871373,
              744727986784152
            ],
            "scheduled_start_target_ns_by_rank": [
              744727992532282,
              744727992532282,
              744727992532282,
              744727992532282
            ],
            "start_record_bracket_ns_by_rank": [
              [
                744727992535006,
                744727992579343
              ],
              [
                744727992533158,
                744727992575568
              ],
              [
                744727992533049,
                744727992567791
              ],
              [
                744727992533130,
                744727992576144
              ]
            ],
            "start_record_envelope_span_ns": 46294,
            "variant": 1
          }
        },
        "variant": 1
      },
      {
        "accepted": true,
        "attempt_id": 15,
        "logical_pair_index": 14,
        "order": [
          "reference"
        ],
        "rejection_reasons": [],
        "retry_ordinal": 0,
        "samples": {
          "reference": {
            "collective_only": {
              "local_ms": 0.041280001401901245,
              "rank_max_ms": 0.06143999844789505,
              "rank_ms": [
                0.041280001401901245,
                0.04399999976158142,
                0.06143999844789505,
                0.04124800115823746
              ]
            },
            "pair_attempt_id": 15,
            "pair_retry_ordinal": 0,
            "position": 0,
            "readiness_probe_exact": true,
            "ready_region": {
              "local_ms": 0.16838400065898895,
              "rank_max_ms": 0.17555199563503265,
              "rank_ms": [
                0.16838400065898895,
                0.16780799627304077,
                0.17555199563503265,
                0.17388799786567688
              ]
            },
            "sample_index": 14,
            "scheduled_start_arrival_ns_by_rank": [
              744727997146006,
              744727997022524,
              744727997114295,
              744727997159706
            ],
            "scheduled_start_target_ns_by_rank": [
              744728002159706,
              744728002159706,
              744728002159706,
              744728002159706
            ],
            "start_record_bracket_ns_by_rank": [
              [
                744728002160765,
                744728002230413
              ],
              [
                744728002160730,
                744728002227169
              ],
              [
                744728002160750,
                744728002211653
              ],
              [
                744728002160817,
                744728002230562
              ]
            ],
            "start_record_envelope_span_ns": 69832,
            "variant": 0
          }
        },
        "variant": 0
      },
      {
        "accepted": true,
        "attempt_id": 16,
        "logical_pair_index": 15,
        "order": [
          "reference"
        ],
        "rejection_reasons": [],
        "retry_ordinal": 0,
        "samples": {
          "reference": {
            "collective_only": {
              "local_ms": 0.036479998379945755,
              "rank_max_ms": 0.0416640006005764,
              "rank_ms": [
                0.036479998379945755,
                0.04124800115823746,
                0.0416640006005764,
                0.03923200070858002
              ]
            },
            "pair_attempt_id": 16,
            "pair_retry_ordinal": 0,
            "position": 0,
            "readiness_probe_exact": true,
            "ready_region": {
              "local_ms": 0.15830400586128235,
              "rank_max_ms": 0.15830400586128235,
              "rank_ms": [
                0.15830400586128235,
                0.14803199470043182,
                0.1518400013446808,
                0.15248000621795654
              ]
            },
            "sample_index": 15,
            "scheduled_start_arrival_ns_by_rank": [
              744728007513992,
              744728007579368,
              744728007103177,
              744728007249797
            ],
            "scheduled_start_target_ns_by_rank": [
              744728012579368,
              744728012579368,
              744728012579368,
              744728012579368
            ],
            "start_record_bracket_ns_by_rank": [
              [
                744728012580368,
                744728012620721
              ],
              [
                744728012580447,
                744728012618017
              ],
              [
                744728012580484,
                744728012618497
              ],
              [
                744728012580328,
                744728012620150
              ]
            ],
            "start_record_envelope_span_ns": 40393,
            "variant": 1
          }
        },
        "variant": 1
      },
      {
        "accepted": true,
        "attempt_id": 17,
        "logical_pair_index": 16,
        "order": [
          "reference"
        ],
        "rejection_reasons": [],
        "retry_ordinal": 0,
        "samples": {
          "reference": {
            "collective_only": {
              "local_ms": 0.03683200106024742,
              "rank_max_ms": 0.04464000090956688,
              "rank_ms": [
                0.03683200106024742,
                0.04105599969625473,
                0.04464000090956688,
                0.03859199956059456
              ]
            },
            "pair_attempt_id": 17,
            "pair_retry_ordinal": 0,
            "position": 0,
            "readiness_probe_exact": true,
            "ready_region": {
              "local_ms": 0.18435199558734894,
              "rank_max_ms": 0.1852159947156906,
              "rank_ms": [
                0.18435199558734894,
                0.1720000058412552,
                0.16889600455760956,
                0.1852159947156906
              ]
            },
            "sample_index": 16,
            "scheduled_start_arrival_ns_by_rank": [
              744728018067185,
              744728017773865,
              744728017847285,
              744728017431433
            ],
            "scheduled_start_target_ns_by_rank": [
              744728023067185,
              744728023067185,
              744728023067185,
              744728023067185
            ],
            "start_record_bracket_ns_by_rank": [
              [
                744728023068368,
                744728023109618
              ],
              [
                744728023068331,
                744728023105564
              ],
              [
                744728023068205,
                744728023102155
              ],
              [
                744728023068395,
                744728023108780
              ]
            ],
            "start_record_envelope_span_ns": 41413,
            "variant": 0
          }
        },
        "variant": 0
      },
      {
        "accepted": true,
        "attempt_id": 18,
        "logical_pair_index": 17,
        "order": [
          "reference"
        ],
        "rejection_reasons": [],
        "retry_ordinal": 0,
        "samples": {
          "reference": {
            "collective_only": {
              "local_ms": 0.038784001022577286,
              "rank_max_ms": 0.04912000149488449,
              "rank_ms": [
                0.038784001022577286,
                0.045184001326560974,
                0.04912000149488449,
                0.04022400081157684
              ]
            },
            "pair_attempt_id": 18,
            "pair_retry_ordinal": 0,
            "position": 0,
            "readiness_probe_exact": true,
            "ready_region": {
              "local_ms": 0.17948800325393677,
              "rank_max_ms": 0.18614399433135986,
              "rank_ms": [
                0.17948800325393677,
                0.1700800061225891,
                0.177824005484581,
                0.18614399433135986
              ]
            },
            "sample_index": 17,
            "scheduled_start_arrival_ns_by_rank": [
              744728028375217,
              744728028261266,
              744728028122249,
              744728028368757
            ],
            "scheduled_start_target_ns_by_rank": [
              744728033375217,
              744728033375217,
              744728033375217,
              744728033375217
            ],
            "start_record_bracket_ns_by_rank": [
              [
                744728033376501,
                744728033424119
              ],
              [
                744728033376468,
                744728033420841
              ],
              [
                744728033376425,
                744728033416956
              ],
              [
                744728033376546,
                744728033425021
              ]
            ],
            "start_record_envelope_span_ns": 48596,
            "variant": 1
          }
        },
        "variant": 1
      },
      {
        "accepted": true,
        "attempt_id": 19,
        "logical_pair_index": 18,
        "order": [
          "reference"
        ],
        "rejection_reasons": [],
        "retry_ordinal": 0,
        "samples": {
          "reference": {
            "collective_only": {
              "local_ms": 0.0387520007789135,
              "rank_max_ms": 0.1053759977221489,
              "rank_ms": [
                0.0387520007789135,
                0.0963520035147667,
                0.1053759977221489,
                0.09536000341176987
              ]
            },
            "pair_attempt_id": 19,
            "pair_retry_ordinal": 0,
            "position": 0,
            "readiness_probe_exact": true,
            "ready_region": {
              "local_ms": 0.21452799439430237,
              "rank_max_ms": 0.21452799439430237,
              "rank_ms": [
                0.21452799439430237,
                0.17347200214862823,
                0.17308799922466278,
                0.17712000012397766
              ]
            },
            "sample_index": 18,
            "scheduled_start_arrival_ns_by_rank": [
              744728038480891,
              744728038764890,
              744728038424525,
              744728038600847
            ],
            "scheduled_start_target_ns_by_rank": [
              744728043764890,
              744728043764890,
              744728043764890,
              744728043764890
            ],
            "start_record_bracket_ns_by_rank": [
              [
                744728043820806,
                744728043868247
              ],
              [
                744728043765768,
                744728043810706
              ],
              [
                744728043765687,
                744728043803189
              ],
              [
                744728043765906,
                744728043812768
              ]
            ],
            "start_record_envelope_span_ns": 102560,
            "variant": 0
          }
        },
        "variant": 0
      },
      {
        "accepted": true,
        "attempt_id": 20,
        "logical_pair_index": 19,
        "order": [
          "reference"
        ],
        "rejection_reasons": [],
        "retry_ordinal": 0,
        "samples": {
          "reference": {
            "collective_only": {
              "local_ms": 0.04508800059556961,
              "rank_max_ms": 0.35868799686431885,
              "rank_ms": [
                0.04508800059556961,
                0.038495998829603195,
                0.35868799686431885,
                0.1552319973707199
              ]
            },
            "pair_attempt_id": 20,
            "pair_retry_ordinal": 0,
            "position": 0,
            "readiness_probe_exact": true,
            "ready_region": {
              "local_ms": 0.23523199558258057,
              "rank_max_ms": 0.3684479892253876,
              "rank_ms": [
                0.23523199558258057,
                0.22246399521827698,
                0.3684479892253876,
                0.2367040067911148
              ]
            },
            "sample_index": 19,
            "scheduled_start_arrival_ns_by_rank": [
              744728049376807,
              744728049439024,
              744728049407333,
              744728049505885
            ],
            "scheduled_start_target_ns_by_rank": [
              744728054505885,
              744728054505885,
              744728054505885,
              744728054505885
            ],
            "start_record_bracket_ns_by_rank": [
              [
                744728054867024,
                744728054918560
              ],
              [
                744728054879105,
                744728054923774
              ],
              [
                744728054563584,
                744728054606470
              ],
              [
                744728054757054,
                744728054809968
              ]
            ],
            "start_record_envelope_span_ns": 360190,
            "variant": 1
          }
        },
        "variant": 1
      },
      {
        "accepted": true,
        "attempt_id": 21,
        "logical_pair_index": 20,
        "order": [
          "reference"
        ],
        "rejection_reasons": [],
        "retry_ordinal": 0,
        "samples": {
          "reference": {
            "collective_only": {
              "local_ms": 0.04054399952292442,
              "rank_max_ms": 0.05846399813890457,
              "rank_ms": [
                0.04054399952292442,
                0.039872001856565475,
                0.05846399813890457,
                0.03993599861860275
              ]
            },
            "pair_attempt_id": 21,
            "pair_retry_ordinal": 0,
            "position": 0,
            "readiness_probe_exact": true,
            "ready_region": {
              "local_ms": 0.18217599391937256,
              "rank_max_ms": 0.19196799397468567,
              "rank_ms": [
                0.18217599391937256,
                0.19196799397468567,
                0.14025600254535675,
                0.19193600118160248
              ]
            },
            "sample_index": 20,
            "scheduled_start_arrival_ns_by_rank": [
              744728060781218,
              744728060837948,
              744728060860031,
              744728060834643
            ],
            "scheduled_start_target_ns_by_rank": [
              744728065860031,
              744728065860031,
              744728065860031,
              744728065860031
            ],
            "start_record_bracket_ns_by_rank": [
              [
                744728065860889,
                744728065903419
              ],
              [
                744728065861322,
                744728065903587
              ],
              [
                744728065860433,
                744728065883849
              ],
              [
                744728065860980,
                744728065903660
              ]
            ],
            "start_record_envelope_span_ns": 43227,
            "variant": 0
          }
        },
        "variant": 0
      },
      {
        "accepted": true,
        "attempt_id": 22,
        "logical_pair_index": 21,
        "order": [
          "reference"
        ],
        "rejection_reasons": [],
        "retry_ordinal": 0,
        "samples": {
          "reference": {
            "collective_only": {
              "local_ms": 0.06854400038719177,
              "rank_max_ms": 0.09734400361776352,
              "rank_ms": [
                0.06854400038719177,
                0.08083199709653854,
                0.09734400361776352,
                0.08233600109815598
              ]
            },
            "pair_attempt_id": 22,
            "pair_retry_ordinal": 0,
            "position": 0,
            "readiness_probe_exact": true,
            "ready_region": {
              "local_ms": 0.26342400908470154,
              "rank_max_ms": 0.26342400908470154,
              "rank_ms": [
                0.26342400908470154,
                0.16927999258041382,
                0.1289599984884262,
                0.1554879993200302
              ]
            },
            "sample_index": 21,
            "scheduled_start_arrival_ns_by_rank": [
              744728071940465,
              744728071706811,
              744728070786790,
              744728071593667
            ],
            "scheduled_start_target_ns_by_rank": [
              744728076940465,
              744728076940465,
              744728076940465,
              744728076940465
            ],
            "start_record_bracket_ns_by_rank": [
              [
                744728076943283,
                744728076992836
              ],
              [
                744728076941298,
                744728076979314
              ],
              [
                744728076941095,
                744728076963444
              ],
              [
                744728076941365,
                744728076978405
              ]
            ],
            "start_record_envelope_span_ns": 51741,
            "variant": 1
          }
        },
        "variant": 1
      },
      {
        "accepted": true,
        "attempt_id": 23,
        "logical_pair_index": 22,
        "order": [
          "reference"
        ],
        "rejection_reasons": [],
        "retry_ordinal": 0,
        "samples": {
          "reference": {
            "collective_only": {
              "local_ms": 0.03468799963593483,
              "rank_max_ms": 0.04560000076889992,
              "rank_ms": [
                0.03468799963593483,
                0.04233599826693535,
                0.04560000076889992,
                0.036479998379945755
              ]
            },
            "pair_attempt_id": 23,
            "pair_retry_ordinal": 0,
            "position": 0,
            "readiness_probe_exact": true,
            "ready_region": {
              "local_ms": 0.14508800208568573,
              "rank_max_ms": 0.1507200002670288,
              "rank_ms": [
                0.14508800208568573,
                0.12828800082206726,
                0.1412159949541092,
                0.1507200002670288
              ]
            },
            "sample_index": 22,
            "scheduled_start_arrival_ns_by_rank": [
              744728082717151,
              744728082043151,
              744728082560451,
              744728082673282
            ],
            "scheduled_start_target_ns_by_rank": [
              744728087717151,
              744728087717151,
              744728087717151,
              744728087717151
            ],
            "start_record_bracket_ns_by_rank": [
              [
                744728087718061,
                744728087755525
              ],
              [
                744728087717669,
                744728087750694
              ],
              [
                744728087718030,
                744728087746653
              ],
              [
                744728087718126,
                744728087756631
              ]
            ],
            "start_record_envelope_span_ns": 38962,
            "variant": 0
          }
        },
        "variant": 0
      },
      {
        "accepted": true,
        "attempt_id": 24,
        "logical_pair_index": 23,
        "order": [
          "reference"
        ],
        "rejection_reasons": [],
        "retry_ordinal": 0,
        "samples": {
          "reference": {
            "collective_only": {
              "local_ms": 0.034143999218940735,
              "rank_max_ms": 0.04134399816393852,
              "rank_ms": [
                0.034143999218940735,
                0.03561599925160408,
                0.04134399816393852,
                0.0315839983522892
              ]
            },
            "pair_attempt_id": 24,
            "pair_retry_ordinal": 0,
            "position": 0,
            "readiness_probe_exact": true,
            "ready_region": {
              "local_ms": 0.11964800208806992,
              "rank_max_ms": 0.1379839926958084,
              "rank_ms": [
                0.11964800208806992,
                0.12614400684833527,
                0.13420799374580383,
                0.1379839926958084
              ]
            },
            "sample_index": 23,
            "scheduled_start_arrival_ns_by_rank": [
              744728094513170,
              744728094666239,
              744728094110114,
              744728094139005
            ],
            "scheduled_start_target_ns_by_rank": [
              744728099666239,
              744728099666239,
              744728099666239,
              744728099666239
            ],
            "start_record_bracket_ns_by_rank": [
              [
                744728099666782,
                744728099697051
              ],
              [
                744728099667491,
                744728099699837
              ],
              [
                744728099666943,
                744728099695109
              ],
              [
                744728099667085,
                744728099701931
              ]
            ],
            "start_record_envelope_span_ns": 35149,
            "variant": 1
          }
        },
        "variant": 1
      },
      {
        "accepted": true,
        "attempt_id": 25,
        "logical_pair_index": 24,
        "order": [
          "reference"
        ],
        "rejection_reasons": [],
        "retry_ordinal": 0,
        "samples": {
          "reference": {
            "collective_only": {
              "local_ms": 0.04864000156521797,
              "rank_max_ms": 0.04864000156521797,
              "rank_ms": [
                0.04864000156521797,
                0.03923200070858002,
                0.04479999840259552,
                0.034143999218940735
              ]
            },
            "pair_attempt_id": 25,
            "pair_retry_ordinal": 0,
            "position": 0,
            "readiness_probe_exact": true,
            "ready_region": {
              "local_ms": 0.12912000715732574,
              "rank_max_ms": 0.16415999829769135,
              "rank_ms": [
                0.12912000715732574,
                0.14342400431632996,
                0.15561600029468536,
                0.16415999829769135
              ]
            },
            "sample_index": 24,
            "scheduled_start_arrival_ns_by_rank": [
              744728104516851,
              744728105118238,
              744728104728573,
              744728104413974
            ],
            "scheduled_start_target_ns_by_rank": [
              744728110118238,
              744728110118238,
              744728110118238,
              744728110118238
            ],
            "start_record_bracket_ns_by_rank": [
              [
                744728110118796,
                744728110141252
              ],
              [
                744728110119252,
                744728110153369
              ],
              [
                744728110119221,
                744728110148507
              ],
              [
                744728110119400,
                744728110157632
              ]
            ],
            "start_record_envelope_span_ns": 38836,
            "variant": 0
          }
        },
        "variant": 0
      },
      {
        "accepted": true,
        "attempt_id": 26,
        "logical_pair_index": 25,
        "order": [
          "reference"
        ],
        "rejection_reasons": [],
        "retry_ordinal": 0,
        "samples": {
          "reference": {
            "collective_only": {
              "local_ms": 0.04483199864625931,
              "rank_max_ms": 0.04483199864625931,
              "rank_ms": [
                0.04483199864625931,
                0.03452799841761589,
                0.04137599840760231,
                0.03481600061058998
              ]
            },
            "pair_attempt_id": 26,
            "pair_retry_ordinal": 0,
            "position": 0,
            "readiness_probe_exact": true,
            "ready_region": {
              "local_ms": 0.11718399822711945,
              "rank_max_ms": 0.14310400187969208,
              "rank_ms": [
                0.11718399822711945,
                0.13977600634098053,
                0.14166399836540222,
                0.14310400187969208
              ]
            },
            "sample_index": 25,
            "scheduled_start_arrival_ns_by_rank": [
              744728114879232,
              744728115172425,
              744728114965411,
              744728115372249
            ],
            "scheduled_start_target_ns_by_rank": [
              744728120372249,
              744728120372249,
              744728120372249,
              744728120372249
            ],
            "start_record_bracket_ns_by_rank": [
              [
                744728120372730,
                744728120396801
              ],
              [
                744728120373250,
                744728120408068
              ],
              [
                744728120373047,
                744728120402013
              ],
              [
                744728120373177,
                744728120408349
              ]
            ],
            "start_record_envelope_span_ns": 35619,
            "variant": 1
          }
        },
        "variant": 1
      },
      {
        "accepted": true,
        "attempt_id": 27,
        "logical_pair_index": 26,
        "order": [
          "reference"
        ],
        "rejection_reasons": [],
        "retry_ordinal": 0,
        "samples": {
          "reference": {
            "collective_only": {
              "local_ms": 0.04992000013589859,
              "rank_max_ms": 0.05612799897789955,
              "rank_ms": [
                0.04992000013589859,
                0.05612799897789955,
                0.04800000041723251,
                0.0414079986512661
              ]
            },
            "pair_attempt_id": 27,
            "pair_retry_ordinal": 0,
            "position": 0,
            "readiness_probe_exact": true,
            "ready_region": {
              "local_ms": 0.14166399836540222,
              "rank_max_ms": 0.19091199338436127,
              "rank_ms": [
                0.14166399836540222,
                0.19091199338436127,
                0.14921599626541138,
                0.17049600183963776
              ]
            },
            "sample_index": 26,
            "scheduled_start_arrival_ns_by_rank": [
              744728125511462,
              744728125807393,
              744728125668456,
              744728125926325
            ],
            "scheduled_start_target_ns_by_rank": [
              744728130926325,
              744728130926325,
              744728130926325,
              744728130926325
            ],
            "start_record_bracket_ns_by_rank": [
              [
                744728130926824,
                744728130955036
              ],
              [
                744728130927173,
                744728130968434
              ],
              [
                744728130927017,
                744728130957916
              ],
              [
                744728130927251,
                744728130968447
              ]
            ],
            "start_record_envelope_span_ns": 41623,
            "variant": 0
          }
        },
        "variant": 0
      },
      {
        "accepted": true,
        "attempt_id": 28,
        "logical_pair_index": 27,
        "order": [
          "reference"
        ],
        "rejection_reasons": [],
        "retry_ordinal": 0,
        "samples": {
          "reference": {
            "collective_only": {
              "local_ms": 0.05020799860358238,
              "rank_max_ms": 0.06643199920654297,
              "rank_ms": [
                0.05020799860358238,
                0.04323200136423111,
                0.06643199920654297,
                0.05462399870157242
              ]
            },
            "pair_attempt_id": 28,
            "pair_retry_ordinal": 0,
            "position": 0,
            "readiness_probe_exact": true,
            "ready_region": {
              "local_ms": 0.1719679981470108,
              "rank_max_ms": 0.20572799444198608,
              "rank_ms": [
                0.1719679981470108,
                0.20572799444198608,
                0.1626559942960739,
                0.17529599368572235
              ]
            },
            "sample_index": 27,
            "scheduled_start_arrival_ns_by_rank": [
              744728136234896,
              744728135769584,
              744728135990552,
              744728136116055
            ],
            "scheduled_start_target_ns_by_rank": [
              744728141234896,
              744728141234896,
              744728141234896,
              744728141234896
            ],
            "start_record_bracket_ns_by_rank": [
              [
                744728141236054,
                744728141279490
              ],
              [
                744728141237002,
                744728141290157
              ],
              [
                744728141235847,
                744728141268909
              ],
              [
                744728141236055,
                744728141280297
              ]
            ],
            "start_record_envelope_span_ns": 54310,
            "variant": 1
          }
        },
        "variant": 1
      },
      {
        "accepted": true,
        "attempt_id": 29,
        "logical_pair_index": 28,
        "order": [
          "reference"
        ],
        "rejection_reasons": [],
        "retry_ordinal": 0,
        "samples": {
          "reference": {
            "collective_only": {
              "local_ms": 0.034591998904943466,
              "rank_max_ms": 0.040800001472234726,
              "rank_ms": [
                0.034591998904943466,
                0.03641600161790848,
                0.040800001472234726,
                0.03686400130391121
              ]
            },
            "pair_attempt_id": 29,
            "pair_retry_ordinal": 0,
            "position": 0,
            "readiness_probe_exact": true,
            "ready_region": {
              "local_ms": 0.14787200093269348,
              "rank_max_ms": 0.15001599490642548,
              "rank_ms": [
                0.14787200093269348,
                0.14054399728775024,
                0.15001599490642548,
                0.14281600713729858
              ]
            },
            "sample_index": 28,
            "scheduled_start_arrival_ns_by_rank": [
              744728147442547,
              744728147275830,
              744728147295666,
              744728146990646
            ],
            "scheduled_start_target_ns_by_rank": [
              744728152442547,
              744728152442547,
              744728152442547,
              744728152442547
            ],
            "start_record_bracket_ns_by_rank": [
              [
                744728152443613,
                744728152480779
              ],
              [
                744728152443445,
                744728152479890
              ],
              [
                744728152443382,
                744728152475969
              ],
              [
                744728152443375,
                744728152481219
              ]
            ],
            "start_record_envelope_span_ns": 37844,
            "variant": 0
          }
        },
        "variant": 0
      },
      {
        "accepted": true,
        "attempt_id": 30,
        "logical_pair_index": 29,
        "order": [
          "reference"
        ],
        "rejection_reasons": [],
        "retry_ordinal": 0,
        "samples": {
          "reference": {
            "collective_only": {
              "local_ms": 0.04492799937725067,
              "rank_max_ms": 0.05423999950289726,
              "rank_ms": [
                0.04492799937725067,
                0.04630399867892265,
                0.05423999950289726,
                0.04118400067090988
              ]
            },
            "pair_attempt_id": 30,
            "pair_retry_ordinal": 0,
            "position": 0,
            "readiness_probe_exact": true,
            "ready_region": {
              "local_ms": 0.2269120067358017,
              "rank_max_ms": 0.23475199937820435,
              "rank_ms": [
                0.2269120067358017,
                0.2300799936056137,
                0.22307200729846954,
                0.23475199937820435
              ]
            },
            "sample_index": 29,
            "scheduled_start_arrival_ns_by_rank": [
              744728157870567,
              744728157830125,
              744728157552114,
              744728157811868
            ],
            "scheduled_start_target_ns_by_rank": [
              744728162870567,
              744728162870567,
              744728162870567,
              744728162870567
            ],
            "start_record_bracket_ns_by_rank": [
              [
                744728162871375,
                744728162921876
              ],
              [
                744728162871525,
                744728162920328
              ],
              [
                744728162871474,
                744728162912997
              ],
              [
                744728162871545,
                744728162923210
              ]
            ],
            "start_record_envelope_span_ns": 51835,
            "variant": 1
          }
        },
        "variant": 1
      },
      {
        "accepted": true,
        "attempt_id": 31,
        "logical_pair_index": 30,
        "order": [
          "reference"
        ],
        "rejection_reasons": [],
        "retry_ordinal": 0,
        "samples": {
          "reference": {
            "collective_only": {
              "local_ms": 0.039135999977588654,
              "rank_max_ms": 0.04879999905824661,
              "rank_ms": [
                0.039135999977588654,
                0.04726399853825569,
                0.04879999905824661,
                0.044319998472929
              ]
            },
            "pair_attempt_id": 31,
            "pair_retry_ordinal": 0,
            "position": 0,
            "readiness_probe_exact": true,
            "ready_region": {
              "local_ms": 0.20467199385166168,
              "rank_max_ms": 0.20467199385166168,
              "rank_ms": [
                0.20467199385166168,
                0.19020800292491913,
                0.20054399967193604,
                0.19599999487400055
              ]
            },
            "sample_index": 30,
            "scheduled_start_arrival_ns_by_rank": [
              744728169883975,
              744728169592601,
              744728169372448,
              744728169363522
            ],
            "scheduled_start_target_ns_by_rank": [
              744728174883975,
              744728174883975,
              744728174883975,
              744728174883975
            ],
            "start_record_bracket_ns_by_rank": [
              [
                744728174885206,
                744728174932140
              ],
              [
                744728174885034,
                744728174926940
              ],
              [
                744728174885318,
                744728174926381
              ],
              [
                744728174885140,
                744728174930648
              ]
            ],
            "start_record_envelope_span_ns": 47106,
            "variant": 0
          }
        },
        "variant": 0
      },
      {
        "accepted": true,
        "attempt_id": 32,
        "logical_pair_index": 31,
        "order": [
          "reference"
        ],
        "rejection_reasons": [],
        "retry_ordinal": 0,
        "samples": {
          "reference": {
            "collective_only": {
              "local_ms": 0.04598399996757507,
              "rank_max_ms": 0.06499200314283371,
              "rank_ms": [
                0.04598399996757507,
                0.06499200314283371,
                0.056671999394893646,
                0.04233599826693535
              ]
            },
            "pair_attempt_id": 32,
            "pair_retry_ordinal": 0,
            "position": 0,
            "readiness_probe_exact": true,
            "ready_region": {
              "local_ms": 0.19404800236225128,
              "rank_max_ms": 0.20032000541687012,
              "rank_ms": [
                0.19404800236225128,
                0.14828799664974213,
                0.18991999328136444,
                0.20032000541687012
              ]
            },
            "sample_index": 31,
            "scheduled_start_arrival_ns_by_rank": [
              744728180543718,
              744728180134475,
              744728180160368,
              744728180161995
            ],
            "scheduled_start_target_ns_by_rank": [
              744728185543718,
              744728185543718,
              744728185543718,
              744728185543718
            ],
            "start_record_bracket_ns_by_rank": [
              [
                744728185544816,
                744728185596345
              ],
              [
                744728185544539,
                744728185577826
              ],
              [
                744728185544650,
                744728185586375
              ],
              [
                744728185545106,
                744728185598256
              ]
            ],
            "start_record_envelope_span_ns": 53717,
            "variant": 1
          }
        },
        "variant": 1
      },
      {
        "accepted": true,
        "attempt_id": 33,
        "logical_pair_index": 32,
        "order": [
          "reference"
        ],
        "rejection_reasons": [],
        "retry_ordinal": 0,
        "samples": {
          "reference": {
            "collective_only": {
              "local_ms": 0.035071998834609985,
              "rank_max_ms": 0.03814399987459183,
              "rank_ms": [
                0.035071998834609985,
                0.03670400008559227,
                0.03814399987459183,
                0.0360959991812706
              ]
            },
            "pair_attempt_id": 33,
            "pair_retry_ordinal": 0,
            "position": 0,
            "readiness_probe_exact": true,
            "ready_region": {
              "local_ms": 0.17043200135231018,
              "rank_max_ms": 0.17043200135231018,
              "rank_ms": [
                0.17043200135231018,
                0.14422400295734406,
                0.16223999857902527,
                0.16867199540138245
              ]
            },
            "sample_index": 32,
            "scheduled_start_arrival_ns_by_rank": [
              744728190894929,
              744728190539932,
              744728190915359,
              744728191060139
            ],
            "scheduled_start_target_ns_by_rank": [
              744728196060139,
              744728196060139,
              744728196060139,
              744728196060139
            ],
            "start_record_bracket_ns_by_rank": [
              [
                744728196060853,
                744728196096432
              ],
              [
                744728196060918,
                744728196095553
              ],
              [
                744728196061062,
                744728196092946
              ],
              [
                744728196061277,
                744728196097273
              ]
            ],
            "start_record_envelope_span_ns": 36420,
            "variant": 0
          }
        },
        "variant": 0
      },
      {
        "accepted": true,
        "attempt_id": 34,
        "logical_pair_index": 33,
        "order": [
          "reference"
        ],
        "rejection_reasons": [],
        "retry_ordinal": 0,
        "samples": {
          "reference": {
            "collective_only": {
              "local_ms": 0.04224000126123428,
              "rank_max_ms": 0.05596800148487091,
              "rank_ms": [
                0.04224000126123428,
                0.048608001321554184,
                0.05596800148487091,
                0.04259200021624565
              ]
            },
            "pair_attempt_id": 34,
            "pair_retry_ordinal": 0,
            "position": 0,
            "readiness_probe_exact": true,
            "ready_region": {
              "local_ms": 0.21590399742126465,
              "rank_max_ms": 0.23600000143051147,
              "rank_ms": [
                0.21590399742126465,
                0.18742400407791138,
                0.19017599523067474,
                0.23600000143051147
              ]
            },
            "sample_index": 33,
            "scheduled_start_arrival_ns_by_rank": [
              744728200668353,
              744728200692063,
              744728200551487,
              744728200757677
            ],
            "scheduled_start_target_ns_by_rank": [
              744728205757677,
              744728205757677,
              744728205757677,
              744728205757677
            ],
            "start_record_bracket_ns_by_rank": [
              [
                744728205758881,
                744728205810666
              ],
              [
                744728205758688,
                744728205807902
              ],
              [
                744728205758552,
                744728205800294
              ],
              [
                744728205759053,
                744728205811973
              ]
            ],
            "start_record_envelope_span_ns": 53421,
            "variant": 1
          }
        },
        "variant": 1
      },
      {
        "accepted": true,
        "attempt_id": 35,
        "logical_pair_index": 34,
        "order": [
          "reference"
        ],
        "rejection_reasons": [],
        "retry_ordinal": 0,
        "samples": {
          "reference": {
            "collective_only": {
              "local_ms": 0.04044799879193306,
              "rank_max_ms": 0.05299200117588043,
              "rank_ms": [
                0.04044799879193306,
                0.04259200021624565,
                0.05299200117588043,
                0.04095999896526337
              ]
            },
            "pair_attempt_id": 35,
            "pair_retry_ordinal": 0,
            "position": 0,
            "readiness_probe_exact": true,
            "ready_region": {
              "local_ms": 0.2703680098056793,
              "rank_max_ms": 0.2703680098056793,
              "rank_ms": [
                0.2703680098056793,
                0.1998399943113327,
                0.19913600385189056,
                0.20201599597930908
              ]
            },
            "sample_index": 34,
            "scheduled_start_arrival_ns_by_rank": [
              744728211922501,
              744728212084482,
              744728211605731,
              744728211510439
            ],
            "scheduled_start_target_ns_by_rank": [
              744728217084482,
              744728217084482,
              744728217084482,
              744728217084482
            ],
            "start_record_bracket_ns_by_rank": [
              [
                744728217085495,
                744728217130786
              ],
              [
                744728217086070,
                744728217133608
              ],
              [
                744728217085443,
                744728217123550
              ],
              [
                744728217085550,
                744728217133999
              ]
            ],
            "start_record_envelope_span_ns": 48556,
            "variant": 0
          }
        },
        "variant": 0
      },
      {
        "accepted": true,
        "attempt_id": 36,
        "logical_pair_index": 35,
        "order": [
          "reference"
        ],
        "rejection_reasons": [],
        "retry_ordinal": 0,
        "samples": {
          "reference": {
            "collective_only": {
              "local_ms": 0.04479999840259552,
              "rank_max_ms": 0.05564799904823303,
              "rank_ms": [
                0.04479999840259552,
                0.04879999905824661,
                0.05564799904823303,
                0.05484800040721893
              ]
            },
            "pair_attempt_id": 36,
            "pair_retry_ordinal": 0,
            "position": 0,
            "readiness_probe_exact": true,
            "ready_region": {
              "local_ms": 0.20735999941825867,
              "rank_max_ms": 0.20735999941825867,
              "rank_ms": [
                0.20735999941825867,
                0.18998399376869202,
                0.18406400084495544,
                0.1990399956703186
              ]
            },
            "sample_index": 35,
            "scheduled_start_arrival_ns_by_rank": [
              744728223104034,
              744728222777451,
              744728222532172,
              744728222735017
            ],
            "scheduled_start_target_ns_by_rank": [
              744728228104034,
              744728228104034,
              744728228104034,
              744728228104034
            ],
            "start_record_bracket_ns_by_rank": [
              [
                744728228105091,
                744728228152906
              ],
              [
                744728228104883,
                744728228148741
              ],
              [
                744728228105049,
                744728228141719
              ],
              [
                744728228105020,
                744728228156021
              ]
            ],
            "start_record_envelope_span_ns": 51138,
            "variant": 1
          }
        },
        "variant": 1
      },
      {
        "accepted": true,
        "attempt_id": 37,
        "logical_pair_index": 36,
        "order": [
          "reference"
        ],
        "rejection_reasons": [],
        "retry_ordinal": 0,
        "samples": {
          "reference": {
            "collective_only": {
              "local_ms": 0.042208001017570496,
              "rank_max_ms": 0.188960000872612,
              "rank_ms": [
                0.042208001017570496,
                0.18105599284172058,
                0.188960000872612,
                0.1777919977903366
              ]
            },
            "pair_attempt_id": 37,
            "pair_retry_ordinal": 0,
            "position": 0,
            "readiness_probe_exact": true,
            "ready_region": {
              "local_ms": 0.1955839991569519,
              "rank_max_ms": 0.19926400482654572,
              "rank_ms": [
                0.1955839991569519,
                0.19017599523067474,
                0.19926400482654572,
                0.19331200420856476
              ]
            },
            "sample_index": 36,
            "scheduled_start_arrival_ns_by_rank": [
              744728234497162,
              744728234344712,
              744728233966990,
              744728233864381
            ],
            "scheduled_start_target_ns_by_rank": [
              744728239497162,
              744728239497162,
              744728239497162,
              744728239497162
            ],
            "start_record_bracket_ns_by_rank": [
              [
                744728239634367,
                744728239686484
              ],
              [
                744728239498178,
                744728239548568
              ],
              [
                744728239498066,
                744728239539783
              ],
              [
                744728239498273,
                744728239550891
              ]
            ],
            "start_record_envelope_span_ns": 188418,
            "variant": 0
          }
        },
        "variant": 0
      },
      {
        "accepted": true,
        "attempt_id": 38,
        "logical_pair_index": 37,
        "order": [
          "reference"
        ],
        "rejection_reasons": [],
        "retry_ordinal": 0,
        "samples": {
          "reference": {
            "collective_only": {
              "local_ms": 0.04287999868392944,
              "rank_max_ms": 0.05820799991488457,
              "rank_ms": [
                0.04287999868392944,
                0.041439998894929886,
                0.05820799991488457,
                0.046592000871896744
              ]
            },
            "pair_attempt_id": 38,
            "pair_retry_ordinal": 0,
            "position": 0,
            "readiness_probe_exact": true,
            "ready_region": {
              "local_ms": 0.195360004901886,
              "rank_max_ms": 0.195360004901886,
              "rank_ms": [
                0.195360004901886,
                0.18377600610256195,
                0.18544000387191772,
                0.1881600022315979
              ]
            },
            "sample_index": 37,
            "scheduled_start_arrival_ns_by_rank": [
              744728244609616,
              744728244103312,
              744728244266861,
              744728244606846
            ],
            "scheduled_start_target_ns_by_rank": [
              744728249609616,
              744728249609616,
              744728249609616,
              744728249609616
            ],
            "start_record_bracket_ns_by_rank": [
              [
                744728249610838,
                744728249662723
              ],
              [
                744728249610805,
                744728249663799
              ],
              [
                744728249610637,
                744728249649297
              ],
              [
                744728249610798,
                744728249659957
              ]
            ],
            "start_record_envelope_span_ns": 53162,
            "variant": 1
          }
        },
        "variant": 1
      },
      {
        "accepted": true,
        "attempt_id": 39,
        "logical_pair_index": 38,
        "order": [
          "reference"
        ],
        "rejection_reasons": [],
        "retry_ordinal": 0,
        "samples": {
          "reference": {
            "collective_only": {
              "local_ms": 0.040863998234272,
              "rank_max_ms": 0.05011200159788132,
              "rank_ms": [
                0.040863998234272,
                0.04390399903059006,
                0.05011200159788132,
                0.0461760014295578
              ]
            },
            "pair_attempt_id": 39,
            "pair_retry_ordinal": 0,
            "position": 0,
            "readiness_probe_exact": true,
            "ready_region": {
              "local_ms": 0.16873599588871002,
              "rank_max_ms": 0.1695680022239685,
              "rank_ms": [
                0.16873599588871002,
                0.160863995552063,
                0.1695680022239685,
                0.15884800255298615
              ]
            },
            "sample_index": 38,
            "scheduled_start_arrival_ns_by_rank": [
              744728255220747,
              744728255149660,
              744728254855361,
              744728254823684
            ],
            "scheduled_start_target_ns_by_rank": [
              744728260220747,
              744728260220747,
              744728260220747,
              744728260220747
            ],
            "start_record_bracket_ns_by_rank": [
              [
                744728260221582,
                744728260269268
              ],
              [
                744728260221920,
                744728260268605
              ],
              [
                744728260221894,
                744728260260485
              ],
              [
                744728260221663,
                744728260264942
              ]
            ],
            "start_record_envelope_span_ns": 47686,
            "variant": 0
          }
        },
        "variant": 0
      },
      {
        "accepted": true,
        "attempt_id": 40,
        "logical_pair_index": 39,
        "order": [
          "reference"
        ],
        "rejection_reasons": [],
        "retry_ordinal": 0,
        "samples": {
          "reference": {
            "collective_only": {
              "local_ms": 0.03747199848294258,
              "rank_max_ms": 0.04668800160288811,
              "rank_ms": [
                0.03747199848294258,
                0.03859199956059456,
                0.04668800160288811,
                0.04057599976658821
              ]
            },
            "pair_attempt_id": 40,
            "pair_retry_ordinal": 0,
            "position": 0,
            "readiness_probe_exact": true,
            "ready_region": {
              "local_ms": 0.1693120002746582,
              "rank_max_ms": 0.17139199376106262,
              "rank_ms": [
                0.1693120002746582,
                0.16812799870967865,
                0.16767999529838562,
                0.17139199376106262
              ]
            },
            "sample_index": 39,
            "scheduled_start_arrival_ns_by_rank": [
              744728265509983,
              744728265467991,
              744728265519056,
              744728265447394
            ],
            "scheduled_start_target_ns_by_rank": [
              744728270519056,
              744728270519056,
              744728270519056,
              744728270519056
            ],
            "start_record_bracket_ns_by_rank": [
              [
                744728270520299,
                744728270563627
              ],
              [
                744728270520429,
                744728270564791
              ],
              [
                744728270520023,
                744728270557343
              ],
              [
                744728270520209,
                744728270565532
              ]
            ],
            "start_record_envelope_span_ns": 45509,
            "variant": 1
          }
        },
        "variant": 1
      },
      {
        "accepted": false,
        "attempt_id": 41,
        "logical_pair_index": 40,
        "order": [
          "reference"
        ],
        "rejection_reasons": [
          {
            "limit_ns": 500000,
            "side": "reference",
            "start_record_envelope_span_ns": 738335
          }
        ],
        "retry_ordinal": 0,
        "samples": {
          "reference": {
            "collective_only": {
              "local_ms": 0.7368959784507751,
              "rank_max_ms": 0.7368959784507751,
              "rank_ms": [
                0.7368959784507751,
                0.42480000853538513,
                0.25017601251602173,
                0.04307200014591217
              ]
            },
            "pair_attempt_id": 41,
            "pair_retry_ordinal": 0,
            "position": 0,
            "readiness_probe_exact": true,
            "ready_region": {
              "local_ms": 0.7460799813270569,
              "rank_max_ms": 0.7460799813270569,
              "rank_ms": [
                0.7460799813270569,
                0.4350079894065857,
                0.2605440020561218,
                0.20211200416088104
              ]
            },
            "sample_index": 40,
            "scheduled_start_arrival_ns_by_rank": [
              744728276769296,
              744728276614606,
              744728276785163,
              744728276750343
            ],
            "scheduled_start_target_ns_by_rank": [
              744728281785163,
              744728281785163,
              744728281785163,
              744728281785163
            ],
            "start_record_bracket_ns_by_rank": [
              [
                744728282497773,
                744728282543879
              ],
              [
                744728282806262,
                744728282856797
              ],
              [
                744728282963955,
                744728283032025
              ],
              [
                744728283153959,
                744728283236108
              ]
            ],
            "start_record_envelope_span_ns": 738335,
            "variant": 0
          }
        },
        "variant": 0
      },
      {
        "accepted": true,
        "attempt_id": 42,
        "logical_pair_index": 40,
        "order": [
          "reference"
        ],
        "rejection_reasons": [],
        "retry_ordinal": 1,
        "samples": {
          "reference": {
            "collective_only": {
              "local_ms": 0.0414079986512661,
              "rank_max_ms": 0.06841599941253662,
              "rank_ms": [
                0.0414079986512661,
                0.04652800038456917,
                0.05612799897789955,
                0.06841599941253662
              ]
            },
            "pair_attempt_id": 42,
            "pair_retry_ordinal": 1,
            "position": 0,
            "readiness_probe_exact": true,
            "ready_region": {
              "local_ms": 0.22592000663280487,
              "rank_max_ms": 0.22950400412082672,
              "rank_ms": [
                0.22592000663280487,
                0.21510399878025055,
                0.22179199755191803,
                0.22950400412082672
              ]
            },
            "sample_index": 40,
            "scheduled_start_arrival_ns_by_rank": [
              744728289098084,
              744728288945632,
              744728289089912,
              744728289091572
            ],
            "scheduled_start_target_ns_by_rank": [
              744728294098084,
              744728294098084,
              744728294098084,
              744728294098084
            ],
            "start_record_bracket_ns_by_rank": [
              [
                744728294099456,
                744728294151786
              ],
              [
                744728294099203,
                744728294149607
              ],
              [
                744728294099093,
                744728294140285
              ],
              [
                744728294099293,
                744728294153006
              ]
            ],
            "start_record_envelope_span_ns": 53913,
            "variant": 1
          }
        },
        "variant": 1
      },
      {
        "accepted": true,
        "attempt_id": 43,
        "logical_pair_index": 41,
        "order": [
          "reference"
        ],
        "rejection_reasons": [],
        "retry_ordinal": 0,
        "samples": {
          "reference": {
            "collective_only": {
              "local_ms": 0.034143999218940735,
              "rank_max_ms": 0.04560000076889992,
              "rank_ms": [
                0.034143999218940735,
                0.03903999924659729,
                0.04560000076889992,
                0.03638400137424469
              ]
            },
            "pair_attempt_id": 43,
            "pair_retry_ordinal": 0,
            "position": 0,
            "readiness_probe_exact": true,
            "ready_region": {
              "local_ms": 0.15615999698638916,
              "rank_max_ms": 0.15692800283432007,
              "rank_ms": [
                0.15615999698638916,
                0.15379199385643005,
                0.15436799824237823,
                0.15692800283432007
              ]
            },
            "sample_index": 41,
            "scheduled_start_arrival_ns_by_rank": [
              744728300461425,
              744728300432565,
              744728300059514,
              744728299821813
            ],
            "scheduled_start_target_ns_by_rank": [
              744728305461425,
              744728305461425,
              744728305461425,
              744728305461425
            ],
            "start_record_bracket_ns_by_rank": [
              [
                744728305462490,
                744728305502715
              ],
              [
                744728305462404,
                744728305501536
              ],
              [
                744728305462219,
                744728305495233
              ],
              [
                744728305462306,
                744728305502820
              ]
            ],
            "start_record_envelope_span_ns": 40601,
            "variant": 0
          }
        },
        "variant": 0
      },
      {
        "accepted": true,
        "attempt_id": 44,
        "logical_pair_index": 42,
        "order": [
          "reference"
        ],
        "rejection_reasons": [],
        "retry_ordinal": 0,
        "samples": {
          "reference": {
            "collective_only": {
              "local_ms": 0.04569600149989128,
              "rank_max_ms": 0.05587200075387955,
              "rank_ms": [
                0.04569600149989128,
                0.04569600149989128,
                0.05587200075387955,
                0.04639999940991402
              ]
            },
            "pair_attempt_id": 44,
            "pair_retry_ordinal": 0,
            "position": 0,
            "readiness_probe_exact": true,
            "ready_region": {
              "local_ms": 0.19155199825763702,
              "rank_max_ms": 0.20336000621318817,
              "rank_ms": [
                0.19155199825763702,
                0.20336000621318817,
                0.181536003947258,
                0.1998399943113327
              ]
            },
            "sample_index": 42,
            "scheduled_start_arrival_ns_by_rank": [
              744728310546023,
              744728310421252,
              744728310292562,
              744728310458126
            ],
            "scheduled_start_target_ns_by_rank": [
              744728315546023,
              744728315546023,
              744728315546023,
              744728315546023
            ],
            "start_record_bracket_ns_by_rank": [
              [
                744728315547158,
                744728315599107
              ],
              [
                744728315547548,
                744728315598620
              ],
              [
                744728315546782,
                744728315588056
              ],
              [
                744728315547200,
                744728315599710
              ]
            ],
            "start_record_envelope_span_ns": 52928,
            "variant": 1
          }
        },
        "variant": 1
      },
      {
        "accepted": true,
        "attempt_id": 45,
        "logical_pair_index": 43,
        "order": [
          "reference"
        ],
        "rejection_reasons": [],
        "retry_ordinal": 0,
        "samples": {
          "reference": {
            "collective_only": {
              "local_ms": 0.03625600039958954,
              "rank_max_ms": 0.04899200052022934,
              "rank_ms": [
                0.03625600039958954,
                0.04105599969625473,
                0.04899200052022934,
                0.04310400038957596
              ]
            },
            "pair_attempt_id": 45,
            "pair_retry_ordinal": 0,
            "position": 0,
            "readiness_probe_exact": true,
            "ready_region": {
              "local_ms": 0.15964800119400024,
              "rank_max_ms": 0.17705599963665009,
              "rank_ms": [
                0.15964800119400024,
                0.17705599963665009,
                0.152319997549057,
                0.15216000378131866
              ]
            },
            "sample_index": 43,
            "scheduled_start_arrival_ns_by_rank": [
              744728322242393,
              744728322131046,
              744728321885592,
              744728322073666
            ],
            "scheduled_start_target_ns_by_rank": [
              744728327242393,
              744728327242393,
              744728327242393,
              744728327242393
            ],
            "start_record_bracket_ns_by_rank": [
              [
                744728327243714,
                744728327284843
              ],
              [
                744728327244476,
                744728327283892
              ],
              [
                744728327243499,
                744728327275058
              ],
              [
                744728327243453,
                744728327281538
              ]
            ],
            "start_record_envelope_span_ns": 41390,
            "variant": 0
          }
        },
        "variant": 0
      },
      {
        "accepted": true,
        "attempt_id": 46,
        "logical_pair_index": 44,
        "order": [
          "reference"
        ],
        "rejection_reasons": [],
        "retry_ordinal": 0,
        "samples": {
          "reference": {
            "collective_only": {
              "local_ms": 0.055424001067876816,
              "rank_max_ms": 0.06147199869155884,
              "rank_ms": [
                0.055424001067876816,
                0.057312000542879105,
                0.06147199869155884,
                0.05587200075387955
              ]
            },
            "pair_attempt_id": 46,
            "pair_retry_ordinal": 0,
            "position": 0,
            "readiness_probe_exact": true,
            "ready_region": {
              "local_ms": 0.1881919950246811,
              "rank_max_ms": 0.1881919950246811,
              "rank_ms": [
                0.1881919950246811,
                0.1708800047636032,
                0.17347200214862823,
                0.18595199286937714
              ]
            },
            "sample_index": 44,
            "scheduled_start_arrival_ns_by_rank": [
              744728331952344,
              744728331915332,
              744728331790914,
              744728331459797
            ],
            "scheduled_start_target_ns_by_rank": [
              744728336952344,
              744728336952344,
              744728336952344,
              744728336952344
            ],
            "start_record_bracket_ns_by_rank": [
              [
                744728336953379,
                744728337012023
              ],
              [
                744728336953423,
                744728336996003
              ],
              [
                744728336953434,
                744728336992322
              ],
              [
                744728336953600,
                744728336996805
              ]
            ],
            "start_record_envelope_span_ns": 58644,
            "variant": 1
          }
        },
        "variant": 1
      },
      {
        "accepted": true,
        "attempt_id": 47,
        "logical_pair_index": 45,
        "order": [
          "reference"
        ],
        "rejection_reasons": [],
        "retry_ordinal": 0,
        "samples": {
          "reference": {
            "collective_only": {
              "local_ms": 0.045152001082897186,
              "rank_max_ms": 0.05331199988722801,
              "rank_ms": [
                0.045152001082897186,
                0.045951999723911285,
                0.05331199988722801,
                0.038975998759269714
              ]
            },
            "pair_attempt_id": 47,
            "pair_retry_ordinal": 0,
            "position": 0,
            "readiness_probe_exact": true,
            "ready_region": {
              "local_ms": 0.17689600586891174,
              "rank_max_ms": 0.18435199558734894,
              "rank_ms": [
                0.17689600586891174,
                0.1772480010986328,
                0.1664319932460785,
                0.18435199558734894
              ]
            },
            "sample_index": 45,
            "scheduled_start_arrival_ns_by_rank": [
              744728342521866,
              744728342594944,
              744728342418690,
              744728342234795
            ],
            "scheduled_start_target_ns_by_rank": [
              744728347594944,
              744728347594944,
              744728347594944,
              744728347594944
            ],
            "start_record_bracket_ns_by_rank": [
              [
                744728347595772,
                744728347641643
              ],
              [
                744728347595967,
                744728347641504
              ],
              [
                744728347595836,
                744728347632734
              ],
              [
                744728347596114,
                744728347644930
              ]
            ],
            "start_record_envelope_span_ns": 49158,
            "variant": 0
          }
        },
        "variant": 0
      },
      {
        "accepted": true,
        "attempt_id": 48,
        "logical_pair_index": 46,
        "order": [
          "reference"
        ],
        "rejection_reasons": [],
        "retry_ordinal": 0,
        "samples": {
          "reference": {
            "collective_only": {
              "local_ms": 0.15228800475597382,
              "rank_max_ms": 0.16060799360275269,
              "rank_ms": [
                0.15228800475597382,
                0.038975998759269714,
                0.16060799360275269,
                0.15033599734306335
              ]
            },
            "pair_attempt_id": 48,
            "pair_retry_ordinal": 0,
            "position": 0,
            "readiness_probe_exact": true,
            "ready_region": {
              "local_ms": 0.17430399358272552,
              "rank_max_ms": 0.17974400520324707,
              "rank_ms": [
                0.17430399358272552,
                0.17267200350761414,
                0.17907199263572693,
                0.17974400520324707
              ]
            },
            "sample_index": 46,
            "scheduled_start_arrival_ns_by_rank": [
              744728353740481,
              744728354130770,
              744728354063476,
              744728354249768
            ],
            "scheduled_start_target_ns_by_rank": [
              744728359249768,
              744728359249768,
              744728359249768,
              744728359249768
            ],
            "start_record_bracket_ns_by_rank": [
              [
                744728359250544,
                744728359296804
              ],
              [
                744728359363068,
                744728359409372
              ],
              [
                744728359250822,
                744728359289188
              ],
              [
                744728359250661,
                744728359298751
              ]
            ],
            "start_record_envelope_span_ns": 158828,
            "variant": 1
          }
        },
        "variant": 1
      },
      {
        "accepted": false,
        "attempt_id": 49,
        "logical_pair_index": 47,
        "order": [
          "reference"
        ],
        "rejection_reasons": [
          {
            "limit_ns": 500000,
            "side": "reference",
            "start_record_envelope_span_ns": 807106
          }
        ],
        "retry_ordinal": 0,
        "samples": {
          "reference": {
            "collective_only": {
              "local_ms": 0.47513601183891296,
              "rank_max_ms": 0.8141120076179504,
              "rank_ms": [
                0.47513601183891296,
                0.04287999868392944,
                0.8141120076179504,
                0.4460799992084503
              ]
            },
            "pair_attempt_id": 49,
            "pair_retry_ordinal": 0,
            "position": 0,
            "readiness_probe_exact": true,
            "ready_region": {
              "local_ms": 0.48447999358177185,
              "rank_max_ms": 0.8244479894638062,
              "rank_ms": [
                0.48447999358177185,
                0.2380799949169159,
                0.8244479894638062,
                0.45628800988197327
              ]
            },
            "sample_index": 47,
            "scheduled_start_arrival_ns_by_rank": [
              744728365474412,
              744728365613348,
              744728365261212,
              744728364667293
            ],
            "scheduled_start_target_ns_by_rank": [
              744728370613348,
              744728370613348,
              744728370613348,
              744728370613348
            ],
            "start_record_bracket_ns_by_rank": [
              [
                744728371608897,
                744728371656725
              ],
              [
                744728372034536,
                744728372085676
              ],
              [
                744728371278570,
                744728371315198
              ],
              [
                744728371637747,
                744728371684340
              ]
            ],
            "start_record_envelope_span_ns": 807106,
            "variant": 0
          }
        },
        "variant": 0
      },
      {
        "accepted": true,
        "attempt_id": 50,
        "logical_pair_index": 47,
        "order": [
          "reference"
        ],
        "rejection_reasons": [],
        "retry_ordinal": 1,
        "samples": {
          "reference": {
            "collective_only": {
              "local_ms": 0.043168000876903534,
              "rank_max_ms": 0.050783999264240265,
              "rank_ms": [
                0.043168000876903534,
                0.04447999969124794,
                0.050783999264240265,
                0.04044799879193306
              ]
            },
            "pair_attempt_id": 50,
            "pair_retry_ordinal": 1,
            "position": 0,
            "readiness_probe_exact": true,
            "ready_region": {
              "local_ms": 0.20019200444221497,
              "rank_max_ms": 0.20764799416065216,
              "rank_ms": [
                0.20019200444221497,
                0.20390400290489197,
                0.1918720006942749,
                0.20764799416065216
              ]
            },
            "sample_index": 47,
            "scheduled_start_arrival_ns_by_rank": [
              744728376859199,
              744728376777616,
              744728376807534,
              744728376858462
            ],
            "scheduled_start_target_ns_by_rank": [
              744728381859199,
              744728381859199,
              744728381859199,
              744728381859199
            ],
            "start_record_bracket_ns_by_rank": [
              [
                744728381860330,
                744728381906947
              ],
              [
                744728381860225,
                744728381906168
              ],
              [
                744728381860442,
                744728381899764
              ],
              [
                744728381860708,
                744728381908639
              ]
            ],
            "start_record_envelope_span_ns": 48414,
            "variant": 1
          }
        },
        "variant": 1
      },
      {
        "accepted": true,
        "attempt_id": 51,
        "logical_pair_index": 48,
        "order": [
          "reference"
        ],
        "rejection_reasons": [],
        "retry_ordinal": 0,
        "samples": {
          "reference": {
            "collective_only": {
              "local_ms": 0.040832001715898514,
              "rank_max_ms": 0.04960000142455101,
              "rank_ms": [
                0.040832001715898514,
                0.041728001087903976,
                0.04960000142455101,
                0.039103999733924866
              ]
            },
            "pair_attempt_id": 51,
            "pair_retry_ordinal": 0,
            "position": 0,
            "readiness_probe_exact": true,
            "ready_region": {
              "local_ms": 0.20975999534130096,
              "rank_max_ms": 0.20975999534130096,
              "rank_ms": [
                0.20975999534130096,
                0.20947200059890747,
                0.20339199900627136,
                0.2048639953136444
              ]
            },
            "sample_index": 48,
            "scheduled_start_arrival_ns_by_rank": [
              744728387889832,
              744728387719522,
              744728387475345,
              744728387768485
            ],
            "scheduled_start_target_ns_by_rank": [
              744728392889832,
              744728392889832,
              744728392889832,
              744728392889832
            ],
            "start_record_bracket_ns_by_rank": [
              [
                744728392890537,
                744728392935750
              ],
              [
                744728392890643,
                744728392935579
              ],
              [
                744728392890510,
                744728392928947
              ],
              [
                744728392890735,
                744728392936706
              ]
            ],
            "start_record_envelope_span_ns": 46196,
            "variant": 0
          }
        },
        "variant": 0
      },
      {
        "accepted": true,
        "attempt_id": 52,
        "logical_pair_index": 49,
        "order": [
          "reference"
        ],
        "rejection_reasons": [],
        "retry_ordinal": 0,
        "samples": {
          "reference": {
            "collective_only": {
              "local_ms": 0.03680000081658363,
              "rank_max_ms": 0.045632001012563705,
              "rank_ms": [
                0.03680000081658363,
                0.04118400067090988,
                0.045632001012563705,
                0.03840000182390213
              ]
            },
            "pair_attempt_id": 52,
            "pair_retry_ordinal": 0,
            "position": 0,
            "readiness_probe_exact": true,
            "ready_region": {
              "local_ms": 0.15673600137233734,
              "rank_max_ms": 0.15887999534606934,
              "rank_ms": [
                0.15673600137233734,
                0.14591999351978302,
                0.14985600113868713,
                0.15887999534606934
              ]
            },
            "sample_index": 49,
            "scheduled_start_arrival_ns_by_rank": [
              744728398352475,
              744728398288948,
              744728397969993,
              744728398351347
            ],
            "scheduled_start_target_ns_by_rank": [
              744728403352475,
              744728403352475,
              744728403352475,
              744728403352475
            ],
            "start_record_bracket_ns_by_rank": [
              [
                744728403353411,
                744728403393271
              ],
              [
                744728403353461,
                744728403389315
              ],
              [
                744728403353311,
                744728403384506
              ],
              [
                744728403353437,
                744728403393435
              ]
            ],
            "start_record_envelope_span_ns": 40124,
            "variant": 1
          }
        },
        "variant": 1
      },
      {
        "accepted": true,
        "attempt_id": 53,
        "logical_pair_index": 50,
        "order": [
          "reference"
        ],
        "rejection_reasons": [],
        "retry_ordinal": 0,
        "samples": {
          "reference": {
            "collective_only": {
              "local_ms": 0.040672000497579575,
              "rank_max_ms": 0.049536000937223434,
              "rank_ms": [
                0.040672000497579575,
                0.042688000947237015,
                0.049536000937223434,
                0.038656000047922134
              ]
            },
            "pair_attempt_id": 53,
            "pair_retry_ordinal": 0,
            "position": 0,
            "readiness_probe_exact": true,
            "ready_region": {
              "local_ms": 0.16579200327396393,
              "rank_max_ms": 0.16976000368595123,
              "rank_ms": [
                0.16579200327396393,
                0.16019199788570404,
                0.16463999450206757,
                0.16976000368595123
              ]
            },
            "sample_index": 50,
            "scheduled_start_arrival_ns_by_rank": [
              744728409085692,
              744728409078039,
              744728409298924,
              744728409345292
            ],
            "scheduled_start_target_ns_by_rank": [
              744728414345292,
              744728414345292,
              744728414345292,
              744728414345292
            ],
            "start_record_bracket_ns_by_rank": [
              [
                744728414346380,
                744728414389370
              ],
              [
                744728414346282,
                744728414388003
              ],
              [
                744728414346203,
                744728414381461
              ],
              [
                744728414346316,
                744728414389898
              ]
            ],
            "start_record_envelope_span_ns": 43695,
            "variant": 0
          }
        },
        "variant": 0
      },
      {
        "accepted": true,
        "attempt_id": 54,
        "logical_pair_index": 51,
        "order": [
          "reference"
        ],
        "rejection_reasons": [],
        "retry_ordinal": 0,
        "samples": {
          "reference": {
            "collective_only": {
              "local_ms": 0.03654399886727333,
              "rank_max_ms": 0.04419200122356415,
              "rank_ms": [
                0.03654399886727333,
                0.035392001271247864,
                0.04419200122356415,
                0.03561599925160408
              ]
            },
            "pair_attempt_id": 54,
            "pair_retry_ordinal": 0,
            "position": 0,
            "readiness_probe_exact": true,
            "ready_region": {
              "local_ms": 0.14131200313568115,
              "rank_max_ms": 0.14281600713729858,
              "rank_ms": [
                0.14131200313568115,
                0.14115199446678162,
                0.1319040060043335,
                0.14281600713729858
              ]
            },
            "sample_index": 51,
            "scheduled_start_arrival_ns_by_rank": [
              744728418634625,
              744728418262886,
              744728418575328,
              744728418590119
            ],
            "scheduled_start_target_ns_by_rank": [
              744728423634625,
              744728423634625,
              744728423634625,
              744728423634625
            ],
            "start_record_bracket_ns_by_rank": [
              [
                744728423635472,
                744728423671569
              ],
              [
                744728423635411,
                744728423670692
              ],
              [
                744728423635622,
                744728423662602
              ],
              [
                744728423635457,
                744728423671777
              ]
            ],
            "start_record_envelope_span_ns": 36366,
            "variant": 1
          }
        },
        "variant": 1
      },
      {
        "accepted": true,
        "attempt_id": 55,
        "logical_pair_index": 52,
        "order": [
          "reference"
        ],
        "rejection_reasons": [],
        "retry_ordinal": 0,
        "samples": {
          "reference": {
            "collective_only": {
              "local_ms": 0.039103999733924866,
              "rank_max_ms": 0.04822399839758873,
              "rank_ms": [
                0.039103999733924866,
                0.038015998899936676,
                0.04822399839758873,
                0.03872000053524971
              ]
            },
            "pair_attempt_id": 55,
            "pair_retry_ordinal": 0,
            "position": 0,
            "readiness_probe_exact": true,
            "ready_region": {
              "local_ms": 0.17555199563503265,
              "rank_max_ms": 0.18409599363803864,
              "rank_ms": [
                0.17555199563503265,
                0.1736000031232834,
                0.15855999290943146,
                0.18409599363803864
              ]
            },
            "sample_index": 52,
            "scheduled_start_arrival_ns_by_rank": [
              744728427896665,
              744728427904573,
              744728427753701,
              744728428033396
            ],
            "scheduled_start_target_ns_by_rank": [
              744728433033396,
              744728433033396,
              744728433033396,
              744728433033396
            ],
            "start_record_bracket_ns_by_rank": [
              [
                744728433034255,
                744728433074119
              ],
              [
                744728433034425,
                744728433073340
              ],
              [
                744728433034236,
                744728433063785
              ],
              [
                744728433034371,
                744728433074575
              ]
            ],
            "start_record_envelope_span_ns": 40339,
            "variant": 0
          }
        },
        "variant": 0
      },
      {
        "accepted": true,
        "attempt_id": 56,
        "logical_pair_index": 53,
        "order": [
          "reference"
        ],
        "rejection_reasons": [],
        "retry_ordinal": 0,
        "samples": {
          "reference": {
            "collective_only": {
              "local_ms": 0.036639999598264694,
              "rank_max_ms": 0.11222399771213531,
              "rank_ms": [
                0.036639999598264694,
                0.11190400272607803,
                0.10665600001811981,
                0.11222399771213531
              ]
            },
            "pair_attempt_id": 56,
            "pair_retry_ordinal": 0,
            "position": 0,
            "readiness_probe_exact": true,
            "ready_region": {
              "local_ms": 0.16467200219631195,
              "rank_max_ms": 0.16521599888801575,
              "rank_ms": [
                0.16467200219631195,
                0.16521599888801575,
                0.16259199380874634,
                0.15849600732326508
              ]
            },
            "sample_index": 53,
            "scheduled_start_arrival_ns_by_rank": [
              744728438533483,
              744728438652544,
              744728438252921,
              744728438510290
            ],
            "scheduled_start_target_ns_by_rank": [
              744728443652544,
              744728443652544,
              744728443652544,
              744728443652544
            ],
            "start_record_bracket_ns_by_rank": [
              [
                744728443725299,
                744728443768821
              ],
              [
                744728443653399,
                744728443695743
              ],
              [
                744728443665279,
                744728443700410
              ],
              [
                744728443653403,
                744728443696089
              ]
            ],
            "start_record_envelope_span_ns": 115422,
            "variant": 1
          }
        },
        "variant": 1
      },
      {
        "accepted": true,
        "attempt_id": 57,
        "logical_pair_index": 54,
        "order": [
          "reference"
        ],
        "rejection_reasons": [],
        "retry_ordinal": 0,
        "samples": {
          "reference": {
            "collective_only": {
              "local_ms": 0.042080000042915344,
              "rank_max_ms": 0.05071999877691269,
              "rank_ms": [
                0.042080000042915344,
                0.04588799923658371,
                0.05071999877691269,
                0.04297599941492081
              ]
            },
            "pair_attempt_id": 57,
            "pair_retry_ordinal": 0,
            "position": 0,
            "readiness_probe_exact": true,
            "ready_region": {
              "local_ms": 0.18012799322605133,
              "rank_max_ms": 0.18220800161361694,
              "rank_ms": [
                0.18012799322605133,
                0.16777600347995758,
                0.17907199263572693,
                0.18220800161361694
              ]
            },
            "sample_index": 54,
            "scheduled_start_arrival_ns_by_rank": [
              744728448702966,
              744728448352801,
              744728448127389,
              744728448311758
            ],
            "scheduled_start_target_ns_by_rank": [
              744728453702966,
              744728453702966,
              744728453702966,
              744728453702966
            ],
            "start_record_bracket_ns_by_rank": [
              [
                744728453704165,
                744728453752440
              ],
              [
                744728453704159,
                744728453747456
              ],
              [
                744728453704158,
                744728453743213
              ],
              [
                744728453704078,
                744728453752510
              ]
            ],
            "start_record_envelope_span_ns": 48432,
            "variant": 0
          }
        },
        "variant": 0
      },
      {
        "accepted": true,
        "attempt_id": 58,
        "logical_pair_index": 55,
        "order": [
          "reference"
        ],
        "rejection_reasons": [],
        "retry_ordinal": 0,
        "samples": {
          "reference": {
            "collective_only": {
              "local_ms": 0.05385600030422211,
              "rank_max_ms": 0.06694400310516357,
              "rank_ms": [
                0.05385600030422211,
                0.059647999703884125,
                0.06694400310516357,
                0.052352000027894974
              ]
            },
            "pair_attempt_id": 58,
            "pair_retry_ordinal": 0,
            "position": 0,
            "readiness_probe_exact": true,
            "ready_region": {
              "local_ms": 0.1964160054922104,
              "rank_max_ms": 0.2377600073814392,
              "rank_ms": [
                0.1964160054922104,
                0.19142399728298187,
                0.1937279999256134,
                0.2377600073814392
              ]
            },
            "sample_index": 55,
            "scheduled_start_arrival_ns_by_rank": [
              744728460253085,
              744728460178076,
              744728460287422,
              744728460431760
            ],
            "scheduled_start_target_ns_by_rank": [
              744728465431760,
              744728465431760,
              744728465431760,
              744728465431760
            ],
            "start_record_bracket_ns_by_rank": [
              [
                744728465432745,
                744728465485838
              ],
              [
                744728465433102,
                744728465482911
              ],
              [
                744728465432871,
                744728465476910
              ],
              [
                744728465433093,
                744728465493745
              ]
            ],
            "start_record_envelope_span_ns": 61000,
            "variant": 1
          }
        },
        "variant": 1
      },
      {
        "accepted": true,
        "attempt_id": 59,
        "logical_pair_index": 56,
        "order": [
          "reference"
        ],
        "rejection_reasons": [],
        "retry_ordinal": 0,
        "samples": {
          "reference": {
            "collective_only": {
              "local_ms": 0.04303999990224838,
              "rank_max_ms": 0.056223999708890915,
              "rank_ms": [
                0.04303999990224838,
                0.053247999399900436,
                0.056223999708890915,
                0.047359999269247055
              ]
            },
            "pair_attempt_id": 59,
            "pair_retry_ordinal": 0,
            "position": 0,
            "readiness_probe_exact": true,
            "ready_region": {
              "local_ms": 0.20006400346755981,
              "rank_max_ms": 0.20006400346755981,
              "rank_ms": [
                0.20006400346755981,
                0.15904000401496887,
                0.19075199961662292,
                0.18716800212860107
              ]
            },
            "sample_index": 56,
            "scheduled_start_arrival_ns_by_rank": [
              744728470273775,
              744728470157380,
              744728470173201,
              744728470180072
            ],
            "scheduled_start_target_ns_by_rank": [
              744728475273775,
              744728475273775,
              744728475273775,
              744728475273775
            ],
            "start_record_bracket_ns_by_rank": [
              [
                744728475274760,
                744728475327734
              ],
              [
                744728475274739,
                744728475318986
              ],
              [
                744728475274756,
                744728475316163
              ],
              [
                744728475274959,
                744728475323667
              ]
            ],
            "start_record_envelope_span_ns": 52995,
            "variant": 0
          }
        },
        "variant": 0
      },
      {
        "accepted": true,
        "attempt_id": 60,
        "logical_pair_index": 57,
        "order": [
          "reference"
        ],
        "rejection_reasons": [],
        "retry_ordinal": 0,
        "samples": {
          "reference": {
            "collective_only": {
              "local_ms": 0.04179200157523155,
              "rank_max_ms": 0.0522879995405674,
              "rank_ms": [
                0.04179200157523155,
                0.04092799872159958,
                0.0522879995405674,
                0.04435199871659279
              ]
            },
            "pair_attempt_id": 60,
            "pair_retry_ordinal": 0,
            "position": 0,
            "readiness_probe_exact": true,
            "ready_region": {
              "local_ms": 0.20537599921226501,
              "rank_max_ms": 0.208639994263649,
              "rank_ms": [
                0.20537599921226501,
                0.19881600141525269,
                0.19840000569820404,
                0.208639994263649
              ]
            },
            "sample_index": 57,
            "scheduled_start_arrival_ns_by_rank": [
              744728481738340,
              744728481854086,
              744728481184630,
              744728481273480
            ],
            "scheduled_start_target_ns_by_rank": [
              744728486854086,
              744728486854086,
              744728486854086,
              744728486854086
            ],
            "start_record_bracket_ns_by_rank": [
              [
                744728486855005,
                744728486902385
              ],
              [
                744728486855426,
                744728486902698
              ],
              [
                744728486855151,
                744728486892986
              ],
              [
                744728486854901,
                744728486900954
              ]
            ],
            "start_record_envelope_span_ns": 47797,
            "variant": 1
          }
        },
        "variant": 1
      },
      {
        "accepted": true,
        "attempt_id": 61,
        "logical_pair_index": 58,
        "order": [
          "reference"
        ],
        "rejection_reasons": [],
        "retry_ordinal": 0,
        "samples": {
          "reference": {
            "collective_only": {
              "local_ms": 0.04224000126123428,
              "rank_max_ms": 0.05500800162553787,
              "rank_ms": [
                0.04224000126123428,
                0.04867200180888176,
                0.05500800162553787,
                0.048608001321554184
              ]
            },
            "pair_attempt_id": 61,
            "pair_retry_ordinal": 0,
            "position": 0,
            "readiness_probe_exact": true,
            "ready_region": {
              "local_ms": 0.19791999459266663,
              "rank_max_ms": 0.2006399929523468,
              "rank_ms": [
                0.19791999459266663,
                0.18476800620555878,
                0.2006399929523468,
                0.18403199315071106
              ]
            },
            "sample_index": 58,
            "scheduled_start_arrival_ns_by_rank": [
              744728492305467,
              744728492114437,
              744728492177151,
              744728492234839
            ],
            "scheduled_start_target_ns_by_rank": [
              744728497305467,
              744728497305467,
              744728497305467,
              744728497305467
            ],
            "start_record_bracket_ns_by_rank": [
              [
                744728497306647,
                744728497359078
              ],
              [
                744728497306547,
                744728497355355
              ],
              [
                744728497306666,
                744728497350251
              ],
              [
                744728497306461,
                744728497356121
              ]
            ],
            "start_record_envelope_span_ns": 52617,
            "variant": 0
          }
        },
        "variant": 0
      },
      {
        "accepted": true,
        "attempt_id": 62,
        "logical_pair_index": 59,
        "order": [
          "reference"
        ],
        "rejection_reasons": [],
        "retry_ordinal": 0,
        "samples": {
          "reference": {
            "collective_only": {
              "local_ms": 0.039583999663591385,
              "rank_max_ms": 0.0490880012512207,
              "rank_ms": [
                0.039583999663591385,
                0.0414079986512661,
                0.0490880012512207,
                0.0395519994199276
              ]
            },
            "pair_attempt_id": 62,
            "pair_retry_ordinal": 0,
            "position": 0,
            "readiness_probe_exact": true,
            "ready_region": {
              "local_ms": 0.1581439971923828,
              "rank_max_ms": 0.1581439971923828,
              "rank_ms": [
                0.1581439971923828,
                0.15193599462509155,
                0.15087999403476715,
                0.15724800527095795
              ]
            },
            "sample_index": 59,
            "scheduled_start_arrival_ns_by_rank": [
              744728503990494,
              744728504319124,
              744728503588296,
              744728503474260
            ],
            "scheduled_start_target_ns_by_rank": [
              744728509319124,
              744728509319124,
              744728509319124,
              744728509319124
            ],
            "start_record_bracket_ns_by_rank": [
              [
                744728509320243,
                744728509363386
              ],
              [
                744728509320467,
                744728509361074
              ],
              [
                744728509320274,
                744728509354987
              ],
              [
                744728509320159,
                744728509364088
              ]
            ],
            "start_record_envelope_span_ns": 43929,
            "variant": 1
          }
        },
        "variant": 1
      },
      {
        "accepted": true,
        "attempt_id": 63,
        "logical_pair_index": 60,
        "order": [
          "reference"
        ],
        "rejection_reasons": [],
        "retry_ordinal": 0,
        "samples": {
          "reference": {
            "collective_only": {
              "local_ms": 0.03814399987459183,
              "rank_max_ms": 0.04831999912858009,
              "rank_ms": [
                0.03814399987459183,
                0.044704001396894455,
                0.04831999912858009,
                0.04383999854326248
              ]
            },
            "pair_attempt_id": 63,
            "pair_retry_ordinal": 0,
            "position": 0,
            "readiness_probe_exact": true,
            "ready_region": {
              "local_ms": 0.1793919950723648,
              "rank_max_ms": 0.18095999956130981,
              "rank_ms": [
                0.1793919950723648,
                0.16947199404239655,
                0.18095999956130981,
                0.17126399278640747
              ]
            },
            "sample_index": 60,
            "scheduled_start_arrival_ns_by_rank": [
              744728514421146,
              744728514491055,
              744728514267309,
              744728514326711
            ],
            "scheduled_start_target_ns_by_rank": [
              744728519491055,
              744728519491055,
              744728519491055,
              744728519491055
            ],
            "start_record_bracket_ns_by_rank": [
              [
                744728519492163,
                744728519539851
              ],
              [
                744728519491899,
                744728519535526
              ],
              [
                744728519492283,
                744728519531731
              ],
              [
                744728519492141,
                744728519536481
              ]
            ],
            "start_record_envelope_span_ns": 47952,
            "variant": 0
          }
        },
        "variant": 0
      },
      {
        "accepted": true,
        "attempt_id": 64,
        "logical_pair_index": 61,
        "order": [
          "reference"
        ],
        "rejection_reasons": [],
        "retry_ordinal": 0,
        "samples": {
          "reference": {
            "collective_only": {
              "local_ms": 0.0416640006005764,
              "rank_max_ms": 0.05804799869656563,
              "rank_ms": [
                0.0416640006005764,
                0.048128001391887665,
                0.05804799869656563,
                0.04224000126123428
              ]
            },
            "pair_attempt_id": 64,
            "pair_retry_ordinal": 0,
            "position": 0,
            "readiness_probe_exact": true,
            "ready_region": {
              "local_ms": 0.19487999379634857,
              "rank_max_ms": 0.20112000405788422,
              "rank_ms": [
                0.19487999379634857,
                0.20112000405788422,
                0.18134400248527527,
                0.1987839937210083
              ]
            },
            "sample_index": 61,
            "scheduled_start_arrival_ns_by_rank": [
              744728525491468,
              744728525383317,
              744728525141846,
              744728525382573
            ],
            "scheduled_start_target_ns_by_rank": [
              744728530491468,
              744728530491468,
              744728530491468,
              744728530491468
            ],
            "start_record_bracket_ns_by_rank": [
              [
                744728530492833,
                744728530545287
              ],
              [
                744728530492819,
                744728530542469
              ],
              [
                744728530492447,
                744728530533191
              ],
              [
                744728530492747,
                744728530547296
              ]
            ],
            "start_record_envelope_span_ns": 54849,
            "variant": 1
          }
        },
        "variant": 1
      },
      {
        "accepted": true,
        "attempt_id": 65,
        "logical_pair_index": 62,
        "order": [
          "reference"
        ],
        "rejection_reasons": [],
        "retry_ordinal": 0,
        "samples": {
          "reference": {
            "collective_only": {
              "local_ms": 0.0451200008392334,
              "rank_max_ms": 0.05593600124120712,
              "rank_ms": [
                0.0451200008392334,
                0.04793599992990494,
                0.05593600124120712,
                0.04598399996757507
              ]
            },
            "pair_attempt_id": 65,
            "pair_retry_ordinal": 0,
            "position": 0,
            "readiness_probe_exact": true,
            "ready_region": {
              "local_ms": 0.19843199849128723,
              "rank_max_ms": 0.20924800634384155,
              "rank_ms": [
                0.19843199849128723,
                0.19142399728298187,
                0.20924800634384155,
                0.20147199928760529
              ]
            },
            "sample_index": 62,
            "scheduled_start_arrival_ns_by_rank": [
              744728536297442,
              744728536222693,
              744728536115164,
              744728536263302
            ],
            "scheduled_start_target_ns_by_rank": [
              744728541297442,
              744728541297442,
              744728541297442,
              744728541297442
            ],
            "start_record_bracket_ns_by_rank": [
              [
                744728541298887,
                744728541351650
              ],
              [
                744728541298545,
                744728541349935
              ],
              [
                744728541298429,
                744728541354917
              ],
              [
                744728541298909,
                744728541352397
              ]
            ],
            "start_record_envelope_span_ns": 56488,
            "variant": 0
          }
        },
        "variant": 0
      },
      {
        "accepted": true,
        "attempt_id": 66,
        "logical_pair_index": 63,
        "order": [
          "reference"
        ],
        "rejection_reasons": [],
        "retry_ordinal": 0,
        "samples": {
          "reference": {
            "collective_only": {
              "local_ms": 0.040063999593257904,
              "rank_max_ms": 0.047807998955249786,
              "rank_ms": [
                0.040063999593257904,
                0.04224000126123428,
                0.047807998955249786,
                0.03622400015592575
              ]
            },
            "pair_attempt_id": 66,
            "pair_retry_ordinal": 0,
            "position": 0,
            "readiness_probe_exact": true,
            "ready_region": {
              "local_ms": 0.18192000687122345,
              "rank_max_ms": 0.18457600474357605,
              "rank_ms": [
                0.18192000687122345,
                0.17340800166130066,
                0.1687680035829544,
                0.18457600474357605
              ]
            },
            "sample_index": 63,
            "scheduled_start_arrival_ns_by_rank": [
              744728546518226,
              744728546851092,
              744728546470979,
              744728546535298
            ],
            "scheduled_start_target_ns_by_rank": [
              744728551851092,
              744728551851092,
              744728551851092,
              744728551851092
            ],
            "start_record_bracket_ns_by_rank": [
              [
                744728551852166,
                744728551892817
              ],
              [
                744728551852204,
                744728551889485
              ],
              [
                744728551851978,
                744728551883318
              ],
              [
                744728551852232,
                744728551894221
              ]
            ],
            "start_record_envelope_span_ns": 42243,
            "variant": 1
          }
        },
        "variant": 1
      },
      {
        "accepted": true,
        "attempt_id": 67,
        "logical_pair_index": 64,
        "order": [
          "reference"
        ],
        "rejection_reasons": [],
        "retry_ordinal": 0,
        "samples": {
          "reference": {
            "collective_only": {
              "local_ms": 0.050592001527547836,
              "rank_max_ms": 0.06579200178384781,
              "rank_ms": [
                0.050592001527547836,
                0.05411199852824211,
                0.06579200178384781,
                0.05548800155520439
              ]
            },
            "pair_attempt_id": 67,
            "pair_retry_ordinal": 0,
            "position": 0,
            "readiness_probe_exact": true,
            "ready_region": {
              "local_ms": 0.18086400628089905,
              "rank_max_ms": 0.18377600610256195,
              "rank_ms": [
                0.18086400628089905,
                0.18377600610256195,
                0.17529599368572235,
                0.17318400740623474
              ]
            },
            "sample_index": 64,
            "scheduled_start_arrival_ns_by_rank": [
              744728556990902,
              744728557135914,
              744728556903045,
              744728556931554
            ],
            "scheduled_start_target_ns_by_rank": [
              744728562135914,
              744728562135914,
              744728562135914,
              744728562135914
            ],
            "start_record_bracket_ns_by_rank": [
              [
                744728562137122,
                744728562181737
              ],
              [
                744728562136967,
                744728562179689
              ],
              [
                744728562136717,
                744728562168758
              ],
              [
                744728562137214,
                744728562177946
              ]
            ],
            "start_record_envelope_span_ns": 45020,
            "variant": 0
          }
        },
        "variant": 0
      },
      {
        "accepted": true,
        "attempt_id": 68,
        "logical_pair_index": 65,
        "order": [
          "reference"
        ],
        "rejection_reasons": [],
        "retry_ordinal": 0,
        "samples": {
          "reference": {
            "collective_only": {
              "local_ms": 0.040511999279260635,
              "rank_max_ms": 0.06934399902820587,
              "rank_ms": [
                0.040511999279260635,
                0.04524800181388855,
                0.06934399902820587,
                0.05152000114321709
              ]
            },
            "pair_attempt_id": 68,
            "pair_retry_ordinal": 0,
            "position": 0,
            "readiness_probe_exact": true,
            "ready_region": {
              "local_ms": 0.20492799580097198,
              "rank_max_ms": 0.20492799580097198,
              "rank_ms": [
                0.20492799580097198,
                0.20239999890327454,
                0.19180800020694733,
                0.1711679995059967
              ]
            },
            "sample_index": 65,
            "scheduled_start_arrival_ns_by_rank": [
              744728567956095,
              744728567719162,
              744728567776086,
              744728567662183
            ],
            "scheduled_start_target_ns_by_rank": [
              744728572956095,
              744728572956095,
              744728572956095,
              744728572956095
            ],
            "start_record_bracket_ns_by_rank": [
              [
                744728572957130,
                744728573022027
              ],
              [
                744728572957192,
                744728573018671
              ],
              [
                744728572957234,
                744728572995493
              ],
              [
                744728572957107,
                744728573015385
              ]
            ],
            "start_record_envelope_span_ns": 64920,
            "variant": 1
          }
        },
        "variant": 1
      },
      {
        "accepted": true,
        "attempt_id": 69,
        "logical_pair_index": 66,
        "order": [
          "reference"
        ],
        "rejection_reasons": [],
        "retry_ordinal": 0,
        "samples": {
          "reference": {
            "collective_only": {
              "local_ms": 0.03558399900794029,
              "rank_max_ms": 0.047488000243902206,
              "rank_ms": [
                0.03558399900794029,
                0.040511999279260635,
                0.047488000243902206,
                0.037087999284267426
              ]
            },
            "pair_attempt_id": 69,
            "pair_retry_ordinal": 0,
            "position": 0,
            "readiness_probe_exact": true,
            "ready_region": {
              "local_ms": 0.16115200519561768,
              "rank_max_ms": 0.16704000532627106,
              "rank_ms": [
                0.16115200519561768,
                0.1613759994506836,
                0.16704000532627106,
                0.16476799547672272
              ]
            },
            "sample_index": 66,
            "scheduled_start_arrival_ns_by_rank": [
              744728580216974,
              744728579810480,
              744728580290259,
              744728580546048
            ],
            "scheduled_start_target_ns_by_rank": [
              744728585546048,
              744728585546048,
              744728585546048,
              744728585546048
            ],
            "start_record_bracket_ns_by_rank": [
              [
                744728585546807,
                744728585590164
              ],
              [
                744728585546867,
                744728585588525
              ],
              [
                744728585546970,
                744728585582186
              ],
              [
                744728585546906,
                744728585590205
              ]
            ],
            "start_record_envelope_span_ns": 43398,
            "variant": 0
          }
        },
        "variant": 0
      },
      {
        "accepted": true,
        "attempt_id": 70,
        "logical_pair_index": 67,
        "order": [
          "reference"
        ],
        "rejection_reasons": [],
        "retry_ordinal": 0,
        "samples": {
          "reference": {
            "collective_only": {
              "local_ms": 0.04729599878191948,
              "rank_max_ms": 0.05552000179886818,
              "rank_ms": [
                0.04729599878191948,
                0.04185599833726883,
                0.05552000179886818,
                0.04992000013589859
              ]
            },
            "pair_attempt_id": 70,
            "pair_retry_ordinal": 0,
            "position": 0,
            "readiness_probe_exact": true,
            "ready_region": {
              "local_ms": 0.17980800569057465,
              "rank_max_ms": 0.20819200575351715,
              "rank_ms": [
                0.17980800569057465,
                0.20819200575351715,
                0.1679999977350235,
                0.17129600048065186
              ]
            },
            "sample_index": 67,
            "scheduled_start_arrival_ns_by_rank": [
              744728591828166,
              744728591803681,
              744728591751252,
              744728591697091
            ],
            "scheduled_start_target_ns_by_rank": [
              744728596828166,
              744728596828166,
              744728596828166,
              744728596828166
            ],
            "start_record_bracket_ns_by_rank": [
              [
                744728596829088,
                744728596870732
              ],
              [
                744728596829679,
                744728596874459
              ],
              [
                744728596829208,
                744728596860643
              ],
              [
                744728596828840,
                744728596866314
              ]
            ],
            "start_record_envelope_span_ns": 45619,
            "variant": 1
          }
        },
        "variant": 1
      },
      {
        "accepted": true,
        "attempt_id": 71,
        "logical_pair_index": 68,
        "order": [
          "reference"
        ],
        "rejection_reasons": [],
        "retry_ordinal": 0,
        "samples": {
          "reference": {
            "collective_only": {
              "local_ms": 0.039583999663591385,
              "rank_max_ms": 0.04806400090456009,
              "rank_ms": [
                0.039583999663591385,
                0.038047999143600464,
                0.04806400090456009,
                0.036607999354600906
              ]
            },
            "pair_attempt_id": 71,
            "pair_retry_ordinal": 0,
            "position": 0,
            "readiness_probe_exact": true,
            "ready_region": {
              "local_ms": 0.17580799758434296,
              "rank_max_ms": 0.17628799378871918,
              "rank_ms": [
                0.17580799758434296,
                0.17484800517559052,
                0.16035200655460358,
                0.17628799378871918
              ]
            },
            "sample_index": 68,
            "scheduled_start_arrival_ns_by_rank": [
              744728603051093,
              744728603057638,
              744728602840590,
              744728603054969
            ],
            "scheduled_start_target_ns_by_rank": [
              744728608057638,
              744728608057638,
              744728608057638,
              744728608057638
            ],
            "start_record_bracket_ns_by_rank": [
              [
                744728608058610,
                744728608097858
              ],
              [
                744728608058666,
                744728608098526
              ],
              [
                744728608058528,
                744728608088178
              ],
              [
                744728608058738,
                744728608099314
              ]
            ],
            "start_record_envelope_span_ns": 40786,
            "variant": 0
          }
        },
        "variant": 0
      },
      {
        "accepted": true,
        "attempt_id": 72,
        "logical_pair_index": 69,
        "order": [
          "reference"
        ],
        "rejection_reasons": [],
        "retry_ordinal": 0,
        "samples": {
          "reference": {
            "collective_only": {
              "local_ms": 0.04972799867391586,
              "rank_max_ms": 0.055904000997543335,
              "rank_ms": [
                0.04972799867391586,
                0.04108799993991852,
                0.055904000997543335,
                0.04287999868392944
              ]
            },
            "pair_attempt_id": 72,
            "pair_retry_ordinal": 0,
            "position": 0,
            "readiness_probe_exact": true,
            "ready_region": {
              "local_ms": 0.1700800061225891,
              "rank_max_ms": 0.2152000069618225,
              "rank_ms": [
                0.1700800061225891,
                0.18908800184726715,
                0.20150400698184967,
                0.2152000069618225
              ]
            },
            "sample_index": 69,
            "scheduled_start_arrival_ns_by_rank": [
              744728613915410,
              744728613993668,
              744728613754608,
              744728613799648
            ],
            "scheduled_start_target_ns_by_rank": [
              744728618993668,
              744728618993668,
              744728618993668,
              744728618993668
            ],
            "start_record_bracket_ns_by_rank": [
              [
                744728618994178,
                744728619047359
              ],
              [
                744728618994713,
                744728619057863
              ],
              [
                744728618994821,
                744728619044078
              ],
              [
                744728618994658,
                744728619055973
              ]
            ],
            "start_record_envelope_span_ns": 63685,
            "variant": 1
          }
        },
        "variant": 1
      },
      {
        "accepted": true,
        "attempt_id": 73,
        "logical_pair_index": 70,
        "order": [
          "reference"
        ],
        "rejection_reasons": [],
        "retry_ordinal": 0,
        "samples": {
          "reference": {
            "collective_only": {
              "local_ms": 0.036768000572919846,
              "rank_max_ms": 0.08140800148248672,
              "rank_ms": [
                0.036768000572919846,
                0.07119999825954437,
                0.08140800148248672,
                0.06988800317049026
              ]
            },
            "pair_attempt_id": 73,
            "pair_retry_ordinal": 0,
            "position": 0,
            "readiness_probe_exact": true,
            "ready_region": {
              "local_ms": 0.1640319973230362,
              "rank_max_ms": 0.1640319973230362,
              "rank_ms": [
                0.1640319973230362,
                0.16249600052833557,
                0.15945599973201752,
                0.16332800686359406
              ]
            },
            "sample_index": 70,
            "scheduled_start_arrival_ns_by_rank": [
              744728624549156,
              744728624549409,
              744728624413696,
              744728624416830
            ],
            "scheduled_start_target_ns_by_rank": [
              744728629549409,
              744728629549409,
              744728629549409,
              744728629549409
            ],
            "start_record_bracket_ns_by_rank": [
              [
                744728629581682,
                744728629625199
              ],
              [
                744728629550316,
                744728629591917
              ],
              [
                744728629550375,
                744728629582839
              ],
              [
                744728629550426,
                744728629594070
              ]
            ],
            "start_record_envelope_span_ns": 74883,
            "variant": 0
          }
        },
        "variant": 0
      },
      {
        "accepted": true,
        "attempt_id": 74,
        "logical_pair_index": 71,
        "order": [
          "reference"
        ],
        "rejection_reasons": [],
        "retry_ordinal": 0,
        "samples": {
          "reference": {
            "collective_only": {
              "local_ms": 0.054368000477552414,
              "rank_max_ms": 0.06592000275850296,
              "rank_ms": [
                0.054368000477552414,
                0.05552000179886818,
                0.06592000275850296,
                0.04102399945259094
              ]
            },
            "pair_attempt_id": 74,
            "pair_retry_ordinal": 0,
            "position": 0,
            "readiness_probe_exact": true,
            "ready_region": {
              "local_ms": 0.1963520050048828,
              "rank_max_ms": 0.1963520050048828,
              "rank_ms": [
                0.1963520050048828,
                0.18697600066661835,
                0.1950400024652481,
                0.18943999707698822
              ]
            },
            "sample_index": 71,
            "scheduled_start_arrival_ns_by_rank": [
              744728635969740,
              744728635918866,
              744728635588395,
              744728636163881
            ],
            "scheduled_start_target_ns_by_rank": [
              744728641163881,
              744728641163881,
              744728641163881,
              744728641163881
            ],
            "start_record_bracket_ns_by_rank": [
              [
                744728641164887,
                744728641235895
              ],
              [
                744728641165353,
                744728641235253
              ],
              [
                744728641165019,
                744728641225193
              ],
              [
                744728641164971,
                744728641246768
              ]
            ],
            "start_record_envelope_span_ns": 81881,
            "variant": 1
          }
        },
        "variant": 1
      },
      {
        "accepted": true,
        "attempt_id": 75,
        "logical_pair_index": 72,
        "order": [
          "reference"
        ],
        "rejection_reasons": [],
        "retry_ordinal": 0,
        "samples": {
          "reference": {
            "collective_only": {
              "local_ms": 0.043616000562906265,
              "rank_max_ms": 0.05084799975156784,
              "rank_ms": [
                0.043616000562906265,
                0.04131200164556503,
                0.05084799975156784,
                0.03782400116324425
              ]
            },
            "pair_attempt_id": 75,
            "pair_retry_ordinal": 0,
            "position": 0,
            "readiness_probe_exact": true,
            "ready_region": {
              "local_ms": 0.15756799280643463,
              "rank_max_ms": 0.16940799355506897,
              "rank_ms": [
                0.15756799280643463,
                0.16940799355506897,
                0.1565759927034378,
                0.16739200055599213
              ]
            },
            "sample_index": 72,
            "scheduled_start_arrival_ns_by_rank": [
              744728647479244,
              744728647432387,
              744728647094797,
              744728647450361
            ],
            "scheduled_start_target_ns_by_rank": [
              744728652479244,
              744728652479244,
              744728652479244,
              744728652479244
            ],
            "start_record_bracket_ns_by_rank": [
              [
                744728652480299,
                744728652520334
              ],
              [
                744728652480367,
                744728652522851
              ],
              [
                744728652480341,
                744728652513229
              ],
              [
                744728652480399,
                744728652524695
              ]
            ],
            "start_record_envelope_span_ns": 44396,
            "variant": 0
          }
        },
        "variant": 0
      },
      {
        "accepted": true,
        "attempt_id": 76,
        "logical_pair_index": 73,
        "order": [
          "reference"
        ],
        "rejection_reasons": [],
        "retry_ordinal": 0,
        "samples": {
          "reference": {
            "collective_only": {
              "local_ms": 0.03776000067591667,
              "rank_max_ms": 0.045184001326560974,
              "rank_ms": [
                0.03776000067591667,
                0.039712000638246536,
                0.045184001326560974,
                0.03763199970126152
              ]
            },
            "pair_attempt_id": 76,
            "pair_retry_ordinal": 0,
            "position": 0,
            "readiness_probe_exact": true,
            "ready_region": {
              "local_ms": 0.15625600516796112,
              "rank_max_ms": 0.1582079976797104,
              "rank_ms": [
                0.15625600516796112,
                0.15558399260044098,
                0.15600000321865082,
                0.1582079976797104
              ]
            },
            "sample_index": 73,
            "scheduled_start_arrival_ns_by_rank": [
              744728658599325,
              744728658739318,
              744728657973607,
              744728658792612
            ],
            "scheduled_start_target_ns_by_rank": [
              744728663792612,
              744728663792612,
              744728663792612,
              744728663792612
            ],
            "start_record_bracket_ns_by_rank": [
              [
                744728663793809,
                744728663834592
              ],
              [
                744728663793671,
                744728663832006
              ],
              [
                744728663793600,
                744728663828140
              ],
              [
                744728663793583,
                744728663835308
              ]
            ],
            "start_record_envelope_span_ns": 41725,
            "variant": 1
          }
        },
        "variant": 1
      },
      {
        "accepted": true,
        "attempt_id": 77,
        "logical_pair_index": 74,
        "order": [
          "reference"
        ],
        "rejection_reasons": [],
        "retry_ordinal": 0,
        "samples": {
          "reference": {
            "collective_only": {
              "local_ms": 0.03776000067591667,
              "rank_max_ms": 0.05008000135421753,
              "rank_ms": [
                0.03776000067591667,
                0.04163200035691261,
                0.05008000135421753,
                0.037248000502586365
              ]
            },
            "pair_attempt_id": 77,
            "pair_retry_ordinal": 0,
            "position": 0,
            "readiness_probe_exact": true,
            "ready_region": {
              "local_ms": 0.15884800255298615,
              "rank_max_ms": 0.15990400314331055,
              "rank_ms": [
                0.15884800255298615,
                0.14739200472831726,
                0.1515520066022873,
                0.15990400314331055
              ]
            },
            "sample_index": 74,
            "scheduled_start_arrival_ns_by_rank": [
              744728669220743,
              744728669448521,
              744728669346489,
              744728669442273
            ],
            "scheduled_start_target_ns_by_rank": [
              744728674448521,
              744728674448521,
              744728674448521,
              744728674448521
            ],
            "start_record_bracket_ns_by_rank": [
              [
                744728674449581,
                744728674491258
              ],
              [
                744728674449585,
                744728674487846
              ],
              [
                744728674449520,
                744728674480242
              ],
              [
                744728674449552,
                744728674490955
              ]
            ],
            "start_record_envelope_span_ns": 41738,
            "variant": 0
          }
        },
        "variant": 0
      },
      {
        "accepted": true,
        "attempt_id": 78,
        "logical_pair_index": 75,
        "order": [
          "reference"
        ],
        "rejection_reasons": [],
        "retry_ordinal": 0,
        "samples": {
          "reference": {
            "collective_only": {
              "local_ms": 0.03766399994492531,
              "rank_max_ms": 0.04556800052523613,
              "rank_ms": [
                0.03766399994492531,
                0.03993599861860275,
                0.04556800052523613,
                0.03516799956560135
              ]
            },
            "pair_attempt_id": 78,
            "pair_retry_ordinal": 0,
            "position": 0,
            "readiness_probe_exact": true,
            "ready_region": {
              "local_ms": 0.17475199699401855,
              "rank_max_ms": 0.17667199671268463,
              "rank_ms": [
                0.17475199699401855,
                0.1669120043516159,
                0.17667199671268463,
                0.17401599884033203
              ]
            },
            "sample_index": 75,
            "scheduled_start_arrival_ns_by_rank": [
              744728678839009,
              744728678604577,
              744728678708537,
              744728678849122
            ],
            "scheduled_start_target_ns_by_rank": [
              744728683849122,
              744728683849122,
              744728683849122,
              744728683849122
            ],
            "start_record_bracket_ns_by_rank": [
              [
                744728683850052,
                744728683889485
              ],
              [
                744728683850188,
                744728683886776
              ],
              [
                744728683850019,
                744728683882694
              ],
              [
                744728683849976,
                744728683890415
              ]
            ],
            "start_record_envelope_span_ns": 40439,
            "variant": 1
          }
        },
        "variant": 1
      },
      {
        "accepted": true,
        "attempt_id": 79,
        "logical_pair_index": 76,
        "order": [
          "reference"
        ],
        "rejection_reasons": [],
        "retry_ordinal": 0,
        "samples": {
          "reference": {
            "collective_only": {
              "local_ms": 0.0424639992415905,
              "rank_max_ms": 0.04966399818658829,
              "rank_ms": [
                0.0424639992415905,
                0.0459199994802475,
                0.04966399818658829,
                0.04281599819660187
              ]
            },
            "pair_attempt_id": 79,
            "pair_retry_ordinal": 0,
            "position": 0,
            "readiness_probe_exact": true,
            "ready_region": {
              "local_ms": 0.1547520011663437,
              "rank_max_ms": 0.20739200711250305,
              "rank_ms": [
                0.1547520011663437,
                0.20739200711250305,
                0.15411199629306793,
                0.15942400693893433
              ]
            },
            "sample_index": 76,
            "scheduled_start_arrival_ns_by_rank": [
              744728689364004,
              744728689363409,
              744728688933446,
              744728689439848
            ],
            "scheduled_start_target_ns_by_rank": [
              744728694439848,
              744728694439848,
              744728694439848,
              744728694439848
            ],
            "start_record_bracket_ns_by_rank": [
              [
                744728694440989,
                744728694480839
              ],
              [
                744728694440898,
                744728694482716
              ],
              [
                744728694440701,
                744728694473764
              ],
              [
                744728694440876,
                744728694481872
              ]
            ],
            "start_record_envelope_span_ns": 42015,
            "variant": 0
          }
        },
        "variant": 0
      },
      {
        "accepted": true,
        "attempt_id": 80,
        "logical_pair_index": 77,
        "order": [
          "reference"
        ],
        "rejection_reasons": [],
        "retry_ordinal": 0,
        "samples": {
          "reference": {
            "collective_only": {
              "local_ms": 0.04396799951791763,
              "rank_max_ms": 0.053408000618219376,
              "rank_ms": [
                0.04396799951791763,
                0.04569600149989128,
                0.053408000618219376,
                0.040863998234272
              ]
            },
            "pair_attempt_id": 80,
            "pair_retry_ordinal": 0,
            "position": 0,
            "readiness_probe_exact": true,
            "ready_region": {
              "local_ms": 0.23792000114917755,
              "rank_max_ms": 0.23792000114917755,
              "rank_ms": [
                0.23792000114917755,
                0.21667200326919556,
                0.20550400018692017,
                0.20153599977493286
              ]
            },
            "sample_index": 77,
            "scheduled_start_arrival_ns_by_rank": [
              744728699901344,
              744728699668807,
              744728699718600,
              744728699464478
            ],
            "scheduled_start_target_ns_by_rank": [
              744728704901344,
              744728704901344,
              744728704901344,
              744728704901344
            ],
            "start_record_bracket_ns_by_rank": [
              [
                744728704902104,
                744728704947682
              ],
              [
                744728704902281,
                744728704947037
              ],
              [
                744728704902170,
                744728704939618
              ],
              [
                744728704902393,
                744728704951094
              ]
            ],
            "start_record_envelope_span_ns": 48990,
            "variant": 1
          }
        },
        "variant": 1
      },
      {
        "accepted": true,
        "attempt_id": 81,
        "logical_pair_index": 78,
        "order": [
          "reference"
        ],
        "rejection_reasons": [],
        "retry_ordinal": 0,
        "samples": {
          "reference": {
            "collective_only": {
              "local_ms": 0.041919998824596405,
              "rank_max_ms": 0.055904000997543335,
              "rank_ms": [
                0.041919998824596405,
                0.05075199902057648,
                0.055904000997543335,
                0.04374400153756142
              ]
            },
            "pair_attempt_id": 81,
            "pair_retry_ordinal": 0,
            "position": 0,
            "readiness_probe_exact": true,
            "ready_region": {
              "local_ms": 0.21439999341964722,
              "rank_max_ms": 0.21439999341964722,
              "rank_ms": [
                0.21439999341964722,
                0.19628800451755524,
                0.19459199905395508,
                0.21184000372886658
              ]
            },
            "sample_index": 78,
            "scheduled_start_arrival_ns_by_rank": [
              744728710979049,
              744728710764442,
              744728710573221,
              744728710460338
            ],
            "scheduled_start_target_ns_by_rank": [
              744728715979049,
              744728715979049,
              744728715979049,
              744728715979049
            ],
            "start_record_bracket_ns_by_rank": [
              [
                744728715980157,
                744728716042967
              ],
              [
                744728715980128,
                744728716036253
              ],
              [
                744728715979965,
                744728716029787
              ],
              [
                744728715980540,
                744728716042429
              ]
            ],
            "start_record_envelope_span_ns": 63002,
            "variant": 0
          }
        },
        "variant": 0
      },
      {
        "accepted": true,
        "attempt_id": 82,
        "logical_pair_index": 79,
        "order": [
          "reference"
        ],
        "rejection_reasons": [],
        "retry_ordinal": 0,
        "samples": {
          "reference": {
            "collective_only": {
              "local_ms": 0.03824000060558319,
              "rank_max_ms": 0.04387199878692627,
              "rank_ms": [
                0.03824000060558319,
                0.04095999896526337,
                0.04387199878692627,
                0.036768000572919846
              ]
            },
            "pair_attempt_id": 82,
            "pair_retry_ordinal": 0,
            "position": 0,
            "readiness_probe_exact": true,
            "ready_region": {
              "local_ms": 0.16627199947834015,
              "rank_max_ms": 0.17235200107097626,
              "rank_ms": [
                0.16627199947834015,
                0.1554879993200302,
                0.17235200107097626,
                0.17078399658203125
              ]
            },
            "sample_index": 79,
            "scheduled_start_arrival_ns_by_rank": [
              744728722149995,
              744728722309305,
              744728721778308,
              744728721581321
            ],
            "scheduled_start_target_ns_by_rank": [
              744728727309305,
              744728727309305,
              744728727309305,
              744728727309305
            ],
            "start_record_bracket_ns_by_rank": [
              [
                744728727310236,
                744728727351128
              ],
              [
                744728727310458,
                744728727347518
              ],
              [
                744728727310502,
                744728727347022
              ],
              [
                744728727310283,
                744728727351942
              ]
            ],
            "start_record_envelope_span_ns": 41706,
            "variant": 1
          }
        },
        "variant": 1
      },
      {
        "accepted": true,
        "attempt_id": 83,
        "logical_pair_index": 80,
        "order": [
          "reference"
        ],
        "rejection_reasons": [],
        "retry_ordinal": 0,
        "samples": {
          "reference": {
            "collective_only": {
              "local_ms": 0.039872001856565475,
              "rank_max_ms": 0.04835199937224388,
              "rank_ms": [
                0.039872001856565475,
                0.043807998299598694,
                0.04835199937224388,
                0.038176000118255615
              ]
            },
            "pair_attempt_id": 83,
            "pair_retry_ordinal": 0,
            "position": 0,
            "readiness_probe_exact": true,
            "ready_region": {
              "local_ms": 0.1907840073108673,
              "rank_max_ms": 0.19417600333690643,
              "rank_ms": [
                0.1907840073108673,
                0.182559996843338,
                0.19417600333690643,
                0.19014400243759155
              ]
            },
            "sample_index": 80,
            "scheduled_start_arrival_ns_by_rank": [
              744728733854849,
              744728733831528,
              744728733707931,
              744728733405430
            ],
            "scheduled_start_target_ns_by_rank": [
              744728738854849,
              744728738854849,
              744728738854849,
              744728738854849
            ],
            "start_record_bracket_ns_by_rank": [
              [
                744728738856016,
                744728738899545
              ],
              [
                744728738855509,
                744728738895986
              ],
              [
                744728738855647,
                744728738892304
              ],
              [
                744728738855873,
                744728738900568
              ]
            ],
            "start_record_envelope_span_ns": 45059,
            "variant": 0
          }
        },
        "variant": 0
      },
      {
        "accepted": true,
        "attempt_id": 84,
        "logical_pair_index": 81,
        "order": [
          "reference"
        ],
        "rejection_reasons": [],
        "retry_ordinal": 0,
        "samples": {
          "reference": {
            "collective_only": {
              "local_ms": 0.03961599990725517,
              "rank_max_ms": 0.0549440011382103,
              "rank_ms": [
                0.03961599990725517,
                0.04307200014591217,
                0.0549440011382103,
                0.040863998234272
              ]
            },
            "pair_attempt_id": 84,
            "pair_retry_ordinal": 0,
            "position": 0,
            "readiness_probe_exact": true,
            "ready_region": {
              "local_ms": 0.17961600422859192,
              "rank_max_ms": 0.1804479956626892,
              "rank_ms": [
                0.17961600422859192,
                0.1780479997396469,
                0.16979199647903442,
                0.1804479956626892
              ]
            },
            "sample_index": 81,
            "scheduled_start_arrival_ns_by_rank": [
              744728743663330,
              744728743371277,
              744728743156279,
              744728743504632
            ],
            "scheduled_start_target_ns_by_rank": [
              744728748663330,
              744728748663330,
              744728748663330,
              744728748663330
            ],
            "start_record_bracket_ns_by_rank": [
              [
                744728748664352,
                744728748711167
              ],
              [
                744728748664671,
                744728748710600
              ],
              [
                744728748664583,
                744728748700288
              ],
              [
                744728748664617,
                744728748712189
              ]
            ],
            "start_record_envelope_span_ns": 47837,
            "variant": 1
          }
        },
        "variant": 1
      },
      {
        "accepted": true,
        "attempt_id": 85,
        "logical_pair_index": 82,
        "order": [
          "reference"
        ],
        "rejection_reasons": [],
        "retry_ordinal": 0,
        "samples": {
          "reference": {
            "collective_only": {
              "local_ms": 0.037248000502586365,
              "rank_max_ms": 0.04822399839758873,
              "rank_ms": [
                0.037248000502586365,
                0.03929600119590759,
                0.04822399839758873,
                0.034015998244285583
              ]
            },
            "pair_attempt_id": 85,
            "pair_retry_ordinal": 0,
            "position": 0,
            "readiness_probe_exact": true,
            "ready_region": {
              "local_ms": 0.15440000593662262,
              "rank_max_ms": 0.15839999914169312,
              "rank_ms": [
                0.15440000593662262,
                0.14854399859905243,
                0.1454080045223236,
                0.15839999914169312
              ]
            },
            "sample_index": 82,
            "scheduled_start_arrival_ns_by_rank": [
              744728754530579,
              744728754584629,
              744728754527428,
              744728754538089
            ],
            "scheduled_start_target_ns_by_rank": [
              744728759584629,
              744728759584629,
              744728759584629,
              744728759584629
            ],
            "start_record_bracket_ns_by_rank": [
              [
                744728759585487,
                744728759624399
              ],
              [
                744728759585783,
                744728759623743
              ],
              [
                744728759585506,
                744728759615703
              ],
              [
                744728759585689,
                744728759626203
              ]
            ],
            "start_record_envelope_span_ns": 40716,
            "variant": 0
          }
        },
        "variant": 0
      },
      {
        "accepted": true,
        "attempt_id": 86,
        "logical_pair_index": 83,
        "order": [
          "reference"
        ],
        "rejection_reasons": [],
        "retry_ordinal": 0,
        "samples": {
          "reference": {
            "collective_only": {
              "local_ms": 0.04825599864125252,
              "rank_max_ms": 0.060447998344898224,
              "rank_ms": [
                0.04825599864125252,
                0.04931199923157692,
                0.060447998344898224,
                0.04585599899291992
              ]
            },
            "pair_attempt_id": 86,
            "pair_retry_ordinal": 0,
            "position": 0,
            "readiness_probe_exact": true,
            "ready_region": {
              "local_ms": 0.23164799809455872,
              "rank_max_ms": 0.23164799809455872,
              "rank_ms": [
                0.23164799809455872,
                0.21932800114154816,
                0.22659200429916382,
                0.23148800432682037
              ]
            },
            "sample_index": 83,
            "scheduled_start_arrival_ns_by_rank": [
              744728764969505,
              744728764947972,
              744728764606379,
              744728764866823
            ],
            "scheduled_start_target_ns_by_rank": [
              744728769969505,
              744728769969505,
              744728769969505,
              744728769969505
            ],
            "start_record_bracket_ns_by_rank": [
              [
                744728769970731,
                744728770035673
              ],
              [
                744728769970448,
                744728770035002
              ],
              [
                744728769970461,
                744728770024670
              ],
              [
                744728769970460,
                744728770037894
              ]
            ],
            "start_record_envelope_span_ns": 67446,
            "variant": 1
          }
        },
        "variant": 1
      },
      {
        "accepted": true,
        "attempt_id": 87,
        "logical_pair_index": 84,
        "order": [
          "reference"
        ],
        "rejection_reasons": [],
        "retry_ordinal": 0,
        "samples": {
          "reference": {
            "collective_only": {
              "local_ms": 0.05951999872922897,
              "rank_max_ms": 0.06665600091218948,
              "rank_ms": [
                0.05951999872922897,
                0.056223999708890915,
                0.06665600091218948,
                0.05632000043988228
              ]
            },
            "pair_attempt_id": 87,
            "pair_retry_ordinal": 0,
            "position": 0,
            "readiness_probe_exact": true,
            "ready_region": {
              "local_ms": 0.18943999707698822,
              "rank_max_ms": 0.19484800100326538,
              "rank_ms": [
                0.18943999707698822,
                0.1759359985589981,
                0.18323199450969696,
                0.19484800100326538
              ]
            },
            "sample_index": 84,
            "scheduled_start_arrival_ns_by_rank": [
              744728776140533,
              744728775923005,
              744728775761390,
              744728776038109
            ],
            "scheduled_start_target_ns_by_rank": [
              744728781140533,
              744728781140533,
              744728781140533,
              744728781140533
            ],
            "start_record_bracket_ns_by_rank": [
              [
                744728781141661,
                744728781185491
              ],
              [
                744728781141568,
                744728781199376
              ],
              [
                744728781141420,
                744728781177766
              ],
              [
                744728781141537,
                744728781185790
              ]
            ],
            "start_record_envelope_span_ns": 57956,
            "variant": 0
          }
        },
        "variant": 0
      },
      {
        "accepted": true,
        "attempt_id": 88,
        "logical_pair_index": 85,
        "order": [
          "reference"
        ],
        "rejection_reasons": [],
        "retry_ordinal": 0,
        "samples": {
          "reference": {
            "collective_only": {
              "local_ms": 0.2710080146789551,
              "rank_max_ms": 0.27830401062965393,
              "rank_ms": [
                0.2710080146789551,
                0.06947200000286102,
                0.27830401062965393,
                0.26950401067733765
              ]
            },
            "pair_attempt_id": 88,
            "pair_retry_ordinal": 0,
            "position": 0,
            "readiness_probe_exact": true,
            "ready_region": {
              "local_ms": 0.2810879945755005,
              "rank_max_ms": 0.2882879972457886,
              "rank_ms": [
                0.2810879945755005,
                0.2401919960975647,
                0.2882879972457886,
                0.2794879972934723
              ]
            },
            "sample_index": 85,
            "scheduled_start_arrival_ns_by_rank": [
              744728786735530,
              744728786573899,
              744728786530047,
              744728786566466
            ],
            "scheduled_start_target_ns_by_rank": [
              744728791735530,
              744728791735530,
              744728791735530,
              744728791735530
            ],
            "start_record_bracket_ns_by_rank": [
              [
                744728791736341,
                744728791782591
              ],
              [
                744728791935747,
                744728791982937
              ],
              [
                744728791736362,
                744728791774194
              ],
              [
                744728791736467,
                744728791783556
              ]
            ],
            "start_record_envelope_span_ns": 246596,
            "variant": 1
          }
        },
        "variant": 1
      },
      {
        "accepted": true,
        "attempt_id": 89,
        "logical_pair_index": 86,
        "order": [
          "reference"
        ],
        "rejection_reasons": [],
        "retry_ordinal": 0,
        "samples": {
          "reference": {
            "collective_only": {
              "local_ms": 0.1969279944896698,
              "rank_max_ms": 0.20732800662517548,
              "rank_ms": [
                0.1969279944896698,
                0.03743999823927879,
                0.20732800662517548,
                0.20112000405788422
              ]
            },
            "pair_attempt_id": 89,
            "pair_retry_ordinal": 0,
            "position": 0,
            "readiness_probe_exact": true,
            "ready_region": {
              "local_ms": 0.20611199736595154,
              "rank_max_ms": 0.2176000028848648,
              "rank_ms": [
                0.20611199736595154,
                0.1998720020055771,
                0.2176000028848648,
                0.21107199788093567
              ]
            },
            "sample_index": 86,
            "scheduled_start_arrival_ns_by_rank": [
              744728797444484,
              744728797641649,
              744728797512276,
              744728797590733
            ],
            "scheduled_start_target_ns_by_rank": [
              744728802641649,
              744728802641649,
              744728802641649,
              744728802641649
            ],
            "start_record_bracket_ns_by_rank": [
              [
                744728802642427,
                744728802689350
              ],
              [
                744728802810601,
                744728802852214
              ],
              [
                744728802642609,
                744728802685412
              ],
              [
                744728802642732,
                744728802689953
              ]
            ],
            "start_record_envelope_span_ns": 209787,
            "variant": 0
          }
        },
        "variant": 0
      },
      {
        "accepted": true,
        "attempt_id": 90,
        "logical_pair_index": 87,
        "order": [
          "reference"
        ],
        "rejection_reasons": [],
        "retry_ordinal": 0,
        "samples": {
          "reference": {
            "collective_only": {
              "local_ms": 0.06137600168585777,
              "rank_max_ms": 0.07199999690055847,
              "rank_ms": [
                0.06137600168585777,
                0.06569600105285645,
                0.07199999690055847,
                0.06326399743556976
              ]
            },
            "pair_attempt_id": 90,
            "pair_retry_ordinal": 0,
            "position": 0,
            "readiness_probe_exact": true,
            "ready_region": {
              "local_ms": 0.20070399343967438,
              "rank_max_ms": 0.20367999374866486,
              "rank_ms": [
                0.20070399343967438,
                0.20367999374866486,
                0.18486399948596954,
                0.20262399315834045
              ]
            },
            "sample_index": 87,
            "scheduled_start_arrival_ns_by_rank": [
              744728808911963,
              744728808450214,
              744728808355492,
              744728809116409
            ],
            "scheduled_start_target_ns_by_rank": [
              744728814116409,
              744728814116409,
              744728814116409,
              744728814116409
            ],
            "start_record_bracket_ns_by_rank": [
              [
                744728814117453,
                744728814165498
              ],
              [
                744728814117519,
                744728814163844
              ],
              [
                744728814117521,
                744728814156498
              ],
              [
                744728814117649,
                744728814164655
              ]
            ],
            "start_record_envelope_span_ns": 48045,
            "variant": 1
          }
        },
        "variant": 1
      },
      {
        "accepted": true,
        "attempt_id": 91,
        "logical_pair_index": 88,
        "order": [
          "reference"
        ],
        "rejection_reasons": [],
        "retry_ordinal": 0,
        "samples": {
          "reference": {
            "collective_only": {
              "local_ms": 0.048895999789237976,
              "rank_max_ms": 0.059039998799562454,
              "rank_ms": [
                0.048895999789237976,
                0.04979199916124344,
                0.059039998799562454,
                0.04323200136423111
              ]
            },
            "pair_attempt_id": 91,
            "pair_retry_ordinal": 0,
            "position": 0,
            "readiness_probe_exact": true,
            "ready_region": {
              "local_ms": 0.1931840032339096,
              "rank_max_ms": 0.20006400346755981,
              "rank_ms": [
                0.1931840032339096,
                0.19273599982261658,
                0.1881600022315979,
                0.20006400346755981
              ]
            },
            "sample_index": 88,
            "scheduled_start_arrival_ns_by_rank": [
              744728819692171,
              744728819501429,
              744728818987603,
              744728819182408
            ],
            "scheduled_start_target_ns_by_rank": [
              744728824692171,
              744728824692171,
              744728824692171,
              744728824692171
            ],
            "start_record_bracket_ns_by_rank": [
              [
                744728824693193,
                744728824744896
              ],
              [
                744728824693366,
                744728824744412
              ],
              [
                744728824693139,
                744728824734226
              ],
              [
                744728824693671,
                744728824747360
              ]
            ],
            "start_record_envelope_span_ns": 54221,
            "variant": 0
          }
        },
        "variant": 0
      },
      {
        "accepted": true,
        "attempt_id": 92,
        "logical_pair_index": 89,
        "order": [
          "reference"
        ],
        "rejection_reasons": [],
        "retry_ordinal": 0,
        "samples": {
          "reference": {
            "collective_only": {
              "local_ms": 0.07916799932718277,
              "rank_max_ms": 0.07916799932718277,
              "rank_ms": [
                0.07916799932718277,
                0.0660799965262413,
                0.07593599706888199,
                0.056223999708890915
              ]
            },
            "pair_attempt_id": 92,
            "pair_retry_ordinal": 0,
            "position": 0,
            "readiness_probe_exact": true,
            "ready_region": {
              "local_ms": 0.16620799899101257,
              "rank_max_ms": 0.21731199324131012,
              "rank_ms": [
                0.16620799899101257,
                0.20095999538898468,
                0.19120000302791595,
                0.21731199324131012
              ]
            },
            "sample_index": 89,
            "scheduled_start_arrival_ns_by_rank": [
              744728829952269,
              744728829797114,
              744728830078685,
              744728830133121
            ],
            "scheduled_start_target_ns_by_rank": [
              744728835133121,
              744728835133121,
              744728835133121,
              744728835133121
            ],
            "start_record_bracket_ns_by_rank": [
              [
                744728835133570,
                744728835167437
              ],
              [
                744728835134407,
                744728835182949
              ],
              [
                744728835134153,
                744728835172412
              ],
              [
                744728835134427,
                744728835202100
              ]
            ],
            "start_record_envelope_span_ns": 68530,
            "variant": 1
          }
        },
        "variant": 1
      },
      {
        "accepted": true,
        "attempt_id": 93,
        "logical_pair_index": 90,
        "order": [
          "reference"
        ],
        "rejection_reasons": [],
        "retry_ordinal": 0,
        "samples": {
          "reference": {
            "collective_only": {
              "local_ms": 0.046112000942230225,
              "rank_max_ms": 0.05430399999022484,
              "rank_ms": [
                0.046112000942230225,
                0.04521600157022476,
                0.05430399999022484,
                0.04585599899291992
              ]
            },
            "pair_attempt_id": 93,
            "pair_retry_ordinal": 0,
            "position": 0,
            "readiness_probe_exact": true,
            "ready_region": {
              "local_ms": 0.1961279958486557,
              "rank_max_ms": 0.19782400131225586,
              "rank_ms": [
                0.1961279958486557,
                0.19673599302768707,
                0.19247999787330627,
                0.19782400131225586
              ]
            },
            "sample_index": 90,
            "scheduled_start_arrival_ns_by_rank": [
              744728840783215,
              744728841159308,
              744728840990590,
              744728841568032
            ],
            "scheduled_start_target_ns_by_rank": [
              744728846568032,
              744728846568032,
              744728846568032,
              744728846568032
            ],
            "start_record_bracket_ns_by_rank": [
              [
                744728846568924,
                744728846620344
              ],
              [
                744728846569227,
                744728846621550
              ],
              [
                744728846569242,
                744728846611802
              ],
              [
                744728846569142,
                744728846621109
              ]
            ],
            "start_record_envelope_span_ns": 52626,
            "variant": 0
          }
        },
        "variant": 0
      },
      {
        "accepted": true,
        "attempt_id": 94,
        "logical_pair_index": 91,
        "order": [
          "reference"
        ],
        "rejection_reasons": [],
        "retry_ordinal": 0,
        "samples": {
          "reference": {
            "collective_only": {
              "local_ms": 0.038176000118255615,
              "rank_max_ms": 0.09254399687051773,
              "rank_ms": [
                0.038176000118255615,
                0.08457600325345993,
                0.09254399687051773,
                0.08403199911117554
              ]
            },
            "pair_attempt_id": 94,
            "pair_retry_ordinal": 0,
            "position": 0,
            "readiness_probe_exact": true,
            "ready_region": {
              "local_ms": 0.16515199840068817,
              "rank_max_ms": 0.16515199840068817,
              "rank_ms": [
                0.16515199840068817,
                0.15663999319076538,
                0.1616639941930771,
                0.16249600052833557
              ]
            },
            "sample_index": 91,
            "scheduled_start_arrival_ns_by_rank": [
              744728853606641,
              744728853597401,
              744728852975637,
              744728853334414
            ],
            "scheduled_start_target_ns_by_rank": [
              744728858606641,
              744728858606641,
              744728858606641,
              744728858606641
            ],
            "start_record_bracket_ns_by_rank": [
              [
                744728858650901,
                744728858694739
              ],
              [
                744728858607429,
                744728858650244
              ],
              [
                744728858607447,
                744728858642284
              ],
              [
                744728858607545,
                744728858649815
              ]
            ],
            "start_record_envelope_span_ns": 87310,
            "variant": 1
          }
        },
        "variant": 1
      },
      {
        "accepted": true,
        "attempt_id": 95,
        "logical_pair_index": 92,
        "order": [
          "reference"
        ],
        "rejection_reasons": [],
        "retry_ordinal": 0,
        "samples": {
          "reference": {
            "collective_only": {
              "local_ms": 0.041120000183582306,
              "rank_max_ms": 0.049215998500585556,
              "rank_ms": [
                0.041120000183582306,
                0.043935999274253845,
                0.049215998500585556,
                0.04243199899792671
              ]
            },
            "pair_attempt_id": 95,
            "pair_retry_ordinal": 0,
            "position": 0,
            "readiness_probe_exact": true,
            "ready_region": {
              "local_ms": 0.2192319929599762,
              "rank_max_ms": 0.2192319929599762,
              "rank_ms": [
                0.2192319929599762,
                0.21673600375652313,
                0.21001599729061127,
                0.21721599996089935
              ]
            },
            "sample_index": 92,
            "scheduled_start_arrival_ns_by_rank": [
              744728862770676,
              744728862865085,
              744728862626562,
              744728862724888
            ],
            "scheduled_start_target_ns_by_rank": [
              744728867865085,
              744728867865085,
              744728867865085,
              744728867865085
            ],
            "start_record_bracket_ns_by_rank": [
              [
                744728867865933,
                744728867913421
              ],
              [
                744728867866071,
                744728867911191
              ],
              [
                744728867865890,
                744728867904885
              ],
              [
                744728867865970,
                744728867913126
              ]
            ],
            "start_record_envelope_span_ns": 47531,
            "variant": 0
          }
        },
        "variant": 0
      },
      {
        "accepted": true,
        "attempt_id": 96,
        "logical_pair_index": 93,
        "order": [
          "reference"
        ],
        "rejection_reasons": [],
        "retry_ordinal": 0,
        "samples": {
          "reference": {
            "collective_only": {
              "local_ms": 0.04057599976658821,
              "rank_max_ms": 0.0504320003092289,
              "rank_ms": [
                0.04057599976658821,
                0.04073600098490715,
                0.0504320003092289,
                0.04249599948525429
              ]
            },
            "pair_attempt_id": 96,
            "pair_retry_ordinal": 0,
            "position": 0,
            "readiness_probe_exact": true,
            "ready_region": {
              "local_ms": 0.16659200191497803,
              "rank_max_ms": 0.18985599279403687,
              "rank_ms": [
                0.16659200191497803,
                0.18985599279403687,
                0.16419200599193573,
                0.17043200135231018
              ]
            },
            "sample_index": 93,
            "scheduled_start_arrival_ns_by_rank": [
              744728873704423,
              744728873502793,
              744728873213958,
              744728873671047
            ],
            "scheduled_start_target_ns_by_rank": [
              744728878704423,
              744728878704423,
              744728878704423,
              744728878704423
            ],
            "start_record_bracket_ns_by_rank": [
              [
                744728878705781,
                744728878750522
              ],
              [
                744728878705501,
                744728878750366
              ],
              [
                744728878705405,
                744728878741431
              ],
              [
                744728878705667,
                744728878750029
              ]
            ],
            "start_record_envelope_span_ns": 45117,
            "variant": 1
          }
        },
        "variant": 1
      },
      {
        "accepted": true,
        "attempt_id": 97,
        "logical_pair_index": 94,
        "order": [
          "reference"
        ],
        "rejection_reasons": [],
        "retry_ordinal": 0,
        "samples": {
          "reference": {
            "collective_only": {
              "local_ms": 0.03494400158524513,
              "rank_max_ms": 0.04745600000023842,
              "rank_ms": [
                0.03494400158524513,
                0.043168000876903534,
                0.04745600000023842,
                0.04198399931192398
              ]
            },
            "pair_attempt_id": 97,
            "pair_retry_ordinal": 0,
            "position": 0,
            "readiness_probe_exact": true,
            "ready_region": {
              "local_ms": 0.15753600001335144,
              "rank_max_ms": 0.15753600001335144,
              "rank_ms": [
                0.15753600001335144,
                0.13369600474834442,
                0.15036800503730774,
                0.14947199821472168
              ]
            },
            "sample_index": 94,
            "scheduled_start_arrival_ns_by_rank": [
              744728884361821,
              744728884093573,
              744728884309599,
              744728884305504
            ],
            "scheduled_start_target_ns_by_rank": [
              744728889361821,
              744728889361821,
              744728889361821,
              744728889361821
            ],
            "start_record_bracket_ns_by_rank": [
              [
                744728889362829,
                744728889403081
              ],
              [
                744728889362621,
                744728889396303
              ],
              [
                744728889362648,
                744728889393443
              ],
              [
                744728889362480,
                744728889399116
              ]
            ],
            "start_record_envelope_span_ns": 40601,
            "variant": 0
          }
        },
        "variant": 0
      },
      {
        "accepted": true,
        "attempt_id": 98,
        "logical_pair_index": 95,
        "order": [
          "reference"
        ],
        "rejection_reasons": [],
        "retry_ordinal": 0,
        "samples": {
          "reference": {
            "collective_only": {
              "local_ms": 0.043327998369932175,
              "rank_max_ms": 0.05516799911856651,
              "rank_ms": [
                0.043327998369932175,
                0.04214400053024292,
                0.05516799911856651,
                0.041471999138593674
              ]
            },
            "pair_attempt_id": 98,
            "pair_retry_ordinal": 0,
            "position": 0,
            "readiness_probe_exact": true,
            "ready_region": {
              "local_ms": 0.1738239973783493,
              "rank_max_ms": 0.18643200397491455,
              "rank_ms": [
                0.1738239973783493,
                0.18643200397491455,
                0.1733119934797287,
                0.18275199830532074
              ]
            },
            "sample_index": 95,
            "scheduled_start_arrival_ns_by_rank": [
              744728894487500,
              744728894068707,
              744728894494015,
              744728894447524
            ],
            "scheduled_start_target_ns_by_rank": [
              744728899494015,
              744728899494015,
              744728899494015,
              744728899494015
            ],
            "start_record_bracket_ns_by_rank": [
              [
                744728899495125,
                744728899542542
              ],
              [
                744728899495203,
                744728899543505
              ],
              [
                744728899495162,
                744728899530703
              ],
              [
                744728899495233,
                744728899544125
              ]
            ],
            "start_record_envelope_span_ns": 49000,
            "variant": 1
          }
        },
        "variant": 1
      },
      {
        "accepted": true,
        "attempt_id": 99,
        "logical_pair_index": 96,
        "order": [
          "reference"
        ],
        "rejection_reasons": [],
        "retry_ordinal": 0,
        "samples": {
          "reference": {
            "collective_only": {
              "local_ms": 0.038176000118255615,
              "rank_max_ms": 0.04966399818658829,
              "rank_ms": [
                0.038176000118255615,
                0.04473600164055824,
                0.04966399818658829,
                0.03999999910593033
              ]
            },
            "pair_attempt_id": 99,
            "pair_retry_ordinal": 0,
            "position": 0,
            "readiness_probe_exact": true,
            "ready_region": {
              "local_ms": 0.1594880074262619,
              "rank_max_ms": 0.1594880074262619,
              "rank_ms": [
                0.1594880074262619,
                0.14777599275112152,
                0.14883199334144592,
                0.15564799308776855
              ]
            },
            "sample_index": 96,
            "scheduled_start_arrival_ns_by_rank": [
              744728905510037,
              744728905515192,
              744728905217488,
              744728905254532
            ],
            "scheduled_start_target_ns_by_rank": [
              744728910515192,
              744728910515192,
              744728910515192,
              744728910515192
            ],
            "start_record_bracket_ns_by_rank": [
              [
                744728910516069,
                744728910558429
              ],
              [
                744728910516327,
                744728910552497
              ],
              [
                744728910516082,
                744728910546831
              ],
              [
                744728910516378,
                744728910557826
              ]
            ],
            "start_record_envelope_span_ns": 42360,
            "variant": 0
          }
        },
        "variant": 0
      },
      {
        "accepted": true,
        "attempt_id": 100,
        "logical_pair_index": 97,
        "order": [
          "reference"
        ],
        "rejection_reasons": [],
        "retry_ordinal": 0,
        "samples": {
          "reference": {
            "collective_only": {
              "local_ms": 0.04089599847793579,
              "rank_max_ms": 0.05276799947023392,
              "rank_ms": [
                0.04089599847793579,
                0.040383998304605484,
                0.05276799947023392,
                0.04182400181889534
              ]
            },
            "pair_attempt_id": 100,
            "pair_retry_ordinal": 0,
            "position": 0,
            "readiness_probe_exact": true,
            "ready_region": {
              "local_ms": 0.16687999665737152,
              "rank_max_ms": 0.17321600019931793,
              "rank_ms": [
                0.16687999665737152,
                0.17321600019931793,
                0.15680000185966492,
                0.16924799978733063
              ]
            },
            "sample_index": 97,
            "scheduled_start_arrival_ns_by_rank": [
              744728915263253,
              744728914925883,
              744728914759554,
              744728914846127
            ],
            "scheduled_start_target_ns_by_rank": [
              744728920263253,
              744728920263253,
              744728920263253,
              744728920263253
            ],
            "start_record_bracket_ns_by_rank": [
              [
                744728920264268,
                744728920308773
              ],
              [
                744728920264761,
                744728920309871
              ],
              [
                744728920264166,
                744728920297366
              ],
              [
                744728920264270,
                744728920309336
              ]
            ],
            "start_record_envelope_span_ns": 45705,
            "variant": 1
          }
        },
        "variant": 1
      },
      {
        "accepted": true,
        "attempt_id": 101,
        "logical_pair_index": 98,
        "order": [
          "reference"
        ],
        "rejection_reasons": [],
        "retry_ordinal": 0,
        "samples": {
          "reference": {
            "collective_only": {
              "local_ms": 0.04403200000524521,
              "rank_max_ms": 0.05331199988722801,
              "rank_ms": [
                0.04403200000524521,
                0.050655998289585114,
                0.05331199988722801,
                0.04896000027656555
              ]
            },
            "pair_attempt_id": 101,
            "pair_retry_ordinal": 0,
            "position": 0,
            "readiness_probe_exact": true,
            "ready_region": {
              "local_ms": 0.19868800044059753,
              "rank_max_ms": 0.19868800044059753,
              "rank_ms": [
                0.19868800044059753,
                0.18768000602722168,
                0.19814400374889374,
                0.18931199610233307
              ]
            },
            "sample_index": 98,
            "scheduled_start_arrival_ns_by_rank": [
              744728927235528,
              744728927089670,
              744728926925585,
              744728926891701
            ],
            "scheduled_start_target_ns_by_rank": [
              744728932235528,
              744728932235528,
              744728932235528,
              744728932235528
            ],
            "start_record_bracket_ns_by_rank": [
              [
                744728932236918,
                744728932288988
              ],
              [
                744728932236889,
                744728932284484
              ],
              [
                744728932236622,
                744728932281148
              ],
              [
                744728932236618,
                744728932286361
              ]
            ],
            "start_record_envelope_span_ns": 52370,
            "variant": 0
          }
        },
        "variant": 0
      },
      {
        "accepted": true,
        "attempt_id": 102,
        "logical_pair_index": 99,
        "order": [
          "reference"
        ],
        "rejection_reasons": [],
        "retry_ordinal": 0,
        "samples": {
          "reference": {
            "collective_only": {
              "local_ms": 0.07174400240182877,
              "rank_max_ms": 0.3684160113334656,
              "rank_ms": [
                0.07174400240182877,
                0.3684160113334656,
                0.18185600638389587,
                0.07142399996519089
              ]
            },
            "pair_attempt_id": 102,
            "pair_retry_ordinal": 0,
            "position": 0,
            "readiness_probe_exact": true,
            "ready_region": {
              "local_ms": 0.21635200083255768,
              "rank_max_ms": 0.37859201431274414,
              "rank_ms": [
                0.21635200083255768,
                0.37859201431274414,
                0.20825600624084473,
                0.1960960030555725
              ]
            },
            "sample_index": 99,
            "scheduled_start_arrival_ns_by_rank": [
              744728938551649,
              744728938165046,
              744728936929138,
              744728938099881
            ],
            "scheduled_start_target_ns_by_rank": [
              744728943551649,
              744728943551649,
              744728943551649,
              744728943551649
            ],
            "start_record_bracket_ns_by_rank": [
              [
                744728943922788,
                744728943970969
              ],
              [
                744728943627905,
                744728943673630
              ],
              [
                744728943821259,
                744728943860058
              ],
              [
                744728943926949,
                744728943969122
              ]
            ],
            "start_record_envelope_span_ns": 343064,
            "variant": 1
          }
        },
        "variant": 1
      }
    ],
    "rank_order": [
      0,
      1,
      2,
      3
    ],
    "reference": [
      {
        "collective_only": {
          "local_ms": 0.04185599833726883,
          "rank_max_ms": 0.05167999863624573,
          "rank_ms": [
            0.04185599833726883,
            0.04451199993491173,
            0.05167999863624573,
            0.04153599962592125
          ]
        },
        "pair_attempt_id": 0,
        "pair_retry_ordinal": 0,
        "position": 0,
        "readiness_probe_exact": true,
        "ready_region": {
          "local_ms": 0.1807679980993271,
          "rank_max_ms": 0.18358400464057922,
          "rank_ms": [
            0.1807679980993271,
            0.1661120057106018,
            0.18195199966430664,
            0.18358400464057922
          ]
        },
        "sample_index": 0,
        "scheduled_start_arrival_ns_by_rank": [
          744727832639309,
          744727832647052,
          744727832552308,
          744727832641283
        ],
        "scheduled_start_target_ns_by_rank": [
          744727837647052,
          744727837647052,
          744727837647052,
          744727837647052
        ],
        "start_record_bracket_ns_by_rank": [
          [
            744727837648185,
            744727837695768
          ],
          [
            744727837647991,
            744727837691865
          ],
          [
            744727837648249,
            744727837687164
          ],
          [
            744727837648052,
            744727837695632
          ]
        ],
        "start_record_envelope_span_ns": 47777,
        "variant": 1
      },
      {
        "collective_only": {
          "local_ms": 0.043007999658584595,
          "rank_max_ms": 0.21321600675582886,
          "rank_ms": [
            0.043007999658584595,
            0.16118399798870087,
            0.21321600675582886,
            0.20019200444221497
          ]
        },
        "pair_attempt_id": 1,
        "pair_retry_ordinal": 0,
        "position": 0,
        "readiness_probe_exact": true,
        "ready_region": {
          "local_ms": 0.2361920028924942,
          "rank_max_ms": 0.24569599330425262,
          "rank_ms": [
            0.2361920028924942,
            0.2274560034275055,
            0.2295359969139099,
            0.24569599330425262
          ]
        },
        "sample_index": 1,
        "scheduled_start_arrival_ns_by_rank": [
          744727845484332,
          744727845845864,
          744727845522461,
          744727845482730
        ],
        "scheduled_start_target_ns_by_rank": [
          744727850845864,
          744727850845864,
          744727850845864,
          744727850845864
        ],
        "start_record_bracket_ns_by_rank": [
          [
            744727850967904,
            744727851054923
          ],
          [
            744727850889168,
            744727850937912
          ],
          [
            744727850846720,
            744727850888100
          ],
          [
            744727850846963,
            744727850898392
          ]
        ],
        "start_record_envelope_span_ns": 208203,
        "variant": 0
      },
      {
        "collective_only": {
          "local_ms": 0.07884799689054489,
          "rank_max_ms": 0.40377599000930786,
          "rank_ms": [
            0.07884799689054489,
            0.03574400022625923,
            0.2321919947862625,
            0.40377599000930786
          ]
        },
        "pair_attempt_id": 3,
        "pair_retry_ordinal": 1,
        "position": 0,
        "readiness_probe_exact": true,
        "ready_region": {
          "local_ms": 0.18163199722766876,
          "rank_max_ms": 0.41286399960517883,
          "rank_ms": [
            0.18163199722766876,
            0.18000000715255737,
            0.24236799776554108,
            0.41286399960517883
          ]
        },
        "sample_index": 2,
        "scheduled_start_arrival_ns_by_rank": [
          744727871647763,
          744727871739217,
          744727871680326,
          744727871681216
        ],
        "scheduled_start_target_ns_by_rank": [
          744727876739217,
          744727876739217,
          744727876739217,
          744727876739217
        ],
        "start_record_bracket_ns_by_rank": [
          [
            744727877063995,
            744727877104350
          ],
          [
            744727877108128,
            744727877147555
          ],
          [
            744727876918046,
            744727876951502
          ],
          [
            744727876740102,
            744727876779214
          ]
        ],
        "start_record_envelope_span_ns": 407453,
        "variant": 0
      },
      {
        "collective_only": {
          "local_ms": 0.04108799993991852,
          "rank_max_ms": 0.05087999999523163,
          "rank_ms": [
            0.04108799993991852,
            0.042527999728918076,
            0.05087999999523163,
            0.036959998309612274
          ]
        },
        "pair_attempt_id": 4,
        "pair_retry_ordinal": 0,
        "position": 0,
        "readiness_probe_exact": true,
        "ready_region": {
          "local_ms": 0.16105599701404572,
          "rank_max_ms": 0.17056000232696533,
          "rank_ms": [
            0.16105599701404572,
            0.15865600109100342,
            0.1608320027589798,
            0.17056000232696533
          ]
        },
        "sample_index": 3,
        "scheduled_start_arrival_ns_by_rank": [
          744727882414205,
          744727882538184,
          744727882069945,
          744727882322814
        ],
        "scheduled_start_target_ns_by_rank": [
          744727887538184,
          744727887538184,
          744727887538184,
          744727887538184
        ],
        "start_record_bracket_ns_by_rank": [
          [
            744727887539145,
            744727887581297
          ],
          [
            744727887539336,
            744727887579543
          ],
          [
            744727887539160,
            744727887571653
          ],
          [
            744727887539490,
            744727887583288
          ]
        ],
        "start_record_envelope_span_ns": 44143,
        "variant": 1
      },
      {
        "collective_only": {
          "local_ms": 0.044064000248909,
          "rank_max_ms": 0.055135998874902725,
          "rank_ms": [
            0.044064000248909,
            0.05084799975156784,
            0.055135998874902725,
            0.04665600135922432
          ]
        },
        "pair_attempt_id": 5,
        "pair_retry_ordinal": 0,
        "position": 0,
        "readiness_probe_exact": true,
        "ready_region": {
          "local_ms": 0.18547199666500092,
          "rank_max_ms": 0.18729600310325623,
          "rank_ms": [
            0.18547199666500092,
            0.17321600019931793,
            0.17683200538158417,
            0.18729600310325623
          ]
        },
        "sample_index": 4,
        "scheduled_start_arrival_ns_by_rank": [
          744727893382430,
          744727893488967,
          744727893433478,
          744727893431534
        ],
        "scheduled_start_target_ns_by_rank": [
          744727898488967,
          744727898488967,
          744727898488967,
          744727898488967
        ],
        "start_record_bracket_ns_by_rank": [
          [
            744727898490246,
            744727898543429
          ],
          [
            744727898490282,
            744727898538435
          ],
          [
            744727898490229,
            744727898534014
          ],
          [
            744727898490285,
            744727898543269
          ]
        ],
        "start_record_envelope_span_ns": 53200,
        "variant": 0
      },
      {
        "collective_only": {
          "local_ms": 0.03811199963092804,
          "rank_max_ms": 0.04560000076889992,
          "rank_ms": [
            0.03811199963092804,
            0.040863998234272,
            0.04560000076889992,
            0.03388800099492073
          ]
        },
        "pair_attempt_id": 6,
        "pair_retry_ordinal": 0,
        "position": 0,
        "readiness_probe_exact": true,
        "ready_region": {
          "local_ms": 0.1435520052909851,
          "rank_max_ms": 0.1510079950094223,
          "rank_ms": [
            0.1435520052909851,
            0.1388159990310669,
            0.14051200449466705,
            0.1510079950094223
          ]
        },
        "sample_index": 5,
        "scheduled_start_arrival_ns_by_rank": [
          744727903437864,
          744727903430580,
          744727903139047,
          744727903391595
        ],
        "scheduled_start_target_ns_by_rank": [
          744727908437864,
          744727908437864,
          744727908437864,
          744727908437864
        ],
        "start_record_bracket_ns_by_rank": [
          [
            744727908438707,
            744727908474262
          ],
          [
            744727908438804,
            744727908472085
          ],
          [
            744727908438696,
            744727908466896
          ],
          [
            744727908438865,
            744727908476604
          ]
        ],
        "start_record_envelope_span_ns": 37908,
        "variant": 1
      },
      {
        "collective_only": {
          "local_ms": 0.06473600119352341,
          "rank_max_ms": 0.07593599706888199,
          "rank_ms": [
            0.06473600119352341,
            0.06681600213050842,
            0.07593599706888199,
            0.04214400053024292
          ]
        },
        "pair_attempt_id": 7,
        "pair_retry_ordinal": 0,
        "position": 0,
        "readiness_probe_exact": true,
        "ready_region": {
          "local_ms": 0.19411200284957886,
          "rank_max_ms": 0.19411200284957886,
          "rank_ms": [
            0.19411200284957886,
            0.19225600361824036,
            0.18646399676799774,
            0.19164800643920898
          ]
        },
        "sample_index": 6,
        "scheduled_start_arrival_ns_by_rank": [
          744727916361973,
          744727916312744,
          744727915804525,
          744727915681411
        ],
        "scheduled_start_target_ns_by_rank": [
          744727921361973,
          744727921361973,
          744727921361973,
          744727921361973
        ],
        "start_record_bracket_ns_by_rank": [
          [
            744727921363062,
            744727921415004
          ],
          [
            744727921363157,
            744727921412834
          ],
          [
            744727921362939,
            744727921403534
          ],
          [
            744727921383437,
            744727921435971
          ]
        ],
        "start_record_envelope_span_ns": 73032,
        "variant": 0
      },
      {
        "collective_only": {
          "local_ms": 0.052671998739242554,
          "rank_max_ms": 0.06377600133419037,
          "rank_ms": [
            0.052671998739242554,
            0.06377600133419037,
            0.06332799792289734,
            0.04975999891757965
          ]
        },
        "pair_attempt_id": 8,
        "pair_retry_ordinal": 0,
        "position": 0,
        "readiness_probe_exact": true,
        "ready_region": {
          "local_ms": 0.2213120013475418,
          "rank_max_ms": 0.24329599738121033,
          "rank_ms": [
            0.2213120013475418,
            0.24329599738121033,
            0.20268799364566803,
            0.2144639939069748
          ]
        },
        "sample_index": 7,
        "scheduled_start_arrival_ns_by_rank": [
          744727927092390,
          744727927052055,
          744727926668865,
          744727926811342
        ],
        "scheduled_start_target_ns_by_rank": [
          744727932092390,
          744727932092390,
          744727932092390,
          744727932092390
        ],
        "start_record_bracket_ns_by_rank": [
          [
            744727932093596,
            744727932145704
          ],
          [
            744727932093794,
            744727932150532
          ],
          [
            744727932093411,
            744727932134942
          ],
          [
            744727932093865,
            744727932147839
          ]
        ],
        "start_record_envelope_span_ns": 57121,
        "variant": 1
      },
      {
        "collective_only": {
          "local_ms": 0.0350399985909462,
          "rank_max_ms": 0.042047999799251556,
          "rank_ms": [
            0.0350399985909462,
            0.03657599911093712,
            0.042047999799251556,
            0.036288000643253326
          ]
        },
        "pair_attempt_id": 9,
        "pair_retry_ordinal": 0,
        "position": 0,
        "readiness_probe_exact": true,
        "ready_region": {
          "local_ms": 0.1504960060119629,
          "rank_max_ms": 0.1504960060119629,
          "rank_ms": [
            0.1504960060119629,
            0.147039994597435,
            0.14905600249767303,
            0.14815999567508698
          ]
        },
        "sample_index": 8,
        "scheduled_start_arrival_ns_by_rank": [
          744727936326452,
          744727936400345,
          744727936150366,
          744727935969206
        ],
        "scheduled_start_target_ns_by_rank": [
          744727941400345,
          744727941400345,
          744727941400345,
          744727941400345
        ],
        "start_record_bracket_ns_by_rank": [
          [
            744727941401250,
            744727941439296
          ],
          [
            744727941401333,
            744727941438076
          ],
          [
            744727941401304,
            744727941433076
          ],
          [
            744727941401270,
            744727941438908
          ]
        ],
        "start_record_envelope_span_ns": 38046,
        "variant": 0
      },
      {
        "collective_only": {
          "local_ms": 0.03939199820160866,
          "rank_max_ms": 0.05152000114321709,
          "rank_ms": [
            0.03939199820160866,
            0.04934399947524071,
            0.05152000114321709,
            0.044064000248909
          ]
        },
        "pair_attempt_id": 10,
        "pair_retry_ordinal": 0,
        "position": 0,
        "readiness_probe_exact": true,
        "ready_region": {
          "local_ms": 0.2003519982099533,
          "rank_max_ms": 0.2003519982099533,
          "rank_ms": [
            0.2003519982099533,
            0.15695999562740326,
            0.18563200533390045,
            0.19260799884796143
          ]
        },
        "sample_index": 9,
        "scheduled_start_arrival_ns_by_rank": [
          744727946039800,
          744727945826261,
          744727945673476,
          744727945647296
        ],
        "scheduled_start_target_ns_by_rank": [
          744727951039800,
          744727951039800,
          744727951039800,
          744727951039800
        ],
        "start_record_bracket_ns_by_rank": [
          [
            744727951040755,
            744727951087202
          ],
          [
            744727951040625,
            744727951077392
          ],
          [
            744727951040701,
            744727951076370
          ],
          [
            744727951041020,
            744727951084860
          ]
        ],
        "start_record_envelope_span_ns": 46577,
        "variant": 1
      },
      {
        "collective_only": {
          "local_ms": 0.036448001861572266,
          "rank_max_ms": 0.05193600058555603,
          "rank_ms": [
            0.036448001861572266,
            0.05193600058555603,
            0.04137599840760231,
            0.03619199991226196
          ]
        },
        "pair_attempt_id": 11,
        "pair_retry_ordinal": 0,
        "position": 0,
        "readiness_probe_exact": true,
        "ready_region": {
          "local_ms": 0.1462399959564209,
          "rank_max_ms": 0.14924800395965576,
          "rank_ms": [
            0.1462399959564209,
            0.10844799876213074,
            0.14867199957370758,
            0.14924800395965576
          ]
        },
        "sample_index": 10,
        "scheduled_start_arrival_ns_by_rank": [
          744727956609781,
          744727956308094,
          744727956501021,
          744727956367684
        ],
        "scheduled_start_target_ns_by_rank": [
          744727961609781,
          744727961609781,
          744727961609781,
          744727961609781
        ],
        "start_record_bracket_ns_by_rank": [
          [
            744727961610882,
            744727961648600
          ],
          [
            744727961610409,
            744727961631549
          ],
          [
            744727961610675,
            744727961643343
          ],
          [
            744727961610660,
            744727961648593
          ]
        ],
        "start_record_envelope_span_ns": 38191,
        "variant": 0
      },
      {
        "collective_only": {
          "local_ms": 0.03545600175857544,
          "rank_max_ms": 0.04022400081157684,
          "rank_ms": [
            0.03545600175857544,
            0.03596799820661545,
            0.04022400081157684,
            0.034143999218940735
          ]
        },
        "pair_attempt_id": 12,
        "pair_retry_ordinal": 0,
        "position": 0,
        "readiness_probe_exact": true,
        "ready_region": {
          "local_ms": 0.1695999950170517,
          "rank_max_ms": 0.1725119948387146,
          "rank_ms": [
            0.1695999950170517,
            0.1725119948387146,
            0.17081600427627563,
            0.1716800034046173
          ]
        },
        "sample_index": 11,
        "scheduled_start_arrival_ns_by_rank": [
          744727965794393,
          744727965539306,
          744727965883172,
          744727965757564
        ],
        "scheduled_start_target_ns_by_rank": [
          744727970883172,
          744727970883172,
          744727970883172,
          744727970883172
        ],
        "start_record_bracket_ns_by_rank": [
          [
            744727970883898,
            744727970921248
          ],
          [
            744727970884271,
            744727970921374
          ],
          [
            744727970884048,
            744727970917851
          ],
          [
            744727970884071,
            744727970921479
          ]
        ],
        "start_record_envelope_span_ns": 37581,
        "variant": 1
      },
      {
        "collective_only": {
          "local_ms": 0.036639999598264694,
          "rank_max_ms": 0.04950400069355965,
          "rank_ms": [
            0.036639999598264694,
            0.04950400069355965,
            0.04707200080156326,
            0.03638400137424469
          ]
        },
        "pair_attempt_id": 13,
        "pair_retry_ordinal": 0,
        "position": 0,
        "readiness_probe_exact": true,
        "ready_region": {
          "local_ms": 0.14854399859905243,
          "rank_max_ms": 0.158720001578331,
          "rank_ms": [
            0.14854399859905243,
            0.11414399743080139,
            0.158720001578331,
            0.15036800503730774
          ]
        },
        "sample_index": 12,
        "scheduled_start_arrival_ns_by_rank": [
          744727976455984,
          744727976269395,
          744727975948502,
          744727976389247
        ],
        "scheduled_start_target_ns_by_rank": [
          744727981455984,
          744727981455984,
          744727981455984,
          744727981455984
        ],
        "start_record_bracket_ns_by_rank": [
          [
            744727981457115,
            744727981495055
          ],
          [
            744727981456703,
            744727981481646
          ],
          [
            744727981456745,
            744727981485319
          ],
          [
            744727981457093,
            744727981495670
          ]
        ],
        "start_record_envelope_span_ns": 38967,
        "variant": 0
      },
      {
        "collective_only": {
          "local_ms": 0.036288000643253326,
          "rank_max_ms": 0.04972799867391586,
          "rank_ms": [
            0.036288000643253326,
            0.04287999868392944,
            0.04972799867391586,
            0.04070400074124336
          ]
        },
        "pair_attempt_id": 14,
        "pair_retry_ordinal": 0,
        "position": 0,
        "readiness_probe_exact": true,
        "ready_region": {
          "local_ms": 0.16396799683570862,
          "rank_max_ms": 0.1648000031709671,
          "rank_ms": [
            0.16396799683570862,
            0.160863995552063,
            0.15641599893569946,
            0.1648000031709671
          ]
        },
        "sample_index": 13,
        "scheduled_start_arrival_ns_by_rank": [
          744727987121144,
          744727987532282,
          744727986871373,
          744727986784152
        ],
        "scheduled_start_target_ns_by_rank": [
          744727992532282,
          744727992532282,
          744727992532282,
          744727992532282
        ],
        "start_record_bracket_ns_by_rank": [
          [
            744727992535006,
            744727992579343
          ],
          [
            744727992533158,
            744727992575568
          ],
          [
            744727992533049,
            744727992567791
          ],
          [
            744727992533130,
            744727992576144
          ]
        ],
        "start_record_envelope_span_ns": 46294,
        "variant": 1
      },
      {
        "collective_only": {
          "local_ms": 0.041280001401901245,
          "rank_max_ms": 0.06143999844789505,
          "rank_ms": [
            0.041280001401901245,
            0.04399999976158142,
            0.06143999844789505,
            0.04124800115823746
          ]
        },
        "pair_attempt_id": 15,
        "pair_retry_ordinal": 0,
        "position": 0,
        "readiness_probe_exact": true,
        "ready_region": {
          "local_ms": 0.16838400065898895,
          "rank_max_ms": 0.17555199563503265,
          "rank_ms": [
            0.16838400065898895,
            0.16780799627304077,
            0.17555199563503265,
            0.17388799786567688
          ]
        },
        "sample_index": 14,
        "scheduled_start_arrival_ns_by_rank": [
          744727997146006,
          744727997022524,
          744727997114295,
          744727997159706
        ],
        "scheduled_start_target_ns_by_rank": [
          744728002159706,
          744728002159706,
          744728002159706,
          744728002159706
        ],
        "start_record_bracket_ns_by_rank": [
          [
            744728002160765,
            744728002230413
          ],
          [
            744728002160730,
            744728002227169
          ],
          [
            744728002160750,
            744728002211653
          ],
          [
            744728002160817,
            744728002230562
          ]
        ],
        "start_record_envelope_span_ns": 69832,
        "variant": 0
      },
      {
        "collective_only": {
          "local_ms": 0.036479998379945755,
          "rank_max_ms": 0.0416640006005764,
          "rank_ms": [
            0.036479998379945755,
            0.04124800115823746,
            0.0416640006005764,
            0.03923200070858002
          ]
        },
        "pair_attempt_id": 16,
        "pair_retry_ordinal": 0,
        "position": 0,
        "readiness_probe_exact": true,
        "ready_region": {
          "local_ms": 0.15830400586128235,
          "rank_max_ms": 0.15830400586128235,
          "rank_ms": [
            0.15830400586128235,
            0.14803199470043182,
            0.1518400013446808,
            0.15248000621795654
          ]
        },
        "sample_index": 15,
        "scheduled_start_arrival_ns_by_rank": [
          744728007513992,
          744728007579368,
          744728007103177,
          744728007249797
        ],
        "scheduled_start_target_ns_by_rank": [
          744728012579368,
          744728012579368,
          744728012579368,
          744728012579368
        ],
        "start_record_bracket_ns_by_rank": [
          [
            744728012580368,
            744728012620721
          ],
          [
            744728012580447,
            744728012618017
          ],
          [
            744728012580484,
            744728012618497
          ],
          [
            744728012580328,
            744728012620150
          ]
        ],
        "start_record_envelope_span_ns": 40393,
        "variant": 1
      },
      {
        "collective_only": {
          "local_ms": 0.03683200106024742,
          "rank_max_ms": 0.04464000090956688,
          "rank_ms": [
            0.03683200106024742,
            0.04105599969625473,
            0.04464000090956688,
            0.03859199956059456
          ]
        },
        "pair_attempt_id": 17,
        "pair_retry_ordinal": 0,
        "position": 0,
        "readiness_probe_exact": true,
        "ready_region": {
          "local_ms": 0.18435199558734894,
          "rank_max_ms": 0.1852159947156906,
          "rank_ms": [
            0.18435199558734894,
            0.1720000058412552,
            0.16889600455760956,
            0.1852159947156906
          ]
        },
        "sample_index": 16,
        "scheduled_start_arrival_ns_by_rank": [
          744728018067185,
          744728017773865,
          744728017847285,
          744728017431433
        ],
        "scheduled_start_target_ns_by_rank": [
          744728023067185,
          744728023067185,
          744728023067185,
          744728023067185
        ],
        "start_record_bracket_ns_by_rank": [
          [
            744728023068368,
            744728023109618
          ],
          [
            744728023068331,
            744728023105564
          ],
          [
            744728023068205,
            744728023102155
          ],
          [
            744728023068395,
            744728023108780
          ]
        ],
        "start_record_envelope_span_ns": 41413,
        "variant": 0
      },
      {
        "collective_only": {
          "local_ms": 0.038784001022577286,
          "rank_max_ms": 0.04912000149488449,
          "rank_ms": [
            0.038784001022577286,
            0.045184001326560974,
            0.04912000149488449,
            0.04022400081157684
          ]
        },
        "pair_attempt_id": 18,
        "pair_retry_ordinal": 0,
        "position": 0,
        "readiness_probe_exact": true,
        "ready_region": {
          "local_ms": 0.17948800325393677,
          "rank_max_ms": 0.18614399433135986,
          "rank_ms": [
            0.17948800325393677,
            0.1700800061225891,
            0.177824005484581,
            0.18614399433135986
          ]
        },
        "sample_index": 17,
        "scheduled_start_arrival_ns_by_rank": [
          744728028375217,
          744728028261266,
          744728028122249,
          744728028368757
        ],
        "scheduled_start_target_ns_by_rank": [
          744728033375217,
          744728033375217,
          744728033375217,
          744728033375217
        ],
        "start_record_bracket_ns_by_rank": [
          [
            744728033376501,
            744728033424119
          ],
          [
            744728033376468,
            744728033420841
          ],
          [
            744728033376425,
            744728033416956
          ],
          [
            744728033376546,
            744728033425021
          ]
        ],
        "start_record_envelope_span_ns": 48596,
        "variant": 1
      },
      {
        "collective_only": {
          "local_ms": 0.0387520007789135,
          "rank_max_ms": 0.1053759977221489,
          "rank_ms": [
            0.0387520007789135,
            0.0963520035147667,
            0.1053759977221489,
            0.09536000341176987
          ]
        },
        "pair_attempt_id": 19,
        "pair_retry_ordinal": 0,
        "position": 0,
        "readiness_probe_exact": true,
        "ready_region": {
          "local_ms": 0.21452799439430237,
          "rank_max_ms": 0.21452799439430237,
          "rank_ms": [
            0.21452799439430237,
            0.17347200214862823,
            0.17308799922466278,
            0.17712000012397766
          ]
        },
        "sample_index": 18,
        "scheduled_start_arrival_ns_by_rank": [
          744728038480891,
          744728038764890,
          744728038424525,
          744728038600847
        ],
        "scheduled_start_target_ns_by_rank": [
          744728043764890,
          744728043764890,
          744728043764890,
          744728043764890
        ],
        "start_record_bracket_ns_by_rank": [
          [
            744728043820806,
            744728043868247
          ],
          [
            744728043765768,
            744728043810706
          ],
          [
            744728043765687,
            744728043803189
          ],
          [
            744728043765906,
            744728043812768
          ]
        ],
        "start_record_envelope_span_ns": 102560,
        "variant": 0
      },
      {
        "collective_only": {
          "local_ms": 0.04508800059556961,
          "rank_max_ms": 0.35868799686431885,
          "rank_ms": [
            0.04508800059556961,
            0.038495998829603195,
            0.35868799686431885,
            0.1552319973707199
          ]
        },
        "pair_attempt_id": 20,
        "pair_retry_ordinal": 0,
        "position": 0,
        "readiness_probe_exact": true,
        "ready_region": {
          "local_ms": 0.23523199558258057,
          "rank_max_ms": 0.3684479892253876,
          "rank_ms": [
            0.23523199558258057,
            0.22246399521827698,
            0.3684479892253876,
            0.2367040067911148
          ]
        },
        "sample_index": 19,
        "scheduled_start_arrival_ns_by_rank": [
          744728049376807,
          744728049439024,
          744728049407333,
          744728049505885
        ],
        "scheduled_start_target_ns_by_rank": [
          744728054505885,
          744728054505885,
          744728054505885,
          744728054505885
        ],
        "start_record_bracket_ns_by_rank": [
          [
            744728054867024,
            744728054918560
          ],
          [
            744728054879105,
            744728054923774
          ],
          [
            744728054563584,
            744728054606470
          ],
          [
            744728054757054,
            744728054809968
          ]
        ],
        "start_record_envelope_span_ns": 360190,
        "variant": 1
      },
      {
        "collective_only": {
          "local_ms": 0.04054399952292442,
          "rank_max_ms": 0.05846399813890457,
          "rank_ms": [
            0.04054399952292442,
            0.039872001856565475,
            0.05846399813890457,
            0.03993599861860275
          ]
        },
        "pair_attempt_id": 21,
        "pair_retry_ordinal": 0,
        "position": 0,
        "readiness_probe_exact": true,
        "ready_region": {
          "local_ms": 0.18217599391937256,
          "rank_max_ms": 0.19196799397468567,
          "rank_ms": [
            0.18217599391937256,
            0.19196799397468567,
            0.14025600254535675,
            0.19193600118160248
          ]
        },
        "sample_index": 20,
        "scheduled_start_arrival_ns_by_rank": [
          744728060781218,
          744728060837948,
          744728060860031,
          744728060834643
        ],
        "scheduled_start_target_ns_by_rank": [
          744728065860031,
          744728065860031,
          744728065860031,
          744728065860031
        ],
        "start_record_bracket_ns_by_rank": [
          [
            744728065860889,
            744728065903419
          ],
          [
            744728065861322,
            744728065903587
          ],
          [
            744728065860433,
            744728065883849
          ],
          [
            744728065860980,
            744728065903660
          ]
        ],
        "start_record_envelope_span_ns": 43227,
        "variant": 0
      },
      {
        "collective_only": {
          "local_ms": 0.06854400038719177,
          "rank_max_ms": 0.09734400361776352,
          "rank_ms": [
            0.06854400038719177,
            0.08083199709653854,
            0.09734400361776352,
            0.08233600109815598
          ]
        },
        "pair_attempt_id": 22,
        "pair_retry_ordinal": 0,
        "position": 0,
        "readiness_probe_exact": true,
        "ready_region": {
          "local_ms": 0.26342400908470154,
          "rank_max_ms": 0.26342400908470154,
          "rank_ms": [
            0.26342400908470154,
            0.16927999258041382,
            0.1289599984884262,
            0.1554879993200302
          ]
        },
        "sample_index": 21,
        "scheduled_start_arrival_ns_by_rank": [
          744728071940465,
          744728071706811,
          744728070786790,
          744728071593667
        ],
        "scheduled_start_target_ns_by_rank": [
          744728076940465,
          744728076940465,
          744728076940465,
          744728076940465
        ],
        "start_record_bracket_ns_by_rank": [
          [
            744728076943283,
            744728076992836
          ],
          [
            744728076941298,
            744728076979314
          ],
          [
            744728076941095,
            744728076963444
          ],
          [
            744728076941365,
            744728076978405
          ]
        ],
        "start_record_envelope_span_ns": 51741,
        "variant": 1
      },
      {
        "collective_only": {
          "local_ms": 0.03468799963593483,
          "rank_max_ms": 0.04560000076889992,
          "rank_ms": [
            0.03468799963593483,
            0.04233599826693535,
            0.04560000076889992,
            0.036479998379945755
          ]
        },
        "pair_attempt_id": 23,
        "pair_retry_ordinal": 0,
        "position": 0,
        "readiness_probe_exact": true,
        "ready_region": {
          "local_ms": 0.14508800208568573,
          "rank_max_ms": 0.1507200002670288,
          "rank_ms": [
            0.14508800208568573,
            0.12828800082206726,
            0.1412159949541092,
            0.1507200002670288
          ]
        },
        "sample_index": 22,
        "scheduled_start_arrival_ns_by_rank": [
          744728082717151,
          744728082043151,
          744728082560451,
          744728082673282
        ],
        "scheduled_start_target_ns_by_rank": [
          744728087717151,
          744728087717151,
          744728087717151,
          744728087717151
        ],
        "start_record_bracket_ns_by_rank": [
          [
            744728087718061,
            744728087755525
          ],
          [
            744728087717669,
            744728087750694
          ],
          [
            744728087718030,
            744728087746653
          ],
          [
            744728087718126,
            744728087756631
          ]
        ],
        "start_record_envelope_span_ns": 38962,
        "variant": 0
      },
      {
        "collective_only": {
          "local_ms": 0.034143999218940735,
          "rank_max_ms": 0.04134399816393852,
          "rank_ms": [
            0.034143999218940735,
            0.03561599925160408,
            0.04134399816393852,
            0.0315839983522892
          ]
        },
        "pair_attempt_id": 24,
        "pair_retry_ordinal": 0,
        "position": 0,
        "readiness_probe_exact": true,
        "ready_region": {
          "local_ms": 0.11964800208806992,
          "rank_max_ms": 0.1379839926958084,
          "rank_ms": [
            0.11964800208806992,
            0.12614400684833527,
            0.13420799374580383,
            0.1379839926958084
          ]
        },
        "sample_index": 23,
        "scheduled_start_arrival_ns_by_rank": [
          744728094513170,
          744728094666239,
          744728094110114,
          744728094139005
        ],
        "scheduled_start_target_ns_by_rank": [
          744728099666239,
          744728099666239,
          744728099666239,
          744728099666239
        ],
        "start_record_bracket_ns_by_rank": [
          [
            744728099666782,
            744728099697051
          ],
          [
            744728099667491,
            744728099699837
          ],
          [
            744728099666943,
            744728099695109
          ],
          [
            744728099667085,
            744728099701931
          ]
        ],
        "start_record_envelope_span_ns": 35149,
        "variant": 1
      },
      {
        "collective_only": {
          "local_ms": 0.04864000156521797,
          "rank_max_ms": 0.04864000156521797,
          "rank_ms": [
            0.04864000156521797,
            0.03923200070858002,
            0.04479999840259552,
            0.034143999218940735
          ]
        },
        "pair_attempt_id": 25,
        "pair_retry_ordinal": 0,
        "position": 0,
        "readiness_probe_exact": true,
        "ready_region": {
          "local_ms": 0.12912000715732574,
          "rank_max_ms": 0.16415999829769135,
          "rank_ms": [
            0.12912000715732574,
            0.14342400431632996,
            0.15561600029468536,
            0.16415999829769135
          ]
        },
        "sample_index": 24,
        "scheduled_start_arrival_ns_by_rank": [
          744728104516851,
          744728105118238,
          744728104728573,
          744728104413974
        ],
        "scheduled_start_target_ns_by_rank": [
          744728110118238,
          744728110118238,
          744728110118238,
          744728110118238
        ],
        "start_record_bracket_ns_by_rank": [
          [
            744728110118796,
            744728110141252
          ],
          [
            744728110119252,
            744728110153369
          ],
          [
            744728110119221,
            744728110148507
          ],
          [
            744728110119400,
            744728110157632
          ]
        ],
        "start_record_envelope_span_ns": 38836,
        "variant": 0
      },
      {
        "collective_only": {
          "local_ms": 0.04483199864625931,
          "rank_max_ms": 0.04483199864625931,
          "rank_ms": [
            0.04483199864625931,
            0.03452799841761589,
            0.04137599840760231,
            0.03481600061058998
          ]
        },
        "pair_attempt_id": 26,
        "pair_retry_ordinal": 0,
        "position": 0,
        "readiness_probe_exact": true,
        "ready_region": {
          "local_ms": 0.11718399822711945,
          "rank_max_ms": 0.14310400187969208,
          "rank_ms": [
            0.11718399822711945,
            0.13977600634098053,
            0.14166399836540222,
            0.14310400187969208
          ]
        },
        "sample_index": 25,
        "scheduled_start_arrival_ns_by_rank": [
          744728114879232,
          744728115172425,
          744728114965411,
          744728115372249
        ],
        "scheduled_start_target_ns_by_rank": [
          744728120372249,
          744728120372249,
          744728120372249,
          744728120372249
        ],
        "start_record_bracket_ns_by_rank": [
          [
            744728120372730,
            744728120396801
          ],
          [
            744728120373250,
            744728120408068
          ],
          [
            744728120373047,
            744728120402013
          ],
          [
            744728120373177,
            744728120408349
          ]
        ],
        "start_record_envelope_span_ns": 35619,
        "variant": 1
      },
      {
        "collective_only": {
          "local_ms": 0.04992000013589859,
          "rank_max_ms": 0.05612799897789955,
          "rank_ms": [
            0.04992000013589859,
            0.05612799897789955,
            0.04800000041723251,
            0.0414079986512661
          ]
        },
        "pair_attempt_id": 27,
        "pair_retry_ordinal": 0,
        "position": 0,
        "readiness_probe_exact": true,
        "ready_region": {
          "local_ms": 0.14166399836540222,
          "rank_max_ms": 0.19091199338436127,
          "rank_ms": [
            0.14166399836540222,
            0.19091199338436127,
            0.14921599626541138,
            0.17049600183963776
          ]
        },
        "sample_index": 26,
        "scheduled_start_arrival_ns_by_rank": [
          744728125511462,
          744728125807393,
          744728125668456,
          744728125926325
        ],
        "scheduled_start_target_ns_by_rank": [
          744728130926325,
          744728130926325,
          744728130926325,
          744728130926325
        ],
        "start_record_bracket_ns_by_rank": [
          [
            744728130926824,
            744728130955036
          ],
          [
            744728130927173,
            744728130968434
          ],
          [
            744728130927017,
            744728130957916
          ],
          [
            744728130927251,
            744728130968447
          ]
        ],
        "start_record_envelope_span_ns": 41623,
        "variant": 0
      },
      {
        "collective_only": {
          "local_ms": 0.05020799860358238,
          "rank_max_ms": 0.06643199920654297,
          "rank_ms": [
            0.05020799860358238,
            0.04323200136423111,
            0.06643199920654297,
            0.05462399870157242
          ]
        },
        "pair_attempt_id": 28,
        "pair_retry_ordinal": 0,
        "position": 0,
        "readiness_probe_exact": true,
        "ready_region": {
          "local_ms": 0.1719679981470108,
          "rank_max_ms": 0.20572799444198608,
          "rank_ms": [
            0.1719679981470108,
            0.20572799444198608,
            0.1626559942960739,
            0.17529599368572235
          ]
        },
        "sample_index": 27,
        "scheduled_start_arrival_ns_by_rank": [
          744728136234896,
          744728135769584,
          744728135990552,
          744728136116055
        ],
        "scheduled_start_target_ns_by_rank": [
          744728141234896,
          744728141234896,
          744728141234896,
          744728141234896
        ],
        "start_record_bracket_ns_by_rank": [
          [
            744728141236054,
            744728141279490
          ],
          [
            744728141237002,
            744728141290157
          ],
          [
            744728141235847,
            744728141268909
          ],
          [
            744728141236055,
            744728141280297
          ]
        ],
        "start_record_envelope_span_ns": 54310,
        "variant": 1
      },
      {
        "collective_only": {
          "local_ms": 0.034591998904943466,
          "rank_max_ms": 0.040800001472234726,
          "rank_ms": [
            0.034591998904943466,
            0.03641600161790848,
            0.040800001472234726,
            0.03686400130391121
          ]
        },
        "pair_attempt_id": 29,
        "pair_retry_ordinal": 0,
        "position": 0,
        "readiness_probe_exact": true,
        "ready_region": {
          "local_ms": 0.14787200093269348,
          "rank_max_ms": 0.15001599490642548,
          "rank_ms": [
            0.14787200093269348,
            0.14054399728775024,
            0.15001599490642548,
            0.14281600713729858
          ]
        },
        "sample_index": 28,
        "scheduled_start_arrival_ns_by_rank": [
          744728147442547,
          744728147275830,
          744728147295666,
          744728146990646
        ],
        "scheduled_start_target_ns_by_rank": [
          744728152442547,
          744728152442547,
          744728152442547,
          744728152442547
        ],
        "start_record_bracket_ns_by_rank": [
          [
            744728152443613,
            744728152480779
          ],
          [
            744728152443445,
            744728152479890
          ],
          [
            744728152443382,
            744728152475969
          ],
          [
            744728152443375,
            744728152481219
          ]
        ],
        "start_record_envelope_span_ns": 37844,
        "variant": 0
      },
      {
        "collective_only": {
          "local_ms": 0.04492799937725067,
          "rank_max_ms": 0.05423999950289726,
          "rank_ms": [
            0.04492799937725067,
            0.04630399867892265,
            0.05423999950289726,
            0.04118400067090988
          ]
        },
        "pair_attempt_id": 30,
        "pair_retry_ordinal": 0,
        "position": 0,
        "readiness_probe_exact": true,
        "ready_region": {
          "local_ms": 0.2269120067358017,
          "rank_max_ms": 0.23475199937820435,
          "rank_ms": [
            0.2269120067358017,
            0.2300799936056137,
            0.22307200729846954,
            0.23475199937820435
          ]
        },
        "sample_index": 29,
        "scheduled_start_arrival_ns_by_rank": [
          744728157870567,
          744728157830125,
          744728157552114,
          744728157811868
        ],
        "scheduled_start_target_ns_by_rank": [
          744728162870567,
          744728162870567,
          744728162870567,
          744728162870567
        ],
        "start_record_bracket_ns_by_rank": [
          [
            744728162871375,
            744728162921876
          ],
          [
            744728162871525,
            744728162920328
          ],
          [
            744728162871474,
            744728162912997
          ],
          [
            744728162871545,
            744728162923210
          ]
        ],
        "start_record_envelope_span_ns": 51835,
        "variant": 1
      },
      {
        "collective_only": {
          "local_ms": 0.039135999977588654,
          "rank_max_ms": 0.04879999905824661,
          "rank_ms": [
            0.039135999977588654,
            0.04726399853825569,
            0.04879999905824661,
            0.044319998472929
          ]
        },
        "pair_attempt_id": 31,
        "pair_retry_ordinal": 0,
        "position": 0,
        "readiness_probe_exact": true,
        "ready_region": {
          "local_ms": 0.20467199385166168,
          "rank_max_ms": 0.20467199385166168,
          "rank_ms": [
            0.20467199385166168,
            0.19020800292491913,
            0.20054399967193604,
            0.19599999487400055
          ]
        },
        "sample_index": 30,
        "scheduled_start_arrival_ns_by_rank": [
          744728169883975,
          744728169592601,
          744728169372448,
          744728169363522
        ],
        "scheduled_start_target_ns_by_rank": [
          744728174883975,
          744728174883975,
          744728174883975,
          744728174883975
        ],
        "start_record_bracket_ns_by_rank": [
          [
            744728174885206,
            744728174932140
          ],
          [
            744728174885034,
            744728174926940
          ],
          [
            744728174885318,
            744728174926381
          ],
          [
            744728174885140,
            744728174930648
          ]
        ],
        "start_record_envelope_span_ns": 47106,
        "variant": 0
      },
      {
        "collective_only": {
          "local_ms": 0.04598399996757507,
          "rank_max_ms": 0.06499200314283371,
          "rank_ms": [
            0.04598399996757507,
            0.06499200314283371,
            0.056671999394893646,
            0.04233599826693535
          ]
        },
        "pair_attempt_id": 32,
        "pair_retry_ordinal": 0,
        "position": 0,
        "readiness_probe_exact": true,
        "ready_region": {
          "local_ms": 0.19404800236225128,
          "rank_max_ms": 0.20032000541687012,
          "rank_ms": [
            0.19404800236225128,
            0.14828799664974213,
            0.18991999328136444,
            0.20032000541687012
          ]
        },
        "sample_index": 31,
        "scheduled_start_arrival_ns_by_rank": [
          744728180543718,
          744728180134475,
          744728180160368,
          744728180161995
        ],
        "scheduled_start_target_ns_by_rank": [
          744728185543718,
          744728185543718,
          744728185543718,
          744728185543718
        ],
        "start_record_bracket_ns_by_rank": [
          [
            744728185544816,
            744728185596345
          ],
          [
            744728185544539,
            744728185577826
          ],
          [
            744728185544650,
            744728185586375
          ],
          [
            744728185545106,
            744728185598256
          ]
        ],
        "start_record_envelope_span_ns": 53717,
        "variant": 1
      },
      {
        "collective_only": {
          "local_ms": 0.035071998834609985,
          "rank_max_ms": 0.03814399987459183,
          "rank_ms": [
            0.035071998834609985,
            0.03670400008559227,
            0.03814399987459183,
            0.0360959991812706
          ]
        },
        "pair_attempt_id": 33,
        "pair_retry_ordinal": 0,
        "position": 0,
        "readiness_probe_exact": true,
        "ready_region": {
          "local_ms": 0.17043200135231018,
          "rank_max_ms": 0.17043200135231018,
          "rank_ms": [
            0.17043200135231018,
            0.14422400295734406,
            0.16223999857902527,
            0.16867199540138245
          ]
        },
        "sample_index": 32,
        "scheduled_start_arrival_ns_by_rank": [
          744728190894929,
          744728190539932,
          744728190915359,
          744728191060139
        ],
        "scheduled_start_target_ns_by_rank": [
          744728196060139,
          744728196060139,
          744728196060139,
          744728196060139
        ],
        "start_record_bracket_ns_by_rank": [
          [
            744728196060853,
            744728196096432
          ],
          [
            744728196060918,
            744728196095553
          ],
          [
            744728196061062,
            744728196092946
          ],
          [
            744728196061277,
            744728196097273
          ]
        ],
        "start_record_envelope_span_ns": 36420,
        "variant": 0
      },
      {
        "collective_only": {
          "local_ms": 0.04224000126123428,
          "rank_max_ms": 0.05596800148487091,
          "rank_ms": [
            0.04224000126123428,
            0.048608001321554184,
            0.05596800148487091,
            0.04259200021624565
          ]
        },
        "pair_attempt_id": 34,
        "pair_retry_ordinal": 0,
        "position": 0,
        "readiness_probe_exact": true,
        "ready_region": {
          "local_ms": 0.21590399742126465,
          "rank_max_ms": 0.23600000143051147,
          "rank_ms": [
            0.21590399742126465,
            0.18742400407791138,
            0.19017599523067474,
            0.23600000143051147
          ]
        },
        "sample_index": 33,
        "scheduled_start_arrival_ns_by_rank": [
          744728200668353,
          744728200692063,
          744728200551487,
          744728200757677
        ],
        "scheduled_start_target_ns_by_rank": [
          744728205757677,
          744728205757677,
          744728205757677,
          744728205757677
        ],
        "start_record_bracket_ns_by_rank": [
          [
            744728205758881,
            744728205810666
          ],
          [
            744728205758688,
            744728205807902
          ],
          [
            744728205758552,
            744728205800294
          ],
          [
            744728205759053,
            744728205811973
          ]
        ],
        "start_record_envelope_span_ns": 53421,
        "variant": 1
      },
      {
        "collective_only": {
          "local_ms": 0.04044799879193306,
          "rank_max_ms": 0.05299200117588043,
          "rank_ms": [
            0.04044799879193306,
            0.04259200021624565,
            0.05299200117588043,
            0.04095999896526337
          ]
        },
        "pair_attempt_id": 35,
        "pair_retry_ordinal": 0,
        "position": 0,
        "readiness_probe_exact": true,
        "ready_region": {
          "local_ms": 0.2703680098056793,
          "rank_max_ms": 0.2703680098056793,
          "rank_ms": [
            0.2703680098056793,
            0.1998399943113327,
            0.19913600385189056,
            0.20201599597930908
          ]
        },
        "sample_index": 34,
        "scheduled_start_arrival_ns_by_rank": [
          744728211922501,
          744728212084482,
          744728211605731,
          744728211510439
        ],
        "scheduled_start_target_ns_by_rank": [
          744728217084482,
          744728217084482,
          744728217084482,
          744728217084482
        ],
        "start_record_bracket_ns_by_rank": [
          [
            744728217085495,
            744728217130786
          ],
          [
            744728217086070,
            744728217133608
          ],
          [
            744728217085443,
            744728217123550
          ],
          [
            744728217085550,
            744728217133999
          ]
        ],
        "start_record_envelope_span_ns": 48556,
        "variant": 0
      },
      {
        "collective_only": {
          "local_ms": 0.04479999840259552,
          "rank_max_ms": 0.05564799904823303,
          "rank_ms": [
            0.04479999840259552,
            0.04879999905824661,
            0.05564799904823303,
            0.05484800040721893
          ]
        },
        "pair_attempt_id": 36,
        "pair_retry_ordinal": 0,
        "position": 0,
        "readiness_probe_exact": true,
        "ready_region": {
          "local_ms": 0.20735999941825867,
          "rank_max_ms": 0.20735999941825867,
          "rank_ms": [
            0.20735999941825867,
            0.18998399376869202,
            0.18406400084495544,
            0.1990399956703186
          ]
        },
        "sample_index": 35,
        "scheduled_start_arrival_ns_by_rank": [
          744728223104034,
          744728222777451,
          744728222532172,
          744728222735017
        ],
        "scheduled_start_target_ns_by_rank": [
          744728228104034,
          744728228104034,
          744728228104034,
          744728228104034
        ],
        "start_record_bracket_ns_by_rank": [
          [
            744728228105091,
            744728228152906
          ],
          [
            744728228104883,
            744728228148741
          ],
          [
            744728228105049,
            744728228141719
          ],
          [
            744728228105020,
            744728228156021
          ]
        ],
        "start_record_envelope_span_ns": 51138,
        "variant": 1
      },
      {
        "collective_only": {
          "local_ms": 0.042208001017570496,
          "rank_max_ms": 0.188960000872612,
          "rank_ms": [
            0.042208001017570496,
            0.18105599284172058,
            0.188960000872612,
            0.1777919977903366
          ]
        },
        "pair_attempt_id": 37,
        "pair_retry_ordinal": 0,
        "position": 0,
        "readiness_probe_exact": true,
        "ready_region": {
          "local_ms": 0.1955839991569519,
          "rank_max_ms": 0.19926400482654572,
          "rank_ms": [
            0.1955839991569519,
            0.19017599523067474,
            0.19926400482654572,
            0.19331200420856476
          ]
        },
        "sample_index": 36,
        "scheduled_start_arrival_ns_by_rank": [
          744728234497162,
          744728234344712,
          744728233966990,
          744728233864381
        ],
        "scheduled_start_target_ns_by_rank": [
          744728239497162,
          744728239497162,
          744728239497162,
          744728239497162
        ],
        "start_record_bracket_ns_by_rank": [
          [
            744728239634367,
            744728239686484
          ],
          [
            744728239498178,
            744728239548568
          ],
          [
            744728239498066,
            744728239539783
          ],
          [
            744728239498273,
            744728239550891
          ]
        ],
        "start_record_envelope_span_ns": 188418,
        "variant": 0
      },
      {
        "collective_only": {
          "local_ms": 0.04287999868392944,
          "rank_max_ms": 0.05820799991488457,
          "rank_ms": [
            0.04287999868392944,
            0.041439998894929886,
            0.05820799991488457,
            0.046592000871896744
          ]
        },
        "pair_attempt_id": 38,
        "pair_retry_ordinal": 0,
        "position": 0,
        "readiness_probe_exact": true,
        "ready_region": {
          "local_ms": 0.195360004901886,
          "rank_max_ms": 0.195360004901886,
          "rank_ms": [
            0.195360004901886,
            0.18377600610256195,
            0.18544000387191772,
            0.1881600022315979
          ]
        },
        "sample_index": 37,
        "scheduled_start_arrival_ns_by_rank": [
          744728244609616,
          744728244103312,
          744728244266861,
          744728244606846
        ],
        "scheduled_start_target_ns_by_rank": [
          744728249609616,
          744728249609616,
          744728249609616,
          744728249609616
        ],
        "start_record_bracket_ns_by_rank": [
          [
            744728249610838,
            744728249662723
          ],
          [
            744728249610805,
            744728249663799
          ],
          [
            744728249610637,
            744728249649297
          ],
          [
            744728249610798,
            744728249659957
          ]
        ],
        "start_record_envelope_span_ns": 53162,
        "variant": 1
      },
      {
        "collective_only": {
          "local_ms": 0.040863998234272,
          "rank_max_ms": 0.05011200159788132,
          "rank_ms": [
            0.040863998234272,
            0.04390399903059006,
            0.05011200159788132,
            0.0461760014295578
          ]
        },
        "pair_attempt_id": 39,
        "pair_retry_ordinal": 0,
        "position": 0,
        "readiness_probe_exact": true,
        "ready_region": {
          "local_ms": 0.16873599588871002,
          "rank_max_ms": 0.1695680022239685,
          "rank_ms": [
            0.16873599588871002,
            0.160863995552063,
            0.1695680022239685,
            0.15884800255298615
          ]
        },
        "sample_index": 38,
        "scheduled_start_arrival_ns_by_rank": [
          744728255220747,
          744728255149660,
          744728254855361,
          744728254823684
        ],
        "scheduled_start_target_ns_by_rank": [
          744728260220747,
          744728260220747,
          744728260220747,
          744728260220747
        ],
        "start_record_bracket_ns_by_rank": [
          [
            744728260221582,
            744728260269268
          ],
          [
            744728260221920,
            744728260268605
          ],
          [
            744728260221894,
            744728260260485
          ],
          [
            744728260221663,
            744728260264942
          ]
        ],
        "start_record_envelope_span_ns": 47686,
        "variant": 0
      },
      {
        "collective_only": {
          "local_ms": 0.03747199848294258,
          "rank_max_ms": 0.04668800160288811,
          "rank_ms": [
            0.03747199848294258,
            0.03859199956059456,
            0.04668800160288811,
            0.04057599976658821
          ]
        },
        "pair_attempt_id": 40,
        "pair_retry_ordinal": 0,
        "position": 0,
        "readiness_probe_exact": true,
        "ready_region": {
          "local_ms": 0.1693120002746582,
          "rank_max_ms": 0.17139199376106262,
          "rank_ms": [
            0.1693120002746582,
            0.16812799870967865,
            0.16767999529838562,
            0.17139199376106262
          ]
        },
        "sample_index": 39,
        "scheduled_start_arrival_ns_by_rank": [
          744728265509983,
          744728265467991,
          744728265519056,
          744728265447394
        ],
        "scheduled_start_target_ns_by_rank": [
          744728270519056,
          744728270519056,
          744728270519056,
          744728270519056
        ],
        "start_record_bracket_ns_by_rank": [
          [
            744728270520299,
            744728270563627
          ],
          [
            744728270520429,
            744728270564791
          ],
          [
            744728270520023,
            744728270557343
          ],
          [
            744728270520209,
            744728270565532
          ]
        ],
        "start_record_envelope_span_ns": 45509,
        "variant": 1
      },
      {
        "collective_only": {
          "local_ms": 0.0414079986512661,
          "rank_max_ms": 0.06841599941253662,
          "rank_ms": [
            0.0414079986512661,
            0.04652800038456917,
            0.05612799897789955,
            0.06841599941253662
          ]
        },
        "pair_attempt_id": 42,
        "pair_retry_ordinal": 1,
        "position": 0,
        "readiness_probe_exact": true,
        "ready_region": {
          "local_ms": 0.22592000663280487,
          "rank_max_ms": 0.22950400412082672,
          "rank_ms": [
            0.22592000663280487,
            0.21510399878025055,
            0.22179199755191803,
            0.22950400412082672
          ]
        },
        "sample_index": 40,
        "scheduled_start_arrival_ns_by_rank": [
          744728289098084,
          744728288945632,
          744728289089912,
          744728289091572
        ],
        "scheduled_start_target_ns_by_rank": [
          744728294098084,
          744728294098084,
          744728294098084,
          744728294098084
        ],
        "start_record_bracket_ns_by_rank": [
          [
            744728294099456,
            744728294151786
          ],
          [
            744728294099203,
            744728294149607
          ],
          [
            744728294099093,
            744728294140285
          ],
          [
            744728294099293,
            744728294153006
          ]
        ],
        "start_record_envelope_span_ns": 53913,
        "variant": 1
      },
      {
        "collective_only": {
          "local_ms": 0.034143999218940735,
          "rank_max_ms": 0.04560000076889992,
          "rank_ms": [
            0.034143999218940735,
            0.03903999924659729,
            0.04560000076889992,
            0.03638400137424469
          ]
        },
        "pair_attempt_id": 43,
        "pair_retry_ordinal": 0,
        "position": 0,
        "readiness_probe_exact": true,
        "ready_region": {
          "local_ms": 0.15615999698638916,
          "rank_max_ms": 0.15692800283432007,
          "rank_ms": [
            0.15615999698638916,
            0.15379199385643005,
            0.15436799824237823,
            0.15692800283432007
          ]
        },
        "sample_index": 41,
        "scheduled_start_arrival_ns_by_rank": [
          744728300461425,
          744728300432565,
          744728300059514,
          744728299821813
        ],
        "scheduled_start_target_ns_by_rank": [
          744728305461425,
          744728305461425,
          744728305461425,
          744728305461425
        ],
        "start_record_bracket_ns_by_rank": [
          [
            744728305462490,
            744728305502715
          ],
          [
            744728305462404,
            744728305501536
          ],
          [
            744728305462219,
            744728305495233
          ],
          [
            744728305462306,
            744728305502820
          ]
        ],
        "start_record_envelope_span_ns": 40601,
        "variant": 0
      },
      {
        "collective_only": {
          "local_ms": 0.04569600149989128,
          "rank_max_ms": 0.05587200075387955,
          "rank_ms": [
            0.04569600149989128,
            0.04569600149989128,
            0.05587200075387955,
            0.04639999940991402
          ]
        },
        "pair_attempt_id": 44,
        "pair_retry_ordinal": 0,
        "position": 0,
        "readiness_probe_exact": true,
        "ready_region": {
          "local_ms": 0.19155199825763702,
          "rank_max_ms": 0.20336000621318817,
          "rank_ms": [
            0.19155199825763702,
            0.20336000621318817,
            0.181536003947258,
            0.1998399943113327
          ]
        },
        "sample_index": 42,
        "scheduled_start_arrival_ns_by_rank": [
          744728310546023,
          744728310421252,
          744728310292562,
          744728310458126
        ],
        "scheduled_start_target_ns_by_rank": [
          744728315546023,
          744728315546023,
          744728315546023,
          744728315546023
        ],
        "start_record_bracket_ns_by_rank": [
          [
            744728315547158,
            744728315599107
          ],
          [
            744728315547548,
            744728315598620
          ],
          [
            744728315546782,
            744728315588056
          ],
          [
            744728315547200,
            744728315599710
          ]
        ],
        "start_record_envelope_span_ns": 52928,
        "variant": 1
      },
      {
        "collective_only": {
          "local_ms": 0.03625600039958954,
          "rank_max_ms": 0.04899200052022934,
          "rank_ms": [
            0.03625600039958954,
            0.04105599969625473,
            0.04899200052022934,
            0.04310400038957596
          ]
        },
        "pair_attempt_id": 45,
        "pair_retry_ordinal": 0,
        "position": 0,
        "readiness_probe_exact": true,
        "ready_region": {
          "local_ms": 0.15964800119400024,
          "rank_max_ms": 0.17705599963665009,
          "rank_ms": [
            0.15964800119400024,
            0.17705599963665009,
            0.152319997549057,
            0.15216000378131866
          ]
        },
        "sample_index": 43,
        "scheduled_start_arrival_ns_by_rank": [
          744728322242393,
          744728322131046,
          744728321885592,
          744728322073666
        ],
        "scheduled_start_target_ns_by_rank": [
          744728327242393,
          744728327242393,
          744728327242393,
          744728327242393
        ],
        "start_record_bracket_ns_by_rank": [
          [
            744728327243714,
            744728327284843
          ],
          [
            744728327244476,
            744728327283892
          ],
          [
            744728327243499,
            744728327275058
          ],
          [
            744728327243453,
            744728327281538
          ]
        ],
        "start_record_envelope_span_ns": 41390,
        "variant": 0
      },
      {
        "collective_only": {
          "local_ms": 0.055424001067876816,
          "rank_max_ms": 0.06147199869155884,
          "rank_ms": [
            0.055424001067876816,
            0.057312000542879105,
            0.06147199869155884,
            0.05587200075387955
          ]
        },
        "pair_attempt_id": 46,
        "pair_retry_ordinal": 0,
        "position": 0,
        "readiness_probe_exact": true,
        "ready_region": {
          "local_ms": 0.1881919950246811,
          "rank_max_ms": 0.1881919950246811,
          "rank_ms": [
            0.1881919950246811,
            0.1708800047636032,
            0.17347200214862823,
            0.18595199286937714
          ]
        },
        "sample_index": 44,
        "scheduled_start_arrival_ns_by_rank": [
          744728331952344,
          744728331915332,
          744728331790914,
          744728331459797
        ],
        "scheduled_start_target_ns_by_rank": [
          744728336952344,
          744728336952344,
          744728336952344,
          744728336952344
        ],
        "start_record_bracket_ns_by_rank": [
          [
            744728336953379,
            744728337012023
          ],
          [
            744728336953423,
            744728336996003
          ],
          [
            744728336953434,
            744728336992322
          ],
          [
            744728336953600,
            744728336996805
          ]
        ],
        "start_record_envelope_span_ns": 58644,
        "variant": 1
      },
      {
        "collective_only": {
          "local_ms": 0.045152001082897186,
          "rank_max_ms": 0.05331199988722801,
          "rank_ms": [
            0.045152001082897186,
            0.045951999723911285,
            0.05331199988722801,
            0.038975998759269714
          ]
        },
        "pair_attempt_id": 47,
        "pair_retry_ordinal": 0,
        "position": 0,
        "readiness_probe_exact": true,
        "ready_region": {
          "local_ms": 0.17689600586891174,
          "rank_max_ms": 0.18435199558734894,
          "rank_ms": [
            0.17689600586891174,
            0.1772480010986328,
            0.1664319932460785,
            0.18435199558734894
          ]
        },
        "sample_index": 45,
        "scheduled_start_arrival_ns_by_rank": [
          744728342521866,
          744728342594944,
          744728342418690,
          744728342234795
        ],
        "scheduled_start_target_ns_by_rank": [
          744728347594944,
          744728347594944,
          744728347594944,
          744728347594944
        ],
        "start_record_bracket_ns_by_rank": [
          [
            744728347595772,
            744728347641643
          ],
          [
            744728347595967,
            744728347641504
          ],
          [
            744728347595836,
            744728347632734
          ],
          [
            744728347596114,
            744728347644930
          ]
        ],
        "start_record_envelope_span_ns": 49158,
        "variant": 0
      },
      {
        "collective_only": {
          "local_ms": 0.15228800475597382,
          "rank_max_ms": 0.16060799360275269,
          "rank_ms": [
            0.15228800475597382,
            0.038975998759269714,
            0.16060799360275269,
            0.15033599734306335
          ]
        },
        "pair_attempt_id": 48,
        "pair_retry_ordinal": 0,
        "position": 0,
        "readiness_probe_exact": true,
        "ready_region": {
          "local_ms": 0.17430399358272552,
          "rank_max_ms": 0.17974400520324707,
          "rank_ms": [
            0.17430399358272552,
            0.17267200350761414,
            0.17907199263572693,
            0.17974400520324707
          ]
        },
        "sample_index": 46,
        "scheduled_start_arrival_ns_by_rank": [
          744728353740481,
          744728354130770,
          744728354063476,
          744728354249768
        ],
        "scheduled_start_target_ns_by_rank": [
          744728359249768,
          744728359249768,
          744728359249768,
          744728359249768
        ],
        "start_record_bracket_ns_by_rank": [
          [
            744728359250544,
            744728359296804
          ],
          [
            744728359363068,
            744728359409372
          ],
          [
            744728359250822,
            744728359289188
          ],
          [
            744728359250661,
            744728359298751
          ]
        ],
        "start_record_envelope_span_ns": 158828,
        "variant": 1
      },
      {
        "collective_only": {
          "local_ms": 0.043168000876903534,
          "rank_max_ms": 0.050783999264240265,
          "rank_ms": [
            0.043168000876903534,
            0.04447999969124794,
            0.050783999264240265,
            0.04044799879193306
          ]
        },
        "pair_attempt_id": 50,
        "pair_retry_ordinal": 1,
        "position": 0,
        "readiness_probe_exact": true,
        "ready_region": {
          "local_ms": 0.20019200444221497,
          "rank_max_ms": 0.20764799416065216,
          "rank_ms": [
            0.20019200444221497,
            0.20390400290489197,
            0.1918720006942749,
            0.20764799416065216
          ]
        },
        "sample_index": 47,
        "scheduled_start_arrival_ns_by_rank": [
          744728376859199,
          744728376777616,
          744728376807534,
          744728376858462
        ],
        "scheduled_start_target_ns_by_rank": [
          744728381859199,
          744728381859199,
          744728381859199,
          744728381859199
        ],
        "start_record_bracket_ns_by_rank": [
          [
            744728381860330,
            744728381906947
          ],
          [
            744728381860225,
            744728381906168
          ],
          [
            744728381860442,
            744728381899764
          ],
          [
            744728381860708,
            744728381908639
          ]
        ],
        "start_record_envelope_span_ns": 48414,
        "variant": 1
      },
      {
        "collective_only": {
          "local_ms": 0.040832001715898514,
          "rank_max_ms": 0.04960000142455101,
          "rank_ms": [
            0.040832001715898514,
            0.041728001087903976,
            0.04960000142455101,
            0.039103999733924866
          ]
        },
        "pair_attempt_id": 51,
        "pair_retry_ordinal": 0,
        "position": 0,
        "readiness_probe_exact": true,
        "ready_region": {
          "local_ms": 0.20975999534130096,
          "rank_max_ms": 0.20975999534130096,
          "rank_ms": [
            0.20975999534130096,
            0.20947200059890747,
            0.20339199900627136,
            0.2048639953136444
          ]
        },
        "sample_index": 48,
        "scheduled_start_arrival_ns_by_rank": [
          744728387889832,
          744728387719522,
          744728387475345,
          744728387768485
        ],
        "scheduled_start_target_ns_by_rank": [
          744728392889832,
          744728392889832,
          744728392889832,
          744728392889832
        ],
        "start_record_bracket_ns_by_rank": [
          [
            744728392890537,
            744728392935750
          ],
          [
            744728392890643,
            744728392935579
          ],
          [
            744728392890510,
            744728392928947
          ],
          [
            744728392890735,
            744728392936706
          ]
        ],
        "start_record_envelope_span_ns": 46196,
        "variant": 0
      },
      {
        "collective_only": {
          "local_ms": 0.03680000081658363,
          "rank_max_ms": 0.045632001012563705,
          "rank_ms": [
            0.03680000081658363,
            0.04118400067090988,
            0.045632001012563705,
            0.03840000182390213
          ]
        },
        "pair_attempt_id": 52,
        "pair_retry_ordinal": 0,
        "position": 0,
        "readiness_probe_exact": true,
        "ready_region": {
          "local_ms": 0.15673600137233734,
          "rank_max_ms": 0.15887999534606934,
          "rank_ms": [
            0.15673600137233734,
            0.14591999351978302,
            0.14985600113868713,
            0.15887999534606934
          ]
        },
        "sample_index": 49,
        "scheduled_start_arrival_ns_by_rank": [
          744728398352475,
          744728398288948,
          744728397969993,
          744728398351347
        ],
        "scheduled_start_target_ns_by_rank": [
          744728403352475,
          744728403352475,
          744728403352475,
          744728403352475
        ],
        "start_record_bracket_ns_by_rank": [
          [
            744728403353411,
            744728403393271
          ],
          [
            744728403353461,
            744728403389315
          ],
          [
            744728403353311,
            744728403384506
          ],
          [
            744728403353437,
            744728403393435
          ]
        ],
        "start_record_envelope_span_ns": 40124,
        "variant": 1
      },
      {
        "collective_only": {
          "local_ms": 0.040672000497579575,
          "rank_max_ms": 0.049536000937223434,
          "rank_ms": [
            0.040672000497579575,
            0.042688000947237015,
            0.049536000937223434,
            0.038656000047922134
          ]
        },
        "pair_attempt_id": 53,
        "pair_retry_ordinal": 0,
        "position": 0,
        "readiness_probe_exact": true,
        "ready_region": {
          "local_ms": 0.16579200327396393,
          "rank_max_ms": 0.16976000368595123,
          "rank_ms": [
            0.16579200327396393,
            0.16019199788570404,
            0.16463999450206757,
            0.16976000368595123
          ]
        },
        "sample_index": 50,
        "scheduled_start_arrival_ns_by_rank": [
          744728409085692,
          744728409078039,
          744728409298924,
          744728409345292
        ],
        "scheduled_start_target_ns_by_rank": [
          744728414345292,
          744728414345292,
          744728414345292,
          744728414345292
        ],
        "start_record_bracket_ns_by_rank": [
          [
            744728414346380,
            744728414389370
          ],
          [
            744728414346282,
            744728414388003
          ],
          [
            744728414346203,
            744728414381461
          ],
          [
            744728414346316,
            744728414389898
          ]
        ],
        "start_record_envelope_span_ns": 43695,
        "variant": 0
      },
      {
        "collective_only": {
          "local_ms": 0.03654399886727333,
          "rank_max_ms": 0.04419200122356415,
          "rank_ms": [
            0.03654399886727333,
            0.035392001271247864,
            0.04419200122356415,
            0.03561599925160408
          ]
        },
        "pair_attempt_id": 54,
        "pair_retry_ordinal": 0,
        "position": 0,
        "readiness_probe_exact": true,
        "ready_region": {
          "local_ms": 0.14131200313568115,
          "rank_max_ms": 0.14281600713729858,
          "rank_ms": [
            0.14131200313568115,
            0.14115199446678162,
            0.1319040060043335,
            0.14281600713729858
          ]
        },
        "sample_index": 51,
        "scheduled_start_arrival_ns_by_rank": [
          744728418634625,
          744728418262886,
          744728418575328,
          744728418590119
        ],
        "scheduled_start_target_ns_by_rank": [
          744728423634625,
          744728423634625,
          744728423634625,
          744728423634625
        ],
        "start_record_bracket_ns_by_rank": [
          [
            744728423635472,
            744728423671569
          ],
          [
            744728423635411,
            744728423670692
          ],
          [
            744728423635622,
            744728423662602
          ],
          [
            744728423635457,
            744728423671777
          ]
        ],
        "start_record_envelope_span_ns": 36366,
        "variant": 1
      },
      {
        "collective_only": {
          "local_ms": 0.039103999733924866,
          "rank_max_ms": 0.04822399839758873,
          "rank_ms": [
            0.039103999733924866,
            0.038015998899936676,
            0.04822399839758873,
            0.03872000053524971
          ]
        },
        "pair_attempt_id": 55,
        "pair_retry_ordinal": 0,
        "position": 0,
        "readiness_probe_exact": true,
        "ready_region": {
          "local_ms": 0.17555199563503265,
          "rank_max_ms": 0.18409599363803864,
          "rank_ms": [
            0.17555199563503265,
            0.1736000031232834,
            0.15855999290943146,
            0.18409599363803864
          ]
        },
        "sample_index": 52,
        "scheduled_start_arrival_ns_by_rank": [
          744728427896665,
          744728427904573,
          744728427753701,
          744728428033396
        ],
        "scheduled_start_target_ns_by_rank": [
          744728433033396,
          744728433033396,
          744728433033396,
          744728433033396
        ],
        "start_record_bracket_ns_by_rank": [
          [
            744728433034255,
            744728433074119
          ],
          [
            744728433034425,
            744728433073340
          ],
          [
            744728433034236,
            744728433063785
          ],
          [
            744728433034371,
            744728433074575
          ]
        ],
        "start_record_envelope_span_ns": 40339,
        "variant": 0
      },
      {
        "collective_only": {
          "local_ms": 0.036639999598264694,
          "rank_max_ms": 0.11222399771213531,
          "rank_ms": [
            0.036639999598264694,
            0.11190400272607803,
            0.10665600001811981,
            0.11222399771213531
          ]
        },
        "pair_attempt_id": 56,
        "pair_retry_ordinal": 0,
        "position": 0,
        "readiness_probe_exact": true,
        "ready_region": {
          "local_ms": 0.16467200219631195,
          "rank_max_ms": 0.16521599888801575,
          "rank_ms": [
            0.16467200219631195,
            0.16521599888801575,
            0.16259199380874634,
            0.15849600732326508
          ]
        },
        "sample_index": 53,
        "scheduled_start_arrival_ns_by_rank": [
          744728438533483,
          744728438652544,
          744728438252921,
          744728438510290
        ],
        "scheduled_start_target_ns_by_rank": [
          744728443652544,
          744728443652544,
          744728443652544,
          744728443652544
        ],
        "start_record_bracket_ns_by_rank": [
          [
            744728443725299,
            744728443768821
          ],
          [
            744728443653399,
            744728443695743
          ],
          [
            744728443665279,
            744728443700410
          ],
          [
            744728443653403,
            744728443696089
          ]
        ],
        "start_record_envelope_span_ns": 115422,
        "variant": 1
      },
      {
        "collective_only": {
          "local_ms": 0.042080000042915344,
          "rank_max_ms": 0.05071999877691269,
          "rank_ms": [
            0.042080000042915344,
            0.04588799923658371,
            0.05071999877691269,
            0.04297599941492081
          ]
        },
        "pair_attempt_id": 57,
        "pair_retry_ordinal": 0,
        "position": 0,
        "readiness_probe_exact": true,
        "ready_region": {
          "local_ms": 0.18012799322605133,
          "rank_max_ms": 0.18220800161361694,
          "rank_ms": [
            0.18012799322605133,
            0.16777600347995758,
            0.17907199263572693,
            0.18220800161361694
          ]
        },
        "sample_index": 54,
        "scheduled_start_arrival_ns_by_rank": [
          744728448702966,
          744728448352801,
          744728448127389,
          744728448311758
        ],
        "scheduled_start_target_ns_by_rank": [
          744728453702966,
          744728453702966,
          744728453702966,
          744728453702966
        ],
        "start_record_bracket_ns_by_rank": [
          [
            744728453704165,
            744728453752440
          ],
          [
            744728453704159,
            744728453747456
          ],
          [
            744728453704158,
            744728453743213
          ],
          [
            744728453704078,
            744728453752510
          ]
        ],
        "start_record_envelope_span_ns": 48432,
        "variant": 0
      },
      {
        "collective_only": {
          "local_ms": 0.05385600030422211,
          "rank_max_ms": 0.06694400310516357,
          "rank_ms": [
            0.05385600030422211,
            0.059647999703884125,
            0.06694400310516357,
            0.052352000027894974
          ]
        },
        "pair_attempt_id": 58,
        "pair_retry_ordinal": 0,
        "position": 0,
        "readiness_probe_exact": true,
        "ready_region": {
          "local_ms": 0.1964160054922104,
          "rank_max_ms": 0.2377600073814392,
          "rank_ms": [
            0.1964160054922104,
            0.19142399728298187,
            0.1937279999256134,
            0.2377600073814392
          ]
        },
        "sample_index": 55,
        "scheduled_start_arrival_ns_by_rank": [
          744728460253085,
          744728460178076,
          744728460287422,
          744728460431760
        ],
        "scheduled_start_target_ns_by_rank": [
          744728465431760,
          744728465431760,
          744728465431760,
          744728465431760
        ],
        "start_record_bracket_ns_by_rank": [
          [
            744728465432745,
            744728465485838
          ],
          [
            744728465433102,
            744728465482911
          ],
          [
            744728465432871,
            744728465476910
          ],
          [
            744728465433093,
            744728465493745
          ]
        ],
        "start_record_envelope_span_ns": 61000,
        "variant": 1
      },
      {
        "collective_only": {
          "local_ms": 0.04303999990224838,
          "rank_max_ms": 0.056223999708890915,
          "rank_ms": [
            0.04303999990224838,
            0.053247999399900436,
            0.056223999708890915,
            0.047359999269247055
          ]
        },
        "pair_attempt_id": 59,
        "pair_retry_ordinal": 0,
        "position": 0,
        "readiness_probe_exact": true,
        "ready_region": {
          "local_ms": 0.20006400346755981,
          "rank_max_ms": 0.20006400346755981,
          "rank_ms": [
            0.20006400346755981,
            0.15904000401496887,
            0.19075199961662292,
            0.18716800212860107
          ]
        },
        "sample_index": 56,
        "scheduled_start_arrival_ns_by_rank": [
          744728470273775,
          744728470157380,
          744728470173201,
          744728470180072
        ],
        "scheduled_start_target_ns_by_rank": [
          744728475273775,
          744728475273775,
          744728475273775,
          744728475273775
        ],
        "start_record_bracket_ns_by_rank": [
          [
            744728475274760,
            744728475327734
          ],
          [
            744728475274739,
            744728475318986
          ],
          [
            744728475274756,
            744728475316163
          ],
          [
            744728475274959,
            744728475323667
          ]
        ],
        "start_record_envelope_span_ns": 52995,
        "variant": 0
      },
      {
        "collective_only": {
          "local_ms": 0.04179200157523155,
          "rank_max_ms": 0.0522879995405674,
          "rank_ms": [
            0.04179200157523155,
            0.04092799872159958,
            0.0522879995405674,
            0.04435199871659279
          ]
        },
        "pair_attempt_id": 60,
        "pair_retry_ordinal": 0,
        "position": 0,
        "readiness_probe_exact": true,
        "ready_region": {
          "local_ms": 0.20537599921226501,
          "rank_max_ms": 0.208639994263649,
          "rank_ms": [
            0.20537599921226501,
            0.19881600141525269,
            0.19840000569820404,
            0.208639994263649
          ]
        },
        "sample_index": 57,
        "scheduled_start_arrival_ns_by_rank": [
          744728481738340,
          744728481854086,
          744728481184630,
          744728481273480
        ],
        "scheduled_start_target_ns_by_rank": [
          744728486854086,
          744728486854086,
          744728486854086,
          744728486854086
        ],
        "start_record_bracket_ns_by_rank": [
          [
            744728486855005,
            744728486902385
          ],
          [
            744728486855426,
            744728486902698
          ],
          [
            744728486855151,
            744728486892986
          ],
          [
            744728486854901,
            744728486900954
          ]
        ],
        "start_record_envelope_span_ns": 47797,
        "variant": 1
      },
      {
        "collective_only": {
          "local_ms": 0.04224000126123428,
          "rank_max_ms": 0.05500800162553787,
          "rank_ms": [
            0.04224000126123428,
            0.04867200180888176,
            0.05500800162553787,
            0.048608001321554184
          ]
        },
        "pair_attempt_id": 61,
        "pair_retry_ordinal": 0,
        "position": 0,
        "readiness_probe_exact": true,
        "ready_region": {
          "local_ms": 0.19791999459266663,
          "rank_max_ms": 0.2006399929523468,
          "rank_ms": [
            0.19791999459266663,
            0.18476800620555878,
            0.2006399929523468,
            0.18403199315071106
          ]
        },
        "sample_index": 58,
        "scheduled_start_arrival_ns_by_rank": [
          744728492305467,
          744728492114437,
          744728492177151,
          744728492234839
        ],
        "scheduled_start_target_ns_by_rank": [
          744728497305467,
          744728497305467,
          744728497305467,
          744728497305467
        ],
        "start_record_bracket_ns_by_rank": [
          [
            744728497306647,
            744728497359078
          ],
          [
            744728497306547,
            744728497355355
          ],
          [
            744728497306666,
            744728497350251
          ],
          [
            744728497306461,
            744728497356121
          ]
        ],
        "start_record_envelope_span_ns": 52617,
        "variant": 0
      },
      {
        "collective_only": {
          "local_ms": 0.039583999663591385,
          "rank_max_ms": 0.0490880012512207,
          "rank_ms": [
            0.039583999663591385,
            0.0414079986512661,
            0.0490880012512207,
            0.0395519994199276
          ]
        },
        "pair_attempt_id": 62,
        "pair_retry_ordinal": 0,
        "position": 0,
        "readiness_probe_exact": true,
        "ready_region": {
          "local_ms": 0.1581439971923828,
          "rank_max_ms": 0.1581439971923828,
          "rank_ms": [
            0.1581439971923828,
            0.15193599462509155,
            0.15087999403476715,
            0.15724800527095795
          ]
        },
        "sample_index": 59,
        "scheduled_start_arrival_ns_by_rank": [
          744728503990494,
          744728504319124,
          744728503588296,
          744728503474260
        ],
        "scheduled_start_target_ns_by_rank": [
          744728509319124,
          744728509319124,
          744728509319124,
          744728509319124
        ],
        "start_record_bracket_ns_by_rank": [
          [
            744728509320243,
            744728509363386
          ],
          [
            744728509320467,
            744728509361074
          ],
          [
            744728509320274,
            744728509354987
          ],
          [
            744728509320159,
            744728509364088
          ]
        ],
        "start_record_envelope_span_ns": 43929,
        "variant": 1
      },
      {
        "collective_only": {
          "local_ms": 0.03814399987459183,
          "rank_max_ms": 0.04831999912858009,
          "rank_ms": [
            0.03814399987459183,
            0.044704001396894455,
            0.04831999912858009,
            0.04383999854326248
          ]
        },
        "pair_attempt_id": 63,
        "pair_retry_ordinal": 0,
        "position": 0,
        "readiness_probe_exact": true,
        "ready_region": {
          "local_ms": 0.1793919950723648,
          "rank_max_ms": 0.18095999956130981,
          "rank_ms": [
            0.1793919950723648,
            0.16947199404239655,
            0.18095999956130981,
            0.17126399278640747
          ]
        },
        "sample_index": 60,
        "scheduled_start_arrival_ns_by_rank": [
          744728514421146,
          744728514491055,
          744728514267309,
          744728514326711
        ],
        "scheduled_start_target_ns_by_rank": [
          744728519491055,
          744728519491055,
          744728519491055,
          744728519491055
        ],
        "start_record_bracket_ns_by_rank": [
          [
            744728519492163,
            744728519539851
          ],
          [
            744728519491899,
            744728519535526
          ],
          [
            744728519492283,
            744728519531731
          ],
          [
            744728519492141,
            744728519536481
          ]
        ],
        "start_record_envelope_span_ns": 47952,
        "variant": 0
      },
      {
        "collective_only": {
          "local_ms": 0.0416640006005764,
          "rank_max_ms": 0.05804799869656563,
          "rank_ms": [
            0.0416640006005764,
            0.048128001391887665,
            0.05804799869656563,
            0.04224000126123428
          ]
        },
        "pair_attempt_id": 64,
        "pair_retry_ordinal": 0,
        "position": 0,
        "readiness_probe_exact": true,
        "ready_region": {
          "local_ms": 0.19487999379634857,
          "rank_max_ms": 0.20112000405788422,
          "rank_ms": [
            0.19487999379634857,
            0.20112000405788422,
            0.18134400248527527,
            0.1987839937210083
          ]
        },
        "sample_index": 61,
        "scheduled_start_arrival_ns_by_rank": [
          744728525491468,
          744728525383317,
          744728525141846,
          744728525382573
        ],
        "scheduled_start_target_ns_by_rank": [
          744728530491468,
          744728530491468,
          744728530491468,
          744728530491468
        ],
        "start_record_bracket_ns_by_rank": [
          [
            744728530492833,
            744728530545287
          ],
          [
            744728530492819,
            744728530542469
          ],
          [
            744728530492447,
            744728530533191
          ],
          [
            744728530492747,
            744728530547296
          ]
        ],
        "start_record_envelope_span_ns": 54849,
        "variant": 1
      },
      {
        "collective_only": {
          "local_ms": 0.0451200008392334,
          "rank_max_ms": 0.05593600124120712,
          "rank_ms": [
            0.0451200008392334,
            0.04793599992990494,
            0.05593600124120712,
            0.04598399996757507
          ]
        },
        "pair_attempt_id": 65,
        "pair_retry_ordinal": 0,
        "position": 0,
        "readiness_probe_exact": true,
        "ready_region": {
          "local_ms": 0.19843199849128723,
          "rank_max_ms": 0.20924800634384155,
          "rank_ms": [
            0.19843199849128723,
            0.19142399728298187,
            0.20924800634384155,
            0.20147199928760529
          ]
        },
        "sample_index": 62,
        "scheduled_start_arrival_ns_by_rank": [
          744728536297442,
          744728536222693,
          744728536115164,
          744728536263302
        ],
        "scheduled_start_target_ns_by_rank": [
          744728541297442,
          744728541297442,
          744728541297442,
          744728541297442
        ],
        "start_record_bracket_ns_by_rank": [
          [
            744728541298887,
            744728541351650
          ],
          [
            744728541298545,
            744728541349935
          ],
          [
            744728541298429,
            744728541354917
          ],
          [
            744728541298909,
            744728541352397
          ]
        ],
        "start_record_envelope_span_ns": 56488,
        "variant": 0
      },
      {
        "collective_only": {
          "local_ms": 0.040063999593257904,
          "rank_max_ms": 0.047807998955249786,
          "rank_ms": [
            0.040063999593257904,
            0.04224000126123428,
            0.047807998955249786,
            0.03622400015592575
          ]
        },
        "pair_attempt_id": 66,
        "pair_retry_ordinal": 0,
        "position": 0,
        "readiness_probe_exact": true,
        "ready_region": {
          "local_ms": 0.18192000687122345,
          "rank_max_ms": 0.18457600474357605,
          "rank_ms": [
            0.18192000687122345,
            0.17340800166130066,
            0.1687680035829544,
            0.18457600474357605
          ]
        },
        "sample_index": 63,
        "scheduled_start_arrival_ns_by_rank": [
          744728546518226,
          744728546851092,
          744728546470979,
          744728546535298
        ],
        "scheduled_start_target_ns_by_rank": [
          744728551851092,
          744728551851092,
          744728551851092,
          744728551851092
        ],
        "start_record_bracket_ns_by_rank": [
          [
            744728551852166,
            744728551892817
          ],
          [
            744728551852204,
            744728551889485
          ],
          [
            744728551851978,
            744728551883318
          ],
          [
            744728551852232,
            744728551894221
          ]
        ],
        "start_record_envelope_span_ns": 42243,
        "variant": 1
      },
      {
        "collective_only": {
          "local_ms": 0.050592001527547836,
          "rank_max_ms": 0.06579200178384781,
          "rank_ms": [
            0.050592001527547836,
            0.05411199852824211,
            0.06579200178384781,
            0.05548800155520439
          ]
        },
        "pair_attempt_id": 67,
        "pair_retry_ordinal": 0,
        "position": 0,
        "readiness_probe_exact": true,
        "ready_region": {
          "local_ms": 0.18086400628089905,
          "rank_max_ms": 0.18377600610256195,
          "rank_ms": [
            0.18086400628089905,
            0.18377600610256195,
            0.17529599368572235,
            0.17318400740623474
          ]
        },
        "sample_index": 64,
        "scheduled_start_arrival_ns_by_rank": [
          744728556990902,
          744728557135914,
          744728556903045,
          744728556931554
        ],
        "scheduled_start_target_ns_by_rank": [
          744728562135914,
          744728562135914,
          744728562135914,
          744728562135914
        ],
        "start_record_bracket_ns_by_rank": [
          [
            744728562137122,
            744728562181737
          ],
          [
            744728562136967,
            744728562179689
          ],
          [
            744728562136717,
            744728562168758
          ],
          [
            744728562137214,
            744728562177946
          ]
        ],
        "start_record_envelope_span_ns": 45020,
        "variant": 0
      },
      {
        "collective_only": {
          "local_ms": 0.040511999279260635,
          "rank_max_ms": 0.06934399902820587,
          "rank_ms": [
            0.040511999279260635,
            0.04524800181388855,
            0.06934399902820587,
            0.05152000114321709
          ]
        },
        "pair_attempt_id": 68,
        "pair_retry_ordinal": 0,
        "position": 0,
        "readiness_probe_exact": true,
        "ready_region": {
          "local_ms": 0.20492799580097198,
          "rank_max_ms": 0.20492799580097198,
          "rank_ms": [
            0.20492799580097198,
            0.20239999890327454,
            0.19180800020694733,
            0.1711679995059967
          ]
        },
        "sample_index": 65,
        "scheduled_start_arrival_ns_by_rank": [
          744728567956095,
          744728567719162,
          744728567776086,
          744728567662183
        ],
        "scheduled_start_target_ns_by_rank": [
          744728572956095,
          744728572956095,
          744728572956095,
          744728572956095
        ],
        "start_record_bracket_ns_by_rank": [
          [
            744728572957130,
            744728573022027
          ],
          [
            744728572957192,
            744728573018671
          ],
          [
            744728572957234,
            744728572995493
          ],
          [
            744728572957107,
            744728573015385
          ]
        ],
        "start_record_envelope_span_ns": 64920,
        "variant": 1
      },
      {
        "collective_only": {
          "local_ms": 0.03558399900794029,
          "rank_max_ms": 0.047488000243902206,
          "rank_ms": [
            0.03558399900794029,
            0.040511999279260635,
            0.047488000243902206,
            0.037087999284267426
          ]
        },
        "pair_attempt_id": 69,
        "pair_retry_ordinal": 0,
        "position": 0,
        "readiness_probe_exact": true,
        "ready_region": {
          "local_ms": 0.16115200519561768,
          "rank_max_ms": 0.16704000532627106,
          "rank_ms": [
            0.16115200519561768,
            0.1613759994506836,
            0.16704000532627106,
            0.16476799547672272
          ]
        },
        "sample_index": 66,
        "scheduled_start_arrival_ns_by_rank": [
          744728580216974,
          744728579810480,
          744728580290259,
          744728580546048
        ],
        "scheduled_start_target_ns_by_rank": [
          744728585546048,
          744728585546048,
          744728585546048,
          744728585546048
        ],
        "start_record_bracket_ns_by_rank": [
          [
            744728585546807,
            744728585590164
          ],
          [
            744728585546867,
            744728585588525
          ],
          [
            744728585546970,
            744728585582186
          ],
          [
            744728585546906,
            744728585590205
          ]
        ],
        "start_record_envelope_span_ns": 43398,
        "variant": 0
      },
      {
        "collective_only": {
          "local_ms": 0.04729599878191948,
          "rank_max_ms": 0.05552000179886818,
          "rank_ms": [
            0.04729599878191948,
            0.04185599833726883,
            0.05552000179886818,
            0.04992000013589859
          ]
        },
        "pair_attempt_id": 70,
        "pair_retry_ordinal": 0,
        "position": 0,
        "readiness_probe_exact": true,
        "ready_region": {
          "local_ms": 0.17980800569057465,
          "rank_max_ms": 0.20819200575351715,
          "rank_ms": [
            0.17980800569057465,
            0.20819200575351715,
            0.1679999977350235,
            0.17129600048065186
          ]
        },
        "sample_index": 67,
        "scheduled_start_arrival_ns_by_rank": [
          744728591828166,
          744728591803681,
          744728591751252,
          744728591697091
        ],
        "scheduled_start_target_ns_by_rank": [
          744728596828166,
          744728596828166,
          744728596828166,
          744728596828166
        ],
        "start_record_bracket_ns_by_rank": [
          [
            744728596829088,
            744728596870732
          ],
          [
            744728596829679,
            744728596874459
          ],
          [
            744728596829208,
            744728596860643
          ],
          [
            744728596828840,
            744728596866314
          ]
        ],
        "start_record_envelope_span_ns": 45619,
        "variant": 1
      },
      {
        "collective_only": {
          "local_ms": 0.039583999663591385,
          "rank_max_ms": 0.04806400090456009,
          "rank_ms": [
            0.039583999663591385,
            0.038047999143600464,
            0.04806400090456009,
            0.036607999354600906
          ]
        },
        "pair_attempt_id": 71,
        "pair_retry_ordinal": 0,
        "position": 0,
        "readiness_probe_exact": true,
        "ready_region": {
          "local_ms": 0.17580799758434296,
          "rank_max_ms": 0.17628799378871918,
          "rank_ms": [
            0.17580799758434296,
            0.17484800517559052,
            0.16035200655460358,
            0.17628799378871918
          ]
        },
        "sample_index": 68,
        "scheduled_start_arrival_ns_by_rank": [
          744728603051093,
          744728603057638,
          744728602840590,
          744728603054969
        ],
        "scheduled_start_target_ns_by_rank": [
          744728608057638,
          744728608057638,
          744728608057638,
          744728608057638
        ],
        "start_record_bracket_ns_by_rank": [
          [
            744728608058610,
            744728608097858
          ],
          [
            744728608058666,
            744728608098526
          ],
          [
            744728608058528,
            744728608088178
          ],
          [
            744728608058738,
            744728608099314
          ]
        ],
        "start_record_envelope_span_ns": 40786,
        "variant": 0
      },
      {
        "collective_only": {
          "local_ms": 0.04972799867391586,
          "rank_max_ms": 0.055904000997543335,
          "rank_ms": [
            0.04972799867391586,
            0.04108799993991852,
            0.055904000997543335,
            0.04287999868392944
          ]
        },
        "pair_attempt_id": 72,
        "pair_retry_ordinal": 0,
        "position": 0,
        "readiness_probe_exact": true,
        "ready_region": {
          "local_ms": 0.1700800061225891,
          "rank_max_ms": 0.2152000069618225,
          "rank_ms": [
            0.1700800061225891,
            0.18908800184726715,
            0.20150400698184967,
            0.2152000069618225
          ]
        },
        "sample_index": 69,
        "scheduled_start_arrival_ns_by_rank": [
          744728613915410,
          744728613993668,
          744728613754608,
          744728613799648
        ],
        "scheduled_start_target_ns_by_rank": [
          744728618993668,
          744728618993668,
          744728618993668,
          744728618993668
        ],
        "start_record_bracket_ns_by_rank": [
          [
            744728618994178,
            744728619047359
          ],
          [
            744728618994713,
            744728619057863
          ],
          [
            744728618994821,
            744728619044078
          ],
          [
            744728618994658,
            744728619055973
          ]
        ],
        "start_record_envelope_span_ns": 63685,
        "variant": 1
      },
      {
        "collective_only": {
          "local_ms": 0.036768000572919846,
          "rank_max_ms": 0.08140800148248672,
          "rank_ms": [
            0.036768000572919846,
            0.07119999825954437,
            0.08140800148248672,
            0.06988800317049026
          ]
        },
        "pair_attempt_id": 73,
        "pair_retry_ordinal": 0,
        "position": 0,
        "readiness_probe_exact": true,
        "ready_region": {
          "local_ms": 0.1640319973230362,
          "rank_max_ms": 0.1640319973230362,
          "rank_ms": [
            0.1640319973230362,
            0.16249600052833557,
            0.15945599973201752,
            0.16332800686359406
          ]
        },
        "sample_index": 70,
        "scheduled_start_arrival_ns_by_rank": [
          744728624549156,
          744728624549409,
          744728624413696,
          744728624416830
        ],
        "scheduled_start_target_ns_by_rank": [
          744728629549409,
          744728629549409,
          744728629549409,
          744728629549409
        ],
        "start_record_bracket_ns_by_rank": [
          [
            744728629581682,
            744728629625199
          ],
          [
            744728629550316,
            744728629591917
          ],
          [
            744728629550375,
            744728629582839
          ],
          [
            744728629550426,
            744728629594070
          ]
        ],
        "start_record_envelope_span_ns": 74883,
        "variant": 0
      },
      {
        "collective_only": {
          "local_ms": 0.054368000477552414,
          "rank_max_ms": 0.06592000275850296,
          "rank_ms": [
            0.054368000477552414,
            0.05552000179886818,
            0.06592000275850296,
            0.04102399945259094
          ]
        },
        "pair_attempt_id": 74,
        "pair_retry_ordinal": 0,
        "position": 0,
        "readiness_probe_exact": true,
        "ready_region": {
          "local_ms": 0.1963520050048828,
          "rank_max_ms": 0.1963520050048828,
          "rank_ms": [
            0.1963520050048828,
            0.18697600066661835,
            0.1950400024652481,
            0.18943999707698822
          ]
        },
        "sample_index": 71,
        "scheduled_start_arrival_ns_by_rank": [
          744728635969740,
          744728635918866,
          744728635588395,
          744728636163881
        ],
        "scheduled_start_target_ns_by_rank": [
          744728641163881,
          744728641163881,
          744728641163881,
          744728641163881
        ],
        "start_record_bracket_ns_by_rank": [
          [
            744728641164887,
            744728641235895
          ],
          [
            744728641165353,
            744728641235253
          ],
          [
            744728641165019,
            744728641225193
          ],
          [
            744728641164971,
            744728641246768
          ]
        ],
        "start_record_envelope_span_ns": 81881,
        "variant": 1
      },
      {
        "collective_only": {
          "local_ms": 0.043616000562906265,
          "rank_max_ms": 0.05084799975156784,
          "rank_ms": [
            0.043616000562906265,
            0.04131200164556503,
            0.05084799975156784,
            0.03782400116324425
          ]
        },
        "pair_attempt_id": 75,
        "pair_retry_ordinal": 0,
        "position": 0,
        "readiness_probe_exact": true,
        "ready_region": {
          "local_ms": 0.15756799280643463,
          "rank_max_ms": 0.16940799355506897,
          "rank_ms": [
            0.15756799280643463,
            0.16940799355506897,
            0.1565759927034378,
            0.16739200055599213
          ]
        },
        "sample_index": 72,
        "scheduled_start_arrival_ns_by_rank": [
          744728647479244,
          744728647432387,
          744728647094797,
          744728647450361
        ],
        "scheduled_start_target_ns_by_rank": [
          744728652479244,
          744728652479244,
          744728652479244,
          744728652479244
        ],
        "start_record_bracket_ns_by_rank": [
          [
            744728652480299,
            744728652520334
          ],
          [
            744728652480367,
            744728652522851
          ],
          [
            744728652480341,
            744728652513229
          ],
          [
            744728652480399,
            744728652524695
          ]
        ],
        "start_record_envelope_span_ns": 44396,
        "variant": 0
      },
      {
        "collective_only": {
          "local_ms": 0.03776000067591667,
          "rank_max_ms": 0.045184001326560974,
          "rank_ms": [
            0.03776000067591667,
            0.039712000638246536,
            0.045184001326560974,
            0.03763199970126152
          ]
        },
        "pair_attempt_id": 76,
        "pair_retry_ordinal": 0,
        "position": 0,
        "readiness_probe_exact": true,
        "ready_region": {
          "local_ms": 0.15625600516796112,
          "rank_max_ms": 0.1582079976797104,
          "rank_ms": [
            0.15625600516796112,
            0.15558399260044098,
            0.15600000321865082,
            0.1582079976797104
          ]
        },
        "sample_index": 73,
        "scheduled_start_arrival_ns_by_rank": [
          744728658599325,
          744728658739318,
          744728657973607,
          744728658792612
        ],
        "scheduled_start_target_ns_by_rank": [
          744728663792612,
          744728663792612,
          744728663792612,
          744728663792612
        ],
        "start_record_bracket_ns_by_rank": [
          [
            744728663793809,
            744728663834592
          ],
          [
            744728663793671,
            744728663832006
          ],
          [
            744728663793600,
            744728663828140
          ],
          [
            744728663793583,
            744728663835308
          ]
        ],
        "start_record_envelope_span_ns": 41725,
        "variant": 1
      },
      {
        "collective_only": {
          "local_ms": 0.03776000067591667,
          "rank_max_ms": 0.05008000135421753,
          "rank_ms": [
            0.03776000067591667,
            0.04163200035691261,
            0.05008000135421753,
            0.037248000502586365
          ]
        },
        "pair_attempt_id": 77,
        "pair_retry_ordinal": 0,
        "position": 0,
        "readiness_probe_exact": true,
        "ready_region": {
          "local_ms": 0.15884800255298615,
          "rank_max_ms": 0.15990400314331055,
          "rank_ms": [
            0.15884800255298615,
            0.14739200472831726,
            0.1515520066022873,
            0.15990400314331055
          ]
        },
        "sample_index": 74,
        "scheduled_start_arrival_ns_by_rank": [
          744728669220743,
          744728669448521,
          744728669346489,
          744728669442273
        ],
        "scheduled_start_target_ns_by_rank": [
          744728674448521,
          744728674448521,
          744728674448521,
          744728674448521
        ],
        "start_record_bracket_ns_by_rank": [
          [
            744728674449581,
            744728674491258
          ],
          [
            744728674449585,
            744728674487846
          ],
          [
            744728674449520,
            744728674480242
          ],
          [
            744728674449552,
            744728674490955
          ]
        ],
        "start_record_envelope_span_ns": 41738,
        "variant": 0
      },
      {
        "collective_only": {
          "local_ms": 0.03766399994492531,
          "rank_max_ms": 0.04556800052523613,
          "rank_ms": [
            0.03766399994492531,
            0.03993599861860275,
            0.04556800052523613,
            0.03516799956560135
          ]
        },
        "pair_attempt_id": 78,
        "pair_retry_ordinal": 0,
        "position": 0,
        "readiness_probe_exact": true,
        "ready_region": {
          "local_ms": 0.17475199699401855,
          "rank_max_ms": 0.17667199671268463,
          "rank_ms": [
            0.17475199699401855,
            0.1669120043516159,
            0.17667199671268463,
            0.17401599884033203
          ]
        },
        "sample_index": 75,
        "scheduled_start_arrival_ns_by_rank": [
          744728678839009,
          744728678604577,
          744728678708537,
          744728678849122
        ],
        "scheduled_start_target_ns_by_rank": [
          744728683849122,
          744728683849122,
          744728683849122,
          744728683849122
        ],
        "start_record_bracket_ns_by_rank": [
          [
            744728683850052,
            744728683889485
          ],
          [
            744728683850188,
            744728683886776
          ],
          [
            744728683850019,
            744728683882694
          ],
          [
            744728683849976,
            744728683890415
          ]
        ],
        "start_record_envelope_span_ns": 40439,
        "variant": 1
      },
      {
        "collective_only": {
          "local_ms": 0.0424639992415905,
          "rank_max_ms": 0.04966399818658829,
          "rank_ms": [
            0.0424639992415905,
            0.0459199994802475,
            0.04966399818658829,
            0.04281599819660187
          ]
        },
        "pair_attempt_id": 79,
        "pair_retry_ordinal": 0,
        "position": 0,
        "readiness_probe_exact": true,
        "ready_region": {
          "local_ms": 0.1547520011663437,
          "rank_max_ms": 0.20739200711250305,
          "rank_ms": [
            0.1547520011663437,
            0.20739200711250305,
            0.15411199629306793,
            0.15942400693893433
          ]
        },
        "sample_index": 76,
        "scheduled_start_arrival_ns_by_rank": [
          744728689364004,
          744728689363409,
          744728688933446,
          744728689439848
        ],
        "scheduled_start_target_ns_by_rank": [
          744728694439848,
          744728694439848,
          744728694439848,
          744728694439848
        ],
        "start_record_bracket_ns_by_rank": [
          [
            744728694440989,
            744728694480839
          ],
          [
            744728694440898,
            744728694482716
          ],
          [
            744728694440701,
            744728694473764
          ],
          [
            744728694440876,
            744728694481872
          ]
        ],
        "start_record_envelope_span_ns": 42015,
        "variant": 0
      },
      {
        "collective_only": {
          "local_ms": 0.04396799951791763,
          "rank_max_ms": 0.053408000618219376,
          "rank_ms": [
            0.04396799951791763,
            0.04569600149989128,
            0.053408000618219376,
            0.040863998234272
          ]
        },
        "pair_attempt_id": 80,
        "pair_retry_ordinal": 0,
        "position": 0,
        "readiness_probe_exact": true,
        "ready_region": {
          "local_ms": 0.23792000114917755,
          "rank_max_ms": 0.23792000114917755,
          "rank_ms": [
            0.23792000114917755,
            0.21667200326919556,
            0.20550400018692017,
            0.20153599977493286
          ]
        },
        "sample_index": 77,
        "scheduled_start_arrival_ns_by_rank": [
          744728699901344,
          744728699668807,
          744728699718600,
          744728699464478
        ],
        "scheduled_start_target_ns_by_rank": [
          744728704901344,
          744728704901344,
          744728704901344,
          744728704901344
        ],
        "start_record_bracket_ns_by_rank": [
          [
            744728704902104,
            744728704947682
          ],
          [
            744728704902281,
            744728704947037
          ],
          [
            744728704902170,
            744728704939618
          ],
          [
            744728704902393,
            744728704951094
          ]
        ],
        "start_record_envelope_span_ns": 48990,
        "variant": 1
      },
      {
        "collective_only": {
          "local_ms": 0.041919998824596405,
          "rank_max_ms": 0.055904000997543335,
          "rank_ms": [
            0.041919998824596405,
            0.05075199902057648,
            0.055904000997543335,
            0.04374400153756142
          ]
        },
        "pair_attempt_id": 81,
        "pair_retry_ordinal": 0,
        "position": 0,
        "readiness_probe_exact": true,
        "ready_region": {
          "local_ms": 0.21439999341964722,
          "rank_max_ms": 0.21439999341964722,
          "rank_ms": [
            0.21439999341964722,
            0.19628800451755524,
            0.19459199905395508,
            0.21184000372886658
          ]
        },
        "sample_index": 78,
        "scheduled_start_arrival_ns_by_rank": [
          744728710979049,
          744728710764442,
          744728710573221,
          744728710460338
        ],
        "scheduled_start_target_ns_by_rank": [
          744728715979049,
          744728715979049,
          744728715979049,
          744728715979049
        ],
        "start_record_bracket_ns_by_rank": [
          [
            744728715980157,
            744728716042967
          ],
          [
            744728715980128,
            744728716036253
          ],
          [
            744728715979965,
            744728716029787
          ],
          [
            744728715980540,
            744728716042429
          ]
        ],
        "start_record_envelope_span_ns": 63002,
        "variant": 0
      },
      {
        "collective_only": {
          "local_ms": 0.03824000060558319,
          "rank_max_ms": 0.04387199878692627,
          "rank_ms": [
            0.03824000060558319,
            0.04095999896526337,
            0.04387199878692627,
            0.036768000572919846
          ]
        },
        "pair_attempt_id": 82,
        "pair_retry_ordinal": 0,
        "position": 0,
        "readiness_probe_exact": true,
        "ready_region": {
          "local_ms": 0.16627199947834015,
          "rank_max_ms": 0.17235200107097626,
          "rank_ms": [
            0.16627199947834015,
            0.1554879993200302,
            0.17235200107097626,
            0.17078399658203125
          ]
        },
        "sample_index": 79,
        "scheduled_start_arrival_ns_by_rank": [
          744728722149995,
          744728722309305,
          744728721778308,
          744728721581321
        ],
        "scheduled_start_target_ns_by_rank": [
          744728727309305,
          744728727309305,
          744728727309305,
          744728727309305
        ],
        "start_record_bracket_ns_by_rank": [
          [
            744728727310236,
            744728727351128
          ],
          [
            744728727310458,
            744728727347518
          ],
          [
            744728727310502,
            744728727347022
          ],
          [
            744728727310283,
            744728727351942
          ]
        ],
        "start_record_envelope_span_ns": 41706,
        "variant": 1
      },
      {
        "collective_only": {
          "local_ms": 0.039872001856565475,
          "rank_max_ms": 0.04835199937224388,
          "rank_ms": [
            0.039872001856565475,
            0.043807998299598694,
            0.04835199937224388,
            0.038176000118255615
          ]
        },
        "pair_attempt_id": 83,
        "pair_retry_ordinal": 0,
        "position": 0,
        "readiness_probe_exact": true,
        "ready_region": {
          "local_ms": 0.1907840073108673,
          "rank_max_ms": 0.19417600333690643,
          "rank_ms": [
            0.1907840073108673,
            0.182559996843338,
            0.19417600333690643,
            0.19014400243759155
          ]
        },
        "sample_index": 80,
        "scheduled_start_arrival_ns_by_rank": [
          744728733854849,
          744728733831528,
          744728733707931,
          744728733405430
        ],
        "scheduled_start_target_ns_by_rank": [
          744728738854849,
          744728738854849,
          744728738854849,
          744728738854849
        ],
        "start_record_bracket_ns_by_rank": [
          [
            744728738856016,
            744728738899545
          ],
          [
            744728738855509,
            744728738895986
          ],
          [
            744728738855647,
            744728738892304
          ],
          [
            744728738855873,
            744728738900568
          ]
        ],
        "start_record_envelope_span_ns": 45059,
        "variant": 0
      },
      {
        "collective_only": {
          "local_ms": 0.03961599990725517,
          "rank_max_ms": 0.0549440011382103,
          "rank_ms": [
            0.03961599990725517,
            0.04307200014591217,
            0.0549440011382103,
            0.040863998234272
          ]
        },
        "pair_attempt_id": 84,
        "pair_retry_ordinal": 0,
        "position": 0,
        "readiness_probe_exact": true,
        "ready_region": {
          "local_ms": 0.17961600422859192,
          "rank_max_ms": 0.1804479956626892,
          "rank_ms": [
            0.17961600422859192,
            0.1780479997396469,
            0.16979199647903442,
            0.1804479956626892
          ]
        },
        "sample_index": 81,
        "scheduled_start_arrival_ns_by_rank": [
          744728743663330,
          744728743371277,
          744728743156279,
          744728743504632
        ],
        "scheduled_start_target_ns_by_rank": [
          744728748663330,
          744728748663330,
          744728748663330,
          744728748663330
        ],
        "start_record_bracket_ns_by_rank": [
          [
            744728748664352,
            744728748711167
          ],
          [
            744728748664671,
            744728748710600
          ],
          [
            744728748664583,
            744728748700288
          ],
          [
            744728748664617,
            744728748712189
          ]
        ],
        "start_record_envelope_span_ns": 47837,
        "variant": 1
      },
      {
        "collective_only": {
          "local_ms": 0.037248000502586365,
          "rank_max_ms": 0.04822399839758873,
          "rank_ms": [
            0.037248000502586365,
            0.03929600119590759,
            0.04822399839758873,
            0.034015998244285583
          ]
        },
        "pair_attempt_id": 85,
        "pair_retry_ordinal": 0,
        "position": 0,
        "readiness_probe_exact": true,
        "ready_region": {
          "local_ms": 0.15440000593662262,
          "rank_max_ms": 0.15839999914169312,
          "rank_ms": [
            0.15440000593662262,
            0.14854399859905243,
            0.1454080045223236,
            0.15839999914169312
          ]
        },
        "sample_index": 82,
        "scheduled_start_arrival_ns_by_rank": [
          744728754530579,
          744728754584629,
          744728754527428,
          744728754538089
        ],
        "scheduled_start_target_ns_by_rank": [
          744728759584629,
          744728759584629,
          744728759584629,
          744728759584629
        ],
        "start_record_bracket_ns_by_rank": [
          [
            744728759585487,
            744728759624399
          ],
          [
            744728759585783,
            744728759623743
          ],
          [
            744728759585506,
            744728759615703
          ],
          [
            744728759585689,
            744728759626203
          ]
        ],
        "start_record_envelope_span_ns": 40716,
        "variant": 0
      },
      {
        "collective_only": {
          "local_ms": 0.04825599864125252,
          "rank_max_ms": 0.060447998344898224,
          "rank_ms": [
            0.04825599864125252,
            0.04931199923157692,
            0.060447998344898224,
            0.04585599899291992
          ]
        },
        "pair_attempt_id": 86,
        "pair_retry_ordinal": 0,
        "position": 0,
        "readiness_probe_exact": true,
        "ready_region": {
          "local_ms": 0.23164799809455872,
          "rank_max_ms": 0.23164799809455872,
          "rank_ms": [
            0.23164799809455872,
            0.21932800114154816,
            0.22659200429916382,
            0.23148800432682037
          ]
        },
        "sample_index": 83,
        "scheduled_start_arrival_ns_by_rank": [
          744728764969505,
          744728764947972,
          744728764606379,
          744728764866823
        ],
        "scheduled_start_target_ns_by_rank": [
          744728769969505,
          744728769969505,
          744728769969505,
          744728769969505
        ],
        "start_record_bracket_ns_by_rank": [
          [
            744728769970731,
            744728770035673
          ],
          [
            744728769970448,
            744728770035002
          ],
          [
            744728769970461,
            744728770024670
          ],
          [
            744728769970460,
            744728770037894
          ]
        ],
        "start_record_envelope_span_ns": 67446,
        "variant": 1
      },
      {
        "collective_only": {
          "local_ms": 0.05951999872922897,
          "rank_max_ms": 0.06665600091218948,
          "rank_ms": [
            0.05951999872922897,
            0.056223999708890915,
            0.06665600091218948,
            0.05632000043988228
          ]
        },
        "pair_attempt_id": 87,
        "pair_retry_ordinal": 0,
        "position": 0,
        "readiness_probe_exact": true,
        "ready_region": {
          "local_ms": 0.18943999707698822,
          "rank_max_ms": 0.19484800100326538,
          "rank_ms": [
            0.18943999707698822,
            0.1759359985589981,
            0.18323199450969696,
            0.19484800100326538
          ]
        },
        "sample_index": 84,
        "scheduled_start_arrival_ns_by_rank": [
          744728776140533,
          744728775923005,
          744728775761390,
          744728776038109
        ],
        "scheduled_start_target_ns_by_rank": [
          744728781140533,
          744728781140533,
          744728781140533,
          744728781140533
        ],
        "start_record_bracket_ns_by_rank": [
          [
            744728781141661,
            744728781185491
          ],
          [
            744728781141568,
            744728781199376
          ],
          [
            744728781141420,
            744728781177766
          ],
          [
            744728781141537,
            744728781185790
          ]
        ],
        "start_record_envelope_span_ns": 57956,
        "variant": 0
      },
      {
        "collective_only": {
          "local_ms": 0.2710080146789551,
          "rank_max_ms": 0.27830401062965393,
          "rank_ms": [
            0.2710080146789551,
            0.06947200000286102,
            0.27830401062965393,
            0.26950401067733765
          ]
        },
        "pair_attempt_id": 88,
        "pair_retry_ordinal": 0,
        "position": 0,
        "readiness_probe_exact": true,
        "ready_region": {
          "local_ms": 0.2810879945755005,
          "rank_max_ms": 0.2882879972457886,
          "rank_ms": [
            0.2810879945755005,
            0.2401919960975647,
            0.2882879972457886,
            0.2794879972934723
          ]
        },
        "sample_index": 85,
        "scheduled_start_arrival_ns_by_rank": [
          744728786735530,
          744728786573899,
          744728786530047,
          744728786566466
        ],
        "scheduled_start_target_ns_by_rank": [
          744728791735530,
          744728791735530,
          744728791735530,
          744728791735530
        ],
        "start_record_bracket_ns_by_rank": [
          [
            744728791736341,
            744728791782591
          ],
          [
            744728791935747,
            744728791982937
          ],
          [
            744728791736362,
            744728791774194
          ],
          [
            744728791736467,
            744728791783556
          ]
        ],
        "start_record_envelope_span_ns": 246596,
        "variant": 1
      },
      {
        "collective_only": {
          "local_ms": 0.1969279944896698,
          "rank_max_ms": 0.20732800662517548,
          "rank_ms": [
            0.1969279944896698,
            0.03743999823927879,
            0.20732800662517548,
            0.20112000405788422
          ]
        },
        "pair_attempt_id": 89,
        "pair_retry_ordinal": 0,
        "position": 0,
        "readiness_probe_exact": true,
        "ready_region": {
          "local_ms": 0.20611199736595154,
          "rank_max_ms": 0.2176000028848648,
          "rank_ms": [
            0.20611199736595154,
            0.1998720020055771,
            0.2176000028848648,
            0.21107199788093567
          ]
        },
        "sample_index": 86,
        "scheduled_start_arrival_ns_by_rank": [
          744728797444484,
          744728797641649,
          744728797512276,
          744728797590733
        ],
        "scheduled_start_target_ns_by_rank": [
          744728802641649,
          744728802641649,
          744728802641649,
          744728802641649
        ],
        "start_record_bracket_ns_by_rank": [
          [
            744728802642427,
            744728802689350
          ],
          [
            744728802810601,
            744728802852214
          ],
          [
            744728802642609,
            744728802685412
          ],
          [
            744728802642732,
            744728802689953
          ]
        ],
        "start_record_envelope_span_ns": 209787,
        "variant": 0
      },
      {
        "collective_only": {
          "local_ms": 0.06137600168585777,
          "rank_max_ms": 0.07199999690055847,
          "rank_ms": [
            0.06137600168585777,
            0.06569600105285645,
            0.07199999690055847,
            0.06326399743556976
          ]
        },
        "pair_attempt_id": 90,
        "pair_retry_ordinal": 0,
        "position": 0,
        "readiness_probe_exact": true,
        "ready_region": {
          "local_ms": 0.20070399343967438,
          "rank_max_ms": 0.20367999374866486,
          "rank_ms": [
            0.20070399343967438,
            0.20367999374866486,
            0.18486399948596954,
            0.20262399315834045
          ]
        },
        "sample_index": 87,
        "scheduled_start_arrival_ns_by_rank": [
          744728808911963,
          744728808450214,
          744728808355492,
          744728809116409
        ],
        "scheduled_start_target_ns_by_rank": [
          744728814116409,
          744728814116409,
          744728814116409,
          744728814116409
        ],
        "start_record_bracket_ns_by_rank": [
          [
            744728814117453,
            744728814165498
          ],
          [
            744728814117519,
            744728814163844
          ],
          [
            744728814117521,
            744728814156498
          ],
          [
            744728814117649,
            744728814164655
          ]
        ],
        "start_record_envelope_span_ns": 48045,
        "variant": 1
      },
      {
        "collective_only": {
          "local_ms": 0.048895999789237976,
          "rank_max_ms": 0.059039998799562454,
          "rank_ms": [
            0.048895999789237976,
            0.04979199916124344,
            0.059039998799562454,
            0.04323200136423111
          ]
        },
        "pair_attempt_id": 91,
        "pair_retry_ordinal": 0,
        "position": 0,
        "readiness_probe_exact": true,
        "ready_region": {
          "local_ms": 0.1931840032339096,
          "rank_max_ms": 0.20006400346755981,
          "rank_ms": [
            0.1931840032339096,
            0.19273599982261658,
            0.1881600022315979,
            0.20006400346755981
          ]
        },
        "sample_index": 88,
        "scheduled_start_arrival_ns_by_rank": [
          744728819692171,
          744728819501429,
          744728818987603,
          744728819182408
        ],
        "scheduled_start_target_ns_by_rank": [
          744728824692171,
          744728824692171,
          744728824692171,
          744728824692171
        ],
        "start_record_bracket_ns_by_rank": [
          [
            744728824693193,
            744728824744896
          ],
          [
            744728824693366,
            744728824744412
          ],
          [
            744728824693139,
            744728824734226
          ],
          [
            744728824693671,
            744728824747360
          ]
        ],
        "start_record_envelope_span_ns": 54221,
        "variant": 0
      },
      {
        "collective_only": {
          "local_ms": 0.07916799932718277,
          "rank_max_ms": 0.07916799932718277,
          "rank_ms": [
            0.07916799932718277,
            0.0660799965262413,
            0.07593599706888199,
            0.056223999708890915
          ]
        },
        "pair_attempt_id": 92,
        "pair_retry_ordinal": 0,
        "position": 0,
        "readiness_probe_exact": true,
        "ready_region": {
          "local_ms": 0.16620799899101257,
          "rank_max_ms": 0.21731199324131012,
          "rank_ms": [
            0.16620799899101257,
            0.20095999538898468,
            0.19120000302791595,
            0.21731199324131012
          ]
        },
        "sample_index": 89,
        "scheduled_start_arrival_ns_by_rank": [
          744728829952269,
          744728829797114,
          744728830078685,
          744728830133121
        ],
        "scheduled_start_target_ns_by_rank": [
          744728835133121,
          744728835133121,
          744728835133121,
          744728835133121
        ],
        "start_record_bracket_ns_by_rank": [
          [
            744728835133570,
            744728835167437
          ],
          [
            744728835134407,
            744728835182949
          ],
          [
            744728835134153,
            744728835172412
          ],
          [
            744728835134427,
            744728835202100
          ]
        ],
        "start_record_envelope_span_ns": 68530,
        "variant": 1
      },
      {
        "collective_only": {
          "local_ms": 0.046112000942230225,
          "rank_max_ms": 0.05430399999022484,
          "rank_ms": [
            0.046112000942230225,
            0.04521600157022476,
            0.05430399999022484,
            0.04585599899291992
          ]
        },
        "pair_attempt_id": 93,
        "pair_retry_ordinal": 0,
        "position": 0,
        "readiness_probe_exact": true,
        "ready_region": {
          "local_ms": 0.1961279958486557,
          "rank_max_ms": 0.19782400131225586,
          "rank_ms": [
            0.1961279958486557,
            0.19673599302768707,
            0.19247999787330627,
            0.19782400131225586
          ]
        },
        "sample_index": 90,
        "scheduled_start_arrival_ns_by_rank": [
          744728840783215,
          744728841159308,
          744728840990590,
          744728841568032
        ],
        "scheduled_start_target_ns_by_rank": [
          744728846568032,
          744728846568032,
          744728846568032,
          744728846568032
        ],
        "start_record_bracket_ns_by_rank": [
          [
            744728846568924,
            744728846620344
          ],
          [
            744728846569227,
            744728846621550
          ],
          [
            744728846569242,
            744728846611802
          ],
          [
            744728846569142,
            744728846621109
          ]
        ],
        "start_record_envelope_span_ns": 52626,
        "variant": 0
      },
      {
        "collective_only": {
          "local_ms": 0.038176000118255615,
          "rank_max_ms": 0.09254399687051773,
          "rank_ms": [
            0.038176000118255615,
            0.08457600325345993,
            0.09254399687051773,
            0.08403199911117554
          ]
        },
        "pair_attempt_id": 94,
        "pair_retry_ordinal": 0,
        "position": 0,
        "readiness_probe_exact": true,
        "ready_region": {
          "local_ms": 0.16515199840068817,
          "rank_max_ms": 0.16515199840068817,
          "rank_ms": [
            0.16515199840068817,
            0.15663999319076538,
            0.1616639941930771,
            0.16249600052833557
          ]
        },
        "sample_index": 91,
        "scheduled_start_arrival_ns_by_rank": [
          744728853606641,
          744728853597401,
          744728852975637,
          744728853334414
        ],
        "scheduled_start_target_ns_by_rank": [
          744728858606641,
          744728858606641,
          744728858606641,
          744728858606641
        ],
        "start_record_bracket_ns_by_rank": [
          [
            744728858650901,
            744728858694739
          ],
          [
            744728858607429,
            744728858650244
          ],
          [
            744728858607447,
            744728858642284
          ],
          [
            744728858607545,
            744728858649815
          ]
        ],
        "start_record_envelope_span_ns": 87310,
        "variant": 1
      },
      {
        "collective_only": {
          "local_ms": 0.041120000183582306,
          "rank_max_ms": 0.049215998500585556,
          "rank_ms": [
            0.041120000183582306,
            0.043935999274253845,
            0.049215998500585556,
            0.04243199899792671
          ]
        },
        "pair_attempt_id": 95,
        "pair_retry_ordinal": 0,
        "position": 0,
        "readiness_probe_exact": true,
        "ready_region": {
          "local_ms": 0.2192319929599762,
          "rank_max_ms": 0.2192319929599762,
          "rank_ms": [
            0.2192319929599762,
            0.21673600375652313,
            0.21001599729061127,
            0.21721599996089935
          ]
        },
        "sample_index": 92,
        "scheduled_start_arrival_ns_by_rank": [
          744728862770676,
          744728862865085,
          744728862626562,
          744728862724888
        ],
        "scheduled_start_target_ns_by_rank": [
          744728867865085,
          744728867865085,
          744728867865085,
          744728867865085
        ],
        "start_record_bracket_ns_by_rank": [
          [
            744728867865933,
            744728867913421
          ],
          [
            744728867866071,
            744728867911191
          ],
          [
            744728867865890,
            744728867904885
          ],
          [
            744728867865970,
            744728867913126
          ]
        ],
        "start_record_envelope_span_ns": 47531,
        "variant": 0
      },
      {
        "collective_only": {
          "local_ms": 0.04057599976658821,
          "rank_max_ms": 0.0504320003092289,
          "rank_ms": [
            0.04057599976658821,
            0.04073600098490715,
            0.0504320003092289,
            0.04249599948525429
          ]
        },
        "pair_attempt_id": 96,
        "pair_retry_ordinal": 0,
        "position": 0,
        "readiness_probe_exact": true,
        "ready_region": {
          "local_ms": 0.16659200191497803,
          "rank_max_ms": 0.18985599279403687,
          "rank_ms": [
            0.16659200191497803,
            0.18985599279403687,
            0.16419200599193573,
            0.17043200135231018
          ]
        },
        "sample_index": 93,
        "scheduled_start_arrival_ns_by_rank": [
          744728873704423,
          744728873502793,
          744728873213958,
          744728873671047
        ],
        "scheduled_start_target_ns_by_rank": [
          744728878704423,
          744728878704423,
          744728878704423,
          744728878704423
        ],
        "start_record_bracket_ns_by_rank": [
          [
            744728878705781,
            744728878750522
          ],
          [
            744728878705501,
            744728878750366
          ],
          [
            744728878705405,
            744728878741431
          ],
          [
            744728878705667,
            744728878750029
          ]
        ],
        "start_record_envelope_span_ns": 45117,
        "variant": 1
      },
      {
        "collective_only": {
          "local_ms": 0.03494400158524513,
          "rank_max_ms": 0.04745600000023842,
          "rank_ms": [
            0.03494400158524513,
            0.043168000876903534,
            0.04745600000023842,
            0.04198399931192398
          ]
        },
        "pair_attempt_id": 97,
        "pair_retry_ordinal": 0,
        "position": 0,
        "readiness_probe_exact": true,
        "ready_region": {
          "local_ms": 0.15753600001335144,
          "rank_max_ms": 0.15753600001335144,
          "rank_ms": [
            0.15753600001335144,
            0.13369600474834442,
            0.15036800503730774,
            0.14947199821472168
          ]
        },
        "sample_index": 94,
        "scheduled_start_arrival_ns_by_rank": [
          744728884361821,
          744728884093573,
          744728884309599,
          744728884305504
        ],
        "scheduled_start_target_ns_by_rank": [
          744728889361821,
          744728889361821,
          744728889361821,
          744728889361821
        ],
        "start_record_bracket_ns_by_rank": [
          [
            744728889362829,
            744728889403081
          ],
          [
            744728889362621,
            744728889396303
          ],
          [
            744728889362648,
            744728889393443
          ],
          [
            744728889362480,
            744728889399116
          ]
        ],
        "start_record_envelope_span_ns": 40601,
        "variant": 0
      },
      {
        "collective_only": {
          "local_ms": 0.043327998369932175,
          "rank_max_ms": 0.05516799911856651,
          "rank_ms": [
            0.043327998369932175,
            0.04214400053024292,
            0.05516799911856651,
            0.041471999138593674
          ]
        },
        "pair_attempt_id": 98,
        "pair_retry_ordinal": 0,
        "position": 0,
        "readiness_probe_exact": true,
        "ready_region": {
          "local_ms": 0.1738239973783493,
          "rank_max_ms": 0.18643200397491455,
          "rank_ms": [
            0.1738239973783493,
            0.18643200397491455,
            0.1733119934797287,
            0.18275199830532074
          ]
        },
        "sample_index": 95,
        "scheduled_start_arrival_ns_by_rank": [
          744728894487500,
          744728894068707,
          744728894494015,
          744728894447524
        ],
        "scheduled_start_target_ns_by_rank": [
          744728899494015,
          744728899494015,
          744728899494015,
          744728899494015
        ],
        "start_record_bracket_ns_by_rank": [
          [
            744728899495125,
            744728899542542
          ],
          [
            744728899495203,
            744728899543505
          ],
          [
            744728899495162,
            744728899530703
          ],
          [
            744728899495233,
            744728899544125
          ]
        ],
        "start_record_envelope_span_ns": 49000,
        "variant": 1
      },
      {
        "collective_only": {
          "local_ms": 0.038176000118255615,
          "rank_max_ms": 0.04966399818658829,
          "rank_ms": [
            0.038176000118255615,
            0.04473600164055824,
            0.04966399818658829,
            0.03999999910593033
          ]
        },
        "pair_attempt_id": 99,
        "pair_retry_ordinal": 0,
        "position": 0,
        "readiness_probe_exact": true,
        "ready_region": {
          "local_ms": 0.1594880074262619,
          "rank_max_ms": 0.1594880074262619,
          "rank_ms": [
            0.1594880074262619,
            0.14777599275112152,
            0.14883199334144592,
            0.15564799308776855
          ]
        },
        "sample_index": 96,
        "scheduled_start_arrival_ns_by_rank": [
          744728905510037,
          744728905515192,
          744728905217488,
          744728905254532
        ],
        "scheduled_start_target_ns_by_rank": [
          744728910515192,
          744728910515192,
          744728910515192,
          744728910515192
        ],
        "start_record_bracket_ns_by_rank": [
          [
            744728910516069,
            744728910558429
          ],
          [
            744728910516327,
            744728910552497
          ],
          [
            744728910516082,
            744728910546831
          ],
          [
            744728910516378,
            744728910557826
          ]
        ],
        "start_record_envelope_span_ns": 42360,
        "variant": 0
      },
      {
        "collective_only": {
          "local_ms": 0.04089599847793579,
          "rank_max_ms": 0.05276799947023392,
          "rank_ms": [
            0.04089599847793579,
            0.040383998304605484,
            0.05276799947023392,
            0.04182400181889534
          ]
        },
        "pair_attempt_id": 100,
        "pair_retry_ordinal": 0,
        "position": 0,
        "readiness_probe_exact": true,
        "ready_region": {
          "local_ms": 0.16687999665737152,
          "rank_max_ms": 0.17321600019931793,
          "rank_ms": [
            0.16687999665737152,
            0.17321600019931793,
            0.15680000185966492,
            0.16924799978733063
          ]
        },
        "sample_index": 97,
        "scheduled_start_arrival_ns_by_rank": [
          744728915263253,
          744728914925883,
          744728914759554,
          744728914846127
        ],
        "scheduled_start_target_ns_by_rank": [
          744728920263253,
          744728920263253,
          744728920263253,
          744728920263253
        ],
        "start_record_bracket_ns_by_rank": [
          [
            744728920264268,
            744728920308773
          ],
          [
            744728920264761,
            744728920309871
          ],
          [
            744728920264166,
            744728920297366
          ],
          [
            744728920264270,
            744728920309336
          ]
        ],
        "start_record_envelope_span_ns": 45705,
        "variant": 1
      },
      {
        "collective_only": {
          "local_ms": 0.04403200000524521,
          "rank_max_ms": 0.05331199988722801,
          "rank_ms": [
            0.04403200000524521,
            0.050655998289585114,
            0.05331199988722801,
            0.04896000027656555
          ]
        },
        "pair_attempt_id": 101,
        "pair_retry_ordinal": 0,
        "position": 0,
        "readiness_probe_exact": true,
        "ready_region": {
          "local_ms": 0.19868800044059753,
          "rank_max_ms": 0.19868800044059753,
          "rank_ms": [
            0.19868800044059753,
            0.18768000602722168,
            0.19814400374889374,
            0.18931199610233307
          ]
        },
        "sample_index": 98,
        "scheduled_start_arrival_ns_by_rank": [
          744728927235528,
          744728927089670,
          744728926925585,
          744728926891701
        ],
        "scheduled_start_target_ns_by_rank": [
          744728932235528,
          744728932235528,
          744728932235528,
          744728932235528
        ],
        "start_record_bracket_ns_by_rank": [
          [
            744728932236918,
            744728932288988
          ],
          [
            744728932236889,
            744728932284484
          ],
          [
            744728932236622,
            744728932281148
          ],
          [
            744728932236618,
            744728932286361
          ]
        ],
        "start_record_envelope_span_ns": 52370,
        "variant": 0
      },
      {
        "collective_only": {
          "local_ms": 0.07174400240182877,
          "rank_max_ms": 0.3684160113334656,
          "rank_ms": [
            0.07174400240182877,
            0.3684160113334656,
            0.18185600638389587,
            0.07142399996519089
          ]
        },
        "pair_attempt_id": 102,
        "pair_retry_ordinal": 0,
        "position": 0,
        "readiness_probe_exact": true,
        "ready_region": {
          "local_ms": 0.21635200083255768,
          "rank_max_ms": 0.37859201431274414,
          "rank_ms": [
            0.21635200083255768,
            0.37859201431274414,
            0.20825600624084473,
            0.1960960030555725
          ]
        },
        "sample_index": 99,
        "scheduled_start_arrival_ns_by_rank": [
          744728938551649,
          744728938165046,
          744728936929138,
          744728938099881
        ],
        "scheduled_start_target_ns_by_rank": [
          744728943551649,
          744728943551649,
          744728943551649,
          744728943551649
        ],
        "start_record_bracket_ns_by_rank": [
          [
            744728943922788,
            744728943970969
          ],
          [
            744728943627905,
            744728943673630
          ],
          [
            744728943821259,
            744728943860058
          ],
          [
            744728943926949,
            744728943969122
          ]
        ],
        "start_record_envelope_span_ns": 343064,
        "variant": 1
      }
    ],
    "warmup_order": [
      [
        "reference"
      ],
      [
        "reference"
      ],
      [
        "reference"
      ],
      [
        "reference"
      ],
      [
        "reference"
      ],
      [
        "reference"
      ],
      [
        "reference"
      ],
      [
        "reference"
      ],
      [
        "reference"
      ],
      [
        "reference"
      ]
    ],
    "warmup_variants": [
      1,
      0,
      1,
      0,
      1,
      0,
      1,
      0,
      1,
      0
    ]
  },
  "readiness_probe": {
    "dtype": "torch.bfloat16",
    "full_tensor_consumer": "preallocated BF16 negation output",
    "full_tensor_validation": "exact on every warmup and measured sample",
    "num_elements": 60,
    "positions": [
      [
        0,
        0
      ],
      [
        0,
        1
      ],
      [
        0,
        2
      ],
      [
        0,
        3
      ],
      [
        0,
        2048
      ],
      [
        0,
        3072
      ],
      [
        0,
        6140
      ],
      [
        0,
        6141
      ],
      [
        0,
        6142
      ],
      [
        0,
        6143
      ],
      [
        1,
        0
      ],
      [
        1,
        1
      ],
      [
        1,
        2
      ],
      [
        1,
        3
      ],
      [
        1,
        2048
      ],
      [
        1,
        3072
      ],
      [
        1,
        6140
      ],
      [
        1,
        6141
      ],
      [
        1,
        6142
      ],
      [
        1,
        6143
      ],
      [
        10,
        0
      ],
      [
        10,
        1
      ],
      [
        10,
        2
      ],
      [
        10,
        3
      ],
      [
        10,
        2048
      ],
      [
        10,
        3072
      ],
      [
        10,
        6140
      ],
      [
        10,
        6141
      ],
      [
        10,
        6142
      ],
      [
        10,
        6143
      ],
      [
        16,
        0
      ],
      [
        16,
        1
      ],
      [
        16,
        2
      ],
      [
        16,
        3
      ],
      [
        16,
        2048
      ],
      [
        16,
        3072
      ],
      [
        16,
        6140
      ],
      [
        16,
        6141
      ],
      [
        16,
        6142
      ],
      [
        16,
        6143
      ],
      [
        30,
        0
      ],
      [
        30,
        1
      ],
      [
        30,
        2
      ],
      [
        30,
        3
      ],
      [
        30,
        2048
      ],
      [
        30,
        3072
      ],
      [
        30,
        6140
      ],
      [
        30,
        6141
      ],
      [
        30,
        6142
      ],
      [
        30,
        6143
      ],
      [
        31,
        0
      ],
      [
        31,
        1
      ],
      [
        31,
        2
      ],
      [
        31,
        3
      ],
      [
        31,
        2048
      ],
      [
        31,
        3072
      ],
      [
        31,
        6140
      ],
      [
        31,
        6141
      ],
      [
        31,
        6142
      ],
      [
        31,
        6143
      ]
    ],
    "validation": "exact on every warmup and measured sample"
  },
  "reference": {
    "collective_only": {
      "median_ms": 0.05315200053155422,
      "min_ms": 0.03814399987459183,
      "p95_ms": 0.20732800662517548
    },
    "gate_metric": "ready_region.rank_max_ms",
    "readiness_probe_overhead_median_ms": 0.1310719959437847,
    "ready_region": {
      "median_ms": 0.18774399906396866,
      "min_ms": 0.1379839926958084,
      "p95_ms": 0.26342400908470154
    }
  },
  "reference_policy": "SGLANG_GLM52_OPT=0 production GroupCoordinator path",
  "result_path": "/tmp/tp_allreduce_reachability_20260722T192433Z/baseline/m32_run1.json",
  "schema_version": 2,
  "scope": "tp4_allreduce_diagnostic_only",
  "timing_contract": {
    "alignment_retry_admission": "scheduled arrivals, common targets, and start-record brackets only; collective and ready-region latency are excluded",
    "collective_only": "start event through event recorded immediately after run()",
    "gate_metric": "ready_region rank-max paired p50",
    "rank_start_alignment": "selected stream synchronized after restoration; TP CPU-group all-gather selects a common same-host monotonic deadline 5 ms after latest arrival; ranks busy-wait; host timestamps bracket every start-event record call; a host-only 500 us envelope predicate allows at most 10 physical attempts for the whole logical A/B pair; the exact input variant alternates on every physical pair",
    "ready_region": "start event through full-tensor same-stream negation and position-sensitive gather",
    "restoration": "variant source-to-local copy and consumer/probe poison occur before every start event"
  },
  "workload": {
    "distributed": true,
    "family": "allreduce",
    "name": "tp4_allreduce_decode_m32",
    "notes": "TP4/DP4 decode bucket: local M=32; sum reduction. Standalone diagnostic; production caller/ABI not yet proven.",
    "params": {
      "dtype": "bfloat16",
      "hidden": 6144,
      "local_tokens": 32
    },
    "phase": "decode",
    "source_symbol": "sglang.srt.distributed.parallel_state.GroupCoordinator.all_reduce",
    "world_size": 4
  }
}
