started_utc=2026-07-22T19:32:40.288473303Z
command= /home/qinhaiyan/glm52-goal-runs/24-tp_allreduce_reachability/kernel-harness/serving_native/run.sh tp4_allreduce_prefill --execution-mode eager --stream nondefault --warmup 10 --repeat 100 --output /tmp/tp_allreduce_reachability_20260722T192433Z/baseline/prefill_run3.json
timeout_seconds=1800

*****************************************
Setting OMP_NUM_THREADS environment variable for each process to be 1 in default, to avoid your system being overloaded, please further tune the variable for optimal performance in your application as needed. 
*****************************************
/home/qinhaiyan/glm52-goal-runs/24-tp_allreduce_reachability/kernel-harness/.venv/lib/python3.12/site-packages/torch/distributed/c10d_logger.py:83: UserWarning: barrier(): using the device under current context. You can specify `device_id` in `init_process_group` to mute this warning.
  return func(*args, **kwargs)
[rank0]:[W722 19:32:53.096778712 ProcessGroupNCCL.cpp:5188] Guessing device ID based on global rank. This can cause a hang if rank to GPU mapping is heterogeneous. You can specify device_id in init_process_group()
{
  "all_reduce_trace": {
    "enabled": false,
    "evidence_valid": null,
    "failure_counts_by_rank": null,
    "measurement_instrumented": false,
    "paths_by_rank": null,
    "replay_limitation": "Python observes eager dispatch or CUDA graph capture only; CUDA graph replay does not re-enter this hook. Correlate stable kernel names in an Nsight Systems trace to prove replay execution."
  },
  "allreduce": {
    "candidate_capture_context_by_rank": null,
    "candidate_contract_by_rank": null,
    "exact_oracle": "hash[row,col]=(37*(row%127)+17*(col%127)+13*(row%127)*(col%127))%127; base_variant=((hash+shift)%127)-63 for shifts [0,31]; source=base+2*rank-(world_size-1); expected=world_size*base",
    "message_bytes": 100663296,
    "reference_contract_by_rank": [
      {
        "exact_values": true,
        "local_poststate": "reduced",
        "output": {
          "device": "cuda:0",
          "dtype": "torch.bfloat16",
          "shape": [
            8192,
            6144
          ],
          "stride": [
            6144,
            1
          ]
        },
        "output_aliases_local": true,
        "source_immutable": true
      },
      {
        "exact_values": true,
        "local_poststate": "reduced",
        "output": {
          "device": "cuda:1",
          "dtype": "torch.bfloat16",
          "shape": [
            8192,
            6144
          ],
          "stride": [
            6144,
            1
          ]
        },
        "output_aliases_local": true,
        "source_immutable": true
      },
      {
        "exact_values": true,
        "local_poststate": "reduced",
        "output": {
          "device": "cuda:2",
          "dtype": "torch.bfloat16",
          "shape": [
            8192,
            6144
          ],
          "stride": [
            6144,
            1
          ]
        },
        "output_aliases_local": true,
        "source_immutable": true
      },
      {
        "exact_values": true,
        "local_poststate": "reduced",
        "output": {
          "device": "cuda:3",
          "dtype": "torch.bfloat16",
          "shape": [
            8192,
            6144
          ],
          "stride": [
            6144,
            1
          ]
        },
        "output_aliases_local": true,
        "source_immutable": true
      }
    ],
    "reference_dispatch_by_rank": [
      {
        "communicators": {
          "custom": {
            "algorithm": "TWO_SHOT_PULL",
            "class": "sglang.srt.distributed.device_communicators.custom_all_reduce_v2.CustomAllReduceV2",
            "fields": {
              "config": "ModeConfig(one_shot_push_threshold=2097152, one_shot_pull_threshold=2097152)",
              "disabled": "False",
              "max_size": "16777216",
              "override_algo": "None",
              "rank": "0",
              "tms_cudagraph": "False",
              "world_size": "4"
            },
            "python_id": 132136801352400,
            "should_custom_ar": {
              "value": false
            }
          },
          "pymscclpp": {
            "should_mscclpp_allreduce": {
              "value": false
            }
          },
          "pynccl": {
            "class": "sglang.srt.distributed.device_communicators.pynccl.PyNcclCommunicator",
            "fields": {
              "disabled": "True",
              "rank": "0",
              "world_size": "4"
            },
            "python_id": 132136797462672,
            "symmetric_pool_enabled": {
              "value": false
            }
          },
          "quick": {
            "should_quick_allreduce": {
              "value": false
            }
          },
          "torch_symmetric_memory": {
            "should_torch_symm_mem_allreduce": {
              "value": false
            }
          }
        },
        "dtype": "torch.bfloat16",
        "execution_mode": "eager",
        "group_name": "tp:0",
        "group_ranks": [
          0,
          1,
          2,
          3
        ],
        "local_size": 0,
        "message_bytes": 100663296,
        "phase": "eager",
        "predicted_reference_algorithm": "SUM",
        "predicted_reference_backend": "torch_distributed_inplace",
        "rank": 0,
        "shape": [
          8192,
          6144
        ],
        "stream": {
          "cuda_stream": 100858850658064,
          "requested": "nondefault"
        },
        "stride": [
          6144,
          1
        ],
        "world_size": 4
      },
      {
        "communicators": {
          "custom": {
            "algorithm": "TWO_SHOT_PULL",
            "class": "sglang.srt.distributed.device_communicators.custom_all_reduce_v2.CustomAllReduceV2",
            "fields": {
              "config": "ModeConfig(one_shot_push_threshold=2097152, one_shot_pull_threshold=2097152)",
              "disabled": "False",
              "max_size": "16777216",
              "override_algo": "None",
              "rank": "1",
              "tms_cudagraph": "False",
              "world_size": "4"
            },
            "python_id": 126377668575552,
            "should_custom_ar": {
              "value": false
            }
          },
          "pymscclpp": {
            "should_mscclpp_allreduce": {
              "value": false
            }
          },
          "pynccl": {
            "class": "sglang.srt.distributed.device_communicators.pynccl.PyNcclCommunicator",
            "fields": {
              "disabled": "True",
              "rank": "1",
              "world_size": "4"
            },
            "python_id": 126377704941008,
            "symmetric_pool_enabled": {
              "value": false
            }
          },
          "quick": {
            "should_quick_allreduce": {
              "value": false
            }
          },
          "torch_symmetric_memory": {
            "should_torch_symm_mem_allreduce": {
              "value": false
            }
          }
        },
        "dtype": "torch.bfloat16",
        "execution_mode": "eager",
        "group_name": "tp:0",
        "group_ranks": [
          0,
          1,
          2,
          3
        ],
        "local_size": 0,
        "message_bytes": 100663296,
        "phase": "eager",
        "predicted_reference_algorithm": "SUM",
        "predicted_reference_backend": "torch_distributed_inplace",
        "rank": 1,
        "shape": [
          8192,
          6144
        ],
        "stream": {
          "cuda_stream": 110932666124400,
          "requested": "nondefault"
        },
        "stride": [
          6144,
          1
        ],
        "world_size": 4
      },
      {
        "communicators": {
          "custom": {
            "algorithm": "TWO_SHOT_PULL",
            "class": "sglang.srt.distributed.device_communicators.custom_all_reduce_v2.CustomAllReduceV2",
            "fields": {
              "config": "ModeConfig(one_shot_push_threshold=2097152, one_shot_pull_threshold=2097152)",
              "disabled": "False",
              "max_size": "16777216",
              "override_algo": "None",
              "rank": "2",
              "tms_cudagraph": "False",
              "world_size": "4"
            },
            "python_id": 130046403040064,
            "should_custom_ar": {
              "value": false
            }
          },
          "pymscclpp": {
            "should_mscclpp_allreduce": {
              "value": false
            }
          },
          "pynccl": {
            "class": "sglang.srt.distributed.device_communicators.pynccl.PyNcclCommunicator",
            "fields": {
              "disabled": "True",
              "rank": "2",
              "world_size": "4"
            },
            "python_id": 130046404317824,
            "symmetric_pool_enabled": {
              "value": false
            }
          },
          "quick": {
            "should_quick_allreduce": {
              "value": false
            }
          },
          "torch_symmetric_memory": {
            "should_torch_symm_mem_allreduce": {
              "value": false
            }
          }
        },
        "dtype": "torch.bfloat16",
        "execution_mode": "eager",
        "group_name": "tp:0",
        "group_ranks": [
          0,
          1,
          2,
          3
        ],
        "local_size": 0,
        "message_bytes": 100663296,
        "phase": "eager",
        "predicted_reference_algorithm": "SUM",
        "predicted_reference_backend": "torch_distributed_inplace",
        "rank": 2,
        "shape": [
          8192,
          6144
        ],
        "stream": {
          "cuda_stream": 103329188364480,
          "requested": "nondefault"
        },
        "stride": [
          6144,
          1
        ],
        "world_size": 4
      },
      {
        "communicators": {
          "custom": {
            "algorithm": "TWO_SHOT_PULL",
            "class": "sglang.srt.distributed.device_communicators.custom_all_reduce_v2.CustomAllReduceV2",
            "fields": {
              "config": "ModeConfig(one_shot_push_threshold=2097152, one_shot_pull_threshold=2097152)",
              "disabled": "False",
              "max_size": "16777216",
              "override_algo": "None",
              "rank": "3",
              "tms_cudagraph": "False",
              "world_size": "4"
            },
            "python_id": 130730351884864,
            "should_custom_ar": {
              "value": false
            }
          },
          "pymscclpp": {
            "should_mscclpp_allreduce": {
              "value": false
            }
          },
          "pynccl": {
            "class": "sglang.srt.distributed.device_communicators.pynccl.PyNcclCommunicator",
            "fields": {
              "disabled": "True",
              "rank": "3",
              "world_size": "4"
            },
            "python_id": 130730351738512,
            "symmetric_pool_enabled": {
              "value": false
            }
          },
          "quick": {
            "should_quick_allreduce": {
              "value": false
            }
          },
          "torch_symmetric_memory": {
            "should_torch_symm_mem_allreduce": {
              "value": false
            }
          }
        },
        "dtype": "torch.bfloat16",
        "execution_mode": "eager",
        "group_name": "tp:0",
        "group_ranks": [
          0,
          1,
          2,
          3
        ],
        "local_size": 0,
        "message_bytes": 100663296,
        "phase": "eager",
        "predicted_reference_algorithm": "SUM",
        "predicted_reference_backend": "torch_distributed_inplace",
        "rank": 3,
        "shape": [
          8192,
          6144
        ],
        "stream": {
          "cuda_stream": 103618715509120,
          "requested": "nondefault"
        },
        "stride": [
          6144,
          1
        ],
        "world_size": 4
      }
    ]
  },
  "candidate": null,
  "correctness": {
    "alternating_input_variants": 2,
    "candidate_state_guarded": false,
    "exact_full_checks": "before and after timing",
    "exact_full_tensor_consumer": "every warmup and measured sample",
    "exact_position_probe": "every warmup and measured sample",
    "passed": true,
    "validation_errors_aggregated_over_tp_cpu_group": true
  },
  "disposition": "tp4_reference_characterization_only",
  "environment": {
    "device": {
      "capability": [
        10,
        0
      ],
      "name": "NVIDIA B200",
      "rank": 0,
      "total_memory": 191490555904
    },
    "device_by_rank": [
      {
        "capability": [
          10,
          0
        ],
        "name": "NVIDIA B200",
        "rank": 0,
        "total_memory": 191490555904
      },
      {
        "capability": [
          10,
          0
        ],
        "name": "NVIDIA B200",
        "rank": 1,
        "total_memory": 191490555904
      },
      {
        "capability": [
          10,
          0
        ],
        "name": "NVIDIA B200",
        "rank": 2,
        "total_memory": 191490555904
      },
      {
        "capability": [
          10,
          0
        ],
        "name": "NVIDIA B200",
        "rank": 3,
        "total_memory": 191490555904
      }
    ],
    "env": {
      "CUDA_VISIBLE_DEVICES": "0,1,2,3",
      "NCCL_ALGO": null,
      "NCCL_PROTO": null,
      "SGLANG_ALL_REDUCE_TRACE": null,
      "SGLANG_GLM52_OPT": "0",
      "SGLANG_OPT_USE_CUSTOM_ALL_REDUCE_V2": null,
      "SGLANG_ROOT": "/home/qinhaiyan/glm52-goal-runs/24-tp_allreduce_reachability/sglang"
    },
    "kernel_harness_git": {
      "branch": "goal/glm52-prod-24-tp_allreduce_reachability",
      "dirty": false,
      "root": "/home/qinhaiyan/glm52-goal-runs/24-tp_allreduce_reachability/kernel-harness",
      "sha": "bea4a8cd294a84f2d305cd023eb3fed281de4b1e",
      "status": []
    },
    "packages": {
      "flashinfer": {
        "path": "/mnt/OS-oKqEXySb/home/qinhaiyan/miniconda3/envs/sglang/lib/python3.12/site-packages/flashinfer/__init__.py",
        "version": "0.6.12"
      },
      "sgl_kernel": {
        "path": "/mnt/OS-oKqEXySb/home/qinhaiyan/miniconda3/envs/sglang/lib/python3.12/site-packages/sgl_kernel/__init__.py",
        "version": "0.4.4"
      },
      "sglang": {
        "path": "/home/qinhaiyan/glm52-goal-runs/24-tp_allreduce_reachability/sglang/python/sglang/__init__.py",
        "version": "0.5.15"
      },
      "torch": {
        "cuda": "13.0",
        "nccl": [
          2,
          28,
          9
        ],
        "path": "/mnt/OS-oKqEXySb/home/qinhaiyan/miniconda3/envs/sglang/lib/python3.12/site-packages/torch/__init__.py",
        "version": "2.11.0+cu130"
      },
      "triton": {
        "path": "/mnt/OS-oKqEXySb/home/qinhaiyan/miniconda3/envs/sglang/lib/python3.12/site-packages/triton/__init__.py",
        "version": "3.6.0"
      }
    },
    "python": "/home/qinhaiyan/glm52-goal-runs/24-tp_allreduce_reachability/kernel-harness/.venv/bin/python",
    "python_version": "3.12.13 | packaged by Anaconda, Inc. | (main, Jul  9 2026, 14:38:16) [GCC 14.3.0]",
    "sglang_git": {
      "branch": "goal/glm52-prod-24-tp_allreduce_reachability",
      "dirty": false,
      "root": "/home/qinhaiyan/glm52-goal-runs/24-tp_allreduce_reachability/sglang",
      "sha": "a91928c6f713d69722176a8d13781367e9b78dc4",
      "status": []
    }
  },
  "execution": {
    "cuda_stream": 100858850658064,
    "default_to_execution_waits_outside_timing": 3,
    "mode": "eager",
    "nvtx_measurement_range": "serving_native/tp4_allreduce_prefill/eager/nondefault/reference",
    "nvtx_rank_synchronization": "rank 0 push after a TP CPU-group barrier; all ranks wait at a second barrier before measurement and before rank 0 pop",
    "stream": "nondefault"
  },
  "gate": {
    "candidate_present": false,
    "metric": "paired ready-region rank-max p50 speedup",
    "minimum_speedup": 1.03,
    "passed": null,
    "performance_eligible": true,
    "stock_fallback_active": true
  },
  "production_acceptance": "This direct TP4 callable is not proof of the GLM serving caller/ABI and cannot be relabeled as TP8 evidence.",
  "raw_samples": {
    "alignment_policy": {
      "accepted_pair_attempts": 100,
      "admission_fields": [
        "scheduled_start_arrival_ns_by_rank",
        "scheduled_start_target_ns_by_rank",
        "start_record_bracket_ns_by_rank",
        "start_record_envelope_span_ns"
      ],
      "initial_input_variant": 1,
      "latency_fields_excluded": true,
      "max_pair_attempts": 10,
      "next_input_variant": 0,
      "rejected_pair_attempts": 21,
      "requested_logical_pairs": 100,
      "start_record_envelope_limit_ns": 500000,
      "total_pair_attempts": 121
    },
    "candidate": null,
    "measured_order": [
      [
        "reference"
      ],
      [
        "reference"
      ],
      [
        "reference"
      ],
      [
        "reference"
      ],
      [
        "reference"
      ],
      [
        "reference"
      ],
      [
        "reference"
      ],
      [
        "reference"
      ],
      [
        "reference"
      ],
      [
        "reference"
      ],
      [
        "reference"
      ],
      [
        "reference"
      ],
      [
        "reference"
      ],
      [
        "reference"
      ],
      [
        "reference"
      ],
      [
        "reference"
      ],
      [
        "reference"
      ],
      [
        "reference"
      ],
      [
        "reference"
      ],
      [
        "reference"
      ],
      [
        "reference"
      ],
      [
        "reference"
      ],
      [
        "reference"
      ],
      [
        "reference"
      ],
      [
        "reference"
      ],
      [
        "reference"
      ],
      [
        "reference"
      ],
      [
        "reference"
      ],
      [
        "reference"
      ],
      [
        "reference"
      ],
      [
        "reference"
      ],
      [
        "reference"
      ],
      [
        "reference"
      ],
      [
        "reference"
      ],
      [
        "reference"
      ],
      [
        "reference"
      ],
      [
        "reference"
      ],
      [
        "reference"
      ],
      [
        "reference"
      ],
      [
        "reference"
      ],
      [
        "reference"
      ],
      [
        "reference"
      ],
      [
        "reference"
      ],
      [
        "reference"
      ],
      [
        "reference"
      ],
      [
        "reference"
      ],
      [
        "reference"
      ],
      [
        "reference"
      ],
      [
        "reference"
      ],
      [
        "reference"
      ],
      [
        "reference"
      ],
      [
        "reference"
      ],
      [
        "reference"
      ],
      [
        "reference"
      ],
      [
        "reference"
      ],
      [
        "reference"
      ],
      [
        "reference"
      ],
      [
        "reference"
      ],
      [
        "reference"
      ],
      [
        "reference"
      ],
      [
        "reference"
      ],
      [
        "reference"
      ],
      [
        "reference"
      ],
      [
        "reference"
      ],
      [
        "reference"
      ],
      [
        "reference"
      ],
      [
        "reference"
      ],
      [
        "reference"
      ],
      [
        "reference"
      ],
      [
        "reference"
      ],
      [
        "reference"
      ],
      [
        "reference"
      ],
      [
        "reference"
      ],
      [
        "reference"
      ],
      [
        "reference"
      ],
      [
        "reference"
      ],
      [
        "reference"
      ],
      [
        "reference"
      ],
      [
        "reference"
      ],
      [
        "reference"
      ],
      [
        "reference"
      ],
      [
        "reference"
      ],
      [
        "reference"
      ],
      [
        "reference"
      ],
      [
        "reference"
      ],
      [
        "reference"
      ],
      [
        "reference"
      ],
      [
        "reference"
      ],
      [
        "reference"
      ],
      [
        "reference"
      ],
      [
        "reference"
      ],
      [
        "reference"
      ],
      [
        "reference"
      ],
      [
        "reference"
      ],
      [
        "reference"
      ],
      [
        "reference"
      ],
      [
        "reference"
      ],
      [
        "reference"
      ],
      [
        "reference"
      ],
      [
        "reference"
      ]
    ],
    "measurement_attempts": [
      {
        "accepted": true,
        "attempt_id": 0,
        "logical_pair_index": 0,
        "order": [
          "reference"
        ],
        "rejection_reasons": [],
        "retry_ordinal": 0,
        "samples": {
          "reference": {
            "collective_only": {
              "local_ms": 0.5105599761009216,
              "rank_max_ms": 0.7947199940681458,
              "rank_ms": [
                0.5105599761009216,
                0.6046079993247986,
                0.7819839715957642,
                0.7947199940681458
              ]
            },
            "pair_attempt_id": 0,
            "pair_retry_ordinal": 0,
            "position": 0,
            "readiness_probe_exact": true,
            "ready_region": {
              "local_ms": 0.5496000051498413,
              "rank_max_ms": 0.8346239924430847,
              "rank_ms": [
                0.5496000051498413,
                0.6435840129852295,
                0.8211519718170166,
                0.8346239924430847
              ]
            },
            "sample_index": 0,
            "scheduled_start_arrival_ns_by_rank": [
              744876353564851,
              744876353289837,
              744876353859473,
              744876353240466
            ],
            "scheduled_start_target_ns_by_rank": [
              744876358859473,
              744876358859473,
              744876358859473,
              744876358859473
            ],
            "start_record_bracket_ns_by_rank": [
              [
                744876359150564,
                744876359191490
              ],
              [
                744876359072760,
                744876359097808
              ],
              [
                744876358872944,
                744876358913559
              ],
              [
                744876358860264,
                744876358903706
              ]
            ],
            "start_record_envelope_span_ns": 331226,
            "variant": 1
          }
        },
        "variant": 1
      },
      {
        "accepted": true,
        "attempt_id": 1,
        "logical_pair_index": 1,
        "order": [
          "reference"
        ],
        "rejection_reasons": [],
        "retry_ordinal": 0,
        "samples": {
          "reference": {
            "collective_only": {
              "local_ms": 0.4679679870605469,
              "rank_max_ms": 0.4769600033760071,
              "rank_ms": [
                0.4679679870605469,
                0.4769600033760071,
                0.46054399013519287,
                0.4673919975757599
              ]
            },
            "pair_attempt_id": 1,
            "pair_retry_ordinal": 0,
            "position": 0,
            "readiness_probe_exact": true,
            "ready_region": {
              "local_ms": 0.5078719854354858,
              "rank_max_ms": 0.5159680247306824,
              "rank_ms": [
                0.5078719854354858,
                0.5159680247306824,
                0.49964800477027893,
                0.5073279738426208
              ]
            },
            "sample_index": 1,
            "scheduled_start_arrival_ns_by_rank": [
              744876365730228,
              744876365303602,
              744876365719060,
              744876365803720
            ],
            "scheduled_start_target_ns_by_rank": [
              744876370803720,
              744876370803720,
              744876370803720,
              744876370803720
            ],
            "start_record_bracket_ns_by_rank": [
              [
                744876370804768,
                744876370840857
              ],
              [
                744876370804204,
                744876370826030
              ],
              [
                744876370804556,
                744876370836993
              ],
              [
                744876370804581,
                744876370837969
              ]
            ],
            "start_record_envelope_span_ns": 36653,
            "variant": 0
          }
        },
        "variant": 0
      },
      {
        "accepted": true,
        "attempt_id": 2,
        "logical_pair_index": 2,
        "order": [
          "reference"
        ],
        "rejection_reasons": [],
        "retry_ordinal": 0,
        "samples": {
          "reference": {
            "collective_only": {
              "local_ms": 0.7984960079193115,
              "rank_max_ms": 0.7984960079193115,
              "rank_ms": [
                0.7984960079193115,
                0.5466560125350952,
                0.48080000281333923,
                0.535040020942688
              ]
            },
            "pair_attempt_id": 2,
            "pair_retry_ordinal": 0,
            "position": 0,
            "readiness_probe_exact": true,
            "ready_region": {
              "local_ms": 0.8375040292739868,
              "rank_max_ms": 0.8375040292739868,
              "rank_ms": [
                0.8375040292739868,
                0.586624026298523,
                0.5208640098571777,
                0.5740159749984741
              ]
            },
            "sample_index": 2,
            "scheduled_start_arrival_ns_by_rank": [
              744876377448773,
              744876377343917,
              744876377156420,
              744876377270140
            ],
            "scheduled_start_target_ns_by_rank": [
              744876382448773,
              744876382448773,
              744876382448773,
              744876382448773
            ],
            "start_record_bracket_ns_by_rank": [
              [
                744876383461354,
                744876383499428
              ],
              [
                744876383731604,
                744876383754583
              ],
              [
                744876383781420,
                744876383819033
              ],
              [
                744876383734583,
                744876383769715
              ]
            ],
            "start_record_envelope_span_ns": 357679,
            "variant": 1
          }
        },
        "variant": 1
      },
      {
        "accepted": true,
        "attempt_id": 3,
        "logical_pair_index": 3,
        "order": [
          "reference"
        ],
        "rejection_reasons": [],
        "retry_ordinal": 0,
        "samples": {
          "reference": {
            "collective_only": {
              "local_ms": 0.49718400835990906,
              "rank_max_ms": 0.5223039984703064,
              "rank_ms": [
                0.49718400835990906,
                0.5223039984703064,
                0.5002880096435547,
                0.5017279982566833
              ]
            },
            "pair_attempt_id": 3,
            "pair_retry_ordinal": 0,
            "position": 0,
            "readiness_probe_exact": true,
            "ready_region": {
              "local_ms": 0.5370879769325256,
              "rank_max_ms": 0.5622400045394897,
              "rank_ms": [
                0.5370879769325256,
                0.5622400045394897,
                0.5412160158157349,
                0.5418559908866882
              ]
            },
            "sample_index": 3,
            "scheduled_start_arrival_ns_by_rank": [
              744876388934927,
              744876388185863,
              744876388544461,
              744876388324462
            ],
            "scheduled_start_target_ns_by_rank": [
              744876393934927,
              744876393934927,
              744876393934927,
              744876393934927
            ],
            "start_record_bracket_ns_by_rank": [
              [
                744876393936233,
                744876393976683
              ],
              [
                744876393935434,
                744876393956380
              ],
              [
                744876393935813,
                744876393971448
              ],
              [
                744876393935716,
                744876393968664
              ]
            ],
            "start_record_envelope_span_ns": 41249,
            "variant": 0
          }
        },
        "variant": 0
      },
      {
        "accepted": true,
        "attempt_id": 4,
        "logical_pair_index": 4,
        "order": [
          "reference"
        ],
        "rejection_reasons": [],
        "retry_ordinal": 0,
        "samples": {
          "reference": {
            "collective_only": {
              "local_ms": 0.48444798588752747,
              "rank_max_ms": 0.4959999918937683,
              "rank_ms": [
                0.48444798588752747,
                0.4959999918937683,
                0.47388800978660583,
                0.4803520143032074
              ]
            },
            "pair_attempt_id": 4,
            "pair_retry_ordinal": 0,
            "position": 0,
            "readiness_probe_exact": true,
            "ready_region": {
              "local_ms": 0.5242559909820557,
              "rank_max_ms": 0.5369279980659485,
              "rank_ms": [
                0.5242559909820557,
                0.5369279980659485,
                0.5148800015449524,
                0.5204160213470459
              ]
            },
            "sample_index": 4,
            "scheduled_start_arrival_ns_by_rank": [
              744876400050325,
              744876399857691,
              744876399740670,
              744876400258512
            ],
            "scheduled_start_target_ns_by_rank": [
              744876405258512,
              744876405258512,
              744876405258512,
              744876405258512
            ],
            "start_record_bracket_ns_by_rank": [
              [
                744876405259541,
                744876405294584
              ],
              [
                744876405259106,
                744876405281063
              ],
              [
                744876405259433,
                744876405294156
              ],
              [
                744876405259584,
                744876405291927
              ]
            ],
            "start_record_envelope_span_ns": 35478,
            "variant": 1
          }
        },
        "variant": 1
      },
      {
        "accepted": true,
        "attempt_id": 5,
        "logical_pair_index": 5,
        "order": [
          "reference"
        ],
        "rejection_reasons": [],
        "retry_ordinal": 0,
        "samples": {
          "reference": {
            "collective_only": {
              "local_ms": 0.5033919811248779,
              "rank_max_ms": 0.8253120183944702,
              "rank_ms": [
                0.5033919811248779,
                0.8253120183944702,
                0.8101760149002075,
                0.8140479922294617
              ]
            },
            "pair_attempt_id": 5,
            "pair_retry_ordinal": 0,
            "position": 0,
            "readiness_probe_exact": true,
            "ready_region": {
              "local_ms": 0.5422400236129761,
              "rank_max_ms": 0.8641600012779236,
              "rank_ms": [
                0.5422400236129761,
                0.8641600012779236,
                0.8513919711112976,
                0.853983998298645
              ]
            },
            "sample_index": 5,
            "scheduled_start_arrival_ns_by_rank": [
              744876411482382,
              744876411237436,
              744876411315544,
              744876411556724
            ],
            "scheduled_start_target_ns_by_rank": [
              744876416556724,
              744876416556724,
              744876416556724,
              744876416556724
            ],
            "start_record_bracket_ns_by_rank": [
              [
                744876416863842,
                744876416904371
              ],
              [
                744876416557326,
                744876416582889
              ],
              [
                744876416557654,
                744876416598315
              ],
              [
                744876416557679,
                744876416591726
              ]
            ],
            "start_record_envelope_span_ns": 347045,
            "variant": 0
          }
        },
        "variant": 0
      },
      {
        "accepted": true,
        "attempt_id": 6,
        "logical_pair_index": 6,
        "order": [
          "reference"
        ],
        "rejection_reasons": [],
        "retry_ordinal": 0,
        "samples": {
          "reference": {
            "collective_only": {
              "local_ms": 0.5033280253410339,
              "rank_max_ms": 0.521344006061554,
              "rank_ms": [
                0.5033280253410339,
                0.521344006061554,
                0.49935999512672424,
                0.5029119849205017
              ]
            },
            "pair_attempt_id": 6,
            "pair_retry_ordinal": 0,
            "position": 0,
            "readiness_probe_exact": true,
            "ready_region": {
              "local_ms": 0.5432639718055725,
              "rank_max_ms": 0.5612480044364929,
              "rank_ms": [
                0.5432639718055725,
                0.5612480044364929,
                0.5383039712905884,
                0.5429760217666626
              ]
            },
            "sample_index": 6,
            "scheduled_start_arrival_ns_by_rank": [
              744876422938914,
              744876422991052,
              744876423338653,
              744876422986784
            ],
            "scheduled_start_target_ns_by_rank": [
              744876428338653,
              744876428338653,
              744876428338653,
              744876428338653
            ],
            "start_record_bracket_ns_by_rank": [
              [
                744876428339769,
                744876428381109
              ],
              [
                744876428339290,
                744876428364306
              ],
              [
                744876428339599,
                744876428381032
              ],
              [
                744876428339727,
                744876428378371
              ]
            ],
            "start_record_envelope_span_ns": 41819,
            "variant": 1
          }
        },
        "variant": 1
      },
      {
        "accepted": true,
        "attempt_id": 7,
        "logical_pair_index": 7,
        "order": [
          "reference"
        ],
        "rejection_reasons": [],
        "retry_ordinal": 0,
        "samples": {
          "reference": {
            "collective_only": {
              "local_ms": 0.48230400681495667,
              "rank_max_ms": 0.5009599924087524,
              "rank_ms": [
                0.48230400681495667,
                0.5009599924087524,
                0.49033600091934204,
                0.493151992559433
              ]
            },
            "pair_attempt_id": 7,
            "pair_retry_ordinal": 0,
            "position": 0,
            "readiness_probe_exact": true,
            "ready_region": {
              "local_ms": 0.5222399830818176,
              "rank_max_ms": 0.5418879985809326,
              "rank_ms": [
                0.5222399830818176,
                0.5418879985809326,
                0.5312960147857666,
                0.5331519842147827
              ]
            },
            "sample_index": 7,
            "scheduled_start_arrival_ns_by_rank": [
              744876434045742,
              744876433899787,
              744876434435509,
              744876434069498
            ],
            "scheduled_start_target_ns_by_rank": [
              744876439435509,
              744876439435509,
              744876439435509,
              744876439435509
            ],
            "start_record_bracket_ns_by_rank": [
              [
                744876439436708,
                744876439477470
              ],
              [
                744876439436080,
                744876439465921
              ],
              [
                744876439436500,
                744876439477643
              ],
              [
                744876439436585,
                744876439474817
              ]
            ],
            "start_record_envelope_span_ns": 41563,
            "variant": 0
          }
        },
        "variant": 0
      },
      {
        "accepted": false,
        "attempt_id": 8,
        "logical_pair_index": 8,
        "order": [
          "reference"
        ],
        "rejection_reasons": [
          {
            "limit_ns": 500000,
            "side": "reference",
            "start_record_envelope_span_ns": 769299
          }
        ],
        "retry_ordinal": 0,
        "samples": {
          "reference": {
            "collective_only": {
              "local_ms": 0.8256319761276245,
              "rank_max_ms": 1.2235840559005737,
              "rank_ms": [
                0.8256319761276245,
                0.8238400220870972,
                1.2235840559005737,
                0.5227519869804382
              ]
            },
            "pair_attempt_id": 8,
            "pair_retry_ordinal": 0,
            "position": 0,
            "readiness_probe_exact": true,
            "ready_region": {
              "local_ms": 0.8655679821968079,
              "rank_max_ms": 1.2626240253448486,
              "rank_ms": [
                0.8655679821968079,
                0.8626880049705505,
                1.2626240253448486,
                0.5626559853553772
              ]
            },
            "sample_index": 8,
            "scheduled_start_arrival_ns_by_rank": [
              744876446080984,
              744876445642712,
              744876446094366,
              744876446464315
            ],
            "scheduled_start_target_ns_by_rank": [
              744876451464315,
              744876451464315,
              744876451464315,
              744876451464315
            ],
            "start_record_bracket_ns_by_rank": [
              [
                744876451866776,
                744876451907751
              ],
              [
                744876451879348,
                744876451903595
              ],
              [
                744876451465176,
                744876451503813
              ],
              [
                744876452167553,
                744876452234475
              ]
            ],
            "start_record_envelope_span_ns": 769299,
            "variant": 1
          }
        },
        "variant": 1
      },
      {
        "accepted": true,
        "attempt_id": 9,
        "logical_pair_index": 8,
        "order": [
          "reference"
        ],
        "rejection_reasons": [],
        "retry_ordinal": 1,
        "samples": {
          "reference": {
            "collective_only": {
              "local_ms": 0.566815972328186,
              "rank_max_ms": 0.5967040061950684,
              "rank_ms": [
                0.566815972328186,
                0.5967040061950684,
                0.5698879957199097,
                0.5696960091590881
              ]
            },
            "pair_attempt_id": 9,
            "pair_retry_ordinal": 1,
            "position": 0,
            "readiness_probe_exact": true,
            "ready_region": {
              "local_ms": 0.6067839860916138,
              "rank_max_ms": 0.6357439756393433,
              "rank_ms": [
                0.6067839860916138,
                0.6357439756393433,
                0.6108160018920898,
                0.6096959710121155
              ]
            },
            "sample_index": 8,
            "scheduled_start_arrival_ns_by_rank": [
              744876458980111,
              744876458868037,
              744876458959931,
              744876458545999
            ],
            "scheduled_start_target_ns_by_rank": [
              744876463980111,
              744876463980111,
              744876463980111,
              744876463980111
            ],
            "start_record_bracket_ns_by_rank": [
              [
                744876463980994,
                744876464056289
              ],
              [
                744876463980604,
                744876464019778
              ],
              [
                744876463981051,
                744876464053213
              ],
              [
                744876463981093,
                744876464057301
              ]
            ],
            "start_record_envelope_span_ns": 76697,
            "variant": 0
          }
        },
        "variant": 0
      },
      {
        "accepted": true,
        "attempt_id": 10,
        "logical_pair_index": 9,
        "order": [
          "reference"
        ],
        "rejection_reasons": [],
        "retry_ordinal": 0,
        "samples": {
          "reference": {
            "collective_only": {
              "local_ms": 0.504800021648407,
              "rank_max_ms": 0.5272960066795349,
              "rank_ms": [
                0.504800021648407,
                0.5272960066795349,
                0.49980801343917847,
                0.5119360089302063
              ]
            },
            "pair_attempt_id": 10,
            "pair_retry_ordinal": 0,
            "position": 0,
            "readiness_probe_exact": true,
            "ready_region": {
              "local_ms": 0.5449600219726562,
              "rank_max_ms": 0.5662720203399658,
              "rank_ms": [
                0.5449600219726562,
                0.5662720203399658,
                0.5407360196113586,
                0.5518720149993896
              ]
            },
            "sample_index": 9,
            "scheduled_start_arrival_ns_by_rank": [
              744876470925729,
              744876470663043,
              744876471083426,
              744876470901183
            ],
            "scheduled_start_target_ns_by_rank": [
              744876476083426,
              744876476083426,
              744876476083426,
              744876476083426
            ],
            "start_record_bracket_ns_by_rank": [
              [
                744876476084335,
                744876476125625
              ],
              [
                744876476083922,
                744876476106665
              ],
              [
                744876476084442,
                744876476124356
              ],
              [
                744876476084471,
                744876476120296
              ]
            ],
            "start_record_envelope_span_ns": 41703,
            "variant": 1
          }
        },
        "variant": 1
      },
      {
        "accepted": true,
        "attempt_id": 11,
        "logical_pair_index": 10,
        "order": [
          "reference"
        ],
        "rejection_reasons": [],
        "retry_ordinal": 0,
        "samples": {
          "reference": {
            "collective_only": {
              "local_ms": 0.48662400245666504,
              "rank_max_ms": 0.5062080025672913,
              "rank_ms": [
                0.48662400245666504,
                0.5062080025672913,
                0.47887998819351196,
                0.4840640127658844
              ]
            },
            "pair_attempt_id": 11,
            "pair_retry_ordinal": 0,
            "position": 0,
            "readiness_probe_exact": true,
            "ready_region": {
              "local_ms": 0.5264319777488708,
              "rank_max_ms": 0.5452160239219666,
              "rank_ms": [
                0.5264319777488708,
                0.5452160239219666,
                0.5178239941596985,
                0.5227199792861938
              ]
            },
            "sample_index": 10,
            "scheduled_start_arrival_ns_by_rank": [
              744876483283104,
              744876483170547,
              744876483249206,
              744876483605291
            ],
            "scheduled_start_target_ns_by_rank": [
              744876488605291,
              744876488605291,
              744876488605291,
              744876488605291
            ],
            "start_record_bracket_ns_by_rank": [
              [
                744876488606412,
                744876488647938
              ],
              [
                744876488605815,
                744876488631231
              ],
              [
                744876488606217,
                744876488645186
              ],
              [
                744876488606169,
                744876488643715
              ]
            ],
            "start_record_envelope_span_ns": 42123,
            "variant": 0
          }
        },
        "variant": 0
      },
      {
        "accepted": true,
        "attempt_id": 12,
        "logical_pair_index": 11,
        "order": [
          "reference"
        ],
        "rejection_reasons": [],
        "retry_ordinal": 0,
        "samples": {
          "reference": {
            "collective_only": {
              "local_ms": 0.5001919865608215,
              "rank_max_ms": 0.5139200091362,
              "rank_ms": [
                0.5001919865608215,
                0.5139200091362,
                0.49110400676727295,
                0.5001599788665771
              ]
            },
            "pair_attempt_id": 12,
            "pair_retry_ordinal": 0,
            "position": 0,
            "readiness_probe_exact": true,
            "ready_region": {
              "local_ms": 0.5400639772415161,
              "rank_max_ms": 0.5548800230026245,
              "rank_ms": [
                0.5400639772415161,
                0.5548800230026245,
                0.5321279764175415,
                0.5410879850387573
              ]
            },
            "sample_index": 11,
            "scheduled_start_arrival_ns_by_rank": [
              744876494330566,
              744876495094779,
              744876495532834,
              744876495243084
            ],
            "scheduled_start_target_ns_by_rank": [
              744876500532834,
              744876500532834,
              744876500532834,
              744876500532834
            ],
            "start_record_bracket_ns_by_rank": [
              [
                744876500533749,
                744876500577238
              ],
              [
                744876500533478,
                744876500562011
              ],
              [
                744876500533879,
                744876500577717
              ],
              [
                744876500533729,
                744876500574383
              ]
            ],
            "start_record_envelope_span_ns": 44239,
            "variant": 1
          }
        },
        "variant": 1
      },
      {
        "accepted": true,
        "attempt_id": 13,
        "logical_pair_index": 12,
        "order": [
          "reference"
        ],
        "rejection_reasons": [],
        "retry_ordinal": 0,
        "samples": {
          "reference": {
            "collective_only": {
              "local_ms": 0.46620801091194153,
              "rank_max_ms": 0.48204800486564636,
              "rank_ms": [
                0.46620801091194153,
                0.47839999198913574,
                0.4607360064983368,
                0.48204800486564636
              ]
            },
            "pair_attempt_id": 13,
            "pair_retry_ordinal": 0,
            "position": 0,
            "readiness_probe_exact": true,
            "ready_region": {
              "local_ms": 0.5061439871788025,
              "rank_max_ms": 0.5219519734382629,
              "rank_ms": [
                0.5061439871788025,
                0.5183680057525635,
                0.5007359981536865,
                0.5219519734382629
              ]
            },
            "sample_index": 12,
            "scheduled_start_arrival_ns_by_rank": [
              744876506241228,
              744876505725274,
              744876506536570,
              744876505704086
            ],
            "scheduled_start_target_ns_by_rank": [
              744876511536570,
              744876511536570,
              744876511536570,
              744876511536570
            ],
            "start_record_bracket_ns_by_rank": [
              [
                744876511537679,
                744876511575477
              ],
              [
                744876511537149,
                744876511564070
              ],
              [
                744876511537456,
                744876511574606
              ],
              [
                744876511537088,
                744876511559102
              ]
            ],
            "start_record_envelope_span_ns": 38389,
            "variant": 0
          }
        },
        "variant": 0
      },
      {
        "accepted": true,
        "attempt_id": 14,
        "logical_pair_index": 13,
        "order": [
          "reference"
        ],
        "rejection_reasons": [],
        "retry_ordinal": 0,
        "samples": {
          "reference": {
            "collective_only": {
              "local_ms": 0.47353601455688477,
              "rank_max_ms": 0.9087679982185364,
              "rank_ms": [
                0.47353601455688477,
                0.9087679982185364,
                0.8735359907150269,
                0.7694399952888489
              ]
            },
            "pair_attempt_id": 14,
            "pair_retry_ordinal": 0,
            "position": 0,
            "readiness_probe_exact": true,
            "ready_region": {
              "local_ms": 0.5132480263710022,
              "rank_max_ms": 0.9487040042877197,
              "rank_ms": [
                0.5132480263710022,
                0.9487040042877197,
                0.9125760197639465,
                0.8093760013580322
              ]
            },
            "sample_index": 13,
            "scheduled_start_arrival_ns_by_rank": [
              744876519985646,
              744876518807440,
              744876518593846,
              744876519039500
            ],
            "scheduled_start_target_ns_by_rank": [
              744876524985646,
              744876524985646,
              744876524985646,
              744876524985646
            ],
            "start_record_bracket_ns_by_rank": [
              [
                744876525407868,
                744876525447954
              ],
              [
                744876524986032,
                744876525021104
              ],
              [
                744876524986427,
                744876525044631
              ],
              [
                744876525115110,
                744876525149545
              ]
            ],
            "start_record_envelope_span_ns": 461922,
            "variant": 1
          }
        },
        "variant": 1
      },
      {
        "accepted": true,
        "attempt_id": 15,
        "logical_pair_index": 14,
        "order": [
          "reference"
        ],
        "rejection_reasons": [],
        "retry_ordinal": 0,
        "samples": {
          "reference": {
            "collective_only": {
              "local_ms": 0.5084480047225952,
              "rank_max_ms": 0.5418879985809326,
              "rank_ms": [
                0.5084480047225952,
                0.5418879985809326,
                0.495743989944458,
                0.5274239778518677
              ]
            },
            "pair_attempt_id": 15,
            "pair_retry_ordinal": 0,
            "position": 0,
            "readiness_probe_exact": true,
            "ready_region": {
              "local_ms": 0.5483520030975342,
              "rank_max_ms": 0.5807679891586304,
              "rank_ms": [
                0.5483520030975342,
                0.5807679891586304,
                0.5343999862670898,
                0.5673279762268066
              ]
            },
            "sample_index": 14,
            "scheduled_start_arrival_ns_by_rank": [
              744876531090222,
              744876530656633,
              744876531091766,
              744876531165408
            ],
            "scheduled_start_target_ns_by_rank": [
              744876536165408,
              744876536165408,
              744876536165408,
              744876536165408
            ],
            "start_record_bracket_ns_by_rank": [
              [
                744876536166496,
                744876536223487
              ],
              [
                744876536166022,
                744876536191769
              ],
              [
                744876536166402,
                744876536227320
              ],
              [
                744876536166417,
                744876536206089
              ]
            ],
            "start_record_envelope_span_ns": 61298,
            "variant": 0
          }
        },
        "variant": 0
      },
      {
        "accepted": true,
        "attempt_id": 16,
        "logical_pair_index": 15,
        "order": [
          "reference"
        ],
        "rejection_reasons": [],
        "retry_ordinal": 0,
        "samples": {
          "reference": {
            "collective_only": {
              "local_ms": 0.49478399753570557,
              "rank_max_ms": 0.5182719826698303,
              "rank_ms": [
                0.49478399753570557,
                0.5182719826698303,
                0.4926080107688904,
                0.503167986869812
              ]
            },
            "pair_attempt_id": 16,
            "pair_retry_ordinal": 0,
            "position": 0,
            "readiness_probe_exact": true,
            "ready_region": {
              "local_ms": 0.5338559746742249,
              "rank_max_ms": 0.5572800040245056,
              "rank_ms": [
                0.5338559746742249,
                0.5572800040245056,
                0.533407986164093,
                0.543071985244751
              ]
            },
            "sample_index": 15,
            "scheduled_start_arrival_ns_by_rank": [
              744876543453980,
              744876542700968,
              744876543509005,
              744876543520960
            ],
            "scheduled_start_target_ns_by_rank": [
              744876548520960,
              744876548520960,
              744876548520960,
              744876548520960
            ],
            "start_record_bracket_ns_by_rank": [
              [
                744876548521966,
                744876548566777
              ],
              [
                744876548521550,
                744876548548964
              ],
              [
                744876548521930,
                744876548565309
              ],
              [
                744876548521799,
                744876548560196
              ]
            ],
            "start_record_envelope_span_ns": 45227,
            "variant": 1
          }
        },
        "variant": 1
      },
      {
        "accepted": true,
        "attempt_id": 17,
        "logical_pair_index": 16,
        "order": [
          "reference"
        ],
        "rejection_reasons": [],
        "retry_ordinal": 0,
        "samples": {
          "reference": {
            "collective_only": {
              "local_ms": 0.5273920297622681,
              "rank_max_ms": 0.6627200245857239,
              "rank_ms": [
                0.5273920297622681,
                0.6627200245857239,
                0.6094080209732056,
                0.627839982509613
              ]
            },
            "pair_attempt_id": 17,
            "pair_retry_ordinal": 0,
            "position": 0,
            "readiness_probe_exact": true,
            "ready_region": {
              "local_ms": 0.5663359761238098,
              "rank_max_ms": 0.7017279863357544,
              "rank_ms": [
                0.5663359761238098,
                0.7017279863357544,
                0.6483200192451477,
                0.6678079962730408
              ]
            },
            "sample_index": 16,
            "scheduled_start_arrival_ns_by_rank": [
              744876553965477,
              744876553414962,
              744876553500570,
              744876553947112
            ],
            "scheduled_start_target_ns_by_rank": [
              744876558965477,
              744876558965477,
              744876558965477,
              744876558965477
            ],
            "start_record_bracket_ns_by_rank": [
              [
                744876559081324,
                744876559125443
              ],
              [
                744876558965864,
                744876558991477
              ],
              [
                744876558966404,
                744876559035600
              ],
              [
                744876558966339,
                744876559021607
              ]
            ],
            "start_record_envelope_span_ns": 159579,
            "variant": 0
          }
        },
        "variant": 0
      },
      {
        "accepted": true,
        "attempt_id": 18,
        "logical_pair_index": 17,
        "order": [
          "reference"
        ],
        "rejection_reasons": [],
        "retry_ordinal": 0,
        "samples": {
          "reference": {
            "collective_only": {
              "local_ms": 0.5083839893341064,
              "rank_max_ms": 0.5241280198097229,
              "rank_ms": [
                0.5083839893341064,
                0.5241280198097229,
                0.5110399723052979,
                0.5057600140571594
              ]
            },
            "pair_attempt_id": 18,
            "pair_retry_ordinal": 0,
            "position": 0,
            "readiness_probe_exact": true,
            "ready_region": {
              "local_ms": 0.5482879877090454,
              "rank_max_ms": 0.563040018081665,
              "rank_ms": [
                0.5482879877090454,
                0.563040018081665,
                0.5502399802207947,
                0.5456960201263428
              ]
            },
            "sample_index": 17,
            "scheduled_start_arrival_ns_by_rank": [
              744876564824377,
              744876564703449,
              744876564671513,
              744876564993240
            ],
            "scheduled_start_target_ns_by_rank": [
              744876569993240,
              744876569993240,
              744876569993240,
              744876569993240
            ],
            "start_record_bracket_ns_by_rank": [
              [
                744876569994371,
                744876570048977
              ],
              [
                744876569993752,
                744876570029526
              ],
              [
                744876569993903,
                744876570036024
              ],
              [
                744876569994149,
                744876570047533
              ]
            ],
            "start_record_envelope_span_ns": 55225,
            "variant": 1
          }
        },
        "variant": 1
      },
      {
        "accepted": true,
        "attempt_id": 19,
        "logical_pair_index": 18,
        "order": [
          "reference"
        ],
        "rejection_reasons": [],
        "retry_ordinal": 0,
        "samples": {
          "reference": {
            "collective_only": {
              "local_ms": 0.5039039850234985,
              "rank_max_ms": 0.5167040228843689,
              "rank_ms": [
                0.5039039850234985,
                0.5167040228843689,
                0.5097280144691467,
                0.4970239996910095
              ]
            },
            "pair_attempt_id": 19,
            "pair_retry_ordinal": 0,
            "position": 0,
            "readiness_probe_exact": true,
            "ready_region": {
              "local_ms": 0.5438399910926819,
              "rank_max_ms": 0.5566080212593079,
              "rank_ms": [
                0.5438399910926819,
                0.5566080212593079,
                0.5496640205383301,
                0.5368319749832153
              ]
            },
            "sample_index": 18,
            "scheduled_start_arrival_ns_by_rank": [
              744876576621571,
              744876576149727,
              744876576312469,
              744876576233262
            ],
            "scheduled_start_target_ns_by_rank": [
              744876581621571,
              744876581621571,
              744876581621571,
              744876581621571
            ],
            "start_record_bracket_ns_by_rank": [
              [
                744876581623337,
                744876581665263
              ],
              [
                744876581622104,
                744876581645315
              ],
              [
                744876581622032,
                744876581645322
              ],
              [
                744876581623248,
                744876581664889
              ]
            ],
            "start_record_envelope_span_ns": 43231,
            "variant": 0
          }
        },
        "variant": 0
      },
      {
        "accepted": true,
        "attempt_id": 20,
        "logical_pair_index": 19,
        "order": [
          "reference"
        ],
        "rejection_reasons": [],
        "retry_ordinal": 0,
        "samples": {
          "reference": {
            "collective_only": {
              "local_ms": 0.4694400131702423,
              "rank_max_ms": 0.4694400131702423,
              "rank_ms": [
                0.4694400131702423,
                0.4649600088596344,
                0.46911999583244324,
                0.4639039933681488
              ]
            },
            "pair_attempt_id": 20,
            "pair_retry_ordinal": 0,
            "position": 0,
            "readiness_probe_exact": true,
            "ready_region": {
              "local_ms": 0.5093759894371033,
              "rank_max_ms": 0.5093759894371033,
              "rank_ms": [
                0.5093759894371033,
                0.5059840083122253,
                0.5080959796905518,
                0.5028480291366577
              ]
            },
            "sample_index": 19,
            "scheduled_start_arrival_ns_by_rank": [
              744876586731229,
              744876587166478,
              744876587442409,
              744876586956644
            ],
            "scheduled_start_target_ns_by_rank": [
              744876592442409,
              744876592442409,
              744876592442409,
              744876592442409
            ],
            "start_record_bracket_ns_by_rank": [
              [
                744876592442872,
                744876592468748
              ],
              [
                744876592442860,
                744876592466498
              ],
              [
                744876592442870,
                744876592470560
              ],
              [
                744876592443348,
                744876592477684
              ]
            ],
            "start_record_envelope_span_ns": 34824,
            "variant": 1
          }
        },
        "variant": 1
      },
      {
        "accepted": true,
        "attempt_id": 21,
        "logical_pair_index": 20,
        "order": [
          "reference"
        ],
        "rejection_reasons": [],
        "retry_ordinal": 0,
        "samples": {
          "reference": {
            "collective_only": {
              "local_ms": 0.46268799901008606,
              "rank_max_ms": 0.46268799901008606,
              "rank_ms": [
                0.46268799901008606,
                0.46028798818588257,
                0.4613119959831238,
                0.4599039852619171
              ]
            },
            "pair_attempt_id": 21,
            "pair_retry_ordinal": 0,
            "position": 0,
            "readiness_probe_exact": true,
            "ready_region": {
              "local_ms": 0.5024960041046143,
              "rank_max_ms": 0.5024960041046143,
              "rank_ms": [
                0.5024960041046143,
                0.5012480020523071,
                0.502240002155304,
                0.5001599788665771
              ]
            },
            "sample_index": 20,
            "scheduled_start_arrival_ns_by_rank": [
              744876596913351,
              744876596800974,
              744876596905216,
              744876596758488
            ],
            "scheduled_start_target_ns_by_rank": [
              744876601913351,
              744876601913351,
              744876601913351,
              744876601913351
            ],
            "start_record_bracket_ns_by_rank": [
              [
                744876601913977,
                744876601941849
              ],
              [
                744876601913968,
                744876601941160
              ],
              [
                744876601913830,
                744876601936818
              ],
              [
                744876601913951,
                744876601939577
              ]
            ],
            "start_record_envelope_span_ns": 28019,
            "variant": 0
          }
        },
        "variant": 0
      },
      {
        "accepted": true,
        "attempt_id": 22,
        "logical_pair_index": 21,
        "order": [
          "reference"
        ],
        "rejection_reasons": [],
        "retry_ordinal": 0,
        "samples": {
          "reference": {
            "collective_only": {
              "local_ms": 0.49113601446151733,
              "rank_max_ms": 0.50518399477005,
              "rank_ms": [
                0.49113601446151733,
                0.50518399477005,
                0.49462398886680603,
                0.4976319968700409
              ]
            },
            "pair_attempt_id": 22,
            "pair_retry_ordinal": 0,
            "position": 0,
            "readiness_probe_exact": true,
            "ready_region": {
              "local_ms": 0.5310400128364563,
              "rank_max_ms": 0.5450559854507446,
              "rank_ms": [
                0.5310400128364563,
                0.5450559854507446,
                0.5334720015525818,
                0.5375360250473022
              ]
            },
            "sample_index": 21,
            "scheduled_start_arrival_ns_by_rank": [
              744876607410926,
              744876607515113,
              744876608407353,
              744876607711729
            ],
            "scheduled_start_target_ns_by_rank": [
              744876613407353,
              744876613407353,
              744876613407353,
              744876613407353
            ],
            "start_record_bracket_ns_by_rank": [
              [
                744876613408388,
                744876613449687
              ],
              [
                744876613407821,
                744876613432057
              ],
              [
                744876613408283,
                744876613446004
              ],
              [
                744876613408704,
                744876613450679
              ]
            ],
            "start_record_envelope_span_ns": 42858,
            "variant": 1
          }
        },
        "variant": 1
      },
      {
        "accepted": true,
        "attempt_id": 23,
        "logical_pair_index": 22,
        "order": [
          "reference"
        ],
        "rejection_reasons": [],
        "retry_ordinal": 0,
        "samples": {
          "reference": {
            "collective_only": {
              "local_ms": 0.5899199843406677,
              "rank_max_ms": 0.6187520027160645,
              "rank_ms": [
                0.5899199843406677,
                0.6187520027160645,
                0.5959680080413818,
                0.5939840078353882
              ]
            },
            "pair_attempt_id": 23,
            "pair_retry_ordinal": 0,
            "position": 0,
            "readiness_probe_exact": true,
            "ready_region": {
              "local_ms": 0.6287360191345215,
              "rank_max_ms": 0.6577280163764954,
              "rank_ms": [
                0.6287360191345215,
                0.6577280163764954,
                0.6367999911308289,
                0.6340159773826599
              ]
            },
            "sample_index": 22,
            "scheduled_start_arrival_ns_by_rank": [
              744876619895293,
              744876619192917,
              744876619438574,
              744876618625286
            ],
            "scheduled_start_target_ns_by_rank": [
              744876624895293,
              744876624895293,
              744876624895293,
              744876624895293
            ],
            "start_record_bracket_ns_by_rank": [
              [
                744876624896394,
                744876624946728
              ],
              [
                744876624895719,
                744876624922168
              ],
              [
                744876624896355,
                744876624943099
              ],
              [
                744876624896196,
                744876624938977
              ]
            ],
            "start_record_envelope_span_ns": 51009,
            "variant": 0
          }
        },
        "variant": 0
      },
      {
        "accepted": true,
        "attempt_id": 24,
        "logical_pair_index": 23,
        "order": [
          "reference"
        ],
        "rejection_reasons": [],
        "retry_ordinal": 0,
        "samples": {
          "reference": {
            "collective_only": {
              "local_ms": 0.45395201444625854,
              "rank_max_ms": 0.4682239890098572,
              "rank_ms": [
                0.45395201444625854,
                0.4682239890098572,
                0.45500800013542175,
                0.4596799910068512
              ]
            },
            "pair_attempt_id": 24,
            "pair_retry_ordinal": 0,
            "position": 0,
            "readiness_probe_exact": true,
            "ready_region": {
              "local_ms": 0.49276798963546753,
              "rank_max_ms": 0.5081599950790405,
              "rank_ms": [
                0.49276798963546753,
                0.5081599950790405,
                0.4939199984073639,
                0.4997439980506897
              ]
            },
            "sample_index": 23,
            "scheduled_start_arrival_ns_by_rank": [
              744876629892295,
              744876629824741,
              744876630243174,
              744876629978009
            ],
            "scheduled_start_target_ns_by_rank": [
              744876635243174,
              744876635243174,
              744876635243174,
              744876635243174
            ],
            "start_record_bracket_ns_by_rank": [
              [
                744876635244095,
                744876635279805
              ],
              [
                744876635243667,
                744876635264489
              ],
              [
                744876635245442,
                744876635279354
              ],
              [
                744876635244370,
                744876635279310
              ]
            ],
            "start_record_envelope_span_ns": 36138,
            "variant": 1
          }
        },
        "variant": 1
      },
      {
        "accepted": true,
        "attempt_id": 25,
        "logical_pair_index": 24,
        "order": [
          "reference"
        ],
        "rejection_reasons": [],
        "retry_ordinal": 0,
        "samples": {
          "reference": {
            "collective_only": {
              "local_ms": 0.5488319993019104,
              "rank_max_ms": 0.5512959957122803,
              "rank_ms": [
                0.5488319993019104,
                0.5512959957122803,
                0.5481280088424683,
                0.5406079888343811
              ]
            },
            "pair_attempt_id": 25,
            "pair_retry_ordinal": 0,
            "position": 0,
            "readiness_probe_exact": true,
            "ready_region": {
              "local_ms": 0.5890560150146484,
              "rank_max_ms": 0.5922240018844604,
              "rank_ms": [
                0.5890560150146484,
                0.5922240018844604,
                0.5871040225028992,
                0.5805760025978088
              ]
            },
            "sample_index": 24,
            "scheduled_start_arrival_ns_by_rank": [
              744876640033368,
              744876639752162,
              744876639492913,
              744876639923822
            ],
            "scheduled_start_target_ns_by_rank": [
              744876645033368,
              744876645033368,
              744876645033368,
              744876645033368
            ],
            "start_record_bracket_ns_by_rank": [
              [
                744876645034337,
                744876645069123
              ],
              [
                744876645033920,
                744876645056832
              ],
              [
                744876645033969,
                744876645059481
              ],
              [
                744876645034518,
                744876645076455
              ]
            ],
            "start_record_envelope_span_ns": 42535,
            "variant": 0
          }
        },
        "variant": 0
      },
      {
        "accepted": false,
        "attempt_id": 26,
        "logical_pair_index": 25,
        "order": [
          "reference"
        ],
        "rejection_reasons": [
          {
            "limit_ns": 500000,
            "side": "reference",
            "start_record_envelope_span_ns": 546831
          }
        ],
        "retry_ordinal": 0,
        "samples": {
          "reference": {
            "collective_only": {
              "local_ms": 0.7586240172386169,
              "rank_max_ms": 0.9931520223617554,
              "rank_ms": [
                0.7586240172386169,
                0.9931520223617554,
                0.4678399860858917,
                0.8876799941062927
              ]
            },
            "pair_attempt_id": 26,
            "pair_retry_ordinal": 0,
            "position": 0,
            "readiness_probe_exact": true,
            "ready_region": {
              "local_ms": 0.7984319925308228,
              "rank_max_ms": 1.032096028327942,
              "rank_ms": [
                0.7984319925308228,
                1.032096028327942,
                0.5067200064659119,
                0.9276160001754761
              ]
            },
            "sample_index": 25,
            "scheduled_start_arrival_ns_by_rank": [
              744876651465746,
              744876651403846,
              744876650766089,
              744876651118936
            ],
            "scheduled_start_target_ns_by_rank": [
              744876656465746,
              744876656465746,
              744876656465746,
              744876656465746
            ],
            "start_record_bracket_ns_by_rank": [
              [
                744876657059794,
                744876657100869
              ],
              [
                744876656842468,
                744876656865806
              ],
              [
                744876657352119,
                744876657389299
              ],
              [
                744876656934334,
                744876656977884
              ]
            ],
            "start_record_envelope_span_ns": 546831,
            "variant": 1
          }
        },
        "variant": 1
      },
      {
        "accepted": true,
        "attempt_id": 27,
        "logical_pair_index": 25,
        "order": [
          "reference"
        ],
        "rejection_reasons": [],
        "retry_ordinal": 1,
        "samples": {
          "reference": {
            "collective_only": {
              "local_ms": 0.49116799235343933,
              "rank_max_ms": 0.5054399967193604,
              "rank_ms": [
                0.49116799235343933,
                0.5054399967193604,
                0.48848000168800354,
                0.4978240132331848
              ]
            },
            "pair_attempt_id": 27,
            "pair_retry_ordinal": 1,
            "position": 0,
            "readiness_probe_exact": true,
            "ready_region": {
              "local_ms": 0.5311040282249451,
              "rank_max_ms": 0.5444480180740356,
              "rank_ms": [
                0.5311040282249451,
                0.5444480180740356,
                0.5273920297622681,
                0.5377280116081238
              ]
            },
            "sample_index": 25,
            "scheduled_start_arrival_ns_by_rank": [
              744876662090228,
              744876661702235,
              744876661557679,
              744876662369209
            ],
            "scheduled_start_target_ns_by_rank": [
              744876667369209,
              744876667369209,
              744876667369209,
              744876667369209
            ],
            "start_record_bracket_ns_by_rank": [
              [
                744876667370047,
                744876667403301
              ],
              [
                744876667369742,
                744876667391909
              ],
              [
                744876667371971,
                744876667410847
              ],
              [
                744876667370237,
                744876667403316
              ]
            ],
            "start_record_envelope_span_ns": 41105,
            "variant": 0
          }
        },
        "variant": 0
      },
      {
        "accepted": true,
        "attempt_id": 28,
        "logical_pair_index": 26,
        "order": [
          "reference"
        ],
        "rejection_reasons": [],
        "retry_ordinal": 0,
        "samples": {
          "reference": {
            "collective_only": {
              "local_ms": 0.4960319995880127,
              "rank_max_ms": 0.5035520195960999,
              "rank_ms": [
                0.4960319995880127,
                0.5035520195960999,
                0.5014399886131287,
                0.4997439980506897
              ]
            },
            "pair_attempt_id": 28,
            "pair_retry_ordinal": 0,
            "position": 0,
            "readiness_probe_exact": true,
            "ready_region": {
              "local_ms": 0.5360959768295288,
              "rank_max_ms": 0.5426560044288635,
              "rank_ms": [
                0.5360959768295288,
                0.5426560044288635,
                0.5424320101737976,
                0.539903998374939
              ]
            },
            "sample_index": 26,
            "scheduled_start_arrival_ns_by_rank": [
              744876673245078,
              744876673275837,
              744876672911462,
              744876673473509
            ],
            "scheduled_start_target_ns_by_rank": [
              744876678473509,
              744876678473509,
              744876678473509,
              744876678473509
            ],
            "start_record_bracket_ns_by_rank": [
              [
                744876678474711,
                744876678514490
              ],
              [
                744876678474080,
                744876678498182
              ],
              [
                744876678474002,
                744876678503652
              ],
              [
                744876678474678,
                744876678512968
              ]
            ],
            "start_record_envelope_span_ns": 40488,
            "variant": 1
          }
        },
        "variant": 1
      },
      {
        "accepted": false,
        "attempt_id": 29,
        "logical_pair_index": 27,
        "order": [
          "reference"
        ],
        "rejection_reasons": [
          {
            "limit_ns": 500000,
            "side": "reference",
            "start_record_envelope_span_ns": 1110154
          }
        ],
        "retry_ordinal": 0,
        "samples": {
          "reference": {
            "collective_only": {
              "local_ms": 1.0902400016784668,
              "rank_max_ms": 1.5898879766464233,
              "rank_ms": [
                1.0902400016784668,
                1.5898879766464233,
                1.4768320322036743,
                0.5069119930267334
              ]
            },
            "pair_attempt_id": 29,
            "pair_retry_ordinal": 0,
            "position": 0,
            "readiness_probe_exact": true,
            "ready_region": {
              "local_ms": 1.129248023033142,
              "rank_max_ms": 1.6308480501174927,
              "rank_ms": [
                1.129248023033142,
                1.6308480501174927,
                1.5157760381698608,
                0.5468479990959167
              ]
            },
            "sample_index": 27,
            "scheduled_start_arrival_ns_by_rank": [
              744876684886779,
              744876685060305,
              744876685319823,
              744876685256503
            ],
            "scheduled_start_target_ns_by_rank": [
              744876690319823,
              744876690319823,
              744876690319823,
              744876690319823
            ],
            "start_record_bracket_ns_by_rank": [
              [
                744876690909723,
                744876690950292
              ],
              [
                744876690420023,
                744876690444728
              ],
              [
                744876690529112,
                744876690557836
              ],
              [
                744876691488380,
                744876691530177
              ]
            ],
            "start_record_envelope_span_ns": 1110154,
            "variant": 0
          }
        },
        "variant": 0
      },
      {
        "accepted": true,
        "attempt_id": 30,
        "logical_pair_index": 27,
        "order": [
          "reference"
        ],
        "rejection_reasons": [],
        "retry_ordinal": 1,
        "samples": {
          "reference": {
            "collective_only": {
              "local_ms": 0.5516800284385681,
              "rank_max_ms": 0.9205759763717651,
              "rank_ms": [
                0.5516800284385681,
                0.9205759763717651,
                0.9157760143280029,
                0.5460159778594971
              ]
            },
            "pair_attempt_id": 30,
            "pair_retry_ordinal": 1,
            "position": 0,
            "readiness_probe_exact": true,
            "ready_region": {
              "local_ms": 0.5915840268135071,
              "rank_max_ms": 0.9594879746437073,
              "rank_ms": [
                0.5915840268135071,
                0.9594879746437073,
                0.9567360281944275,
                0.587007999420166
              ]
            },
            "sample_index": 27,
            "scheduled_start_arrival_ns_by_rank": [
              744876698368067,
              744876698111628,
              744876698105756,
              744876698406826
            ],
            "scheduled_start_target_ns_by_rank": [
              744876703406826,
              744876703406826,
              744876703406826,
              744876703406826
            ],
            "start_record_bracket_ns_by_rank": [
              [
                744876703762150,
                744876703806490
              ],
              [
                744876703407340,
                744876703434913
              ],
              [
                744876703407184,
                744876703433605
              ],
              [
                744876703763404,
                744876703806046
              ]
            ],
            "start_record_envelope_span_ns": 399306,
            "variant": 1
          }
        },
        "variant": 1
      },
      {
        "accepted": true,
        "attempt_id": 31,
        "logical_pair_index": 28,
        "order": [
          "reference"
        ],
        "rejection_reasons": [],
        "retry_ordinal": 0,
        "samples": {
          "reference": {
            "collective_only": {
              "local_ms": 0.49980801343917847,
              "rank_max_ms": 0.5230399966239929,
              "rank_ms": [
                0.49980801343917847,
                0.5230399966239929,
                0.49452799558639526,
                0.5092800259590149
              ]
            },
            "pair_attempt_id": 31,
            "pair_retry_ordinal": 0,
            "position": 0,
            "readiness_probe_exact": true,
            "ready_region": {
              "local_ms": 0.540831983089447,
              "rank_max_ms": 0.5620160102844238,
              "rank_ms": [
                0.540831983089447,
                0.5620160102844238,
                0.5354560017585754,
                0.5494080185890198
              ]
            },
            "sample_index": 28,
            "scheduled_start_arrival_ns_by_rank": [
              744876711594637,
              744876711120168,
              744876711649802,
              744876711679077
            ],
            "scheduled_start_target_ns_by_rank": [
              744876716679077,
              744876716679077,
              744876716679077,
              744876716679077
            ],
            "start_record_bracket_ns_by_rank": [
              [
                744876716679991,
                744876716724034
              ],
              [
                744876716679554,
                744876716705722
              ],
              [
                744876716680047,
                744876716724382
              ],
              [
                744876716679888,
                744876716717234
              ]
            ],
            "start_record_envelope_span_ns": 44828,
            "variant": 0
          }
        },
        "variant": 0
      },
      {
        "accepted": true,
        "attempt_id": 32,
        "logical_pair_index": 29,
        "order": [
          "reference"
        ],
        "rejection_reasons": [],
        "retry_ordinal": 0,
        "samples": {
          "reference": {
            "collective_only": {
              "local_ms": 0.47353601455688477,
              "rank_max_ms": 0.4960959851741791,
              "rank_ms": [
                0.47353601455688477,
                0.4960959851741791,
                0.47011199593544006,
                0.48796799778938293
              ]
            },
            "pair_attempt_id": 32,
            "pair_retry_ordinal": 0,
            "position": 0,
            "readiness_probe_exact": true,
            "ready_region": {
              "local_ms": 0.5135040283203125,
              "rank_max_ms": 0.5360000133514404,
              "rank_ms": [
                0.5135040283203125,
                0.5360000133514404,
                0.5110080242156982,
                0.5278720259666443
              ]
            },
            "sample_index": 29,
            "scheduled_start_arrival_ns_by_rank": [
              744876724670510,
              744876723732717,
              744876724165296,
              744876724326977
            ],
            "scheduled_start_target_ns_by_rank": [
              744876729670510,
              744876729670510,
              744876729670510,
              744876729670510
            ],
            "start_record_bracket_ns_by_rank": [
              [
                744876729671395,
                744876729711249
              ],
              [
                744876729670968,
                744876729694549
              ],
              [
                744876729671363,
                744876729710336
              ],
              [
                744876729671096,
                744876729696160
              ]
            ],
            "start_record_envelope_span_ns": 40281,
            "variant": 1
          }
        },
        "variant": 1
      },
      {
        "accepted": false,
        "attempt_id": 33,
        "logical_pair_index": 30,
        "order": [
          "reference"
        ],
        "rejection_reasons": [
          {
            "limit_ns": 500000,
            "side": "reference",
            "start_record_envelope_span_ns": 772739
          }
        ],
        "retry_ordinal": 0,
        "samples": {
          "reference": {
            "collective_only": {
              "local_ms": 0.5081279873847961,
              "rank_max_ms": 1.2650879621505737,
              "rank_ms": [
                0.5081279873847961,
                1.2650879621505737,
                0.846560001373291,
                0.7805119752883911
              ]
            },
            "pair_attempt_id": 33,
            "pair_retry_ordinal": 0,
            "position": 0,
            "readiness_probe_exact": true,
            "ready_region": {
              "local_ms": 0.5480639934539795,
              "rank_max_ms": 1.3051199913024902,
              "rank_ms": [
                0.5480639934539795,
                1.3051199913024902,
                0.8854719996452332,
                0.8204799890518188
              ]
            },
            "sample_index": 30,
            "scheduled_start_arrival_ns_by_rank": [
              744876735027080,
              744876734652517,
              744876735026706,
              744876734986399
            ],
            "scheduled_start_target_ns_by_rank": [
              744876740027080,
              744876740027080,
              744876740027080,
              744876740027080
            ],
            "start_record_bracket_ns_by_rank": [
              [
                744876740835189,
                744876740874990
              ],
              [
                744876740102251,
                744876740125617
              ],
              [
                744876740497337,
                744876740536924
              ],
              [
                744876740560188,
                744876740597893
              ]
            ],
            "start_record_envelope_span_ns": 772739,
            "variant": 0
          }
        },
        "variant": 0
      },
      {
        "accepted": false,
        "attempt_id": 34,
        "logical_pair_index": 30,
        "order": [
          "reference"
        ],
        "rejection_reasons": [
          {
            "limit_ns": 500000,
            "side": "reference",
            "start_record_envelope_span_ns": 527125
          }
        ],
        "retry_ordinal": 1,
        "samples": {
          "reference": {
            "collective_only": {
              "local_ms": 0.5554559826850891,
              "rank_max_ms": 1.0615040063858032,
              "rank_ms": [
                0.5554559826850891,
                1.0615040063858032,
                0.8123840093612671,
                0.6753919720649719
              ]
            },
            "pair_attempt_id": 34,
            "pair_retry_ordinal": 1,
            "position": 0,
            "readiness_probe_exact": true,
            "ready_region": {
              "local_ms": 0.5954239964485168,
              "rank_max_ms": 1.1004159450531006,
              "rank_ms": [
                0.5954239964485168,
                1.1004159450531006,
                0.8513919711112976,
                0.7164160013198853
              ]
            },
            "sample_index": 30,
            "scheduled_start_arrival_ns_by_rank": [
              744876747446140,
              744876747123302,
              744876747439112,
              744876747141831
            ],
            "scheduled_start_target_ns_by_rank": [
              744876752446140,
              744876752446140,
              744876752446140,
              744876752446140
            ],
            "start_record_bracket_ns_by_rank": [
              [
                744876752929959,
                744876752973766
              ],
              [
                744876752446641,
                744876752471899
              ],
              [
                744876752673820,
                744876752716948
              ],
              [
                744876752810643,
                744876752853931
              ]
            ],
            "start_record_envelope_span_ns": 527125,
            "variant": 1
          }
        },
        "variant": 1
      },
      {
        "accepted": false,
        "attempt_id": 35,
        "logical_pair_index": 30,
        "order": [
          "reference"
        ],
        "rejection_reasons": [
          {
            "limit_ns": 500000,
            "side": "reference",
            "start_record_envelope_span_ns": 613290
          }
        ],
        "retry_ordinal": 2,
        "samples": {
          "reference": {
            "collective_only": {
              "local_ms": 0.7114880084991455,
              "rank_max_ms": 1.0720319747924805,
              "rank_ms": [
                0.7114880084991455,
                1.0720319747924805,
                1.0465919971466064,
                0.48956799507141113
              ]
            },
            "pair_attempt_id": 35,
            "pair_retry_ordinal": 2,
            "position": 0,
            "readiness_probe_exact": true,
            "ready_region": {
              "local_ms": 0.7504640221595764,
              "rank_max_ms": 1.1120959520339966,
              "rank_ms": [
                0.7504640221595764,
                1.1120959520339966,
                1.085536003112793,
                0.5295040011405945
              ]
            },
            "sample_index": 30,
            "scheduled_start_arrival_ns_by_rank": [
              744876761844672,
              744876761715154,
              744876760048847,
              744876761883905
            ],
            "scheduled_start_target_ns_by_rank": [
              744876766883905,
              744876766883905,
              744876766883905,
              744876766883905
            ],
            "start_record_bracket_ns_by_rank": [
              [
                744876767206704,
                744876767277183
              ],
              [
                744876766884315,
                744876766908581
              ],
              [
                744876766898409,
                744876766941653
              ],
              [
                744876767455779,
                744876767497605
              ]
            ],
            "start_record_envelope_span_ns": 613290,
            "variant": 0
          }
        },
        "variant": 0
      },
      {
        "accepted": true,
        "attempt_id": 36,
        "logical_pair_index": 30,
        "order": [
          "reference"
        ],
        "rejection_reasons": [],
        "retry_ordinal": 3,
        "samples": {
          "reference": {
            "collective_only": {
              "local_ms": 0.8697919845581055,
              "rank_max_ms": 0.8697919845581055,
              "rank_ms": [
                0.8697919845581055,
                0.8631680011749268,
                0.46505600214004517,
                0.520576000213623
              ]
            },
            "pair_attempt_id": 36,
            "pair_retry_ordinal": 3,
            "position": 0,
            "readiness_probe_exact": true,
            "ready_region": {
              "local_ms": 0.9097599983215332,
              "rank_max_ms": 0.9097599983215332,
              "rank_ms": [
                0.9097599983215332,
                0.9020799994468689,
                0.5041279792785645,
                0.5605120062828064
              ]
            },
            "sample_index": 30,
            "scheduled_start_arrival_ns_by_rank": [
              744876774543678,
              744876774400150,
              744876774385076,
              744876774135163
            ],
            "scheduled_start_target_ns_by_rank": [
              744876779543678,
              744876779543678,
              744876779543678,
              744876779543678
            ],
            "start_record_bracket_ns_by_rank": [
              [
                744876779916528,
                744876779956970
              ],
              [
                744876779942139,
                744876779965475
              ],
              [
                744876780323849,
                744876780363788
              ],
              [
                744876780273560,
                744876780310859
              ]
            ],
            "start_record_envelope_span_ns": 447260,
            "variant": 1
          }
        },
        "variant": 1
      },
      {
        "accepted": true,
        "attempt_id": 37,
        "logical_pair_index": 31,
        "order": [
          "reference"
        ],
        "rejection_reasons": [],
        "retry_ordinal": 0,
        "samples": {
          "reference": {
            "collective_only": {
              "local_ms": 0.48659199476242065,
              "rank_max_ms": 0.5029119849205017,
              "rank_ms": [
                0.48659199476242065,
                0.5029119849205017,
                0.4829440116882324,
                0.4849280118942261
              ]
            },
            "pair_attempt_id": 37,
            "pair_retry_ordinal": 0,
            "position": 0,
            "readiness_probe_exact": true,
            "ready_region": {
              "local_ms": 0.526528000831604,
              "rank_max_ms": 0.5417919754981995,
              "rank_ms": [
                0.526528000831604,
                0.5417919754981995,
                0.521888017654419,
                0.5240640044212341
              ]
            },
            "sample_index": 31,
            "scheduled_start_arrival_ns_by_rank": [
              744876787447903,
              744876787310612,
              744876786986650,
              744876787633674
            ],
            "scheduled_start_target_ns_by_rank": [
              744876792633674,
              744876792633674,
              744876792633674,
              744876792633674
            ],
            "start_record_bracket_ns_by_rank": [
              [
                744876792634548,
                744876792675045
              ],
              [
                744876792634128,
                744876792659657
              ],
              [
                744876792634680,
                744876792675193
              ],
              [
                744876792634597,
                744876792673601
              ]
            ],
            "start_record_envelope_span_ns": 41065,
            "variant": 0
          }
        },
        "variant": 0
      },
      {
        "accepted": true,
        "attempt_id": 38,
        "logical_pair_index": 32,
        "order": [
          "reference"
        ],
        "rejection_reasons": [],
        "retry_ordinal": 0,
        "samples": {
          "reference": {
            "collective_only": {
              "local_ms": 0.5534719824790955,
              "rank_max_ms": 0.5646399855613708,
              "rank_ms": [
                0.5534719824790955,
                0.5646399855613708,
                0.5429440140724182,
                0.5490239858627319
              ]
            },
            "pair_attempt_id": 38,
            "pair_retry_ordinal": 0,
            "position": 0,
            "readiness_probe_exact": true,
            "ready_region": {
              "local_ms": 0.5934079885482788,
              "rank_max_ms": 0.6035839915275574,
              "rank_ms": [
                0.5934079885482788,
                0.6035839915275574,
                0.5819200277328491,
                0.5899519920349121
              ]
            },
            "sample_index": 32,
            "scheduled_start_arrival_ns_by_rank": [
              744876798694323,
              744876798517987,
              744876798819150,
              744876798685304
            ],
            "scheduled_start_target_ns_by_rank": [
              744876803819150,
              744876803819150,
              744876803819150,
              744876803819150
            ],
            "start_record_bracket_ns_by_rank": [
              [
                744876803820061,
                744876803863487
              ],
              [
                744876803819759,
                744876803847970
              ],
              [
                744876803820253,
                744876803863499
              ],
              [
                744876803820098,
                744876803862258
              ]
            ],
            "start_record_envelope_span_ns": 43740,
            "variant": 1
          }
        },
        "variant": 1
      },
      {
        "accepted": true,
        "attempt_id": 39,
        "logical_pair_index": 33,
        "order": [
          "reference"
        ],
        "rejection_reasons": [],
        "retry_ordinal": 0,
        "samples": {
          "reference": {
            "collective_only": {
              "local_ms": 0.4767040014266968,
              "rank_max_ms": 0.4918400049209595,
              "rank_ms": [
                0.4767040014266968,
                0.4918400049209595,
                0.47276800870895386,
                0.4792320132255554
              ]
            },
            "pair_attempt_id": 39,
            "pair_retry_ordinal": 0,
            "position": 0,
            "readiness_probe_exact": true,
            "ready_region": {
              "local_ms": 0.5167679786682129,
              "rank_max_ms": 0.5308160185813904,
              "rank_ms": [
                0.5167679786682129,
                0.5308160185813904,
                0.5117440223693848,
                0.5191360116004944
              ]
            },
            "sample_index": 33,
            "scheduled_start_arrival_ns_by_rank": [
              744876809857016,
              744876809379837,
              744876809684910,
              744876809770617
            ],
            "scheduled_start_target_ns_by_rank": [
              744876814857016,
              744876814857016,
              744876814857016,
              744876814857016
            ],
            "start_record_bracket_ns_by_rank": [
              [
                744876814857781,
                744876814892263
              ],
              [
                744876814857606,
                744876814879655
              ],
              [
                744876814857755,
                744876814891171
              ],
              [
                744876814857807,
                744876814890811
              ]
            ],
            "start_record_envelope_span_ns": 34657,
            "variant": 0
          }
        },
        "variant": 0
      },
      {
        "accepted": true,
        "attempt_id": 40,
        "logical_pair_index": 34,
        "order": [
          "reference"
        ],
        "rejection_reasons": [],
        "retry_ordinal": 0,
        "samples": {
          "reference": {
            "collective_only": {
              "local_ms": 0.4626559913158417,
              "rank_max_ms": 0.4705600142478943,
              "rank_ms": [
                0.4626559913158417,
                0.4705600142478943,
                0.4591040015220642,
                0.46492800116539
              ]
            },
            "pair_attempt_id": 40,
            "pair_retry_ordinal": 0,
            "position": 0,
            "readiness_probe_exact": true,
            "ready_region": {
              "local_ms": 0.502560019493103,
              "rank_max_ms": 0.5106559991836548,
              "rank_ms": [
                0.502560019493103,
                0.5106559991836548,
                0.5000320076942444,
                0.503711998462677
              ]
            },
            "sample_index": 34,
            "scheduled_start_arrival_ns_by_rank": [
              744876821706941,
              744876821259462,
              744876821671211,
              744876821391835
            ],
            "scheduled_start_target_ns_by_rank": [
              744876826706941,
              744876826706941,
              744876826706941,
              744876826706941
            ],
            "start_record_bracket_ns_by_rank": [
              [
                744876826707621,
                744876826741613
              ],
              [
                744876826707625,
                744876826730275
              ],
              [
                744876826707680,
                744876826741086
              ],
              [
                744876826707641,
                744876826739199
              ]
            ],
            "start_record_envelope_span_ns": 33992,
            "variant": 1
          }
        },
        "variant": 1
      },
      {
        "accepted": true,
        "attempt_id": 41,
        "logical_pair_index": 35,
        "order": [
          "reference"
        ],
        "rejection_reasons": [],
        "retry_ordinal": 0,
        "samples": {
          "reference": {
            "collective_only": {
              "local_ms": 0.5101439952850342,
              "rank_max_ms": 0.5292479991912842,
              "rank_ms": [
                0.5101439952850342,
                0.5292479991912842,
                0.5019199848175049,
                0.5090879797935486
              ]
            },
            "pair_attempt_id": 41,
            "pair_retry_ordinal": 0,
            "position": 0,
            "readiness_probe_exact": true,
            "ready_region": {
              "local_ms": 0.5501120090484619,
              "rank_max_ms": 0.5681599974632263,
              "rank_ms": [
                0.5501120090484619,
                0.5681599974632263,
                0.5425599813461304,
                0.5489919781684875
              ]
            },
            "sample_index": 35,
            "scheduled_start_arrival_ns_by_rank": [
              744876833198893,
              744876832826235,
              744876833266457,
              744876833156672
            ],
            "scheduled_start_target_ns_by_rank": [
              744876838266457,
              744876838266457,
              744876838266457,
              744876838266457
            ],
            "start_record_bracket_ns_by_rank": [
              [
                744876838267553,
                744876838313095
              ],
              [
                744876838267036,
                744876838293331
              ],
              [
                744876838267746,
                744876838313555
              ],
              [
                744876838267452,
                744876838310705
              ]
            ],
            "start_record_envelope_span_ns": 46519,
            "variant": 0
          }
        },
        "variant": 0
      },
      {
        "accepted": true,
        "attempt_id": 42,
        "logical_pair_index": 36,
        "order": [
          "reference"
        ],
        "rejection_reasons": [],
        "retry_ordinal": 0,
        "samples": {
          "reference": {
            "collective_only": {
              "local_ms": 0.4880000054836273,
              "rank_max_ms": 0.5016000270843506,
              "rank_ms": [
                0.4880000054836273,
                0.5016000270843506,
                0.48182401061058044,
                0.4896320104598999
              ]
            },
            "pair_attempt_id": 42,
            "pair_retry_ordinal": 0,
            "position": 0,
            "readiness_probe_exact": true,
            "ready_region": {
              "local_ms": 0.5278400182723999,
              "rank_max_ms": 0.5415359735488892,
              "rank_ms": [
                0.5278400182723999,
                0.5415359735488892,
                0.5227519869804382,
                0.5295680165290833
              ]
            },
            "sample_index": 36,
            "scheduled_start_arrival_ns_by_rank": [
              744876844657482,
              744876844797337,
              744876844773009,
              744876844761861
            ],
            "scheduled_start_target_ns_by_rank": [
              744876849797337,
              744876849797337,
              744876849797337,
              744876849797337
            ],
            "start_record_bracket_ns_by_rank": [
              [
                744876849798333,
                744876849835340
              ],
              [
                744876849797831,
                744876849821611
              ],
              [
                744876849798165,
                744876849834403
              ],
              [
                744876849798291,
                744876849833325
              ]
            ],
            "start_record_envelope_span_ns": 37509,
            "variant": 1
          }
        },
        "variant": 1
      },
      {
        "accepted": true,
        "attempt_id": 43,
        "logical_pair_index": 37,
        "order": [
          "reference"
        ],
        "rejection_reasons": [],
        "retry_ordinal": 0,
        "samples": {
          "reference": {
            "collective_only": {
              "local_ms": 0.49561598896980286,
              "rank_max_ms": 0.8897920250892639,
              "rank_ms": [
                0.49561598896980286,
                0.8264319896697998,
                0.6304000020027161,
                0.8897920250892639
              ]
            },
            "pair_attempt_id": 43,
            "pair_retry_ordinal": 0,
            "position": 0,
            "readiness_probe_exact": true,
            "ready_region": {
              "local_ms": 0.5356159806251526,
              "rank_max_ms": 0.9296960234642029,
              "rank_ms": [
                0.5356159806251526,
                0.8664320111274719,
                0.6692479848861694,
                0.9296960234642029
              ]
            },
            "sample_index": 37,
            "scheduled_start_arrival_ns_by_rank": [
              744876855449496,
              744876855015678,
              744876855725253,
              744876855161014
            ],
            "scheduled_start_target_ns_by_rank": [
              744876860725253,
              744876860725253,
              744876860725253,
              744876860725253
            ],
            "start_record_bracket_ns_by_rank": [
              [
                744876861691611,
                744876861736700
              ],
              [
                744876861386023,
                744876861411324
              ],
              [
                744876861553183,
                744876861597140
              ],
              [
                744876861300566,
                744876861341961
              ]
            ],
            "start_record_envelope_span_ns": 436134,
            "variant": 0
          }
        },
        "variant": 0
      },
      {
        "accepted": true,
        "attempt_id": 44,
        "logical_pair_index": 38,
        "order": [
          "reference"
        ],
        "rejection_reasons": [],
        "retry_ordinal": 0,
        "samples": {
          "reference": {
            "collective_only": {
              "local_ms": 0.5080320239067078,
              "rank_max_ms": 0.5177919864654541,
              "rank_ms": [
                0.5080320239067078,
                0.5177919864654541,
                0.4979200065135956,
                0.5031039714813232
              ]
            },
            "pair_attempt_id": 44,
            "pair_retry_ordinal": 0,
            "position": 0,
            "readiness_probe_exact": true,
            "ready_region": {
              "local_ms": 0.5479679703712463,
              "rank_max_ms": 0.5587199926376343,
              "rank_ms": [
                0.5479679703712463,
                0.5587199926376343,
                0.5389119982719421,
                0.5431360006332397
              ]
            },
            "sample_index": 38,
            "scheduled_start_arrival_ns_by_rank": [
              744876867244784,
              744876866743714,
              744876867033403,
              744876867100262
            ],
            "scheduled_start_target_ns_by_rank": [
              744876872244784,
              744876872244784,
              744876872244784,
              744876872244784
            ],
            "start_record_bracket_ns_by_rank": [
              [
                744876872246111,
                744876872290942
              ],
              [
                744876872245235,
                744876872272385
              ],
              [
                744876872245734,
                744876872286279
              ],
              [
                744876872246028,
                744876872288712
              ]
            ],
            "start_record_envelope_span_ns": 45707,
            "variant": 1
          }
        },
        "variant": 1
      },
      {
        "accepted": true,
        "attempt_id": 45,
        "logical_pair_index": 39,
        "order": [
          "reference"
        ],
        "rejection_reasons": [],
        "retry_ordinal": 0,
        "samples": {
          "reference": {
            "collective_only": {
              "local_ms": 0.5009279847145081,
              "rank_max_ms": 0.5686399936676025,
              "rank_ms": [
                0.5009279847145081,
                0.5686399936676025,
                0.5497279763221741,
                0.555903971195221
              ]
            },
            "pair_attempt_id": 45,
            "pair_retry_ordinal": 0,
            "position": 0,
            "readiness_probe_exact": true,
            "ready_region": {
              "local_ms": 0.540831983089447,
              "rank_max_ms": 0.6078400015830994,
              "rank_ms": [
                0.540831983089447,
                0.6078400015830994,
                0.588703989982605,
                0.5960959792137146
              ]
            },
            "sample_index": 39,
            "scheduled_start_arrival_ns_by_rank": [
              744876880133095,
              744876880107338,
              744876880597839,
              744876879990156
            ],
            "scheduled_start_target_ns_by_rank": [
              744876885597839,
              744876885597839,
              744876885597839,
              744876885597839
            ],
            "start_record_bracket_ns_by_rank": [
              [
                744876885653407,
                744876885698697
              ],
              [
                744876885598471,
                744876885629342
              ],
              [
                744876885598874,
                744876885643560
              ],
              [
                744876885598650,
                744876885640514
              ]
            ],
            "start_record_envelope_span_ns": 100226,
            "variant": 0
          }
        },
        "variant": 0
      },
      {
        "accepted": true,
        "attempt_id": 46,
        "logical_pair_index": 40,
        "order": [
          "reference"
        ],
        "rejection_reasons": [],
        "retry_ordinal": 0,
        "samples": {
          "reference": {
            "collective_only": {
              "local_ms": 0.7728639841079712,
              "rank_max_ms": 0.7944319844245911,
              "rank_ms": [
                0.7728639841079712,
                0.7944319844245911,
                0.7611520290374756,
                0.5061439871788025
              ]
            },
            "pair_attempt_id": 46,
            "pair_retry_ordinal": 0,
            "position": 0,
            "readiness_probe_exact": true,
            "ready_region": {
              "local_ms": 0.8127999901771545,
              "rank_max_ms": 0.8345280289649963,
              "rank_ms": [
                0.8127999901771545,
                0.8345280289649963,
                0.8000640273094177,
                0.5470719933509827
              ]
            },
            "sample_index": 40,
            "scheduled_start_arrival_ns_by_rank": [
              744876894177202,
              744876894096574,
              744876893869959,
              744876893766742
            ],
            "scheduled_start_target_ns_by_rank": [
              744876899177202,
              744876899177202,
              744876899177202,
              744876899177202
            ],
            "start_record_bracket_ns_by_rank": [
              [
                744876899178261,
                744876899263381
              ],
              [
                744876899177884,
                744876899236627
              ],
              [
                744876899178343,
                744876899261860
              ],
              [
                744876899480847,
                744876899526177
              ]
            ],
            "start_record_envelope_span_ns": 348293,
            "variant": 1
          }
        },
        "variant": 1
      },
      {
        "accepted": true,
        "attempt_id": 47,
        "logical_pair_index": 41,
        "order": [
          "reference"
        ],
        "rejection_reasons": [],
        "retry_ordinal": 0,
        "samples": {
          "reference": {
            "collective_only": {
              "local_ms": 0.8720960021018982,
              "rank_max_ms": 0.892192006111145,
              "rank_ms": [
                0.8720960021018982,
                0.892192006111145,
                0.5808640122413635,
                0.4373440146446228
              ]
            },
            "pair_attempt_id": 47,
            "pair_retry_ordinal": 0,
            "position": 0,
            "readiness_probe_exact": true,
            "ready_region": {
              "local_ms": 0.9120320081710815,
              "rank_max_ms": 0.9321280121803284,
              "rank_ms": [
                0.9120320081710815,
                0.9321280121803284,
                0.6198400259017944,
                0.47727999091148376
              ]
            },
            "sample_index": 41,
            "scheduled_start_arrival_ns_by_rank": [
              744876906197388,
              744876906516504,
              744876906155372,
              744876906036119
            ],
            "scheduled_start_target_ns_by_rank": [
              744876911516504,
              744876911516504,
              744876911516504,
              744876911516504
            ],
            "start_record_bracket_ns_by_rank": [
              [
                744876912550633,
                744876912591108
              ],
              [
                744876912541756,
                744876912565722
              ],
              [
                744876912836616,
                744876912872818
              ],
              [
                744876912978287,
                744876913023723
              ]
            ],
            "start_record_envelope_span_ns": 481967,
            "variant": 0
          }
        },
        "variant": 0
      },
      {
        "accepted": true,
        "attempt_id": 48,
        "logical_pair_index": 42,
        "order": [
          "reference"
        ],
        "rejection_reasons": [],
        "retry_ordinal": 0,
        "samples": {
          "reference": {
            "collective_only": {
              "local_ms": 0.495168000459671,
              "rank_max_ms": 0.5146239995956421,
              "rank_ms": [
                0.495168000459671,
                0.5146239995956421,
                0.4943679869174957,
                0.5117759704589844
              ]
            },
            "pair_attempt_id": 48,
            "pair_retry_ordinal": 0,
            "position": 0,
            "readiness_probe_exact": true,
            "ready_region": {
              "local_ms": 0.5343359708786011,
              "rank_max_ms": 0.5545600056648254,
              "rank_ms": [
                0.5343359708786011,
                0.5545600056648254,
                0.5353599786758423,
                0.5516160130500793
              ]
            },
            "sample_index": 42,
            "scheduled_start_arrival_ns_by_rank": [
              744876918107043,
              744876917754692,
              744876917924025,
              744876917726544
            ],
            "scheduled_start_target_ns_by_rank": [
              744876923107043,
              744876923107043,
              744876923107043,
              744876923107043
            ],
            "start_record_bracket_ns_by_rank": [
              [
                744876923108022,
                744876923146712
              ],
              [
                744876923107643,
                744876923131418
              ],
              [
                744876923107920,
                744876923145166
              ],
              [
                744876923107618,
                744876923131576
              ]
            ],
            "start_record_envelope_span_ns": 39094,
            "variant": 1
          }
        },
        "variant": 1
      },
      {
        "accepted": true,
        "attempt_id": 49,
        "logical_pair_index": 43,
        "order": [
          "reference"
        ],
        "rejection_reasons": [],
        "retry_ordinal": 0,
        "samples": {
          "reference": {
            "collective_only": {
              "local_ms": 0.4785279929637909,
              "rank_max_ms": 0.4890559911727905,
              "rank_ms": [
                0.4785279929637909,
                0.4890559911727905,
                0.4739840030670166,
                0.4854719936847687
              ]
            },
            "pair_attempt_id": 49,
            "pair_retry_ordinal": 0,
            "position": 0,
            "readiness_probe_exact": true,
            "ready_region": {
              "local_ms": 0.5184959769248962,
              "rank_max_ms": 0.527999997138977,
              "rank_ms": [
                0.5184959769248962,
                0.527999997138977,
                0.5128960013389587,
                0.525600016117096
              ]
            },
            "sample_index": 43,
            "scheduled_start_arrival_ns_by_rank": [
              744876929543184,
              744876929391792,
              744876929887852,
              744876929808310
            ],
            "scheduled_start_target_ns_by_rank": [
              744876934887852,
              744876934887852,
              744876934887852,
              744876934887852
            ],
            "start_record_bracket_ns_by_rank": [
              [
                744876934888512,
                744876934923347
              ],
              [
                744876934888434,
                744876934911624
              ],
              [
                744876934888525,
                744876934921816
              ],
              [
                744876934888548,
                744876934918368
              ]
            ],
            "start_record_envelope_span_ns": 34913,
            "variant": 0
          }
        },
        "variant": 0
      },
      {
        "accepted": false,
        "attempt_id": 50,
        "logical_pair_index": 44,
        "order": [
          "reference"
        ],
        "rejection_reasons": [
          {
            "limit_ns": 500000,
            "side": "reference",
            "start_record_envelope_span_ns": 593790
          }
        ],
        "retry_ordinal": 0,
        "samples": {
          "reference": {
            "collective_only": {
              "local_ms": 0.6848959922790527,
              "rank_max_ms": 1.076799988746643,
              "rank_ms": [
                0.6848959922790527,
                1.076799988746643,
                0.5132480263710022,
                0.5631679892539978
              ]
            },
            "pair_attempt_id": 50,
            "pair_retry_ordinal": 0,
            "position": 0,
            "readiness_probe_exact": true,
            "ready_region": {
              "local_ms": 0.7248960137367249,
              "rank_max_ms": 1.1157439947128296,
              "rank_ms": [
                0.7248960137367249,
                1.1157439947128296,
                0.5523200035095215,
                0.6030719876289368
              ]
            },
            "sample_index": 44,
            "scheduled_start_arrival_ns_by_rank": [
              744876940920928,
              744876940601359,
              744876940945861,
              744876941250746
            ],
            "scheduled_start_target_ns_by_rank": [
              744876946250746,
              744876946250746,
              744876946250746,
              744876946250746
            ],
            "start_record_bracket_ns_by_rank": [
              [
                744876946625872,
                744876946670363
              ],
              [
                744876946251228,
                744876946283141
              ],
              [
                744876946800855,
                744876946845018
              ],
              [
                744876946758943,
                744876946799905
              ]
            ],
            "start_record_envelope_span_ns": 593790,
            "variant": 1
          }
        },
        "variant": 1
      },
      {
        "accepted": false,
        "attempt_id": 51,
        "logical_pair_index": 44,
        "order": [
          "reference"
        ],
        "rejection_reasons": [
          {
            "limit_ns": 500000,
            "side": "reference",
            "start_record_envelope_span_ns": 1543635
          }
        ],
        "retry_ordinal": 1,
        "samples": {
          "reference": {
            "collective_only": {
              "local_ms": 0.5084480047225952,
              "rank_max_ms": 2.0115199089050293,
              "rank_ms": [
                0.5084480047225952,
                1.830016016960144,
                2.0115199089050293,
                1.8025599718093872
              ]
            },
            "pair_attempt_id": 51,
            "pair_retry_ordinal": 1,
            "position": 0,
            "readiness_probe_exact": true,
            "ready_region": {
              "local_ms": 0.548255980014801,
              "rank_max_ms": 2.0525119304656982,
              "rank_ms": [
                0.548255980014801,
                1.8691840171813965,
                2.0525119304656982,
                1.8424639701843262
              ]
            },
            "sample_index": 44,
            "scheduled_start_arrival_ns_by_rank": [
              744876953315909,
              744876952985799,
              744876953240592,
              744876953120155
            ],
            "scheduled_start_target_ns_by_rank": [
              744876958315909,
              744876958315909,
              744876958315909,
              744876958315909
            ],
            "start_record_bracket_ns_by_rank": [
              [
                744876959823148,
                744876959860810
              ],
              [
                744876958521213,
                744876958544758
              ],
              [
                744876958317175,
                744876958357977
              ],
              [
                744876958528234,
                744876958565432
              ]
            ],
            "start_record_envelope_span_ns": 1543635,
            "variant": 0
          }
        },
        "variant": 0
      },
      {
        "accepted": true,
        "attempt_id": 52,
        "logical_pair_index": 44,
        "order": [
          "reference"
        ],
        "rejection_reasons": [],
        "retry_ordinal": 2,
        "samples": {
          "reference": {
            "collective_only": {
              "local_ms": 0.4396800100803375,
              "rank_max_ms": 0.4522880017757416,
              "rank_ms": [
                0.4396800100803375,
                0.4522880017757416,
                0.44364801049232483,
                0.44729599356651306
              ]
            },
            "pair_attempt_id": 52,
            "pair_retry_ordinal": 2,
            "position": 0,
            "readiness_probe_exact": true,
            "ready_region": {
              "local_ms": 0.4796159863471985,
              "rank_max_ms": 0.4922240078449249,
              "rank_ms": [
                0.4796159863471985,
                0.4922240078449249,
                0.48236799240112305,
                0.487199991941452
              ]
            },
            "sample_index": 44,
            "scheduled_start_arrival_ns_by_rank": [
              744876966334008,
              744876965789725,
              744876966020085,
              744876965787912
            ],
            "scheduled_start_target_ns_by_rank": [
              744876971334008,
              744876971334008,
              744876971334008,
              744876971334008
            ],
            "start_record_bracket_ns_by_rank": [
              [
                744876971334661,
                744876971366140
              ],
              [
                744876971334560,
                744876971356017
              ],
              [
                744876971334650,
                744876971366460
              ],
              [
                744876971334722,
                744876971365830
              ]
            ],
            "start_record_envelope_span_ns": 31900,
            "variant": 1
          }
        },
        "variant": 1
      },
      {
        "accepted": true,
        "attempt_id": 53,
        "logical_pair_index": 45,
        "order": [
          "reference"
        ],
        "rejection_reasons": [],
        "retry_ordinal": 0,
        "samples": {
          "reference": {
            "collective_only": {
              "local_ms": 0.4370560050010681,
              "rank_max_ms": 0.44707199931144714,
              "rank_ms": [
                0.4370560050010681,
                0.44707199931144714,
                0.4322560131549835,
                0.4328320026397705
              ]
            },
            "pair_attempt_id": 53,
            "pair_retry_ordinal": 0,
            "position": 0,
            "readiness_probe_exact": true,
            "ready_region": {
              "local_ms": 0.47699201107025146,
              "rank_max_ms": 0.4870080053806305,
              "rank_ms": [
                0.47699201107025146,
                0.4870080053806305,
                0.47231999039649963,
                0.47279998660087585
              ]
            },
            "sample_index": 45,
            "scheduled_start_arrival_ns_by_rank": [
              744876976904474,
              744876977338874,
              744876977342156,
              744876976979817
            ],
            "scheduled_start_target_ns_by_rank": [
              744876982342156,
              744876982342156,
              744876982342156,
              744876982342156
            ],
            "start_record_bracket_ns_by_rank": [
              [
                744876982342977,
                744876982375925
              ],
              [
                744876982342626,
                744876982362936
              ],
              [
                744876982343002,
                744876982375596
              ],
              [
                744876982343062,
                744876982374029
              ]
            ],
            "start_record_envelope_span_ns": 33299,
            "variant": 0
          }
        },
        "variant": 0
      },
      {
        "accepted": false,
        "attempt_id": 54,
        "logical_pair_index": 46,
        "order": [
          "reference"
        ],
        "rejection_reasons": [
          {
            "limit_ns": 500000,
            "side": "reference",
            "start_record_envelope_span_ns": 646616
          }
        ],
        "retry_ordinal": 0,
        "samples": {
          "reference": {
            "collective_only": {
              "local_ms": 0.48371198773384094,
              "rank_max_ms": 1.116320013999939,
              "rank_ms": [
                0.48371198773384094,
                1.116320013999939,
                1.0917119979858398,
                1.0945279598236084
              ]
            },
            "pair_attempt_id": 54,
            "pair_retry_ordinal": 0,
            "position": 0,
            "readiness_probe_exact": true,
            "ready_region": {
              "local_ms": 0.5236480236053467,
              "rank_max_ms": 1.1562559604644775,
              "rank_ms": [
                0.5236480236053467,
                1.1562559604644775,
                1.1306240558624268,
                1.1344959735870361
              ]
            },
            "sample_index": 46,
            "scheduled_start_arrival_ns_by_rank": [
              744876987871061,
              744876988024106,
              744876988477706,
              744876988289347
            ],
            "scheduled_start_target_ns_by_rank": [
              744876993477706,
              744876993477706,
              744876993477706,
              744876993477706
            ],
            "start_record_bracket_ns_by_rank": [
              [
                744876994087669,
                744876994124876
              ],
              [
                744876993478260,
                744876993499760
              ],
              [
                744876993478609,
                744876993512809
              ],
              [
                744876993479151,
                744876993515255
              ]
            ],
            "start_record_envelope_span_ns": 646616,
            "variant": 1
          }
        },
        "variant": 1
      },
      {
        "accepted": true,
        "attempt_id": 55,
        "logical_pair_index": 46,
        "order": [
          "reference"
        ],
        "rejection_reasons": [],
        "retry_ordinal": 1,
        "samples": {
          "reference": {
            "collective_only": {
              "local_ms": 0.6198400259017944,
              "rank_max_ms": 0.8504959940910339,
              "rank_ms": [
                0.6198400259017944,
                0.8504959940910339,
                0.7236800193786621,
                0.5300800204277039
              ]
            },
            "pair_attempt_id": 55,
            "pair_retry_ordinal": 1,
            "position": 0,
            "readiness_probe_exact": true,
            "ready_region": {
              "local_ms": 0.6596800088882446,
              "rank_max_ms": 0.8914560079574585,
              "rank_ms": [
                0.6596800088882446,
                0.8914560079574585,
                0.7626240253448486,
                0.5699840188026428
              ]
            },
            "sample_index": 46,
            "scheduled_start_arrival_ns_by_rank": [
              744877000532254,
              744876999787899,
              744877000521106,
              744877000235300
            ],
            "scheduled_start_target_ns_by_rank": [
              744877005532254,
              744877005532254,
              744877005532254,
              744877005532254
            ],
            "start_record_bracket_ns_by_rank": [
              [
                744877005751465,
                744877005795782
              ],
              [
                744877005532686,
                744877005558190
              ],
              [
                744877005642005,
                744877005685716
              ],
              [
                744877005838812,
                744877005881690
              ]
            ],
            "start_record_envelope_span_ns": 349004,
            "variant": 0
          }
        },
        "variant": 0
      },
      {
        "accepted": true,
        "attempt_id": 56,
        "logical_pair_index": 47,
        "order": [
          "reference"
        ],
        "rejection_reasons": [],
        "retry_ordinal": 0,
        "samples": {
          "reference": {
            "collective_only": {
              "local_ms": 0.5112959742546082,
              "rank_max_ms": 0.8840000033378601,
              "rank_ms": [
                0.5112959742546082,
                0.6892480254173279,
                0.8840000033378601,
                0.8184639811515808
              ]
            },
            "pair_attempt_id": 56,
            "pair_retry_ordinal": 0,
            "position": 0,
            "readiness_probe_exact": true,
            "ready_region": {
              "local_ms": 0.552191972732544,
              "rank_max_ms": 0.9249600172042847,
              "rank_ms": [
                0.552191972732544,
                0.7284160256385803,
                0.9249600172042847,
                0.8593279719352722
              ]
            },
            "sample_index": 47,
            "scheduled_start_arrival_ns_by_rank": [
              744877012957628,
              744877012524364,
              744877012938133,
              744877013157500
            ],
            "scheduled_start_target_ns_by_rank": [
              744877018157500,
              744877018157500,
              744877018157500,
              744877018157500
            ],
            "start_record_bracket_ns_by_rank": [
              [
                744877019241065,
                744877019285511
              ],
              [
                744877019087643,
                744877019113517
              ],
              [
                744877018869291,
                744877018914160
              ],
              [
                744877018943795,
                744877018981359
              ]
            ],
            "start_record_envelope_span_ns": 416220,
            "variant": 1
          }
        },
        "variant": 1
      },
      {
        "accepted": true,
        "attempt_id": 57,
        "logical_pair_index": 48,
        "order": [
          "reference"
        ],
        "rejection_reasons": [],
        "retry_ordinal": 0,
        "samples": {
          "reference": {
            "collective_only": {
              "local_ms": 0.48473599553108215,
              "rank_max_ms": 0.502560019493103,
              "rank_ms": [
                0.48473599553108215,
                0.502560019493103,
                0.4890559911727905,
                0.49452799558639526
              ]
            },
            "pair_attempt_id": 57,
            "pair_retry_ordinal": 0,
            "position": 0,
            "readiness_probe_exact": true,
            "ready_region": {
              "local_ms": 0.5246719717979431,
              "rank_max_ms": 0.5414400100708008,
              "rank_ms": [
                0.5246719717979431,
                0.5414400100708008,
                0.5299839973449707,
                0.5344640016555786
              ]
            },
            "sample_index": 48,
            "scheduled_start_arrival_ns_by_rank": [
              744877026298373,
              744877025904736,
              744877026277732,
              744877025920850
            ],
            "scheduled_start_target_ns_by_rank": [
              744877031298373,
              744877031298373,
              744877031298373,
              744877031298373
            ],
            "start_record_bracket_ns_by_rank": [
              [
                744877031299569,
                744877031341225
              ],
              [
                744877031298951,
                744877031324628
              ],
              [
                744877031299325,
                744877031340011
              ],
              [
                744877031299307,
                744877031338229
              ]
            ],
            "start_record_envelope_span_ns": 42274,
            "variant": 0
          }
        },
        "variant": 0
      },
      {
        "accepted": true,
        "attempt_id": 58,
        "logical_pair_index": 49,
        "order": [
          "reference"
        ],
        "rejection_reasons": [],
        "retry_ordinal": 0,
        "samples": {
          "reference": {
            "collective_only": {
              "local_ms": 0.5201280117034912,
              "rank_max_ms": 0.559552013874054,
              "rank_ms": [
                0.5201280117034912,
                0.559552013874054,
                0.5186240077018738,
                0.5233280062675476
              ]
            },
            "pair_attempt_id": 58,
            "pair_retry_ordinal": 0,
            "position": 0,
            "readiness_probe_exact": true,
            "ready_region": {
              "local_ms": 0.5600640177726746,
              "rank_max_ms": 0.5984640121459961,
              "rank_ms": [
                0.5600640177726746,
                0.5984640121459961,
                0.5574079751968384,
                0.5642880201339722
              ]
            },
            "sample_index": 49,
            "scheduled_start_arrival_ns_by_rank": [
              744877035597999,
              744877035546092,
              744877035943781,
              744877035993945
            ],
            "scheduled_start_target_ns_by_rank": [
              744877040993945,
              744877040993945,
              744877040993945,
              744877040993945
            ],
            "start_record_bracket_ns_by_rank": [
              [
                744877040994882,
                744877041066022
              ],
              [
                744877040994499,
                744877041030031
              ],
              [
                744877040994920,
                744877041063982
              ],
              [
                744877040994887,
                744877041061430
              ]
            ],
            "start_record_envelope_span_ns": 71523,
            "variant": 1
          }
        },
        "variant": 1
      },
      {
        "accepted": true,
        "attempt_id": 59,
        "logical_pair_index": 50,
        "order": [
          "reference"
        ],
        "rejection_reasons": [],
        "retry_ordinal": 0,
        "samples": {
          "reference": {
            "collective_only": {
              "local_ms": 0.647104024887085,
              "rank_max_ms": 0.9083200097084045,
              "rank_ms": [
                0.647104024887085,
                0.9083200097084045,
                0.7614079713821411,
                0.5489280223846436
              ]
            },
            "pair_attempt_id": 59,
            "pair_retry_ordinal": 0,
            "position": 0,
            "readiness_probe_exact": true,
            "ready_region": {
              "local_ms": 0.6870080232620239,
              "rank_max_ms": 0.9472320079803467,
              "rank_ms": [
                0.6870080232620239,
                0.9472320079803467,
                0.8023359775543213,
                0.5889279842376709
              ]
            },
            "sample_index": 50,
            "scheduled_start_arrival_ns_by_rank": [
              744877047962601,
              744877047638841,
              744877048064681,
              744877048586304
            ],
            "scheduled_start_target_ns_by_rank": [
              744877053586304,
              744877053586304,
              744877053586304,
              744877053586304
            ],
            "start_record_bracket_ns_by_rank": [
              [
                744877053835472,
                744877053875683
              ],
              [
                744877053586791,
                744877053611050
              ],
              [
                744877053719992,
                744877053759978
              ],
              [
                744877053929317,
                744877053971995
              ]
            ],
            "start_record_envelope_span_ns": 385204,
            "variant": 0
          }
        },
        "variant": 0
      },
      {
        "accepted": true,
        "attempt_id": 60,
        "logical_pair_index": 51,
        "order": [
          "reference"
        ],
        "rejection_reasons": [],
        "retry_ordinal": 0,
        "samples": {
          "reference": {
            "collective_only": {
              "local_ms": 0.4984320104122162,
              "rank_max_ms": 0.5193920135498047,
              "rank_ms": [
                0.4984320104122162,
                0.5193920135498047,
                0.4989440143108368,
                0.4991999864578247
              ]
            },
            "pair_attempt_id": 60,
            "pair_retry_ordinal": 0,
            "position": 0,
            "readiness_probe_exact": true,
            "ready_region": {
              "local_ms": 0.5383039712905884,
              "rank_max_ms": 0.5582720041275024,
              "rank_ms": [
                0.5383039712905884,
                0.5582720041275024,
                0.5378879904747009,
                0.5391359925270081
              ]
            },
            "sample_index": 51,
            "scheduled_start_arrival_ns_by_rank": [
              744877062561036,
              744877062058527,
              744877060936023,
              744877062391513
            ],
            "scheduled_start_target_ns_by_rank": [
              744877067561036,
              744877067561036,
              744877067561036,
              744877067561036
            ],
            "start_record_bracket_ns_by_rank": [
              [
                744877067561917,
                744877067606699
              ],
              [
                744877067561777,
                744877067588893
              ],
              [
                744877067561821,
                744877067603907
              ],
              [
                744877067561937,
                744877067603605
              ]
            ],
            "start_record_envelope_span_ns": 44922,
            "variant": 1
          }
        },
        "variant": 1
      },
      {
        "accepted": true,
        "attempt_id": 61,
        "logical_pair_index": 52,
        "order": [
          "reference"
        ],
        "rejection_reasons": [],
        "retry_ordinal": 0,
        "samples": {
          "reference": {
            "collective_only": {
              "local_ms": 0.4524480104446411,
              "rank_max_ms": 0.45980799198150635,
              "rank_ms": [
                0.4524480104446411,
                0.45980799198150635,
                0.4454079866409302,
                0.44860801100730896
              ]
            },
            "pair_attempt_id": 61,
            "pair_retry_ordinal": 0,
            "position": 0,
            "readiness_probe_exact": true,
            "ready_region": {
              "local_ms": 0.4923839867115021,
              "rank_max_ms": 0.4997760057449341,
              "rank_ms": [
                0.4923839867115021,
                0.4997760057449341,
                0.4843519926071167,
                0.4885759949684143
              ]
            },
            "sample_index": 52,
            "scheduled_start_arrival_ns_by_rank": [
              744877074606478,
              744877074059842,
              744877074447896,
              744877074591688
            ],
            "scheduled_start_target_ns_by_rank": [
              744877079606478,
              744877079606478,
              744877079606478,
              744877079606478
            ],
            "start_record_bracket_ns_by_rank": [
              [
                744877079607376,
                744877079642035
              ],
              [
                744877079607064,
                744877079629882
              ],
              [
                744877079607309,
                744877079641131
              ],
              [
                744877079607347,
                744877079641466
              ]
            ],
            "start_record_envelope_span_ns": 34971,
            "variant": 0
          }
        },
        "variant": 0
      },
      {
        "accepted": true,
        "attempt_id": 62,
        "logical_pair_index": 53,
        "order": [
          "reference"
        ],
        "rejection_reasons": [],
        "retry_ordinal": 0,
        "samples": {
          "reference": {
            "collective_only": {
              "local_ms": 0.4560000002384186,
              "rank_max_ms": 0.4689919948577881,
              "rank_ms": [
                0.4560000002384186,
                0.4689919948577881,
                0.45500800013542175,
                0.462911993265152
              ]
            },
            "pair_attempt_id": 62,
            "pair_retry_ordinal": 0,
            "position": 0,
            "readiness_probe_exact": true,
            "ready_region": {
              "local_ms": 0.4959680140018463,
              "rank_max_ms": 0.5090240240097046,
              "rank_ms": [
                0.4959680140018463,
                0.5090240240097046,
                0.4938560128211975,
                0.5028480291366577
              ]
            },
            "sample_index": 53,
            "scheduled_start_arrival_ns_by_rank": [
              744877086377014,
              744877085599978,
              744877085604278,
              744877085891860
            ],
            "scheduled_start_target_ns_by_rank": [
              744877091377014,
              744877091377014,
              744877091377014,
              744877091377014
            ],
            "start_record_bracket_ns_by_rank": [
              [
                744877091378001,
                744877091414006
              ],
              [
                744877091377528,
                744877091400233
              ],
              [
                744877091377909,
                744877091414721
              ],
              [
                744877091377838,
                744877091414309
              ]
            ],
            "start_record_envelope_span_ns": 37193,
            "variant": 1
          }
        },
        "variant": 1
      },
      {
        "accepted": true,
        "attempt_id": 63,
        "logical_pair_index": 54,
        "order": [
          "reference"
        ],
        "rejection_reasons": [],
        "retry_ordinal": 0,
        "samples": {
          "reference": {
            "collective_only": {
              "local_ms": 0.6765440106391907,
              "rank_max_ms": 0.7679359912872314,
              "rank_ms": [
                0.6765440106391907,
                0.7679359912872314,
                0.4816640019416809,
                0.7409600019454956
              ]
            },
            "pair_attempt_id": 63,
            "pair_retry_ordinal": 0,
            "position": 0,
            "readiness_probe_exact": true,
            "ready_region": {
              "local_ms": 0.716480016708374,
              "rank_max_ms": 0.8069760203361511,
              "rank_ms": [
                0.716480016708374,
                0.8069760203361511,
                0.5225920081138611,
                0.7817919850349426
              ]
            },
            "sample_index": 54,
            "scheduled_start_arrival_ns_by_rank": [
              744877097539025,
              744877096521378,
              744877097809229,
              744877098045203
            ],
            "scheduled_start_target_ns_by_rank": [
              744877103045203,
              744877103045203,
              744877103045203,
              744877103045203
            ],
            "start_record_bracket_ns_by_rank": [
              [
                744877103112172,
                744877103156315
              ],
              [
                744877103046026,
                744877103072377
              ],
              [
                744877103312951,
                744877103356759
              ],
              [
                744877103058937,
                744877103100272
              ]
            ],
            "start_record_envelope_span_ns": 310733,
            "variant": 0
          }
        },
        "variant": 0
      },
      {
        "accepted": true,
        "attempt_id": 64,
        "logical_pair_index": 55,
        "order": [
          "reference"
        ],
        "rejection_reasons": [],
        "retry_ordinal": 0,
        "samples": {
          "reference": {
            "collective_only": {
              "local_ms": 0.44918400049209595,
              "rank_max_ms": 0.46668800711631775,
              "rank_ms": [
                0.44918400049209595,
                0.46668800711631775,
                0.44736000895500183,
                0.4328640103340149
              ]
            },
            "pair_attempt_id": 64,
            "pair_retry_ordinal": 0,
            "position": 0,
            "readiness_probe_exact": true,
            "ready_region": {
              "local_ms": 0.48924800753593445,
              "rank_max_ms": 0.5066879987716675,
              "rank_ms": [
                0.48924800753593445,
                0.5066879987716675,
                0.4872959852218628,
                0.47283199429512024
              ]
            },
            "sample_index": 55,
            "scheduled_start_arrival_ns_by_rank": [
              744877109905914,
              744877109808848,
              744877110197225,
              744877110116951
            ],
            "scheduled_start_target_ns_by_rank": [
              744877115197225,
              744877115197225,
              744877115197225,
              744877115197225
            ],
            "start_record_bracket_ns_by_rank": [
              [
                744877115198118,
                744877115256613
              ],
              [
                744877115197772,
                744877115231701
              ],
              [
                744877115197994,
                744877115245770
              ],
              [
                744877115198089,
                744877115262601
              ]
            ],
            "start_record_envelope_span_ns": 64829,
            "variant": 1
          }
        },
        "variant": 1
      },
      {
        "accepted": true,
        "attempt_id": 65,
        "logical_pair_index": 56,
        "order": [
          "reference"
        ],
        "rejection_reasons": [],
        "retry_ordinal": 0,
        "samples": {
          "reference": {
            "collective_only": {
              "local_ms": 0.5162559747695923,
              "rank_max_ms": 0.5476800203323364,
              "rank_ms": [
                0.5162559747695923,
                0.5476800203323364,
                0.5200319886207581,
                0.5283520221710205
              ]
            },
            "pair_attempt_id": 65,
            "pair_retry_ordinal": 0,
            "position": 0,
            "readiness_probe_exact": true,
            "ready_region": {
              "local_ms": 0.5548800230026245,
              "rank_max_ms": 0.5867840051651001,
              "rank_ms": [
                0.5548800230026245,
                0.5867840051651001,
                0.5589439868927002,
                0.5682880282402039
              ]
            },
            "sample_index": 56,
            "scheduled_start_arrival_ns_by_rank": [
              744877121043892,
              744877120528565,
              744877120524440,
              744877120618029
            ],
            "scheduled_start_target_ns_by_rank": [
              744877126043892,
              744877126043892,
              744877126043892,
              744877126043892
            ],
            "start_record_bracket_ns_by_rank": [
              [
                744877126063040,
                744877126103727
              ],
              [
                744877126044441,
                744877126068533
              ],
              [
                744877126044690,
                744877126083938
              ],
              [
                744877126044764,
                744877126082600
              ]
            ],
            "start_record_envelope_span_ns": 59286,
            "variant": 0
          }
        },
        "variant": 0
      },
      {
        "accepted": true,
        "attempt_id": 66,
        "logical_pair_index": 57,
        "order": [
          "reference"
        ],
        "rejection_reasons": [],
        "retry_ordinal": 0,
        "samples": {
          "reference": {
            "collective_only": {
              "local_ms": 0.5012800097465515,
              "rank_max_ms": 0.5177919864654541,
              "rank_ms": [
                0.5012800097465515,
                0.5177919864654541,
                0.49907198548316956,
                0.5029760003089905
              ]
            },
            "pair_attempt_id": 66,
            "pair_retry_ordinal": 0,
            "position": 0,
            "readiness_probe_exact": true,
            "ready_region": {
              "local_ms": 0.5412160158157349,
              "rank_max_ms": 0.5567359924316406,
              "rank_ms": [
                0.5412160158157349,
                0.5567359924316406,
                0.5378239750862122,
                0.541920006275177
              ]
            },
            "sample_index": 57,
            "scheduled_start_arrival_ns_by_rank": [
              744877133793909,
              744877133535789,
              744877133597337,
              744877133542130
            ],
            "scheduled_start_target_ns_by_rank": [
              744877138793909,
              744877138793909,
              744877138793909,
              744877138793909
            ],
            "start_record_bracket_ns_by_rank": [
              [
                744877138794859,
                744877138837287
              ],
              [
                744877138794513,
                744877138818340
              ],
              [
                744877138794901,
                744877138835774
              ],
              [
                744877138794784,
                744877138834332
              ]
            ],
            "start_record_envelope_span_ns": 42774,
            "variant": 1
          }
        },
        "variant": 1
      },
      {
        "accepted": true,
        "attempt_id": 67,
        "logical_pair_index": 58,
        "order": [
          "reference"
        ],
        "rejection_reasons": [],
        "retry_ordinal": 0,
        "samples": {
          "reference": {
            "collective_only": {
              "local_ms": 0.5047039985656738,
              "rank_max_ms": 0.5232639908790588,
              "rank_ms": [
                0.5047039985656738,
                0.5232639908790588,
                0.49558401107788086,
                0.5049920082092285
              ]
            },
            "pair_attempt_id": 67,
            "pair_retry_ordinal": 0,
            "position": 0,
            "readiness_probe_exact": true,
            "ready_region": {
              "local_ms": 0.5434560179710388,
              "rank_max_ms": 0.5619840025901794,
              "rank_ms": [
                0.5434560179710388,
                0.5619840025901794,
                0.5344640016555786,
                0.545087993144989
              ]
            },
            "sample_index": 58,
            "scheduled_start_arrival_ns_by_rank": [
              744877146456089,
              744877146031025,
              744877146435454,
              744877146399236
            ],
            "scheduled_start_target_ns_by_rank": [
              744877151456089,
              744877151456089,
              744877151456089,
              744877151456089
            ],
            "start_record_bracket_ns_by_rank": [
              [
                744877151457240,
                744877151502270
              ],
              [
                744877151456673,
                744877151482151
              ],
              [
                744877151456994,
                744877151501931
              ],
              [
                744877151457099,
                744877151499343
              ]
            ],
            "start_record_envelope_span_ns": 45597,
            "variant": 0
          }
        },
        "variant": 0
      },
      {
        "accepted": true,
        "attempt_id": 68,
        "logical_pair_index": 59,
        "order": [
          "reference"
        ],
        "rejection_reasons": [],
        "retry_ordinal": 0,
        "samples": {
          "reference": {
            "collective_only": {
              "local_ms": 0.5444160103797913,
              "rank_max_ms": 0.8247680068016052,
              "rank_ms": [
                0.5444160103797913,
                0.8247680068016052,
                0.4816960096359253,
                0.5816320180892944
              ]
            },
            "pair_attempt_id": 68,
            "pair_retry_ordinal": 0,
            "position": 0,
            "readiness_probe_exact": true,
            "ready_region": {
              "local_ms": 0.5851200222969055,
              "rank_max_ms": 0.8639039993286133,
              "rank_ms": [
                0.5851200222969055,
                0.8639039993286133,
                0.5226879715919495,
                0.6215360164642334
              ]
            },
            "sample_index": 59,
            "scheduled_start_arrival_ns_by_rank": [
              744877158769305,
              744877158327977,
              744877158815215,
              744877158938352
            ],
            "scheduled_start_target_ns_by_rank": [
              744877163938352,
              744877163938352,
              744877163938352,
              744877163938352
            ],
            "start_record_bracket_ns_by_rank": [
              [
                744877164172139,
                744877164242318
              ],
              [
                744877163938805,
                744877163964097
              ],
              [
                744877164264476,
                744877164307865
              ],
              [
                744877164164284,
                744877164228432
              ]
            ],
            "start_record_envelope_span_ns": 369060,
            "variant": 1
          }
        },
        "variant": 1
      },
      {
        "accepted": false,
        "attempt_id": 69,
        "logical_pair_index": 60,
        "order": [
          "reference"
        ],
        "rejection_reasons": [
          {
            "limit_ns": 500000,
            "side": "reference",
            "start_record_envelope_span_ns": 507715
          }
        ],
        "retry_ordinal": 0,
        "samples": {
          "reference": {
            "collective_only": {
              "local_ms": 0.5744640231132507,
              "rank_max_ms": 0.9212160110473633,
              "rank_ms": [
                0.5744640231132507,
                0.6694080233573914,
                0.44124799966812134,
                0.9212160110473633
              ]
            },
            "pair_attempt_id": 69,
            "pair_retry_ordinal": 0,
            "position": 0,
            "readiness_probe_exact": true,
            "ready_region": {
              "local_ms": 0.6141759753227234,
              "rank_max_ms": 0.961184024810791,
              "rank_ms": [
                0.6141759753227234,
                0.7095040082931519,
                0.4801599979400635,
                0.961184024810791
              ]
            },
            "sample_index": 60,
            "scheduled_start_arrival_ns_by_rank": [
              744877170995161,
              744877170618167,
              744877170786351,
              744877170997023
            ],
            "scheduled_start_target_ns_by_rank": [
              744877175997023,
              744877175997023,
              744877175997023,
              744877175997023
            ],
            "start_record_bracket_ns_by_rank": [
              [
                744877176854369,
                744877176889374
              ],
              [
                744877176780191,
                744877176802979
              ],
              [
                744877176968021,
                744877177024742
              ],
              [
                744877176517027,
                744877176550746
              ]
            ],
            "start_record_envelope_span_ns": 507715,
            "variant": 0
          }
        },
        "variant": 0
      },
      {
        "accepted": true,
        "attempt_id": 70,
        "logical_pair_index": 60,
        "order": [
          "reference"
        ],
        "rejection_reasons": [],
        "retry_ordinal": 1,
        "samples": {
          "reference": {
            "collective_only": {
              "local_ms": 0.45475199818611145,
              "rank_max_ms": 0.46486398577690125,
              "rank_ms": [
                0.45475199818611145,
                0.46486398577690125,
                0.4498879909515381,
                0.45577600598335266
              ]
            },
            "pair_attempt_id": 70,
            "pair_retry_ordinal": 1,
            "position": 0,
            "readiness_probe_exact": true,
            "ready_region": {
              "local_ms": 0.4944320023059845,
              "rank_max_ms": 0.5038080215454102,
              "rank_ms": [
                0.4944320023059845,
                0.5038080215454102,
                0.4887999892234802,
                0.4956800043582916
              ]
            },
            "sample_index": 60,
            "scheduled_start_arrival_ns_by_rank": [
              744877183237021,
              744877182737163,
              744877183128149,
              744877183391522
            ],
            "scheduled_start_target_ns_by_rank": [
              744877188391522,
              744877188391522,
              744877188391522,
              744877188391522
            ],
            "start_record_bracket_ns_by_rank": [
              [
                744877188392538,
                744877188425754
              ],
              [
                744877188392106,
                744877188412058
              ],
              [
                744877188392344,
                744877188424124
              ],
              [
                744877188392323,
                744877188423837
              ]
            ],
            "start_record_envelope_span_ns": 33648,
            "variant": 1
          }
        },
        "variant": 1
      },
      {
        "accepted": true,
        "attempt_id": 71,
        "logical_pair_index": 61,
        "order": [
          "reference"
        ],
        "rejection_reasons": [],
        "retry_ordinal": 0,
        "samples": {
          "reference": {
            "collective_only": {
              "local_ms": 0.4801599979400635,
              "rank_max_ms": 0.5834239721298218,
              "rank_ms": [
                0.4801599979400635,
                0.5834239721298218,
                0.5438079833984375,
                0.5393279790878296
              ]
            },
            "pair_attempt_id": 71,
            "pair_retry_ordinal": 0,
            "position": 0,
            "readiness_probe_exact": true,
            "ready_region": {
              "local_ms": 0.5201280117034912,
              "rank_max_ms": 0.6222720146179199,
              "rank_ms": [
                0.5201280117034912,
                0.6222720146179199,
                0.5847359895706177,
                0.5790719985961914
              ]
            },
            "sample_index": 61,
            "scheduled_start_arrival_ns_by_rank": [
              744877194178293,
              744877193898913,
              744877193856248,
              744877193790636
            ],
            "scheduled_start_target_ns_by_rank": [
              744877199178293,
              744877199178293,
              744877199178293,
              744877199178293
            ],
            "start_record_bracket_ns_by_rank": [
              [
                744877199263178,
                744877199302836
              ],
              [
                744877199178708,
                744877199203704
              ],
              [
                744877199179197,
                744877199241060
              ],
              [
                744877199179108,
                744877199239574
              ]
            ],
            "start_record_envelope_span_ns": 124128,
            "variant": 0
          }
        },
        "variant": 0
      },
      {
        "accepted": true,
        "attempt_id": 72,
        "logical_pair_index": 62,
        "order": [
          "reference"
        ],
        "rejection_reasons": [],
        "retry_ordinal": 0,
        "samples": {
          "reference": {
            "collective_only": {
              "local_ms": 0.4633600115776062,
              "rank_max_ms": 0.47622400522232056,
              "rank_ms": [
                0.4633600115776062,
                0.47622400522232056,
                0.45875200629234314,
                0.4672960042953491
              ]
            },
            "pair_attempt_id": 72,
            "pair_retry_ordinal": 0,
            "position": 0,
            "readiness_probe_exact": true,
            "ready_region": {
              "local_ms": 0.5037760138511658,
              "rank_max_ms": 0.5161280035972595,
              "rank_ms": [
                0.5037760138511658,
                0.5161280035972595,
                0.49779200553894043,
                0.5072640180587769
              ]
            },
            "sample_index": 62,
            "scheduled_start_arrival_ns_by_rank": [
              744877208559599,
              744877207976693,
              744877208307359,
              744877208197691
            ],
            "scheduled_start_target_ns_by_rank": [
              744877213559599,
              744877213559599,
              744877213559599,
              744877213559599
            ],
            "start_record_bracket_ns_by_rank": [
              [
                744877213560304,
                744877213595394
              ],
              [
                744877213560039,
                744877213582087
              ],
              [
                744877213560672,
                744877213594278
              ],
              [
                744877213560437,
                744877213593050
              ]
            ],
            "start_record_envelope_span_ns": 35355,
            "variant": 1
          }
        },
        "variant": 1
      },
      {
        "accepted": true,
        "attempt_id": 73,
        "logical_pair_index": 63,
        "order": [
          "reference"
        ],
        "rejection_reasons": [],
        "retry_ordinal": 0,
        "samples": {
          "reference": {
            "collective_only": {
              "local_ms": 0.488864004611969,
              "rank_max_ms": 0.6315839886665344,
              "rank_ms": [
                0.488864004611969,
                0.6026239991188049,
                0.4695360064506531,
                0.6315839886665344
              ]
            },
            "pair_attempt_id": 73,
            "pair_retry_ordinal": 0,
            "position": 0,
            "readiness_probe_exact": true,
            "ready_region": {
              "local_ms": 0.5289279818534851,
              "rank_max_ms": 0.6716799736022949,
              "rank_ms": [
                0.5289279818534851,
                0.6425279974937439,
                0.5104640126228333,
                0.6716799736022949
              ]
            },
            "sample_index": 63,
            "scheduled_start_arrival_ns_by_rank": [
              744877219357741,
              744877219392864,
              744877219531197,
              744877219799606
            ],
            "scheduled_start_target_ns_by_rank": [
              744877224799606,
              744877224799606,
              744877224799606,
              744877224799606
            ],
            "start_record_bracket_ns_by_rank": [
              [
                744877225178758,
                744877225232271
              ],
              [
                744877225096074,
                744877225122019
              ],
              [
                744877225197224,
                744877225265044
              ],
              [
                744877225056375,
                744877225094177
              ]
            ],
            "start_record_envelope_span_ns": 208669,
            "variant": 0
          }
        },
        "variant": 0
      },
      {
        "accepted": false,
        "attempt_id": 74,
        "logical_pair_index": 64,
        "order": [
          "reference"
        ],
        "rejection_reasons": [
          {
            "limit_ns": 500000,
            "side": "reference",
            "start_record_envelope_span_ns": 1171602
          }
        ],
        "retry_ordinal": 0,
        "samples": {
          "reference": {
            "collective_only": {
              "local_ms": 0.8236479759216309,
              "rank_max_ms": 1.6316159963607788,
              "rank_ms": [
                0.8236479759216309,
                1.6316159963607788,
                1.0493760108947754,
                0.49081599712371826
              ]
            },
            "pair_attempt_id": 74,
            "pair_retry_ordinal": 0,
            "position": 0,
            "readiness_probe_exact": true,
            "ready_region": {
              "local_ms": 0.8636800050735474,
              "rank_max_ms": 1.672544002532959,
              "rank_ms": [
                0.8636800050735474,
                1.672544002532959,
                1.0903359651565552,
                0.5307520031929016
              ]
            },
            "sample_index": 64,
            "scheduled_start_arrival_ns_by_rank": [
              744877232244920,
              744877231562861,
              744877231993035,
              744877232354004
            ],
            "scheduled_start_target_ns_by_rank": [
              744877237354004,
              744877237354004,
              744877237354004,
              744877237354004
            ],
            "start_record_bracket_ns_by_rank": [
              [
                744877238437696,
                744877238478137
              ],
              [
                744877237638602,
                744877237665519
              ],
              [
                744877238187157,
                744877238249717
              ],
              [
                744877238772032,
                744877238810204
              ]
            ],
            "start_record_envelope_span_ns": 1171602,
            "variant": 1
          }
        },
        "variant": 1
      },
      {
        "accepted": false,
        "attempt_id": 75,
        "logical_pair_index": 64,
        "order": [
          "reference"
        ],
        "rejection_reasons": [
          {
            "limit_ns": 500000,
            "side": "reference",
            "start_record_envelope_span_ns": 577026
          }
        ],
        "retry_ordinal": 1,
        "samples": {
          "reference": {
            "collective_only": {
              "local_ms": 0.6159999966621399,
              "rank_max_ms": 1.0602879524230957,
              "rank_ms": [
                0.6159999966621399,
                1.0602879524230957,
                0.6317440271377563,
                0.5158399939537048
              ]
            },
            "pair_attempt_id": 75,
            "pair_retry_ordinal": 1,
            "position": 0,
            "readiness_probe_exact": true,
            "ready_region": {
              "local_ms": 0.6559039950370789,
              "rank_max_ms": 1.0992319583892822,
              "rank_ms": [
                0.6559039950370789,
                1.0992319583892822,
                0.67084801197052,
                0.5567359924316406
              ]
            },
            "sample_index": 64,
            "scheduled_start_arrival_ns_by_rank": [
              744877245599951,
              744877245493192,
              744877245793923,
              744877246146813
            ],
            "scheduled_start_target_ns_by_rank": [
              744877251146813,
              744877251146813,
              744877251146813,
              744877251146813
            ],
            "start_record_bracket_ns_by_rank": [
              [
                744877251661315,
                744877251706098
              ],
              [
                744877251227971,
                744877251255460
              ],
              [
                744877251637891,
                744877251680941
              ],
              [
                744877251762384,
                744877251804997
              ]
            ],
            "start_record_envelope_span_ns": 577026,
            "variant": 0
          }
        },
        "variant": 0
      },
      {
        "accepted": false,
        "attempt_id": 76,
        "logical_pair_index": 64,
        "order": [
          "reference"
        ],
        "rejection_reasons": [
          {
            "limit_ns": 500000,
            "side": "reference",
            "start_record_envelope_span_ns": 830430
          }
        ],
        "retry_ordinal": 2,
        "samples": {
          "reference": {
            "collective_only": {
              "local_ms": 0.49372801184654236,
              "rank_max_ms": 1.2824640274047852,
              "rank_ms": [
                0.49372801184654236,
                1.0264320373535156,
                1.2824640274047852,
                0.8658879995346069
              ]
            },
            "pair_attempt_id": 76,
            "pair_retry_ordinal": 2,
            "position": 0,
            "readiness_probe_exact": true,
            "ready_region": {
              "local_ms": 0.5342720150947571,
              "rank_max_ms": 1.321344017982483,
              "rank_ms": [
                0.5342720150947571,
                1.0673600435256958,
                1.321344017982483,
                0.9048320055007935
              ]
            },
            "sample_index": 64,
            "scheduled_start_arrival_ns_by_rank": [
              744877259980395,
              744877259621521,
              744877259894693,
              744877259993434
            ],
            "scheduled_start_target_ns_by_rank": [
              744877264993434,
              744877264993434,
              744877264993434,
              744877264993434
            ],
            "start_record_bracket_ns_by_rank": [
              [
                744877266717931,
                744877266758545
              ],
              [
                744877266193068,
                744877266229945
              ],
              [
                744877265928115,
                744877265964800
              ],
              [
                744877266347108,
                744877266378806
              ]
            ],
            "start_record_envelope_span_ns": 830430,
            "variant": 1
          }
        },
        "variant": 1
      },
      {
        "accepted": true,
        "attempt_id": 77,
        "logical_pair_index": 64,
        "order": [
          "reference"
        ],
        "rejection_reasons": [],
        "retry_ordinal": 3,
        "samples": {
          "reference": {
            "collective_only": {
              "local_ms": 0.47094398736953735,
              "rank_max_ms": 0.4822080135345459,
              "rank_ms": [
                0.47094398736953735,
                0.4822080135345459,
                0.472896009683609,
                0.47308799624443054
              ]
            },
            "pair_attempt_id": 77,
            "pair_retry_ordinal": 3,
            "position": 0,
            "readiness_probe_exact": true,
            "ready_region": {
              "local_ms": 0.5096960067749023,
              "rank_max_ms": 0.5221120119094849,
              "rank_ms": [
                0.5096960067749023,
                0.5221120119094849,
                0.5118079781532288,
                0.5130239725112915
              ]
            },
            "sample_index": 64,
            "scheduled_start_arrival_ns_by_rank": [
              744877275274008,
              744877274827219,
              744877275100342,
              744877275367514
            ],
            "scheduled_start_target_ns_by_rank": [
              744877280367514,
              744877280367514,
              744877280367514,
              744877280367514
            ],
            "start_record_bracket_ns_by_rank": [
              [
                744877280368467,
                744877280406528
              ],
              [
                744877280368132,
                744877280390085
              ],
              [
                744877280368315,
                744877280402287
              ],
              [
                744877280368732,
                744877280407407
              ]
            ],
            "start_record_envelope_span_ns": 39275,
            "variant": 0
          }
        },
        "variant": 0
      },
      {
        "accepted": true,
        "attempt_id": 78,
        "logical_pair_index": 65,
        "order": [
          "reference"
        ],
        "rejection_reasons": [],
        "retry_ordinal": 0,
        "samples": {
          "reference": {
            "collective_only": {
              "local_ms": 0.5008959770202637,
              "rank_max_ms": 0.509440004825592,
              "rank_ms": [
                0.5008959770202637,
                0.509440004825592,
                0.495168000459671,
                0.5071039795875549
              ]
            },
            "pair_attempt_id": 78,
            "pair_retry_ordinal": 0,
            "position": 0,
            "readiness_probe_exact": true,
            "ready_region": {
              "local_ms": 0.5407999753952026,
              "rank_max_ms": 0.5504000186920166,
              "rank_ms": [
                0.5407999753952026,
                0.5504000186920166,
                0.5340800285339355,
                0.5477439761161804
              ]
            },
            "sample_index": 65,
            "scheduled_start_arrival_ns_by_rank": [
              744877287030319,
              744877286711237,
              744877286916686,
              744877287105397
            ],
            "scheduled_start_target_ns_by_rank": [
              744877292105397,
              744877292105397,
              744877292105397,
              744877292105397
            ],
            "start_record_bracket_ns_by_rank": [
              [
                744877292106368,
                744877292144143
              ],
              [
                744877292105997,
                744877292128258
              ],
              [
                744877292106542,
                744877292143759
              ],
              [
                744877292106292,
                744877292141543
              ]
            ],
            "start_record_envelope_span_ns": 38146,
            "variant": 1
          }
        },
        "variant": 1
      },
      {
        "accepted": false,
        "attempt_id": 79,
        "logical_pair_index": 66,
        "order": [
          "reference"
        ],
        "rejection_reasons": [
          {
            "limit_ns": 500000,
            "side": "reference",
            "start_record_envelope_span_ns": 763806
          }
        ],
        "retry_ordinal": 0,
        "samples": {
          "reference": {
            "collective_only": {
              "local_ms": 0.4973759949207306,
              "rank_max_ms": 1.237663984298706,
              "rank_ms": [
                0.4973759949207306,
                1.237663984298706,
                1.0285760164260864,
                0.8821120262145996
              ]
            },
            "pair_attempt_id": 79,
            "pair_retry_ordinal": 0,
            "position": 0,
            "readiness_probe_exact": true,
            "ready_region": {
              "local_ms": 0.5372800230979919,
              "rank_max_ms": 1.2784639596939087,
              "rank_ms": [
                0.5372800230979919,
                1.2784639596939087,
                1.069216012954712,
                0.9220799803733826
              ]
            },
            "sample_index": 66,
            "scheduled_start_arrival_ns_by_rank": [
              744877299600207,
              744877299309987,
              744877299369119,
              744877299324340
            ],
            "scheduled_start_target_ns_by_rank": [
              744877304600207,
              744877304600207,
              744877304600207,
              744877304600207
            ],
            "start_record_bracket_ns_by_rank": [
              [
                744877305320070,
                744877305364435
              ],
              [
                744877304600629,
                744877304625459
              ],
              [
                744877304785254,
                744877304829064
              ],
              [
                744877304935988,
                744877304978164
              ]
            ],
            "start_record_envelope_span_ns": 763806,
            "variant": 0
          }
        },
        "variant": 0
      },
      {
        "accepted": true,
        "attempt_id": 80,
        "logical_pair_index": 66,
        "order": [
          "reference"
        ],
        "rejection_reasons": [],
        "retry_ordinal": 1,
        "samples": {
          "reference": {
            "collective_only": {
              "local_ms": 0.4758079946041107,
              "rank_max_ms": 0.6309120059013367,
              "rank_ms": [
                0.4758079946041107,
                0.6309120059013367,
                0.5879359841346741,
                0.5710399746894836
              ]
            },
            "pair_attempt_id": 80,
            "pair_retry_ordinal": 1,
            "position": 0,
            "readiness_probe_exact": true,
            "ready_region": {
              "local_ms": 0.5157759785652161,
              "rank_max_ms": 0.6708160042762756,
              "rank_ms": [
                0.5157759785652161,
                0.6708160042762756,
                0.6288959980010986,
                0.610975980758667
              ]
            },
            "sample_index": 66,
            "scheduled_start_arrival_ns_by_rank": [
              744877311184043,
              744877310705635,
              744877311137543,
              744877311082446
            ],
            "scheduled_start_target_ns_by_rank": [
              744877316184043,
              744877316184043,
              744877316184043,
              744877316184043
            ],
            "start_record_bracket_ns_by_rank": [
              [
                744877316318037,
                744877316357887
              ],
              [
                744877316184477,
                744877316221944
              ],
              [
                744877316184860,
                744877316247100
              ],
              [
                744877316184836,
                744877316252534
              ]
            ],
            "start_record_envelope_span_ns": 173410,
            "variant": 1
          }
        },
        "variant": 1
      },
      {
        "accepted": true,
        "attempt_id": 81,
        "logical_pair_index": 67,
        "order": [
          "reference"
        ],
        "rejection_reasons": [],
        "retry_ordinal": 0,
        "samples": {
          "reference": {
            "collective_only": {
              "local_ms": 0.4782719910144806,
              "rank_max_ms": 0.7933760285377502,
              "rank_ms": [
                0.4782719910144806,
                0.7933760285377502,
                0.5490880012512207,
                0.6418880224227905
              ]
            },
            "pair_attempt_id": 81,
            "pair_retry_ordinal": 0,
            "position": 0,
            "readiness_probe_exact": true,
            "ready_region": {
              "local_ms": 0.5181760191917419,
              "rank_max_ms": 0.8324159979820251,
              "rank_ms": [
                0.5181760191917419,
                0.8324159979820251,
                0.588096022605896,
                0.6821439862251282
              ]
            },
            "sample_index": 67,
            "scheduled_start_arrival_ns_by_rank": [
              744877324109164,
              744877323944033,
              744877322608094,
              744877324201030
            ],
            "scheduled_start_target_ns_by_rank": [
              744877329201030,
              744877329201030,
              744877329201030,
              744877329201030
            ],
            "start_record_bracket_ns_by_rank": [
              [
                744877329753871,
                744877329794631
              ],
              [
                744877329461428,
                744877329485605
              ],
              [
                744877329684353,
                744877329724760
              ],
              [
                744877329585918,
                744877329625103
              ]
            ],
            "start_record_envelope_span_ns": 333203,
            "variant": 0
          }
        },
        "variant": 0
      },
      {
        "accepted": false,
        "attempt_id": 82,
        "logical_pair_index": 68,
        "order": [
          "reference"
        ],
        "rejection_reasons": [
          {
            "limit_ns": 500000,
            "side": "reference",
            "start_record_envelope_span_ns": 1087323
          }
        ],
        "retry_ordinal": 0,
        "samples": {
          "reference": {
            "collective_only": {
              "local_ms": 0.5282559990882874,
              "rank_max_ms": 1.5959999561309814,
              "rank_ms": [
                0.5282559990882874,
                1.5959999561309814,
                1.3851200342178345,
                0.8438079953193665
              ]
            },
            "pair_attempt_id": 82,
            "pair_retry_ordinal": 0,
            "position": 0,
            "readiness_probe_exact": true,
            "ready_region": {
              "local_ms": 0.5672320127487183,
              "rank_max_ms": 1.6348479986190796,
              "rank_ms": [
                0.5672320127487183,
                1.6348479986190796,
                1.4260799884796143,
                0.8847360014915466
              ]
            },
            "sample_index": 68,
            "scheduled_start_arrival_ns_by_rank": [
              744877336155039,
              744877335526951,
              744877336034747,
              744877335928888
            ],
            "scheduled_start_target_ns_by_rank": [
              744877341155039,
              744877341155039,
              744877341155039,
              744877341155039
            ],
            "start_record_bracket_ns_by_rank": [
              [
                744877342809174,
                744877342854160
              ],
              [
                744877341766837,
                744877341792858
              ],
              [
                744877341950487,
                744877341993456
              ],
              [
                744877342495295,
                744877342536574
              ]
            ],
            "start_record_envelope_span_ns": 1087323,
            "variant": 1
          }
        },
        "variant": 1
      },
      {
        "accepted": false,
        "attempt_id": 83,
        "logical_pair_index": 68,
        "order": [
          "reference"
        ],
        "rejection_reasons": [
          {
            "limit_ns": 500000,
            "side": "reference",
            "start_record_envelope_span_ns": 523123
          }
        ],
        "retry_ordinal": 1,
        "samples": {
          "reference": {
            "collective_only": {
              "local_ms": 0.7136319875717163,
              "rank_max_ms": 0.9822400212287903,
              "rank_ms": [
                0.7136319875717163,
                0.9822400212287903,
                0.6819199919700623,
                0.49219200015068054
              ]
            },
            "pair_attempt_id": 83,
            "pair_retry_ordinal": 1,
            "position": 0,
            "readiness_probe_exact": true,
            "ready_region": {
              "local_ms": 0.7535679936408997,
              "rank_max_ms": 1.0211520195007324,
              "rank_ms": [
                0.7535679936408997,
                1.0211520195007324,
                0.7209280133247375,
                0.5321279764175415
              ]
            },
            "sample_index": 68,
            "scheduled_start_arrival_ns_by_rank": [
              744877350354897,
              744877350235509,
              744877350519019,
              744877350651149
            ],
            "scheduled_start_target_ns_by_rank": [
              744877355651149,
              744877355651149,
              744877355651149,
              744877355651149
            ],
            "start_record_bracket_ns_by_rank": [
              [
                744877355966527,
                744877356039571
              ],
              [
                744877355734735,
                744877355762905
              ],
              [
                744877355990064,
                744877356060044
              ],
              [
                744877356186816,
                744877356257858
              ]
            ],
            "start_record_envelope_span_ns": 523123,
            "variant": 0
          }
        },
        "variant": 0
      },
      {
        "accepted": true,
        "attempt_id": 84,
        "logical_pair_index": 68,
        "order": [
          "reference"
        ],
        "rejection_reasons": [],
        "retry_ordinal": 2,
        "samples": {
          "reference": {
            "collective_only": {
              "local_ms": 0.4521920084953308,
              "rank_max_ms": 0.4628480076789856,
              "rank_ms": [
                0.4521920084953308,
                0.4551039934158325,
                0.45631998777389526,
                0.4628480076789856
              ]
            },
            "pair_attempt_id": 84,
            "pair_retry_ordinal": 2,
            "position": 0,
            "readiness_probe_exact": true,
            "ready_region": {
              "local_ms": 0.49212801456451416,
              "rank_max_ms": 0.5028799772262573,
              "rank_ms": [
                0.49212801456451416,
                0.49507200717926025,
                0.495168000459671,
                0.5028799772262573
              ]
            },
            "sample_index": 68,
            "scheduled_start_arrival_ns_by_rank": [
              744877363591280,
              744877363469499,
              744877363408227,
              744877363123902
            ],
            "scheduled_start_target_ns_by_rank": [
              744877368591280,
              744877368591280,
              744877368591280,
              744877368591280
            ],
            "start_record_bracket_ns_by_rank": [
              [
                744877368592129,
                744877368627945
              ],
              [
                744877368591974,
                744877368616266
              ],
              [
                744877368592020,
                744877368626955
              ],
              [
                744877368592625,
                744877368627024
              ]
            ],
            "start_record_envelope_span_ns": 35971,
            "variant": 1
          }
        },
        "variant": 1
      },
      {
        "accepted": true,
        "attempt_id": 85,
        "logical_pair_index": 69,
        "order": [
          "reference"
        ],
        "rejection_reasons": [],
        "retry_ordinal": 0,
        "samples": {
          "reference": {
            "collective_only": {
              "local_ms": 0.499455988407135,
              "rank_max_ms": 0.5148159861564636,
              "rank_ms": [
                0.499455988407135,
                0.5148159861564636,
                0.4959999918937683,
                0.503711998462677
              ]
            },
            "pair_attempt_id": 85,
            "pair_retry_ordinal": 0,
            "position": 0,
            "readiness_probe_exact": true,
            "ready_region": {
              "local_ms": 0.5392959713935852,
              "rank_max_ms": 0.553600013256073,
              "rank_ms": [
                0.5392959713935852,
                0.553600013256073,
                0.5369600057601929,
                0.5436800122261047
              ]
            },
            "sample_index": 69,
            "scheduled_start_arrival_ns_by_rank": [
              744877374402175,
              744877373731068,
              744877374389345,
              744877374091196
            ],
            "scheduled_start_target_ns_by_rank": [
              744877379402175,
              744877379402175,
              744877379402175,
              744877379402175
            ],
            "start_record_bracket_ns_by_rank": [
              [
                744877379403182,
                744877379447584
              ],
              [
                744877379402662,
                744877379429302
              ],
              [
                744877379403231,
                744877379447711
              ],
              [
                744877379403174,
                744877379445576
              ]
            ],
            "start_record_envelope_span_ns": 45049,
            "variant": 0
          }
        },
        "variant": 0
      },
      {
        "accepted": true,
        "attempt_id": 86,
        "logical_pair_index": 70,
        "order": [
          "reference"
        ],
        "rejection_reasons": [],
        "retry_ordinal": 0,
        "samples": {
          "reference": {
            "collective_only": {
              "local_ms": 0.5057600140571594,
              "rank_max_ms": 0.5267519950866699,
              "rank_ms": [
                0.5057600140571594,
                0.5267519950866699,
                0.5100799798965454,
                0.5118399858474731
              ]
            },
            "pair_attempt_id": 86,
            "pair_retry_ordinal": 0,
            "position": 0,
            "readiness_probe_exact": true,
            "ready_region": {
              "local_ms": 0.5456960201263428,
              "rank_max_ms": 0.5655679702758789,
              "rank_ms": [
                0.5456960201263428,
                0.5655679702758789,
                0.5489919781684875,
                0.5516160130500793
              ]
            },
            "sample_index": 70,
            "scheduled_start_arrival_ns_by_rank": [
              744877387490646,
              744877385485020,
              744877385952162,
              744877385949678
            ],
            "scheduled_start_target_ns_by_rank": [
              744877392490646,
              744877392490646,
              744877392490646,
              744877392490646
            ],
            "start_record_bracket_ns_by_rank": [
              [
                744877392492033,
                744877392536189
              ],
              [
                744877392491125,
                744877392515753
              ],
              [
                744877392491578,
                744877392525231
              ],
              [
                744877392491535,
                744877392525064
              ]
            ],
            "start_record_envelope_span_ns": 45064,
            "variant": 1
          }
        },
        "variant": 1
      },
      {
        "accepted": true,
        "attempt_id": 87,
        "logical_pair_index": 71,
        "order": [
          "reference"
        ],
        "rejection_reasons": [],
        "retry_ordinal": 0,
        "samples": {
          "reference": {
            "collective_only": {
              "local_ms": 0.44543999433517456,
              "rank_max_ms": 0.4556800127029419,
              "rank_ms": [
                0.44543999433517456,
                0.4556800127029419,
                0.44204801321029663,
                0.44576001167297363
              ]
            },
            "pair_attempt_id": 87,
            "pair_retry_ordinal": 0,
            "position": 0,
            "readiness_probe_exact": true,
            "ready_region": {
              "local_ms": 0.4854399859905243,
              "rank_max_ms": 0.49564799666404724,
              "rank_ms": [
                0.4854399859905243,
                0.49564799666404724,
                0.48080000281333923,
                0.484607994556427
              ]
            },
            "sample_index": 71,
            "scheduled_start_arrival_ns_by_rank": [
              744877398436297,
              744877397602825,
              744877398430733,
              744877398240196
            ],
            "scheduled_start_target_ns_by_rank": [
              744877403436297,
              744877403436297,
              744877403436297,
              744877403436297
            ],
            "start_record_bracket_ns_by_rank": [
              [
                744877403437183,
                744877403471332
              ],
              [
                744877403436881,
                744877403457054
              ],
              [
                744877403437035,
                744877403466987
              ],
              [
                744877403437063,
                744877403468465
              ]
            ],
            "start_record_envelope_span_ns": 34451,
            "variant": 0
          }
        },
        "variant": 0
      },
      {
        "accepted": true,
        "attempt_id": 88,
        "logical_pair_index": 72,
        "order": [
          "reference"
        ],
        "rejection_reasons": [],
        "retry_ordinal": 0,
        "samples": {
          "reference": {
            "collective_only": {
              "local_ms": 0.4635840058326721,
              "rank_max_ms": 0.47196799516677856,
              "rank_ms": [
                0.4635840058326721,
                0.47196799516677856,
                0.45558398962020874,
                0.4599680006504059
              ]
            },
            "pair_attempt_id": 88,
            "pair_retry_ordinal": 0,
            "position": 0,
            "readiness_probe_exact": true,
            "ready_region": {
              "local_ms": 0.5034880042076111,
              "rank_max_ms": 0.5119360089302063,
              "rank_ms": [
                0.5034880042076111,
                0.5119360089302063,
                0.4944640100002289,
                0.4996800124645233
              ]
            },
            "sample_index": 72,
            "scheduled_start_arrival_ns_by_rank": [
              744877408300796,
              744877407608810,
              744877408148430,
              744877408195889
            ],
            "scheduled_start_target_ns_by_rank": [
              744877413300796,
              744877413300796,
              744877413300796,
              744877413300796
            ],
            "start_record_bracket_ns_by_rank": [
              [
                744877413301862,
                744877413338589
              ],
              [
                744877413301376,
                744877413323495
              ],
              [
                744877413301647,
                744877413335900
              ],
              [
                744877413301575,
                744877413335482
              ]
            ],
            "start_record_envelope_span_ns": 37213,
            "variant": 1
          }
        },
        "variant": 1
      },
      {
        "accepted": true,
        "attempt_id": 89,
        "logical_pair_index": 73,
        "order": [
          "reference"
        ],
        "rejection_reasons": [],
        "retry_ordinal": 0,
        "samples": {
          "reference": {
            "collective_only": {
              "local_ms": 0.4989440143108368,
              "rank_max_ms": 0.5246080160140991,
              "rank_ms": [
                0.4989440143108368,
                0.5246080160140991,
                0.5012480020523071,
                0.5072320103645325
              ]
            },
            "pair_attempt_id": 89,
            "pair_retry_ordinal": 0,
            "position": 0,
            "readiness_probe_exact": true,
            "ready_region": {
              "local_ms": 0.5388799905776978,
              "rank_max_ms": 0.5635200142860413,
              "rank_ms": [
                0.5388799905776978,
                0.5635200142860413,
                0.5401920080184937,
                0.5473600029945374
              ]
            },
            "sample_index": 73,
            "scheduled_start_arrival_ns_by_rank": [
              744877418915530,
              744877418634825,
              744877418915069,
              744877418937360
            ],
            "scheduled_start_target_ns_by_rank": [
              744877423937360,
              744877423937360,
              744877423937360,
              744877423937360
            ],
            "start_record_bracket_ns_by_rank": [
              [
                744877423938319,
                744877423979917
              ],
              [
                744877423937806,
                744877423961263
              ],
              [
                744877423938326,
                744877423978346
              ],
              [
                744877423937889,
                744877423973522
              ]
            ],
            "start_record_envelope_span_ns": 42111,
            "variant": 0
          }
        },
        "variant": 0
      },
      {
        "accepted": true,
        "attempt_id": 90,
        "logical_pair_index": 74,
        "order": [
          "reference"
        ],
        "rejection_reasons": [],
        "retry_ordinal": 0,
        "samples": {
          "reference": {
            "collective_only": {
              "local_ms": 0.48265600204467773,
              "rank_max_ms": 0.6894400119781494,
              "rank_ms": [
                0.48265600204467773,
                0.6894400119781494,
                0.6334080100059509,
                0.6745280027389526
              ]
            },
            "pair_attempt_id": 90,
            "pair_retry_ordinal": 0,
            "position": 0,
            "readiness_probe_exact": true,
            "ready_region": {
              "local_ms": 0.5225600004196167,
              "rank_max_ms": 0.7294080257415771,
              "rank_ms": [
                0.5225600004196167,
                0.7294080257415771,
                0.6723520159721375,
                0.7144320011138916
              ]
            },
            "sample_index": 74,
            "scheduled_start_arrival_ns_by_rank": [
              744877430801860,
              744877430064271,
              744877430052681,
              744877430318504
            ],
            "scheduled_start_target_ns_by_rank": [
              744877435801860,
              744877435801860,
              744877435801860,
              744877435801860
            ],
            "start_record_bracket_ns_by_rank": [
              [
                744877435973476,
                744877436031555
              ],
              [
                744877435802204,
                744877435824010
              ],
              [
                744877435839968,
                744877435874090
              ],
              [
                744877435802568,
                744877435834721
              ]
            ],
            "start_record_envelope_span_ns": 229351,
            "variant": 1
          }
        },
        "variant": 1
      },
      {
        "accepted": true,
        "attempt_id": 91,
        "logical_pair_index": 75,
        "order": [
          "reference"
        ],
        "rejection_reasons": [],
        "retry_ordinal": 0,
        "samples": {
          "reference": {
            "collective_only": {
              "local_ms": 0.6680960059165955,
              "rank_max_ms": 0.8584960103034973,
              "rank_ms": [
                0.6680960059165955,
                0.8584960103034973,
                0.5214400291442871,
                0.47577598690986633
              ]
            },
            "pair_attempt_id": 91,
            "pair_retry_ordinal": 0,
            "position": 0,
            "readiness_probe_exact": true,
            "ready_region": {
              "local_ms": 0.7080000042915344,
              "rank_max_ms": 0.8984320163726807,
              "rank_ms": [
                0.7080000042915344,
                0.8984320163726807,
                0.5614719986915588,
                0.5157439708709717
              ]
            },
            "sample_index": 75,
            "scheduled_start_arrival_ns_by_rank": [
              744877442867018,
              744877442399430,
              744877443249996,
              744877443068279
            ],
            "scheduled_start_target_ns_by_rank": [
              744877448249996,
              744877448249996,
              744877448249996,
              744877448249996
            ],
            "start_record_bracket_ns_by_rank": [
              [
                744877448608965,
                744877448645384
              ],
              [
                744877448428354,
                744877448451000
              ],
              [
                744877448749237,
                744877448785622
              ],
              [
                744877448799305,
                744877448835124
              ]
            ],
            "start_record_envelope_span_ns": 406770,
            "variant": 0
          }
        },
        "variant": 0
      },
      {
        "accepted": true,
        "attempt_id": 92,
        "logical_pair_index": 76,
        "order": [
          "reference"
        ],
        "rejection_reasons": [],
        "retry_ordinal": 0,
        "samples": {
          "reference": {
            "collective_only": {
              "local_ms": 0.5389119982719421,
              "rank_max_ms": 0.796671986579895,
              "rank_ms": [
                0.5389119982719421,
                0.796671986579895,
                0.7755839824676514,
                0.5288000106811523
              ]
            },
            "pair_attempt_id": 92,
            "pair_retry_ordinal": 0,
            "position": 0,
            "readiness_probe_exact": true,
            "ready_region": {
              "local_ms": 0.5789440274238586,
              "rank_max_ms": 0.8375999927520752,
              "rank_ms": [
                0.5789440274238586,
                0.8375999927520752,
                0.8165119886398315,
                0.5686720013618469
              ]
            },
            "sample_index": 76,
            "scheduled_start_arrival_ns_by_rank": [
              744877454677694,
              744877454090074,
              744877454515663,
              744877454807672
            ],
            "scheduled_start_target_ns_by_rank": [
              744877459807672,
              744877459807672,
              744877459807672,
              744877459807672
            ],
            "start_record_bracket_ns_by_rank": [
              [
                744877460050518,
                744877460095980
              ],
              [
                744877459808141,
                744877459834241
              ],
              [
                744877459808595,
                744877459850943
              ],
              [
                744877460057822,
                744877460100773
              ]
            ],
            "start_record_envelope_span_ns": 292632,
            "variant": 1
          }
        },
        "variant": 1
      },
      {
        "accepted": false,
        "attempt_id": 93,
        "logical_pair_index": 77,
        "order": [
          "reference"
        ],
        "rejection_reasons": [
          {
            "limit_ns": 500000,
            "side": "reference",
            "start_record_envelope_span_ns": 962975
          }
        ],
        "retry_ordinal": 0,
        "samples": {
          "reference": {
            "collective_only": {
              "local_ms": 0.529151976108551,
              "rank_max_ms": 1.4513280391693115,
              "rank_ms": [
                0.529151976108551,
                1.1655679941177368,
                1.4513280391693115,
                0.928928017616272
              ]
            },
            "pair_attempt_id": 93,
            "pair_retry_ordinal": 0,
            "position": 0,
            "readiness_probe_exact": true,
            "ready_region": {
              "local_ms": 0.5699840188026428,
              "rank_max_ms": 1.4922560453414917,
              "rank_ms": [
                0.5699840188026428,
                1.2044800519943237,
                1.4922560453414917,
                0.9698879718780518
              ]
            },
            "sample_index": 77,
            "scheduled_start_arrival_ns_by_rank": [
              744877466620641,
              744877465858109,
              744877466548531,
              744877465941298
            ],
            "scheduled_start_target_ns_by_rank": [
              744877471620641,
              744877471620641,
              744877471620641,
              744877471620641
            ],
            "start_record_bracket_ns_by_rank": [
              [
                744877473061639,
                744877473106422
              ],
              [
                744877472447791,
                744877472479203
              ],
              [
                744877472143447,
                744877472186367
              ],
              [
                744877472662244,
                744877472704992
              ]
            ],
            "start_record_envelope_span_ns": 962975,
            "variant": 0
          }
        },
        "variant": 0
      },
      {
        "accepted": false,
        "attempt_id": 94,
        "logical_pair_index": 77,
        "order": [
          "reference"
        ],
        "rejection_reasons": [
          {
            "limit_ns": 500000,
            "side": "reference",
            "start_record_envelope_span_ns": 607662
          }
        ],
        "retry_ordinal": 1,
        "samples": {
          "reference": {
            "collective_only": {
              "local_ms": 0.8646720051765442,
              "rank_max_ms": 1.0479999780654907,
              "rank_ms": [
                0.8646720051765442,
                1.0479999780654907,
                0.5889599919319153,
                0.46134400367736816
              ]
            },
            "pair_attempt_id": 94,
            "pair_retry_ordinal": 1,
            "position": 0,
            "readiness_probe_exact": true,
            "ready_region": {
              "local_ms": 0.9045760035514832,
              "rank_max_ms": 1.088927984237671,
              "rank_ms": [
                0.9045760035514832,
                1.088927984237671,
                0.6279039978981018,
                0.5012800097465515
              ]
            },
            "sample_index": 77,
            "scheduled_start_arrival_ns_by_rank": [
              744877480985633,
              744877480671176,
              744877481129129,
              744877481262655
            ],
            "scheduled_start_target_ns_by_rank": [
              744877486262655,
              744877486262655,
              744877486262655,
              744877486262655
            ],
            "start_record_bracket_ns_by_rank": [
              [
                744877486965773,
                744877487032197
              ],
              [
                744877486818505,
                744877486842773
              ],
              [
                744877487261355,
                744877487302389
              ],
              [
                744877487388180,
                744877487426167
              ]
            ],
            "start_record_envelope_span_ns": 607662,
            "variant": 1
          }
        },
        "variant": 1
      },
      {
        "accepted": false,
        "attempt_id": 95,
        "logical_pair_index": 77,
        "order": [
          "reference"
        ],
        "rejection_reasons": [
          {
            "limit_ns": 500000,
            "side": "reference",
            "start_record_envelope_span_ns": 705168
          }
        ],
        "retry_ordinal": 2,
        "samples": {
          "reference": {
            "collective_only": {
              "local_ms": 0.4638719856739044,
              "rank_max_ms": 1.1462080478668213,
              "rank_ms": [
                0.4638719856739044,
                1.1462080478668213,
                0.9666240215301514,
                0.47414401173591614
              ]
            },
            "pair_attempt_id": 95,
            "pair_retry_ordinal": 2,
            "position": 0,
            "readiness_probe_exact": true,
            "ready_region": {
              "local_ms": 0.5036479830741882,
              "rank_max_ms": 1.1863679885864258,
              "rank_ms": [
                0.5036479830741882,
                1.1863679885864258,
                1.0075839757919312,
                0.514847993850708
              ]
            },
            "sample_index": 77,
            "scheduled_start_arrival_ns_by_rank": [
              744877494499018,
              744877494332276,
              744877494725884,
              744877494467135
            ],
            "scheduled_start_target_ns_by_rank": [
              744877499725884,
              744877499725884,
              744877499725884,
              744877499725884
            ],
            "start_record_bracket_ns_by_rank": [
              [
                744877500746296,
                744877500783033
              ],
              [
                744877500077865,
                744877500102032
              ],
              [
                744877500239574,
                744877500276528
              ],
              [
                744877500733163,
                744877500768795
              ]
            ],
            "start_record_envelope_span_ns": 705168,
            "variant": 0
          }
        },
        "variant": 0
      },
      {
        "accepted": false,
        "attempt_id": 96,
        "logical_pair_index": 77,
        "order": [
          "reference"
        ],
        "rejection_reasons": [
          {
            "limit_ns": 500000,
            "side": "reference",
            "start_record_envelope_span_ns": 670301
          }
        ],
        "retry_ordinal": 3,
        "samples": {
          "reference": {
            "collective_only": {
              "local_ms": 0.9083840250968933,
              "rank_max_ms": 1.1501760482788086,
              "rank_ms": [
                0.9083840250968933,
                1.1501760482788086,
                0.7973440289497375,
                0.5152000188827515
              ]
            },
            "pair_attempt_id": 96,
            "pair_retry_ordinal": 3,
            "position": 0,
            "readiness_probe_exact": true,
            "ready_region": {
              "local_ms": 0.9482880234718323,
              "rank_max_ms": 1.1908799409866333,
              "rank_ms": [
                0.9482880234718323,
                1.1908799409866333,
                0.8362560272216797,
                0.55622398853302
              ]
            },
            "sample_index": 77,
            "scheduled_start_arrival_ns_by_rank": [
              744877506990491,
              744877506548521,
              744877507179861,
              744877506990838
            ],
            "scheduled_start_target_ns_by_rank": [
              744877512179861,
              744877512179861,
              744877512179861,
              744877512179861
            ],
            "start_record_bracket_ns_by_rank": [
              [
                744877512412112,
                744877512458503
              ],
              [
                744877512180372,
                744877512206837
              ],
              [
                744877512516076,
                744877512561118
              ],
              [
                744877512806998,
                744877512850673
              ]
            ],
            "start_record_envelope_span_ns": 670301,
            "variant": 1
          }
        },
        "variant": 1
      },
      {
        "accepted": true,
        "attempt_id": 97,
        "logical_pair_index": 77,
        "order": [
          "reference"
        ],
        "rejection_reasons": [],
        "retry_ordinal": 4,
        "samples": {
          "reference": {
            "collective_only": {
              "local_ms": 0.45814400911331177,
              "rank_max_ms": 0.4697279930114746,
              "rank_ms": [
                0.45814400911331177,
                0.4697279930114746,
                0.4620159864425659,
                0.46566399931907654
              ]
            },
            "pair_attempt_id": 97,
            "pair_retry_ordinal": 4,
            "position": 0,
            "readiness_probe_exact": true,
            "ready_region": {
              "local_ms": 0.49795201420783997,
              "rank_max_ms": 0.5087360143661499,
              "rank_ms": [
                0.49795201420783997,
                0.5087360143661499,
                0.5009599924087524,
                0.5075200200080872
              ]
            },
            "sample_index": 77,
            "scheduled_start_arrival_ns_by_rank": [
              744877519663268,
              744877519126638,
              744877519331854,
              744877519375275
            ],
            "scheduled_start_target_ns_by_rank": [
              744877524663268,
              744877524663268,
              744877524663268,
              744877524663268
            ],
            "start_record_bracket_ns_by_rank": [
              [
                744877524664274,
                744877524700059
              ],
              [
                744877524663728,
                744877524683978
              ],
              [
                744877524664113,
                744877524698579
              ],
              [
                744877524664066,
                744877524697900
              ]
            ],
            "start_record_envelope_span_ns": 36331,
            "variant": 0
          }
        },
        "variant": 0
      },
      {
        "accepted": true,
        "attempt_id": 98,
        "logical_pair_index": 78,
        "order": [
          "reference"
        ],
        "rejection_reasons": [],
        "retry_ordinal": 0,
        "samples": {
          "reference": {
            "collective_only": {
              "local_ms": 0.49686399102211,
              "rank_max_ms": 0.5065919756889343,
              "rank_ms": [
                0.49686399102211,
                0.5065919756889343,
                0.49452799558639526,
                0.5010240077972412
              ]
            },
            "pair_attempt_id": 98,
            "pair_retry_ordinal": 0,
            "position": 0,
            "readiness_probe_exact": true,
            "ready_region": {
              "local_ms": 0.536575973033905,
              "rank_max_ms": 0.5475199818611145,
              "rank_ms": [
                0.536575973033905,
                0.5475199818611145,
                0.5354560017585754,
                0.5410559773445129
              ]
            },
            "sample_index": 78,
            "scheduled_start_arrival_ns_by_rank": [
              744877531109286,
              744877530887800,
              744877531726804,
              744877531325188
            ],
            "scheduled_start_target_ns_by_rank": [
              744877536726804,
              744877536726804,
              744877536726804,
              744877536726804
            ],
            "start_record_bracket_ns_by_rank": [
              [
                744877536727764,
                744877536768774
              ],
              [
                744877536727158,
                744877536751884
              ],
              [
                744877536727630,
                744877536766239
              ],
              [
                744877536727916,
                744877536769085
              ]
            ],
            "start_record_envelope_span_ns": 41927,
            "variant": 1
          }
        },
        "variant": 1
      },
      {
        "accepted": true,
        "attempt_id": 99,
        "logical_pair_index": 79,
        "order": [
          "reference"
        ],
        "rejection_reasons": [],
        "retry_ordinal": 0,
        "samples": {
          "reference": {
            "collective_only": {
              "local_ms": 0.5089280009269714,
              "rank_max_ms": 0.5288959741592407,
              "rank_ms": [
                0.5089280009269714,
                0.5288959741592407,
                0.49961599707603455,
                0.5138880014419556
              ]
            },
            "pair_attempt_id": 99,
            "pair_retry_ordinal": 0,
            "position": 0,
            "readiness_probe_exact": true,
            "ready_region": {
              "local_ms": 0.5488640069961548,
              "rank_max_ms": 0.5689600110054016,
              "rank_ms": [
                0.5488640069961548,
                0.5689600110054016,
                0.5386559963226318,
                0.5537919998168945
              ]
            },
            "sample_index": 79,
            "scheduled_start_arrival_ns_by_rank": [
              744877542476623,
              744877542194566,
              744877542506621,
              744877542631581
            ],
            "scheduled_start_target_ns_by_rank": [
              744877547631581,
              744877547631581,
              744877547631581,
              744877547631581
            ],
            "start_record_bracket_ns_by_rank": [
              [
                744877547632681,
                744877547678553
              ],
              [
                744877547632085,
                744877547658244
              ],
              [
                744877547632626,
                744877547677478
              ],
              [
                744877547632676,
                744877547675029
              ]
            ],
            "start_record_envelope_span_ns": 46468,
            "variant": 0
          }
        },
        "variant": 0
      },
      {
        "accepted": true,
        "attempt_id": 100,
        "logical_pair_index": 80,
        "order": [
          "reference"
        ],
        "rejection_reasons": [],
        "retry_ordinal": 0,
        "samples": {
          "reference": {
            "collective_only": {
              "local_ms": 0.49481600522994995,
              "rank_max_ms": 0.5040640234947205,
              "rank_ms": [
                0.49481600522994995,
                0.5040640234947205,
                0.4902079999446869,
                0.49027198553085327
              ]
            },
            "pair_attempt_id": 100,
            "pair_retry_ordinal": 0,
            "position": 0,
            "readiness_probe_exact": true,
            "ready_region": {
              "local_ms": 0.5347520112991333,
              "rank_max_ms": 0.5431360006332397,
              "rank_ms": [
                0.5347520112991333,
                0.5431360006332397,
                0.5311679840087891,
                0.5292800068855286
              ]
            },
            "sample_index": 80,
            "scheduled_start_arrival_ns_by_rank": [
              744877552926522,
              744877553239360,
              744877552934698,
              744877552631801
            ],
            "scheduled_start_target_ns_by_rank": [
              744877558239360,
              744877558239360,
              744877558239360,
              744877558239360
            ],
            "start_record_bracket_ns_by_rank": [
              [
                744877558240392,
                744877558282280
              ],
              [
                744877558239862,
                744877558263752
              ],
              [
                744877558240190,
                744877558278747
              ],
              [
                744877558240222,
                744877558279399
              ]
            ],
            "start_record_envelope_span_ns": 42418,
            "variant": 1
          }
        },
        "variant": 1
      },
      {
        "accepted": true,
        "attempt_id": 101,
        "logical_pair_index": 81,
        "order": [
          "reference"
        ],
        "rejection_reasons": [],
        "retry_ordinal": 0,
        "samples": {
          "reference": {
            "collective_only": {
              "local_ms": 0.5060160160064697,
              "rank_max_ms": 0.6737279891967773,
              "rank_ms": [
                0.5060160160064697,
                0.6737279891967773,
                0.6650879979133606,
                0.6524800062179565
              ]
            },
            "pair_attempt_id": 101,
            "pair_retry_ordinal": 0,
            "position": 0,
            "readiness_probe_exact": true,
            "ready_region": {
              "local_ms": 0.5460799932479858,
              "rank_max_ms": 0.7126399874687195,
              "rank_ms": [
                0.5460799932479858,
                0.7126399874687195,
                0.7041599750518799,
                0.6923519968986511
              ]
            },
            "sample_index": 81,
            "scheduled_start_arrival_ns_by_rank": [
              744877564373791,
              744877564380845,
              744877564680876,
              744877564421248
            ],
            "scheduled_start_target_ns_by_rank": [
              744877569680876,
              744877569680876,
              744877569680876,
              744877569680876
            ],
            "start_record_bracket_ns_by_rank": [
              [
                744877569825396,
                744877569866679
              ],
              [
                744877569681381,
                744877569706971
              ],
              [
                744877569681196,
                744877569708125
              ],
              [
                744877569681666,
                744877569718991
              ]
            ],
            "start_record_envelope_span_ns": 185483,
            "variant": 0
          }
        },
        "variant": 0
      },
      {
        "accepted": true,
        "attempt_id": 102,
        "logical_pair_index": 82,
        "order": [
          "reference"
        ],
        "rejection_reasons": [],
        "retry_ordinal": 0,
        "samples": {
          "reference": {
            "collective_only": {
              "local_ms": 0.501471996307373,
              "rank_max_ms": 0.5175039768218994,
              "rank_ms": [
                0.501471996307373,
                0.5175039768218994,
                0.5057920217514038,
                0.49318400025367737
              ]
            },
            "pair_attempt_id": 102,
            "pair_retry_ordinal": 0,
            "position": 0,
            "readiness_probe_exact": true,
            "ready_region": {
              "local_ms": 0.5414080023765564,
              "rank_max_ms": 0.5564159750938416,
              "rank_ms": [
                0.5414080023765564,
                0.5564159750938416,
                0.5467519760131836,
                0.5332480072975159
              ]
            },
            "sample_index": 82,
            "scheduled_start_arrival_ns_by_rank": [
              744877577168396,
              744877576775491,
              744877576762840,
              744877577429433
            ],
            "scheduled_start_target_ns_by_rank": [
              744877582429433,
              744877582429433,
              744877582429433,
              744877582429433
            ],
            "start_record_bracket_ns_by_rank": [
              [
                744877582430496,
                744877582474623
              ],
              [
                744877582429906,
                744877582456322
              ],
              [
                744877582430090,
                744877582461808
              ],
              [
                744877582430424,
                744877582471732
              ]
            ],
            "start_record_envelope_span_ns": 44717,
            "variant": 1
          }
        },
        "variant": 1
      },
      {
        "accepted": true,
        "attempt_id": 103,
        "logical_pair_index": 83,
        "order": [
          "reference"
        ],
        "rejection_reasons": [],
        "retry_ordinal": 0,
        "samples": {
          "reference": {
            "collective_only": {
              "local_ms": 0.47145599126815796,
              "rank_max_ms": 0.4866879880428314,
              "rank_ms": [
                0.47145599126815796,
                0.4866879880428314,
                0.4671039879322052,
                0.46799999475479126
              ]
            },
            "pair_attempt_id": 103,
            "pair_retry_ordinal": 0,
            "position": 0,
            "readiness_probe_exact": true,
            "ready_region": {
              "local_ms": 0.5112000107765198,
              "rank_max_ms": 0.5266240239143372,
              "rank_ms": [
                0.5112000107765198,
                0.5266240239143372,
                0.5061119794845581,
                0.5080000162124634
              ]
            },
            "sample_index": 83,
            "scheduled_start_arrival_ns_by_rank": [
              744877587614115,
              744877587117458,
              744877586979768,
              744877587450700
            ],
            "scheduled_start_target_ns_by_rank": [
              744877592614115,
              744877592614115,
              744877592614115,
              744877592614115
            ],
            "start_record_bracket_ns_by_rank": [
              [
                744877592615147,
                744877592653650
              ],
              [
                744877592614699,
                744877592637696
              ],
              [
                744877592614925,
                744877592651765
              ],
              [
                744877592614901,
                744877592649436
              ]
            ],
            "start_record_envelope_span_ns": 38951,
            "variant": 0
          }
        },
        "variant": 0
      },
      {
        "accepted": true,
        "attempt_id": 104,
        "logical_pair_index": 84,
        "order": [
          "reference"
        ],
        "rejection_reasons": [],
        "retry_ordinal": 0,
        "samples": {
          "reference": {
            "collective_only": {
              "local_ms": 0.49750399589538574,
              "rank_max_ms": 0.5089600086212158,
              "rank_ms": [
                0.49750399589538574,
                0.5089600086212158,
                0.5004799962043762,
                0.49929600954055786
              ]
            },
            "pair_attempt_id": 104,
            "pair_retry_ordinal": 0,
            "position": 0,
            "readiness_probe_exact": true,
            "ready_region": {
              "local_ms": 0.537663996219635,
              "rank_max_ms": 0.5489599704742432,
              "rank_ms": [
                0.537663996219635,
                0.5489599704742432,
                0.5394880175590515,
                0.5392640233039856
              ]
            },
            "sample_index": 84,
            "scheduled_start_arrival_ns_by_rank": [
              744877597470799,
              744877596971017,
              744877596977032,
              744877597666228
            ],
            "scheduled_start_target_ns_by_rank": [
              744877602666228,
              744877602666228,
              744877602666228,
              744877602666228
            ],
            "start_record_bracket_ns_by_rank": [
              [
                744877602667478,
                744877602712143
              ],
              [
                744877602666766,
                744877602691270
              ],
              [
                744877602666688,
                744877602693819
              ],
              [
                744877602667367,
                744877602703999
              ]
            ],
            "start_record_envelope_span_ns": 45455,
            "variant": 1
          }
        },
        "variant": 1
      },
      {
        "accepted": true,
        "attempt_id": 105,
        "logical_pair_index": 85,
        "order": [
          "reference"
        ],
        "rejection_reasons": [],
        "retry_ordinal": 0,
        "samples": {
          "reference": {
            "collective_only": {
              "local_ms": 0.4646399915218353,
              "rank_max_ms": 0.4646399915218353,
              "rank_ms": [
                0.4646399915218353,
                0.4564160108566284,
                0.4589119851589203,
                0.4583039879798889
              ]
            },
            "pair_attempt_id": 105,
            "pair_retry_ordinal": 0,
            "position": 0,
            "readiness_probe_exact": true,
            "ready_region": {
              "local_ms": 0.5047039985656738,
              "rank_max_ms": 0.5047039985656738,
              "rank_ms": [
                0.5047039985656738,
                0.49644801020622253,
                0.4978879988193512,
                0.4983679950237274
              ]
            },
            "sample_index": 85,
            "scheduled_start_arrival_ns_by_rank": [
              744877608692597,
              744877609537319,
              744877609505732,
              744877609025191
            ],
            "scheduled_start_target_ns_by_rank": [
              744877614537319,
              744877614537319,
              744877614537319,
              744877614537319
            ],
            "start_record_bracket_ns_by_rank": [
              [
                744877614537924,
                744877614564523
              ],
              [
                744877614537808,
                744877614565649
              ],
              [
                744877614537898,
                744877614567142
              ],
              [
                744877614538386,
                744877614575147
              ]
            ],
            "start_record_envelope_span_ns": 37339,
            "variant": 0
          }
        },
        "variant": 0
      },
      {
        "accepted": true,
        "attempt_id": 106,
        "logical_pair_index": 86,
        "order": [
          "reference"
        ],
        "rejection_reasons": [],
        "retry_ordinal": 0,
        "samples": {
          "reference": {
            "collective_only": {
              "local_ms": 0.46454399824142456,
              "rank_max_ms": 0.46454399824142456,
              "rank_ms": [
                0.46454399824142456,
                0.4554240107536316,
                0.46166399121284485,
                0.45443201065063477
              ]
            },
            "pair_attempt_id": 106,
            "pair_retry_ordinal": 0,
            "position": 0,
            "readiness_probe_exact": true,
            "ready_region": {
              "local_ms": 0.5045440196990967,
              "rank_max_ms": 0.5045440196990967,
              "rank_ms": [
                0.5045440196990967,
                0.49433600902557373,
                0.5005760192871094,
                0.49433600902557373
              ]
            },
            "sample_index": 86,
            "scheduled_start_arrival_ns_by_rank": [
              744877619508623,
              744877619537387,
              744877619495404,
              744877619592554
            ],
            "scheduled_start_target_ns_by_rank": [
              744877624592554,
              744877624592554,
              744877624592554,
              744877624592554
            ],
            "start_record_bracket_ns_by_rank": [
              [
                744877624593108,
                744877624616554
              ],
              [
                744877624593030,
                744877624613437
              ],
              [
                744877624593025,
                744877624614644
              ],
              [
                744877624593573,
                744877624627193
              ]
            ],
            "start_record_envelope_span_ns": 34168,
            "variant": 1
          }
        },
        "variant": 1
      },
      {
        "accepted": true,
        "attempt_id": 107,
        "logical_pair_index": 87,
        "order": [
          "reference"
        ],
        "rejection_reasons": [],
        "retry_ordinal": 0,
        "samples": {
          "reference": {
            "collective_only": {
              "local_ms": 0.46000000834465027,
              "rank_max_ms": 0.46560001373291016,
              "rank_ms": [
                0.46000000834465027,
                0.46560001373291016,
                0.46272000670433044,
                0.4492799937725067
              ]
            },
            "pair_attempt_id": 107,
            "pair_retry_ordinal": 0,
            "position": 0,
            "readiness_probe_exact": true,
            "ready_region": {
              "local_ms": 0.5000640153884888,
              "rank_max_ms": 0.5046719908714294,
              "rank_ms": [
                0.5000640153884888,
                0.5046719908714294,
                0.5016639828681946,
                0.48927998542785645
              ]
            },
            "sample_index": 87,
            "scheduled_start_arrival_ns_by_rank": [
              744877629595545,
              744877629587117,
              744877629509367,
              744877629491520
            ],
            "scheduled_start_target_ns_by_rank": [
              744877634595545,
              744877634595545,
              744877634595545,
              744877634595545
            ],
            "start_record_bracket_ns_by_rank": [
              [
                744877634596232,
                744877634624446
              ],
              [
                744877634596002,
                744877634616838
              ],
              [
                744877634596063,
                744877634617871
              ],
              [
                744877634596718,
                744877634631536
              ]
            ],
            "start_record_envelope_span_ns": 35534,
            "variant": 0
          }
        },
        "variant": 0
      },
      {
        "accepted": true,
        "attempt_id": 108,
        "logical_pair_index": 88,
        "order": [
          "reference"
        ],
        "rejection_reasons": [],
        "retry_ordinal": 0,
        "samples": {
          "reference": {
            "collective_only": {
              "local_ms": 0.43859198689460754,
              "rank_max_ms": 0.43859198689460754,
              "rank_ms": [
                0.43859198689460754,
                0.43536001443862915,
                0.43513599038124084,
                0.43296000361442566
              ]
            },
            "pair_attempt_id": 108,
            "pair_retry_ordinal": 0,
            "position": 0,
            "readiness_probe_exact": true,
            "ready_region": {
              "local_ms": 0.4785600006580353,
              "rank_max_ms": 0.4785600006580353,
              "rank_ms": [
                0.4785600006580353,
                0.47545599937438965,
                0.4760960042476654,
                0.47283199429512024
              ]
            },
            "sample_index": 88,
            "scheduled_start_arrival_ns_by_rank": [
              744877641751831,
              744877641750990,
              744877641924097,
              744877642238341
            ],
            "scheduled_start_target_ns_by_rank": [
              744877647238341,
              744877647238341,
              744877647238341,
              744877647238341
            ],
            "start_record_bracket_ns_by_rank": [
              [
                744877647239059,
                744877647263596
              ],
              [
                744877647238867,
                744877647261000
              ],
              [
                744877647238957,
                744877647261856
              ],
              [
                744877647239241,
                744877647270969
              ]
            ],
            "start_record_envelope_span_ns": 32102,
            "variant": 1
          }
        },
        "variant": 1
      },
      {
        "accepted": true,
        "attempt_id": 109,
        "logical_pair_index": 89,
        "order": [
          "reference"
        ],
        "rejection_reasons": [],
        "retry_ordinal": 0,
        "samples": {
          "reference": {
            "collective_only": {
              "local_ms": 0.4671039879322052,
              "rank_max_ms": 0.474016010761261,
              "rank_ms": [
                0.4671039879322052,
                0.474016010761261,
                0.47177600860595703,
                0.46614399552345276
              ]
            },
            "pair_attempt_id": 109,
            "pair_retry_ordinal": 0,
            "position": 0,
            "readiness_probe_exact": true,
            "ready_region": {
              "local_ms": 0.5070719718933105,
              "rank_max_ms": 0.5130559802055359,
              "rank_ms": [
                0.5070719718933105,
                0.5130559802055359,
                0.5106880068778992,
                0.5060480237007141
              ]
            },
            "sample_index": 89,
            "scheduled_start_arrival_ns_by_rank": [
              744877653648714,
              744877653231066,
              744877653167703,
              744877653513369
            ],
            "scheduled_start_target_ns_by_rank": [
              744877658648714,
              744877658648714,
              744877658648714,
              744877658648714
            ],
            "start_record_bracket_ns_by_rank": [
              [
                744877658649741,
                744877658685545
              ],
              [
                744877658649160,
                744877658671727
              ],
              [
                744877658649355,
                744877658676991
              ],
              [
                744877658649986,
                744877658688136
              ]
            ],
            "start_record_envelope_span_ns": 38976,
            "variant": 0
          }
        },
        "variant": 0
      },
      {
        "accepted": true,
        "attempt_id": 110,
        "logical_pair_index": 90,
        "order": [
          "reference"
        ],
        "rejection_reasons": [],
        "retry_ordinal": 0,
        "samples": {
          "reference": {
            "collective_only": {
              "local_ms": 0.5199679732322693,
              "rank_max_ms": 0.5284159779548645,
              "rank_ms": [
                0.5199679732322693,
                0.5209599733352661,
                0.5284159779548645,
                0.5127679705619812
              ]
            },
            "pair_attempt_id": 110,
            "pair_retry_ordinal": 0,
            "position": 0,
            "readiness_probe_exact": true,
            "ready_region": {
              "local_ms": 0.5600000023841858,
              "rank_max_ms": 0.5674560070037842,
              "rank_ms": [
                0.5600000023841858,
                0.5609279870986938,
                0.5674560070037842,
                0.5527359843254089
              ]
            },
            "sample_index": 90,
            "scheduled_start_arrival_ns_by_rank": [
              744877663845720,
              744877663495264,
              744877663453722,
              744877663832064
            ],
            "scheduled_start_target_ns_by_rank": [
              744877668845720,
              744877668845720,
              744877668845720,
              744877668845720
            ],
            "start_record_bracket_ns_by_rank": [
              [
                744877668846777,
                744877668884180
              ],
              [
                744877668846254,
                744877668875270
              ],
              [
                744877668846381,
                744877668874049
              ],
              [
                744877668847452,
                744877668892290
              ]
            ],
            "start_record_envelope_span_ns": 46036,
            "variant": 1
          }
        },
        "variant": 1
      },
      {
        "accepted": true,
        "attempt_id": 111,
        "logical_pair_index": 91,
        "order": [
          "reference"
        ],
        "rejection_reasons": [],
        "retry_ordinal": 0,
        "samples": {
          "reference": {
            "collective_only": {
              "local_ms": 0.48822399973869324,
              "rank_max_ms": 0.50108802318573,
              "rank_ms": [
                0.48822399973869324,
                0.50108802318573,
                0.49478399753570557,
                0.48182401061058044
              ]
            },
            "pair_attempt_id": 111,
            "pair_retry_ordinal": 0,
            "position": 0,
            "readiness_probe_exact": true,
            "ready_region": {
              "local_ms": 0.5281919836997986,
              "rank_max_ms": 0.5412160158157349,
              "rank_ms": [
                0.5281919836997986,
                0.5412160158157349,
                0.5357440114021301,
                0.5227839946746826
              ]
            },
            "sample_index": 91,
            "scheduled_start_arrival_ns_by_rank": [
              744877674522859,
              744877674447001,
              744877673897042,
              744877673442474
            ],
            "scheduled_start_target_ns_by_rank": [
              744877679522859,
              744877679522859,
              744877679522859,
              744877679522859
            ],
            "start_record_bracket_ns_by_rank": [
              [
                744877679523885,
                744877679566969
              ],
              [
                744877679523340,
                744877679549394
              ],
              [
                744877679523392,
                744877679549479
              ],
              [
                744877679524175,
                744877679566628
              ]
            ],
            "start_record_envelope_span_ns": 43629,
            "variant": 0
          }
        },
        "variant": 0
      },
      {
        "accepted": true,
        "attempt_id": 112,
        "logical_pair_index": 92,
        "order": [
          "reference"
        ],
        "rejection_reasons": [],
        "retry_ordinal": 0,
        "samples": {
          "reference": {
            "collective_only": {
              "local_ms": 0.5532479882240295,
              "rank_max_ms": 0.5755519866943359,
              "rank_ms": [
                0.5532479882240295,
                0.5755519866943359,
                0.5576320290565491,
                0.5585920214653015
              ]
            },
            "pair_attempt_id": 112,
            "pair_retry_ordinal": 0,
            "position": 0,
            "readiness_probe_exact": true,
            "ready_region": {
              "local_ms": 0.5931199789047241,
              "rank_max_ms": 0.6155200004577637,
              "rank_ms": [
                0.5931199789047241,
                0.6155200004577637,
                0.5985599756240845,
                0.5974400043487549
              ]
            },
            "sample_index": 92,
            "scheduled_start_arrival_ns_by_rank": [
              744877684942158,
              744877684774973,
              744877684766360,
              744877684891661
            ],
            "scheduled_start_target_ns_by_rank": [
              744877689942158,
              744877689942158,
              744877689942158,
              744877689942158
            ],
            "start_record_bracket_ns_by_rank": [
              [
                744877689943144,
                744877689984312
              ],
              [
                744877689942752,
                744877689968236
              ],
              [
                744877689943780,
                744877689986010
              ],
              [
                744877689943203,
                744877689985276
              ]
            ],
            "start_record_envelope_span_ns": 43258,
            "variant": 1
          }
        },
        "variant": 1
      },
      {
        "accepted": true,
        "attempt_id": 113,
        "logical_pair_index": 93,
        "order": [
          "reference"
        ],
        "rejection_reasons": [],
        "retry_ordinal": 0,
        "samples": {
          "reference": {
            "collective_only": {
              "local_ms": 0.5105599761009216,
              "rank_max_ms": 0.5270079970359802,
              "rank_ms": [
                0.5105599761009216,
                0.5270079970359802,
                0.5193600058555603,
                0.5070400238037109
              ]
            },
            "pair_attempt_id": 113,
            "pair_retry_ordinal": 0,
            "position": 0,
            "readiness_probe_exact": true,
            "ready_region": {
              "local_ms": 0.5495359897613525,
              "rank_max_ms": 0.5659520030021667,
              "rank_ms": [
                0.5495359897613525,
                0.5659520030021667,
                0.5603200197219849,
                0.5470079779624939
              ]
            },
            "sample_index": 93,
            "scheduled_start_arrival_ns_by_rank": [
              744877696507629,
              744877696230548,
              744877696246686,
              744877696652761
            ],
            "scheduled_start_target_ns_by_rank": [
              744877701652761,
              744877701652761,
              744877701652761,
              744877701652761
            ],
            "start_record_bracket_ns_by_rank": [
              [
                744877701654123,
                744877701699684
              ],
              [
                744877701653248,
                744877701679286
              ],
              [
                744877701653284,
                744877701681033
              ],
              [
                744877701654383,
                744877701699772
              ]
            ],
            "start_record_envelope_span_ns": 46524,
            "variant": 0
          }
        },
        "variant": 0
      },
      {
        "accepted": true,
        "attempt_id": 114,
        "logical_pair_index": 94,
        "order": [
          "reference"
        ],
        "rejection_reasons": [],
        "retry_ordinal": 0,
        "samples": {
          "reference": {
            "collective_only": {
              "local_ms": 0.5418879985809326,
              "rank_max_ms": 0.5622720122337341,
              "rank_ms": [
                0.5418879985809326,
                0.5622720122337341,
                0.5581439733505249,
                0.536736011505127
              ]
            },
            "pair_attempt_id": 114,
            "pair_retry_ordinal": 0,
            "position": 0,
            "readiness_probe_exact": true,
            "ready_region": {
              "local_ms": 0.5819200277328491,
              "rank_max_ms": 0.6023359894752502,
              "rank_ms": [
                0.5819200277328491,
                0.6023359894752502,
                0.597055971622467,
                0.5767359733581543
              ]
            },
            "sample_index": 94,
            "scheduled_start_arrival_ns_by_rank": [
              744877707781313,
              744877707834851,
              744877708193231,
              744877707910907
            ],
            "scheduled_start_target_ns_by_rank": [
              744877713193231,
              744877713193231,
              744877713193231,
              744877713193231
            ],
            "start_record_bracket_ns_by_rank": [
              [
                744877713194703,
                744877713264223
              ],
              [
                744877713193844,
                744877713238230
              ],
              [
                744877713193763,
                744877713244588
              ],
              [
                744877713195035,
                744877713267852
              ]
            ],
            "start_record_envelope_span_ns": 74089,
            "variant": 1
          }
        },
        "variant": 1
      },
      {
        "accepted": true,
        "attempt_id": 115,
        "logical_pair_index": 95,
        "order": [
          "reference"
        ],
        "rejection_reasons": [],
        "retry_ordinal": 0,
        "samples": {
          "reference": {
            "collective_only": {
              "local_ms": 0.5654720067977905,
              "rank_max_ms": 0.5906239748001099,
              "rank_ms": [
                0.5654720067977905,
                0.5906239748001099,
                0.5651199817657471,
                0.5763199925422668
              ]
            },
            "pair_attempt_id": 115,
            "pair_retry_ordinal": 0,
            "position": 0,
            "readiness_probe_exact": true,
            "ready_region": {
              "local_ms": 0.6054400205612183,
              "rank_max_ms": 0.6295999884605408,
              "rank_ms": [
                0.6054400205612183,
                0.6295999884605408,
                0.6060799956321716,
                0.6161919832229614
              ]
            },
            "sample_index": 95,
            "scheduled_start_arrival_ns_by_rank": [
              744877720034317,
              744877719693623,
              744877720121113,
              744877719900213
            ],
            "scheduled_start_target_ns_by_rank": [
              744877725121113,
              744877725121113,
              744877725121113,
              744877725121113
            ],
            "start_record_bracket_ns_by_rank": [
              [
                744877725122342,
                744877725166997
              ],
              [
                744877725121692,
                744877725148141
              ],
              [
                744877725122484,
                744877725174477
              ],
              [
                744877725122148,
                744877725164766
              ]
            ],
            "start_record_envelope_span_ns": 52785,
            "variant": 0
          }
        },
        "variant": 0
      },
      {
        "accepted": true,
        "attempt_id": 116,
        "logical_pair_index": 96,
        "order": [
          "reference"
        ],
        "rejection_reasons": [],
        "retry_ordinal": 0,
        "samples": {
          "reference": {
            "collective_only": {
              "local_ms": 0.5055680274963379,
              "rank_max_ms": 0.5055680274963379,
              "rank_ms": [
                0.5055680274963379,
                0.5033919811248779,
                0.4986880123615265,
                0.48924800753593445
              ]
            },
            "pair_attempt_id": 116,
            "pair_retry_ordinal": 0,
            "position": 0,
            "readiness_probe_exact": true,
            "ready_region": {
              "local_ms": 0.5454400181770325,
              "rank_max_ms": 0.5454400181770325,
              "rank_ms": [
                0.5454400181770325,
                0.5432959794998169,
                0.5377600193023682,
                0.5290240049362183
              ]
            },
            "sample_index": 96,
            "scheduled_start_arrival_ns_by_rank": [
              744877731585535,
              744877731322948,
              744877731329284,
              744877731128291
            ],
            "scheduled_start_target_ns_by_rank": [
              744877736585535,
              744877736585535,
              744877736585535,
              744877736585535
            ],
            "start_record_bracket_ns_by_rank": [
              [
                744877736586108,
                744877736611569
              ],
              [
                744877736586062,
                744877736609042
              ],
              [
                744877736585993,
                744877736611986
              ],
              [
                744877736586637,
                744877736625827
              ]
            ],
            "start_record_envelope_span_ns": 39834,
            "variant": 1
          }
        },
        "variant": 1
      },
      {
        "accepted": true,
        "attempt_id": 117,
        "logical_pair_index": 97,
        "order": [
          "reference"
        ],
        "rejection_reasons": [],
        "retry_ordinal": 0,
        "samples": {
          "reference": {
            "collective_only": {
              "local_ms": 0.50108802318573,
              "rank_max_ms": 0.50108802318573,
              "rank_ms": [
                0.50108802318573,
                0.4866879880428314,
                0.4859519898891449,
                0.493120014667511
              ]
            },
            "pair_attempt_id": 117,
            "pair_retry_ordinal": 0,
            "position": 0,
            "readiness_probe_exact": true,
            "ready_region": {
              "local_ms": 0.5411840081214905,
              "rank_max_ms": 0.5411840081214905,
              "rank_ms": [
                0.5411840081214905,
                0.5275520086288452,
                0.527072012424469,
                0.53302401304245
              ]
            },
            "sample_index": 97,
            "scheduled_start_arrival_ns_by_rank": [
              744877740552632,
              744877740675823,
              744877741063329,
              744877740951013
            ],
            "scheduled_start_target_ns_by_rank": [
              744877746063329,
              744877746063329,
              744877746063329,
              744877746063329
            ],
            "start_record_bracket_ns_by_rank": [
              [
                744877746063829,
                744877746084879
              ],
              [
                744877746063831,
                744877746090857
              ],
              [
                744877746064057,
                744877746099120
              ],
              [
                744877746064347,
                744877746103252
              ]
            ],
            "start_record_envelope_span_ns": 39423,
            "variant": 0
          }
        },
        "variant": 0
      },
      {
        "accepted": false,
        "attempt_id": 118,
        "logical_pair_index": 98,
        "order": [
          "reference"
        ],
        "rejection_reasons": [
          {
            "limit_ns": 500000,
            "side": "reference",
            "start_record_envelope_span_ns": 700441
          }
        ],
        "retry_ordinal": 0,
        "samples": {
          "reference": {
            "collective_only": {
              "local_ms": 0.6211519837379456,
              "rank_max_ms": 1.1524800062179565,
              "rank_ms": [
                0.6211519837379456,
                1.1524800062179565,
                0.6979519724845886,
                0.4854719936847687
              ]
            },
            "pair_attempt_id": 118,
            "pair_retry_ordinal": 0,
            "position": 0,
            "readiness_probe_exact": true,
            "ready_region": {
              "local_ms": 0.6611199975013733,
              "rank_max_ms": 1.1924480199813843,
              "rank_ms": [
                0.6611199975013733,
                1.1924480199813843,
                0.7368639707565308,
                0.5254080295562744
              ]
            },
            "sample_index": 98,
            "scheduled_start_arrival_ns_by_rank": [
              744877751406230,
              744877752074840,
              744877752397179,
              744877752649687
            ],
            "scheduled_start_target_ns_by_rank": [
              744877757649687,
              744877757649687,
              744877757649687,
              744877757649687
            ],
            "start_record_bracket_ns_by_rank": [
              [
                744877760293273,
                744877760329878
              ],
              [
                744877759764773,
                744877759788197
              ],
              [
                744877760220319,
                744877760245037
              ],
              [
                744877760428249,
                744877760465214
              ]
            ],
            "start_record_envelope_span_ns": 700441,
            "variant": 1
          }
        },
        "variant": 1
      },
      {
        "accepted": true,
        "attempt_id": 119,
        "logical_pair_index": 98,
        "order": [
          "reference"
        ],
        "rejection_reasons": [],
        "retry_ordinal": 1,
        "samples": {
          "reference": {
            "collective_only": {
              "local_ms": 0.5264639854431152,
              "rank_max_ms": 0.5411520004272461,
              "rank_ms": [
                0.5264639854431152,
                0.5375679731369019,
                0.5411520004272461,
                0.5252799987792969
              ]
            },
            "pair_attempt_id": 119,
            "pair_retry_ordinal": 1,
            "position": 0,
            "readiness_probe_exact": true,
            "ready_region": {
              "local_ms": 0.5663999915122986,
              "rank_max_ms": 0.5803840160369873,
              "rank_ms": [
                0.5663999915122986,
                0.5785920023918152,
                0.5803840160369873,
                0.5652160048484802
              ]
            },
            "sample_index": 98,
            "scheduled_start_arrival_ns_by_rank": [
              744877766458442,
              744877766530001,
              744877765992883,
              744877766145974
            ],
            "scheduled_start_target_ns_by_rank": [
              744877771530001,
              744877771530001,
              744877771530001,
              744877771530001
            ],
            "start_record_bracket_ns_by_rank": [
              [
                744877771531044,
                744877771577920
              ],
              [
                744877771530693,
                744877771556223
              ],
              [
                744877771530567,
                744877771559555
              ],
              [
                744877771532032,
                744877771581049
              ]
            ],
            "start_record_envelope_span_ns": 50482,
            "variant": 0
          }
        },
        "variant": 0
      },
      {
        "accepted": true,
        "attempt_id": 120,
        "logical_pair_index": 99,
        "order": [
          "reference"
        ],
        "rejection_reasons": [],
        "retry_ordinal": 0,
        "samples": {
          "reference": {
            "collective_only": {
              "local_ms": 0.47180798649787903,
              "rank_max_ms": 0.4816640019416809,
              "rank_ms": [
                0.47180798649787903,
                0.4816640019416809,
                0.47699201107025146,
                0.46828800439834595
              ]
            },
            "pair_attempt_id": 120,
            "pair_retry_ordinal": 0,
            "position": 0,
            "readiness_probe_exact": true,
            "ready_region": {
              "local_ms": 0.5117440223693848,
              "rank_max_ms": 0.5206400156021118,
              "rank_ms": [
                0.5117440223693848,
                0.5206400156021118,
                0.5159040093421936,
                0.5084159970283508
              ]
            },
            "sample_index": 99,
            "scheduled_start_arrival_ns_by_rank": [
              744877777294701,
              744877776901000,
              744877776889633,
              744877777361500
            ],
            "scheduled_start_target_ns_by_rank": [
              744877782361500,
              744877782361500,
              744877782361500,
              744877782361500
            ],
            "start_record_bracket_ns_by_rank": [
              [
                744877782362513,
                744877782401593
              ],
              [
                744877782362001,
                744877782388744
              ],
              [
                744877782362013,
                744877782385682
              ],
              [
                744877782362727,
                744877782399852
              ]
            ],
            "start_record_envelope_span_ns": 39592,
            "variant": 1
          }
        },
        "variant": 1
      }
    ],
    "rank_order": [
      0,
      1,
      2,
      3
    ],
    "reference": [
      {
        "collective_only": {
          "local_ms": 0.5105599761009216,
          "rank_max_ms": 0.7947199940681458,
          "rank_ms": [
            0.5105599761009216,
            0.6046079993247986,
            0.7819839715957642,
            0.7947199940681458
          ]
        },
        "pair_attempt_id": 0,
        "pair_retry_ordinal": 0,
        "position": 0,
        "readiness_probe_exact": true,
        "ready_region": {
          "local_ms": 0.5496000051498413,
          "rank_max_ms": 0.8346239924430847,
          "rank_ms": [
            0.5496000051498413,
            0.6435840129852295,
            0.8211519718170166,
            0.8346239924430847
          ]
        },
        "sample_index": 0,
        "scheduled_start_arrival_ns_by_rank": [
          744876353564851,
          744876353289837,
          744876353859473,
          744876353240466
        ],
        "scheduled_start_target_ns_by_rank": [
          744876358859473,
          744876358859473,
          744876358859473,
          744876358859473
        ],
        "start_record_bracket_ns_by_rank": [
          [
            744876359150564,
            744876359191490
          ],
          [
            744876359072760,
            744876359097808
          ],
          [
            744876358872944,
            744876358913559
          ],
          [
            744876358860264,
            744876358903706
          ]
        ],
        "start_record_envelope_span_ns": 331226,
        "variant": 1
      },
      {
        "collective_only": {
          "local_ms": 0.4679679870605469,
          "rank_max_ms": 0.4769600033760071,
          "rank_ms": [
            0.4679679870605469,
            0.4769600033760071,
            0.46054399013519287,
            0.4673919975757599
          ]
        },
        "pair_attempt_id": 1,
        "pair_retry_ordinal": 0,
        "position": 0,
        "readiness_probe_exact": true,
        "ready_region": {
          "local_ms": 0.5078719854354858,
          "rank_max_ms": 0.5159680247306824,
          "rank_ms": [
            0.5078719854354858,
            0.5159680247306824,
            0.49964800477027893,
            0.5073279738426208
          ]
        },
        "sample_index": 1,
        "scheduled_start_arrival_ns_by_rank": [
          744876365730228,
          744876365303602,
          744876365719060,
          744876365803720
        ],
        "scheduled_start_target_ns_by_rank": [
          744876370803720,
          744876370803720,
          744876370803720,
          744876370803720
        ],
        "start_record_bracket_ns_by_rank": [
          [
            744876370804768,
            744876370840857
          ],
          [
            744876370804204,
            744876370826030
          ],
          [
            744876370804556,
            744876370836993
          ],
          [
            744876370804581,
            744876370837969
          ]
        ],
        "start_record_envelope_span_ns": 36653,
        "variant": 0
      },
      {
        "collective_only": {
          "local_ms": 0.7984960079193115,
          "rank_max_ms": 0.7984960079193115,
          "rank_ms": [
            0.7984960079193115,
            0.5466560125350952,
            0.48080000281333923,
            0.535040020942688
          ]
        },
        "pair_attempt_id": 2,
        "pair_retry_ordinal": 0,
        "position": 0,
        "readiness_probe_exact": true,
        "ready_region": {
          "local_ms": 0.8375040292739868,
          "rank_max_ms": 0.8375040292739868,
          "rank_ms": [
            0.8375040292739868,
            0.586624026298523,
            0.5208640098571777,
            0.5740159749984741
          ]
        },
        "sample_index": 2,
        "scheduled_start_arrival_ns_by_rank": [
          744876377448773,
          744876377343917,
          744876377156420,
          744876377270140
        ],
        "scheduled_start_target_ns_by_rank": [
          744876382448773,
          744876382448773,
          744876382448773,
          744876382448773
        ],
        "start_record_bracket_ns_by_rank": [
          [
            744876383461354,
            744876383499428
          ],
          [
            744876383731604,
            744876383754583
          ],
          [
            744876383781420,
            744876383819033
          ],
          [
            744876383734583,
            744876383769715
          ]
        ],
        "start_record_envelope_span_ns": 357679,
        "variant": 1
      },
      {
        "collective_only": {
          "local_ms": 0.49718400835990906,
          "rank_max_ms": 0.5223039984703064,
          "rank_ms": [
            0.49718400835990906,
            0.5223039984703064,
            0.5002880096435547,
            0.5017279982566833
          ]
        },
        "pair_attempt_id": 3,
        "pair_retry_ordinal": 0,
        "position": 0,
        "readiness_probe_exact": true,
        "ready_region": {
          "local_ms": 0.5370879769325256,
          "rank_max_ms": 0.5622400045394897,
          "rank_ms": [
            0.5370879769325256,
            0.5622400045394897,
            0.5412160158157349,
            0.5418559908866882
          ]
        },
        "sample_index": 3,
        "scheduled_start_arrival_ns_by_rank": [
          744876388934927,
          744876388185863,
          744876388544461,
          744876388324462
        ],
        "scheduled_start_target_ns_by_rank": [
          744876393934927,
          744876393934927,
          744876393934927,
          744876393934927
        ],
        "start_record_bracket_ns_by_rank": [
          [
            744876393936233,
            744876393976683
          ],
          [
            744876393935434,
            744876393956380
          ],
          [
            744876393935813,
            744876393971448
          ],
          [
            744876393935716,
            744876393968664
          ]
        ],
        "start_record_envelope_span_ns": 41249,
        "variant": 0
      },
      {
        "collective_only": {
          "local_ms": 0.48444798588752747,
          "rank_max_ms": 0.4959999918937683,
          "rank_ms": [
            0.48444798588752747,
            0.4959999918937683,
            0.47388800978660583,
            0.4803520143032074
          ]
        },
        "pair_attempt_id": 4,
        "pair_retry_ordinal": 0,
        "position": 0,
        "readiness_probe_exact": true,
        "ready_region": {
          "local_ms": 0.5242559909820557,
          "rank_max_ms": 0.5369279980659485,
          "rank_ms": [
            0.5242559909820557,
            0.5369279980659485,
            0.5148800015449524,
            0.5204160213470459
          ]
        },
        "sample_index": 4,
        "scheduled_start_arrival_ns_by_rank": [
          744876400050325,
          744876399857691,
          744876399740670,
          744876400258512
        ],
        "scheduled_start_target_ns_by_rank": [
          744876405258512,
          744876405258512,
          744876405258512,
          744876405258512
        ],
        "start_record_bracket_ns_by_rank": [
          [
            744876405259541,
            744876405294584
          ],
          [
            744876405259106,
            744876405281063
          ],
          [
            744876405259433,
            744876405294156
          ],
          [
            744876405259584,
            744876405291927
          ]
        ],
        "start_record_envelope_span_ns": 35478,
        "variant": 1
      },
      {
        "collective_only": {
          "local_ms": 0.5033919811248779,
          "rank_max_ms": 0.8253120183944702,
          "rank_ms": [
            0.5033919811248779,
            0.8253120183944702,
            0.8101760149002075,
            0.8140479922294617
          ]
        },
        "pair_attempt_id": 5,
        "pair_retry_ordinal": 0,
        "position": 0,
        "readiness_probe_exact": true,
        "ready_region": {
          "local_ms": 0.5422400236129761,
          "rank_max_ms": 0.8641600012779236,
          "rank_ms": [
            0.5422400236129761,
            0.8641600012779236,
            0.8513919711112976,
            0.853983998298645
          ]
        },
        "sample_index": 5,
        "scheduled_start_arrival_ns_by_rank": [
          744876411482382,
          744876411237436,
          744876411315544,
          744876411556724
        ],
        "scheduled_start_target_ns_by_rank": [
          744876416556724,
          744876416556724,
          744876416556724,
          744876416556724
        ],
        "start_record_bracket_ns_by_rank": [
          [
            744876416863842,
            744876416904371
          ],
          [
            744876416557326,
            744876416582889
          ],
          [
            744876416557654,
            744876416598315
          ],
          [
            744876416557679,
            744876416591726
          ]
        ],
        "start_record_envelope_span_ns": 347045,
        "variant": 0
      },
      {
        "collective_only": {
          "local_ms": 0.5033280253410339,
          "rank_max_ms": 0.521344006061554,
          "rank_ms": [
            0.5033280253410339,
            0.521344006061554,
            0.49935999512672424,
            0.5029119849205017
          ]
        },
        "pair_attempt_id": 6,
        "pair_retry_ordinal": 0,
        "position": 0,
        "readiness_probe_exact": true,
        "ready_region": {
          "local_ms": 0.5432639718055725,
          "rank_max_ms": 0.5612480044364929,
          "rank_ms": [
            0.5432639718055725,
            0.5612480044364929,
            0.5383039712905884,
            0.5429760217666626
          ]
        },
        "sample_index": 6,
        "scheduled_start_arrival_ns_by_rank": [
          744876422938914,
          744876422991052,
          744876423338653,
          744876422986784
        ],
        "scheduled_start_target_ns_by_rank": [
          744876428338653,
          744876428338653,
          744876428338653,
          744876428338653
        ],
        "start_record_bracket_ns_by_rank": [
          [
            744876428339769,
            744876428381109
          ],
          [
            744876428339290,
            744876428364306
          ],
          [
            744876428339599,
            744876428381032
          ],
          [
            744876428339727,
            744876428378371
          ]
        ],
        "start_record_envelope_span_ns": 41819,
        "variant": 1
      },
      {
        "collective_only": {
          "local_ms": 0.48230400681495667,
          "rank_max_ms": 0.5009599924087524,
          "rank_ms": [
            0.48230400681495667,
            0.5009599924087524,
            0.49033600091934204,
            0.493151992559433
          ]
        },
        "pair_attempt_id": 7,
        "pair_retry_ordinal": 0,
        "position": 0,
        "readiness_probe_exact": true,
        "ready_region": {
          "local_ms": 0.5222399830818176,
          "rank_max_ms": 0.5418879985809326,
          "rank_ms": [
            0.5222399830818176,
            0.5418879985809326,
            0.5312960147857666,
            0.5331519842147827
          ]
        },
        "sample_index": 7,
        "scheduled_start_arrival_ns_by_rank": [
          744876434045742,
          744876433899787,
          744876434435509,
          744876434069498
        ],
        "scheduled_start_target_ns_by_rank": [
          744876439435509,
          744876439435509,
          744876439435509,
          744876439435509
        ],
        "start_record_bracket_ns_by_rank": [
          [
            744876439436708,
            744876439477470
          ],
          [
            744876439436080,
            744876439465921
          ],
          [
            744876439436500,
            744876439477643
          ],
          [
            744876439436585,
            744876439474817
          ]
        ],
        "start_record_envelope_span_ns": 41563,
        "variant": 0
      },
      {
        "collective_only": {
          "local_ms": 0.566815972328186,
          "rank_max_ms": 0.5967040061950684,
          "rank_ms": [
            0.566815972328186,
            0.5967040061950684,
            0.5698879957199097,
            0.5696960091590881
          ]
        },
        "pair_attempt_id": 9,
        "pair_retry_ordinal": 1,
        "position": 0,
        "readiness_probe_exact": true,
        "ready_region": {
          "local_ms": 0.6067839860916138,
          "rank_max_ms": 0.6357439756393433,
          "rank_ms": [
            0.6067839860916138,
            0.6357439756393433,
            0.6108160018920898,
            0.6096959710121155
          ]
        },
        "sample_index": 8,
        "scheduled_start_arrival_ns_by_rank": [
          744876458980111,
          744876458868037,
          744876458959931,
          744876458545999
        ],
        "scheduled_start_target_ns_by_rank": [
          744876463980111,
          744876463980111,
          744876463980111,
          744876463980111
        ],
        "start_record_bracket_ns_by_rank": [
          [
            744876463980994,
            744876464056289
          ],
          [
            744876463980604,
            744876464019778
          ],
          [
            744876463981051,
            744876464053213
          ],
          [
            744876463981093,
            744876464057301
          ]
        ],
        "start_record_envelope_span_ns": 76697,
        "variant": 0
      },
      {
        "collective_only": {
          "local_ms": 0.504800021648407,
          "rank_max_ms": 0.5272960066795349,
          "rank_ms": [
            0.504800021648407,
            0.5272960066795349,
            0.49980801343917847,
            0.5119360089302063
          ]
        },
        "pair_attempt_id": 10,
        "pair_retry_ordinal": 0,
        "position": 0,
        "readiness_probe_exact": true,
        "ready_region": {
          "local_ms": 0.5449600219726562,
          "rank_max_ms": 0.5662720203399658,
          "rank_ms": [
            0.5449600219726562,
            0.5662720203399658,
            0.5407360196113586,
            0.5518720149993896
          ]
        },
        "sample_index": 9,
        "scheduled_start_arrival_ns_by_rank": [
          744876470925729,
          744876470663043,
          744876471083426,
          744876470901183
        ],
        "scheduled_start_target_ns_by_rank": [
          744876476083426,
          744876476083426,
          744876476083426,
          744876476083426
        ],
        "start_record_bracket_ns_by_rank": [
          [
            744876476084335,
            744876476125625
          ],
          [
            744876476083922,
            744876476106665
          ],
          [
            744876476084442,
            744876476124356
          ],
          [
            744876476084471,
            744876476120296
          ]
        ],
        "start_record_envelope_span_ns": 41703,
        "variant": 1
      },
      {
        "collective_only": {
          "local_ms": 0.48662400245666504,
          "rank_max_ms": 0.5062080025672913,
          "rank_ms": [
            0.48662400245666504,
            0.5062080025672913,
            0.47887998819351196,
            0.4840640127658844
          ]
        },
        "pair_attempt_id": 11,
        "pair_retry_ordinal": 0,
        "position": 0,
        "readiness_probe_exact": true,
        "ready_region": {
          "local_ms": 0.5264319777488708,
          "rank_max_ms": 0.5452160239219666,
          "rank_ms": [
            0.5264319777488708,
            0.5452160239219666,
            0.5178239941596985,
            0.5227199792861938
          ]
        },
        "sample_index": 10,
        "scheduled_start_arrival_ns_by_rank": [
          744876483283104,
          744876483170547,
          744876483249206,
          744876483605291
        ],
        "scheduled_start_target_ns_by_rank": [
          744876488605291,
          744876488605291,
          744876488605291,
          744876488605291
        ],
        "start_record_bracket_ns_by_rank": [
          [
            744876488606412,
            744876488647938
          ],
          [
            744876488605815,
            744876488631231
          ],
          [
            744876488606217,
            744876488645186
          ],
          [
            744876488606169,
            744876488643715
          ]
        ],
        "start_record_envelope_span_ns": 42123,
        "variant": 0
      },
      {
        "collective_only": {
          "local_ms": 0.5001919865608215,
          "rank_max_ms": 0.5139200091362,
          "rank_ms": [
            0.5001919865608215,
            0.5139200091362,
            0.49110400676727295,
            0.5001599788665771
          ]
        },
        "pair_attempt_id": 12,
        "pair_retry_ordinal": 0,
        "position": 0,
        "readiness_probe_exact": true,
        "ready_region": {
          "local_ms": 0.5400639772415161,
          "rank_max_ms": 0.5548800230026245,
          "rank_ms": [
            0.5400639772415161,
            0.5548800230026245,
            0.5321279764175415,
            0.5410879850387573
          ]
        },
        "sample_index": 11,
        "scheduled_start_arrival_ns_by_rank": [
          744876494330566,
          744876495094779,
          744876495532834,
          744876495243084
        ],
        "scheduled_start_target_ns_by_rank": [
          744876500532834,
          744876500532834,
          744876500532834,
          744876500532834
        ],
        "start_record_bracket_ns_by_rank": [
          [
            744876500533749,
            744876500577238
          ],
          [
            744876500533478,
            744876500562011
          ],
          [
            744876500533879,
            744876500577717
          ],
          [
            744876500533729,
            744876500574383
          ]
        ],
        "start_record_envelope_span_ns": 44239,
        "variant": 1
      },
      {
        "collective_only": {
          "local_ms": 0.46620801091194153,
          "rank_max_ms": 0.48204800486564636,
          "rank_ms": [
            0.46620801091194153,
            0.47839999198913574,
            0.4607360064983368,
            0.48204800486564636
          ]
        },
        "pair_attempt_id": 13,
        "pair_retry_ordinal": 0,
        "position": 0,
        "readiness_probe_exact": true,
        "ready_region": {
          "local_ms": 0.5061439871788025,
          "rank_max_ms": 0.5219519734382629,
          "rank_ms": [
            0.5061439871788025,
            0.5183680057525635,
            0.5007359981536865,
            0.5219519734382629
          ]
        },
        "sample_index": 12,
        "scheduled_start_arrival_ns_by_rank": [
          744876506241228,
          744876505725274,
          744876506536570,
          744876505704086
        ],
        "scheduled_start_target_ns_by_rank": [
          744876511536570,
          744876511536570,
          744876511536570,
          744876511536570
        ],
        "start_record_bracket_ns_by_rank": [
          [
            744876511537679,
            744876511575477
          ],
          [
            744876511537149,
            744876511564070
          ],
          [
            744876511537456,
            744876511574606
          ],
          [
            744876511537088,
            744876511559102
          ]
        ],
        "start_record_envelope_span_ns": 38389,
        "variant": 0
      },
      {
        "collective_only": {
          "local_ms": 0.47353601455688477,
          "rank_max_ms": 0.9087679982185364,
          "rank_ms": [
            0.47353601455688477,
            0.9087679982185364,
            0.8735359907150269,
            0.7694399952888489
          ]
        },
        "pair_attempt_id": 14,
        "pair_retry_ordinal": 0,
        "position": 0,
        "readiness_probe_exact": true,
        "ready_region": {
          "local_ms": 0.5132480263710022,
          "rank_max_ms": 0.9487040042877197,
          "rank_ms": [
            0.5132480263710022,
            0.9487040042877197,
            0.9125760197639465,
            0.8093760013580322
          ]
        },
        "sample_index": 13,
        "scheduled_start_arrival_ns_by_rank": [
          744876519985646,
          744876518807440,
          744876518593846,
          744876519039500
        ],
        "scheduled_start_target_ns_by_rank": [
          744876524985646,
          744876524985646,
          744876524985646,
          744876524985646
        ],
        "start_record_bracket_ns_by_rank": [
          [
            744876525407868,
            744876525447954
          ],
          [
            744876524986032,
            744876525021104
          ],
          [
            744876524986427,
            744876525044631
          ],
          [
            744876525115110,
            744876525149545
          ]
        ],
        "start_record_envelope_span_ns": 461922,
        "variant": 1
      },
      {
        "collective_only": {
          "local_ms": 0.5084480047225952,
          "rank_max_ms": 0.5418879985809326,
          "rank_ms": [
            0.5084480047225952,
            0.5418879985809326,
            0.495743989944458,
            0.5274239778518677
          ]
        },
        "pair_attempt_id": 15,
        "pair_retry_ordinal": 0,
        "position": 0,
        "readiness_probe_exact": true,
        "ready_region": {
          "local_ms": 0.5483520030975342,
          "rank_max_ms": 0.5807679891586304,
          "rank_ms": [
            0.5483520030975342,
            0.5807679891586304,
            0.5343999862670898,
            0.5673279762268066
          ]
        },
        "sample_index": 14,
        "scheduled_start_arrival_ns_by_rank": [
          744876531090222,
          744876530656633,
          744876531091766,
          744876531165408
        ],
        "scheduled_start_target_ns_by_rank": [
          744876536165408,
          744876536165408,
          744876536165408,
          744876536165408
        ],
        "start_record_bracket_ns_by_rank": [
          [
            744876536166496,
            744876536223487
          ],
          [
            744876536166022,
            744876536191769
          ],
          [
            744876536166402,
            744876536227320
          ],
          [
            744876536166417,
            744876536206089
          ]
        ],
        "start_record_envelope_span_ns": 61298,
        "variant": 0
      },
      {
        "collective_only": {
          "local_ms": 0.49478399753570557,
          "rank_max_ms": 0.5182719826698303,
          "rank_ms": [
            0.49478399753570557,
            0.5182719826698303,
            0.4926080107688904,
            0.503167986869812
          ]
        },
        "pair_attempt_id": 16,
        "pair_retry_ordinal": 0,
        "position": 0,
        "readiness_probe_exact": true,
        "ready_region": {
          "local_ms": 0.5338559746742249,
          "rank_max_ms": 0.5572800040245056,
          "rank_ms": [
            0.5338559746742249,
            0.5572800040245056,
            0.533407986164093,
            0.543071985244751
          ]
        },
        "sample_index": 15,
        "scheduled_start_arrival_ns_by_rank": [
          744876543453980,
          744876542700968,
          744876543509005,
          744876543520960
        ],
        "scheduled_start_target_ns_by_rank": [
          744876548520960,
          744876548520960,
          744876548520960,
          744876548520960
        ],
        "start_record_bracket_ns_by_rank": [
          [
            744876548521966,
            744876548566777
          ],
          [
            744876548521550,
            744876548548964
          ],
          [
            744876548521930,
            744876548565309
          ],
          [
            744876548521799,
            744876548560196
          ]
        ],
        "start_record_envelope_span_ns": 45227,
        "variant": 1
      },
      {
        "collective_only": {
          "local_ms": 0.5273920297622681,
          "rank_max_ms": 0.6627200245857239,
          "rank_ms": [
            0.5273920297622681,
            0.6627200245857239,
            0.6094080209732056,
            0.627839982509613
          ]
        },
        "pair_attempt_id": 17,
        "pair_retry_ordinal": 0,
        "position": 0,
        "readiness_probe_exact": true,
        "ready_region": {
          "local_ms": 0.5663359761238098,
          "rank_max_ms": 0.7017279863357544,
          "rank_ms": [
            0.5663359761238098,
            0.7017279863357544,
            0.6483200192451477,
            0.6678079962730408
          ]
        },
        "sample_index": 16,
        "scheduled_start_arrival_ns_by_rank": [
          744876553965477,
          744876553414962,
          744876553500570,
          744876553947112
        ],
        "scheduled_start_target_ns_by_rank": [
          744876558965477,
          744876558965477,
          744876558965477,
          744876558965477
        ],
        "start_record_bracket_ns_by_rank": [
          [
            744876559081324,
            744876559125443
          ],
          [
            744876558965864,
            744876558991477
          ],
          [
            744876558966404,
            744876559035600
          ],
          [
            744876558966339,
            744876559021607
          ]
        ],
        "start_record_envelope_span_ns": 159579,
        "variant": 0
      },
      {
        "collective_only": {
          "local_ms": 0.5083839893341064,
          "rank_max_ms": 0.5241280198097229,
          "rank_ms": [
            0.5083839893341064,
            0.5241280198097229,
            0.5110399723052979,
            0.5057600140571594
          ]
        },
        "pair_attempt_id": 18,
        "pair_retry_ordinal": 0,
        "position": 0,
        "readiness_probe_exact": true,
        "ready_region": {
          "local_ms": 0.5482879877090454,
          "rank_max_ms": 0.563040018081665,
          "rank_ms": [
            0.5482879877090454,
            0.563040018081665,
            0.5502399802207947,
            0.5456960201263428
          ]
        },
        "sample_index": 17,
        "scheduled_start_arrival_ns_by_rank": [
          744876564824377,
          744876564703449,
          744876564671513,
          744876564993240
        ],
        "scheduled_start_target_ns_by_rank": [
          744876569993240,
          744876569993240,
          744876569993240,
          744876569993240
        ],
        "start_record_bracket_ns_by_rank": [
          [
            744876569994371,
            744876570048977
          ],
          [
            744876569993752,
            744876570029526
          ],
          [
            744876569993903,
            744876570036024
          ],
          [
            744876569994149,
            744876570047533
          ]
        ],
        "start_record_envelope_span_ns": 55225,
        "variant": 1
      },
      {
        "collective_only": {
          "local_ms": 0.5039039850234985,
          "rank_max_ms": 0.5167040228843689,
          "rank_ms": [
            0.5039039850234985,
            0.5167040228843689,
            0.5097280144691467,
            0.4970239996910095
          ]
        },
        "pair_attempt_id": 19,
        "pair_retry_ordinal": 0,
        "position": 0,
        "readiness_probe_exact": true,
        "ready_region": {
          "local_ms": 0.5438399910926819,
          "rank_max_ms": 0.5566080212593079,
          "rank_ms": [
            0.5438399910926819,
            0.5566080212593079,
            0.5496640205383301,
            0.5368319749832153
          ]
        },
        "sample_index": 18,
        "scheduled_start_arrival_ns_by_rank": [
          744876576621571,
          744876576149727,
          744876576312469,
          744876576233262
        ],
        "scheduled_start_target_ns_by_rank": [
          744876581621571,
          744876581621571,
          744876581621571,
          744876581621571
        ],
        "start_record_bracket_ns_by_rank": [
          [
            744876581623337,
            744876581665263
          ],
          [
            744876581622104,
            744876581645315
          ],
          [
            744876581622032,
            744876581645322
          ],
          [
            744876581623248,
            744876581664889
          ]
        ],
        "start_record_envelope_span_ns": 43231,
        "variant": 0
      },
      {
        "collective_only": {
          "local_ms": 0.4694400131702423,
          "rank_max_ms": 0.4694400131702423,
          "rank_ms": [
            0.4694400131702423,
            0.4649600088596344,
            0.46911999583244324,
            0.4639039933681488
          ]
        },
        "pair_attempt_id": 20,
        "pair_retry_ordinal": 0,
        "position": 0,
        "readiness_probe_exact": true,
        "ready_region": {
          "local_ms": 0.5093759894371033,
          "rank_max_ms": 0.5093759894371033,
          "rank_ms": [
            0.5093759894371033,
            0.5059840083122253,
            0.5080959796905518,
            0.5028480291366577
          ]
        },
        "sample_index": 19,
        "scheduled_start_arrival_ns_by_rank": [
          744876586731229,
          744876587166478,
          744876587442409,
          744876586956644
        ],
        "scheduled_start_target_ns_by_rank": [
          744876592442409,
          744876592442409,
          744876592442409,
          744876592442409
        ],
        "start_record_bracket_ns_by_rank": [
          [
            744876592442872,
            744876592468748
          ],
          [
            744876592442860,
            744876592466498
          ],
          [
            744876592442870,
            744876592470560
          ],
          [
            744876592443348,
            744876592477684
          ]
        ],
        "start_record_envelope_span_ns": 34824,
        "variant": 1
      },
      {
        "collective_only": {
          "local_ms": 0.46268799901008606,
          "rank_max_ms": 0.46268799901008606,
          "rank_ms": [
            0.46268799901008606,
            0.46028798818588257,
            0.4613119959831238,
            0.4599039852619171
          ]
        },
        "pair_attempt_id": 21,
        "pair_retry_ordinal": 0,
        "position": 0,
        "readiness_probe_exact": true,
        "ready_region": {
          "local_ms": 0.5024960041046143,
          "rank_max_ms": 0.5024960041046143,
          "rank_ms": [
            0.5024960041046143,
            0.5012480020523071,
            0.502240002155304,
            0.5001599788665771
          ]
        },
        "sample_index": 20,
        "scheduled_start_arrival_ns_by_rank": [
          744876596913351,
          744876596800974,
          744876596905216,
          744876596758488
        ],
        "scheduled_start_target_ns_by_rank": [
          744876601913351,
          744876601913351,
          744876601913351,
          744876601913351
        ],
        "start_record_bracket_ns_by_rank": [
          [
            744876601913977,
            744876601941849
          ],
          [
            744876601913968,
            744876601941160
          ],
          [
            744876601913830,
            744876601936818
          ],
          [
            744876601913951,
            744876601939577
          ]
        ],
        "start_record_envelope_span_ns": 28019,
        "variant": 0
      },
      {
        "collective_only": {
          "local_ms": 0.49113601446151733,
          "rank_max_ms": 0.50518399477005,
          "rank_ms": [
            0.49113601446151733,
            0.50518399477005,
            0.49462398886680603,
            0.4976319968700409
          ]
        },
        "pair_attempt_id": 22,
        "pair_retry_ordinal": 0,
        "position": 0,
        "readiness_probe_exact": true,
        "ready_region": {
          "local_ms": 0.5310400128364563,
          "rank_max_ms": 0.5450559854507446,
          "rank_ms": [
            0.5310400128364563,
            0.5450559854507446,
            0.5334720015525818,
            0.5375360250473022
          ]
        },
        "sample_index": 21,
        "scheduled_start_arrival_ns_by_rank": [
          744876607410926,
          744876607515113,
          744876608407353,
          744876607711729
        ],
        "scheduled_start_target_ns_by_rank": [
          744876613407353,
          744876613407353,
          744876613407353,
          744876613407353
        ],
        "start_record_bracket_ns_by_rank": [
          [
            744876613408388,
            744876613449687
          ],
          [
            744876613407821,
            744876613432057
          ],
          [
            744876613408283,
            744876613446004
          ],
          [
            744876613408704,
            744876613450679
          ]
        ],
        "start_record_envelope_span_ns": 42858,
        "variant": 1
      },
      {
        "collective_only": {
          "local_ms": 0.5899199843406677,
          "rank_max_ms": 0.6187520027160645,
          "rank_ms": [
            0.5899199843406677,
            0.6187520027160645,
            0.5959680080413818,
            0.5939840078353882
          ]
        },
        "pair_attempt_id": 23,
        "pair_retry_ordinal": 0,
        "position": 0,
        "readiness_probe_exact": true,
        "ready_region": {
          "local_ms": 0.6287360191345215,
          "rank_max_ms": 0.6577280163764954,
          "rank_ms": [
            0.6287360191345215,
            0.6577280163764954,
            0.6367999911308289,
            0.6340159773826599
          ]
        },
        "sample_index": 22,
        "scheduled_start_arrival_ns_by_rank": [
          744876619895293,
          744876619192917,
          744876619438574,
          744876618625286
        ],
        "scheduled_start_target_ns_by_rank": [
          744876624895293,
          744876624895293,
          744876624895293,
          744876624895293
        ],
        "start_record_bracket_ns_by_rank": [
          [
            744876624896394,
            744876624946728
          ],
          [
            744876624895719,
            744876624922168
          ],
          [
            744876624896355,
            744876624943099
          ],
          [
            744876624896196,
            744876624938977
          ]
        ],
        "start_record_envelope_span_ns": 51009,
        "variant": 0
      },
      {
        "collective_only": {
          "local_ms": 0.45395201444625854,
          "rank_max_ms": 0.4682239890098572,
          "rank_ms": [
            0.45395201444625854,
            0.4682239890098572,
            0.45500800013542175,
            0.4596799910068512
          ]
        },
        "pair_attempt_id": 24,
        "pair_retry_ordinal": 0,
        "position": 0,
        "readiness_probe_exact": true,
        "ready_region": {
          "local_ms": 0.49276798963546753,
          "rank_max_ms": 0.5081599950790405,
          "rank_ms": [
            0.49276798963546753,
            0.5081599950790405,
            0.4939199984073639,
            0.4997439980506897
          ]
        },
        "sample_index": 23,
        "scheduled_start_arrival_ns_by_rank": [
          744876629892295,
          744876629824741,
          744876630243174,
          744876629978009
        ],
        "scheduled_start_target_ns_by_rank": [
          744876635243174,
          744876635243174,
          744876635243174,
          744876635243174
        ],
        "start_record_bracket_ns_by_rank": [
          [
            744876635244095,
            744876635279805
          ],
          [
            744876635243667,
            744876635264489
          ],
          [
            744876635245442,
            744876635279354
          ],
          [
            744876635244370,
            744876635279310
          ]
        ],
        "start_record_envelope_span_ns": 36138,
        "variant": 1
      },
      {
        "collective_only": {
          "local_ms": 0.5488319993019104,
          "rank_max_ms": 0.5512959957122803,
          "rank_ms": [
            0.5488319993019104,
            0.5512959957122803,
            0.5481280088424683,
            0.5406079888343811
          ]
        },
        "pair_attempt_id": 25,
        "pair_retry_ordinal": 0,
        "position": 0,
        "readiness_probe_exact": true,
        "ready_region": {
          "local_ms": 0.5890560150146484,
          "rank_max_ms": 0.5922240018844604,
          "rank_ms": [
            0.5890560150146484,
            0.5922240018844604,
            0.5871040225028992,
            0.5805760025978088
          ]
        },
        "sample_index": 24,
        "scheduled_start_arrival_ns_by_rank": [
          744876640033368,
          744876639752162,
          744876639492913,
          744876639923822
        ],
        "scheduled_start_target_ns_by_rank": [
          744876645033368,
          744876645033368,
          744876645033368,
          744876645033368
        ],
        "start_record_bracket_ns_by_rank": [
          [
            744876645034337,
            744876645069123
          ],
          [
            744876645033920,
            744876645056832
          ],
          [
            744876645033969,
            744876645059481
          ],
          [
            744876645034518,
            744876645076455
          ]
        ],
        "start_record_envelope_span_ns": 42535,
        "variant": 0
      },
      {
        "collective_only": {
          "local_ms": 0.49116799235343933,
          "rank_max_ms": 0.5054399967193604,
          "rank_ms": [
            0.49116799235343933,
            0.5054399967193604,
            0.48848000168800354,
            0.4978240132331848
          ]
        },
        "pair_attempt_id": 27,
        "pair_retry_ordinal": 1,
        "position": 0,
        "readiness_probe_exact": true,
        "ready_region": {
          "local_ms": 0.5311040282249451,
          "rank_max_ms": 0.5444480180740356,
          "rank_ms": [
            0.5311040282249451,
            0.5444480180740356,
            0.5273920297622681,
            0.5377280116081238
          ]
        },
        "sample_index": 25,
        "scheduled_start_arrival_ns_by_rank": [
          744876662090228,
          744876661702235,
          744876661557679,
          744876662369209
        ],
        "scheduled_start_target_ns_by_rank": [
          744876667369209,
          744876667369209,
          744876667369209,
          744876667369209
        ],
        "start_record_bracket_ns_by_rank": [
          [
            744876667370047,
            744876667403301
          ],
          [
            744876667369742,
            744876667391909
          ],
          [
            744876667371971,
            744876667410847
          ],
          [
            744876667370237,
            744876667403316
          ]
        ],
        "start_record_envelope_span_ns": 41105,
        "variant": 0
      },
      {
        "collective_only": {
          "local_ms": 0.4960319995880127,
          "rank_max_ms": 0.5035520195960999,
          "rank_ms": [
            0.4960319995880127,
            0.5035520195960999,
            0.5014399886131287,
            0.4997439980506897
          ]
        },
        "pair_attempt_id": 28,
        "pair_retry_ordinal": 0,
        "position": 0,
        "readiness_probe_exact": true,
        "ready_region": {
          "local_ms": 0.5360959768295288,
          "rank_max_ms": 0.5426560044288635,
          "rank_ms": [
            0.5360959768295288,
            0.5426560044288635,
            0.5424320101737976,
            0.539903998374939
          ]
        },
        "sample_index": 26,
        "scheduled_start_arrival_ns_by_rank": [
          744876673245078,
          744876673275837,
          744876672911462,
          744876673473509
        ],
        "scheduled_start_target_ns_by_rank": [
          744876678473509,
          744876678473509,
          744876678473509,
          744876678473509
        ],
        "start_record_bracket_ns_by_rank": [
          [
            744876678474711,
            744876678514490
          ],
          [
            744876678474080,
            744876678498182
          ],
          [
            744876678474002,
            744876678503652
          ],
          [
            744876678474678,
            744876678512968
          ]
        ],
        "start_record_envelope_span_ns": 40488,
        "variant": 1
      },
      {
        "collective_only": {
          "local_ms": 0.5516800284385681,
          "rank_max_ms": 0.9205759763717651,
          "rank_ms": [
            0.5516800284385681,
            0.9205759763717651,
            0.9157760143280029,
            0.5460159778594971
          ]
        },
        "pair_attempt_id": 30,
        "pair_retry_ordinal": 1,
        "position": 0,
        "readiness_probe_exact": true,
        "ready_region": {
          "local_ms": 0.5915840268135071,
          "rank_max_ms": 0.9594879746437073,
          "rank_ms": [
            0.5915840268135071,
            0.9594879746437073,
            0.9567360281944275,
            0.587007999420166
          ]
        },
        "sample_index": 27,
        "scheduled_start_arrival_ns_by_rank": [
          744876698368067,
          744876698111628,
          744876698105756,
          744876698406826
        ],
        "scheduled_start_target_ns_by_rank": [
          744876703406826,
          744876703406826,
          744876703406826,
          744876703406826
        ],
        "start_record_bracket_ns_by_rank": [
          [
            744876703762150,
            744876703806490
          ],
          [
            744876703407340,
            744876703434913
          ],
          [
            744876703407184,
            744876703433605
          ],
          [
            744876703763404,
            744876703806046
          ]
        ],
        "start_record_envelope_span_ns": 399306,
        "variant": 1
      },
      {
        "collective_only": {
          "local_ms": 0.49980801343917847,
          "rank_max_ms": 0.5230399966239929,
          "rank_ms": [
            0.49980801343917847,
            0.5230399966239929,
            0.49452799558639526,
            0.5092800259590149
          ]
        },
        "pair_attempt_id": 31,
        "pair_retry_ordinal": 0,
        "position": 0,
        "readiness_probe_exact": true,
        "ready_region": {
          "local_ms": 0.540831983089447,
          "rank_max_ms": 0.5620160102844238,
          "rank_ms": [
            0.540831983089447,
            0.5620160102844238,
            0.5354560017585754,
            0.5494080185890198
          ]
        },
        "sample_index": 28,
        "scheduled_start_arrival_ns_by_rank": [
          744876711594637,
          744876711120168,
          744876711649802,
          744876711679077
        ],
        "scheduled_start_target_ns_by_rank": [
          744876716679077,
          744876716679077,
          744876716679077,
          744876716679077
        ],
        "start_record_bracket_ns_by_rank": [
          [
            744876716679991,
            744876716724034
          ],
          [
            744876716679554,
            744876716705722
          ],
          [
            744876716680047,
            744876716724382
          ],
          [
            744876716679888,
            744876716717234
          ]
        ],
        "start_record_envelope_span_ns": 44828,
        "variant": 0
      },
      {
        "collective_only": {
          "local_ms": 0.47353601455688477,
          "rank_max_ms": 0.4960959851741791,
          "rank_ms": [
            0.47353601455688477,
            0.4960959851741791,
            0.47011199593544006,
            0.48796799778938293
          ]
        },
        "pair_attempt_id": 32,
        "pair_retry_ordinal": 0,
        "position": 0,
        "readiness_probe_exact": true,
        "ready_region": {
          "local_ms": 0.5135040283203125,
          "rank_max_ms": 0.5360000133514404,
          "rank_ms": [
            0.5135040283203125,
            0.5360000133514404,
            0.5110080242156982,
            0.5278720259666443
          ]
        },
        "sample_index": 29,
        "scheduled_start_arrival_ns_by_rank": [
          744876724670510,
          744876723732717,
          744876724165296,
          744876724326977
        ],
        "scheduled_start_target_ns_by_rank": [
          744876729670510,
          744876729670510,
          744876729670510,
          744876729670510
        ],
        "start_record_bracket_ns_by_rank": [
          [
            744876729671395,
            744876729711249
          ],
          [
            744876729670968,
            744876729694549
          ],
          [
            744876729671363,
            744876729710336
          ],
          [
            744876729671096,
            744876729696160
          ]
        ],
        "start_record_envelope_span_ns": 40281,
        "variant": 1
      },
      {
        "collective_only": {
          "local_ms": 0.8697919845581055,
          "rank_max_ms": 0.8697919845581055,
          "rank_ms": [
            0.8697919845581055,
            0.8631680011749268,
            0.46505600214004517,
            0.520576000213623
          ]
        },
        "pair_attempt_id": 36,
        "pair_retry_ordinal": 3,
        "position": 0,
        "readiness_probe_exact": true,
        "ready_region": {
          "local_ms": 0.9097599983215332,
          "rank_max_ms": 0.9097599983215332,
          "rank_ms": [
            0.9097599983215332,
            0.9020799994468689,
            0.5041279792785645,
            0.5605120062828064
          ]
        },
        "sample_index": 30,
        "scheduled_start_arrival_ns_by_rank": [
          744876774543678,
          744876774400150,
          744876774385076,
          744876774135163
        ],
        "scheduled_start_target_ns_by_rank": [
          744876779543678,
          744876779543678,
          744876779543678,
          744876779543678
        ],
        "start_record_bracket_ns_by_rank": [
          [
            744876779916528,
            744876779956970
          ],
          [
            744876779942139,
            744876779965475
          ],
          [
            744876780323849,
            744876780363788
          ],
          [
            744876780273560,
            744876780310859
          ]
        ],
        "start_record_envelope_span_ns": 447260,
        "variant": 1
      },
      {
        "collective_only": {
          "local_ms": 0.48659199476242065,
          "rank_max_ms": 0.5029119849205017,
          "rank_ms": [
            0.48659199476242065,
            0.5029119849205017,
            0.4829440116882324,
            0.4849280118942261
          ]
        },
        "pair_attempt_id": 37,
        "pair_retry_ordinal": 0,
        "position": 0,
        "readiness_probe_exact": true,
        "ready_region": {
          "local_ms": 0.526528000831604,
          "rank_max_ms": 0.5417919754981995,
          "rank_ms": [
            0.526528000831604,
            0.5417919754981995,
            0.521888017654419,
            0.5240640044212341
          ]
        },
        "sample_index": 31,
        "scheduled_start_arrival_ns_by_rank": [
          744876787447903,
          744876787310612,
          744876786986650,
          744876787633674
        ],
        "scheduled_start_target_ns_by_rank": [
          744876792633674,
          744876792633674,
          744876792633674,
          744876792633674
        ],
        "start_record_bracket_ns_by_rank": [
          [
            744876792634548,
            744876792675045
          ],
          [
            744876792634128,
            744876792659657
          ],
          [
            744876792634680,
            744876792675193
          ],
          [
            744876792634597,
            744876792673601
          ]
        ],
        "start_record_envelope_span_ns": 41065,
        "variant": 0
      },
      {
        "collective_only": {
          "local_ms": 0.5534719824790955,
          "rank_max_ms": 0.5646399855613708,
          "rank_ms": [
            0.5534719824790955,
            0.5646399855613708,
            0.5429440140724182,
            0.5490239858627319
          ]
        },
        "pair_attempt_id": 38,
        "pair_retry_ordinal": 0,
        "position": 0,
        "readiness_probe_exact": true,
        "ready_region": {
          "local_ms": 0.5934079885482788,
          "rank_max_ms": 0.6035839915275574,
          "rank_ms": [
            0.5934079885482788,
            0.6035839915275574,
            0.5819200277328491,
            0.5899519920349121
          ]
        },
        "sample_index": 32,
        "scheduled_start_arrival_ns_by_rank": [
          744876798694323,
          744876798517987,
          744876798819150,
          744876798685304
        ],
        "scheduled_start_target_ns_by_rank": [
          744876803819150,
          744876803819150,
          744876803819150,
          744876803819150
        ],
        "start_record_bracket_ns_by_rank": [
          [
            744876803820061,
            744876803863487
          ],
          [
            744876803819759,
            744876803847970
          ],
          [
            744876803820253,
            744876803863499
          ],
          [
            744876803820098,
            744876803862258
          ]
        ],
        "start_record_envelope_span_ns": 43740,
        "variant": 1
      },
      {
        "collective_only": {
          "local_ms": 0.4767040014266968,
          "rank_max_ms": 0.4918400049209595,
          "rank_ms": [
            0.4767040014266968,
            0.4918400049209595,
            0.47276800870895386,
            0.4792320132255554
          ]
        },
        "pair_attempt_id": 39,
        "pair_retry_ordinal": 0,
        "position": 0,
        "readiness_probe_exact": true,
        "ready_region": {
          "local_ms": 0.5167679786682129,
          "rank_max_ms": 0.5308160185813904,
          "rank_ms": [
            0.5167679786682129,
            0.5308160185813904,
            0.5117440223693848,
            0.5191360116004944
          ]
        },
        "sample_index": 33,
        "scheduled_start_arrival_ns_by_rank": [
          744876809857016,
          744876809379837,
          744876809684910,
          744876809770617
        ],
        "scheduled_start_target_ns_by_rank": [
          744876814857016,
          744876814857016,
          744876814857016,
          744876814857016
        ],
        "start_record_bracket_ns_by_rank": [
          [
            744876814857781,
            744876814892263
          ],
          [
            744876814857606,
            744876814879655
          ],
          [
            744876814857755,
            744876814891171
          ],
          [
            744876814857807,
            744876814890811
          ]
        ],
        "start_record_envelope_span_ns": 34657,
        "variant": 0
      },
      {
        "collective_only": {
          "local_ms": 0.4626559913158417,
          "rank_max_ms": 0.4705600142478943,
          "rank_ms": [
            0.4626559913158417,
            0.4705600142478943,
            0.4591040015220642,
            0.46492800116539
          ]
        },
        "pair_attempt_id": 40,
        "pair_retry_ordinal": 0,
        "position": 0,
        "readiness_probe_exact": true,
        "ready_region": {
          "local_ms": 0.502560019493103,
          "rank_max_ms": 0.5106559991836548,
          "rank_ms": [
            0.502560019493103,
            0.5106559991836548,
            0.5000320076942444,
            0.503711998462677
          ]
        },
        "sample_index": 34,
        "scheduled_start_arrival_ns_by_rank": [
          744876821706941,
          744876821259462,
          744876821671211,
          744876821391835
        ],
        "scheduled_start_target_ns_by_rank": [
          744876826706941,
          744876826706941,
          744876826706941,
          744876826706941
        ],
        "start_record_bracket_ns_by_rank": [
          [
            744876826707621,
            744876826741613
          ],
          [
            744876826707625,
            744876826730275
          ],
          [
            744876826707680,
            744876826741086
          ],
          [
            744876826707641,
            744876826739199
          ]
        ],
        "start_record_envelope_span_ns": 33992,
        "variant": 1
      },
      {
        "collective_only": {
          "local_ms": 0.5101439952850342,
          "rank_max_ms": 0.5292479991912842,
          "rank_ms": [
            0.5101439952850342,
            0.5292479991912842,
            0.5019199848175049,
            0.5090879797935486
          ]
        },
        "pair_attempt_id": 41,
        "pair_retry_ordinal": 0,
        "position": 0,
        "readiness_probe_exact": true,
        "ready_region": {
          "local_ms": 0.5501120090484619,
          "rank_max_ms": 0.5681599974632263,
          "rank_ms": [
            0.5501120090484619,
            0.5681599974632263,
            0.5425599813461304,
            0.5489919781684875
          ]
        },
        "sample_index": 35,
        "scheduled_start_arrival_ns_by_rank": [
          744876833198893,
          744876832826235,
          744876833266457,
          744876833156672
        ],
        "scheduled_start_target_ns_by_rank": [
          744876838266457,
          744876838266457,
          744876838266457,
          744876838266457
        ],
        "start_record_bracket_ns_by_rank": [
          [
            744876838267553,
            744876838313095
          ],
          [
            744876838267036,
            744876838293331
          ],
          [
            744876838267746,
            744876838313555
          ],
          [
            744876838267452,
            744876838310705
          ]
        ],
        "start_record_envelope_span_ns": 46519,
        "variant": 0
      },
      {
        "collective_only": {
          "local_ms": 0.4880000054836273,
          "rank_max_ms": 0.5016000270843506,
          "rank_ms": [
            0.4880000054836273,
            0.5016000270843506,
            0.48182401061058044,
            0.4896320104598999
          ]
        },
        "pair_attempt_id": 42,
        "pair_retry_ordinal": 0,
        "position": 0,
        "readiness_probe_exact": true,
        "ready_region": {
          "local_ms": 0.5278400182723999,
          "rank_max_ms": 0.5415359735488892,
          "rank_ms": [
            0.5278400182723999,
            0.5415359735488892,
            0.5227519869804382,
            0.5295680165290833
          ]
        },
        "sample_index": 36,
        "scheduled_start_arrival_ns_by_rank": [
          744876844657482,
          744876844797337,
          744876844773009,
          744876844761861
        ],
        "scheduled_start_target_ns_by_rank": [
          744876849797337,
          744876849797337,
          744876849797337,
          744876849797337
        ],
        "start_record_bracket_ns_by_rank": [
          [
            744876849798333,
            744876849835340
          ],
          [
            744876849797831,
            744876849821611
          ],
          [
            744876849798165,
            744876849834403
          ],
          [
            744876849798291,
            744876849833325
          ]
        ],
        "start_record_envelope_span_ns": 37509,
        "variant": 1
      },
      {
        "collective_only": {
          "local_ms": 0.49561598896980286,
          "rank_max_ms": 0.8897920250892639,
          "rank_ms": [
            0.49561598896980286,
            0.8264319896697998,
            0.6304000020027161,
            0.8897920250892639
          ]
        },
        "pair_attempt_id": 43,
        "pair_retry_ordinal": 0,
        "position": 0,
        "readiness_probe_exact": true,
        "ready_region": {
          "local_ms": 0.5356159806251526,
          "rank_max_ms": 0.9296960234642029,
          "rank_ms": [
            0.5356159806251526,
            0.8664320111274719,
            0.6692479848861694,
            0.9296960234642029
          ]
        },
        "sample_index": 37,
        "scheduled_start_arrival_ns_by_rank": [
          744876855449496,
          744876855015678,
          744876855725253,
          744876855161014
        ],
        "scheduled_start_target_ns_by_rank": [
          744876860725253,
          744876860725253,
          744876860725253,
          744876860725253
        ],
        "start_record_bracket_ns_by_rank": [
          [
            744876861691611,
            744876861736700
          ],
          [
            744876861386023,
            744876861411324
          ],
          [
            744876861553183,
            744876861597140
          ],
          [
            744876861300566,
            744876861341961
          ]
        ],
        "start_record_envelope_span_ns": 436134,
        "variant": 0
      },
      {
        "collective_only": {
          "local_ms": 0.5080320239067078,
          "rank_max_ms": 0.5177919864654541,
          "rank_ms": [
            0.5080320239067078,
            0.5177919864654541,
            0.4979200065135956,
            0.5031039714813232
          ]
        },
        "pair_attempt_id": 44,
        "pair_retry_ordinal": 0,
        "position": 0,
        "readiness_probe_exact": true,
        "ready_region": {
          "local_ms": 0.5479679703712463,
          "rank_max_ms": 0.5587199926376343,
          "rank_ms": [
            0.5479679703712463,
            0.5587199926376343,
            0.5389119982719421,
            0.5431360006332397
          ]
        },
        "sample_index": 38,
        "scheduled_start_arrival_ns_by_rank": [
          744876867244784,
          744876866743714,
          744876867033403,
          744876867100262
        ],
        "scheduled_start_target_ns_by_rank": [
          744876872244784,
          744876872244784,
          744876872244784,
          744876872244784
        ],
        "start_record_bracket_ns_by_rank": [
          [
            744876872246111,
            744876872290942
          ],
          [
            744876872245235,
            744876872272385
          ],
          [
            744876872245734,
            744876872286279
          ],
          [
            744876872246028,
            744876872288712
          ]
        ],
        "start_record_envelope_span_ns": 45707,
        "variant": 1
      },
      {
        "collective_only": {
          "local_ms": 0.5009279847145081,
          "rank_max_ms": 0.5686399936676025,
          "rank_ms": [
            0.5009279847145081,
            0.5686399936676025,
            0.5497279763221741,
            0.555903971195221
          ]
        },
        "pair_attempt_id": 45,
        "pair_retry_ordinal": 0,
        "position": 0,
        "readiness_probe_exact": true,
        "ready_region": {
          "local_ms": 0.540831983089447,
          "rank_max_ms": 0.6078400015830994,
          "rank_ms": [
            0.540831983089447,
            0.6078400015830994,
            0.588703989982605,
            0.5960959792137146
          ]
        },
        "sample_index": 39,
        "scheduled_start_arrival_ns_by_rank": [
          744876880133095,
          744876880107338,
          744876880597839,
          744876879990156
        ],
        "scheduled_start_target_ns_by_rank": [
          744876885597839,
          744876885597839,
          744876885597839,
          744876885597839
        ],
        "start_record_bracket_ns_by_rank": [
          [
            744876885653407,
            744876885698697
          ],
          [
            744876885598471,
            744876885629342
          ],
          [
            744876885598874,
            744876885643560
          ],
          [
            744876885598650,
            744876885640514
          ]
        ],
        "start_record_envelope_span_ns": 100226,
        "variant": 0
      },
      {
        "collective_only": {
          "local_ms": 0.7728639841079712,
          "rank_max_ms": 0.7944319844245911,
          "rank_ms": [
            0.7728639841079712,
            0.7944319844245911,
            0.7611520290374756,
            0.5061439871788025
          ]
        },
        "pair_attempt_id": 46,
        "pair_retry_ordinal": 0,
        "position": 0,
        "readiness_probe_exact": true,
        "ready_region": {
          "local_ms": 0.8127999901771545,
          "rank_max_ms": 0.8345280289649963,
          "rank_ms": [
            0.8127999901771545,
            0.8345280289649963,
            0.8000640273094177,
            0.5470719933509827
          ]
        },
        "sample_index": 40,
        "scheduled_start_arrival_ns_by_rank": [
          744876894177202,
          744876894096574,
          744876893869959,
          744876893766742
        ],
        "scheduled_start_target_ns_by_rank": [
          744876899177202,
          744876899177202,
          744876899177202,
          744876899177202
        ],
        "start_record_bracket_ns_by_rank": [
          [
            744876899178261,
            744876899263381
          ],
          [
            744876899177884,
            744876899236627
          ],
          [
            744876899178343,
            744876899261860
          ],
          [
            744876899480847,
            744876899526177
          ]
        ],
        "start_record_envelope_span_ns": 348293,
        "variant": 1
      },
      {
        "collective_only": {
          "local_ms": 0.8720960021018982,
          "rank_max_ms": 0.892192006111145,
          "rank_ms": [
            0.8720960021018982,
            0.892192006111145,
            0.5808640122413635,
            0.4373440146446228
          ]
        },
        "pair_attempt_id": 47,
        "pair_retry_ordinal": 0,
        "position": 0,
        "readiness_probe_exact": true,
        "ready_region": {
          "local_ms": 0.9120320081710815,
          "rank_max_ms": 0.9321280121803284,
          "rank_ms": [
            0.9120320081710815,
            0.9321280121803284,
            0.6198400259017944,
            0.47727999091148376
          ]
        },
        "sample_index": 41,
        "scheduled_start_arrival_ns_by_rank": [
          744876906197388,
          744876906516504,
          744876906155372,
          744876906036119
        ],
        "scheduled_start_target_ns_by_rank": [
          744876911516504,
          744876911516504,
          744876911516504,
          744876911516504
        ],
        "start_record_bracket_ns_by_rank": [
          [
            744876912550633,
            744876912591108
          ],
          [
            744876912541756,
            744876912565722
          ],
          [
            744876912836616,
            744876912872818
          ],
          [
            744876912978287,
            744876913023723
          ]
        ],
        "start_record_envelope_span_ns": 481967,
        "variant": 0
      },
      {
        "collective_only": {
          "local_ms": 0.495168000459671,
          "rank_max_ms": 0.5146239995956421,
          "rank_ms": [
            0.495168000459671,
            0.5146239995956421,
            0.4943679869174957,
            0.5117759704589844
          ]
        },
        "pair_attempt_id": 48,
        "pair_retry_ordinal": 0,
        "position": 0,
        "readiness_probe_exact": true,
        "ready_region": {
          "local_ms": 0.5343359708786011,
          "rank_max_ms": 0.5545600056648254,
          "rank_ms": [
            0.5343359708786011,
            0.5545600056648254,
            0.5353599786758423,
            0.5516160130500793
          ]
        },
        "sample_index": 42,
        "scheduled_start_arrival_ns_by_rank": [
          744876918107043,
          744876917754692,
          744876917924025,
          744876917726544
        ],
        "scheduled_start_target_ns_by_rank": [
          744876923107043,
          744876923107043,
          744876923107043,
          744876923107043
        ],
        "start_record_bracket_ns_by_rank": [
          [
            744876923108022,
            744876923146712
          ],
          [
            744876923107643,
            744876923131418
          ],
          [
            744876923107920,
            744876923145166
          ],
          [
            744876923107618,
            744876923131576
          ]
        ],
        "start_record_envelope_span_ns": 39094,
        "variant": 1
      },
      {
        "collective_only": {
          "local_ms": 0.4785279929637909,
          "rank_max_ms": 0.4890559911727905,
          "rank_ms": [
            0.4785279929637909,
            0.4890559911727905,
            0.4739840030670166,
            0.4854719936847687
          ]
        },
        "pair_attempt_id": 49,
        "pair_retry_ordinal": 0,
        "position": 0,
        "readiness_probe_exact": true,
        "ready_region": {
          "local_ms": 0.5184959769248962,
          "rank_max_ms": 0.527999997138977,
          "rank_ms": [
            0.5184959769248962,
            0.527999997138977,
            0.5128960013389587,
            0.525600016117096
          ]
        },
        "sample_index": 43,
        "scheduled_start_arrival_ns_by_rank": [
          744876929543184,
          744876929391792,
          744876929887852,
          744876929808310
        ],
        "scheduled_start_target_ns_by_rank": [
          744876934887852,
          744876934887852,
          744876934887852,
          744876934887852
        ],
        "start_record_bracket_ns_by_rank": [
          [
            744876934888512,
            744876934923347
          ],
          [
            744876934888434,
            744876934911624
          ],
          [
            744876934888525,
            744876934921816
          ],
          [
            744876934888548,
            744876934918368
          ]
        ],
        "start_record_envelope_span_ns": 34913,
        "variant": 0
      },
      {
        "collective_only": {
          "local_ms": 0.4396800100803375,
          "rank_max_ms": 0.4522880017757416,
          "rank_ms": [
            0.4396800100803375,
            0.4522880017757416,
            0.44364801049232483,
            0.44729599356651306
          ]
        },
        "pair_attempt_id": 52,
        "pair_retry_ordinal": 2,
        "position": 0,
        "readiness_probe_exact": true,
        "ready_region": {
          "local_ms": 0.4796159863471985,
          "rank_max_ms": 0.4922240078449249,
          "rank_ms": [
            0.4796159863471985,
            0.4922240078449249,
            0.48236799240112305,
            0.487199991941452
          ]
        },
        "sample_index": 44,
        "scheduled_start_arrival_ns_by_rank": [
          744876966334008,
          744876965789725,
          744876966020085,
          744876965787912
        ],
        "scheduled_start_target_ns_by_rank": [
          744876971334008,
          744876971334008,
          744876971334008,
          744876971334008
        ],
        "start_record_bracket_ns_by_rank": [
          [
            744876971334661,
            744876971366140
          ],
          [
            744876971334560,
            744876971356017
          ],
          [
            744876971334650,
            744876971366460
          ],
          [
            744876971334722,
            744876971365830
          ]
        ],
        "start_record_envelope_span_ns": 31900,
        "variant": 1
      },
      {
        "collective_only": {
          "local_ms": 0.4370560050010681,
          "rank_max_ms": 0.44707199931144714,
          "rank_ms": [
            0.4370560050010681,
            0.44707199931144714,
            0.4322560131549835,
            0.4328320026397705
          ]
        },
        "pair_attempt_id": 53,
        "pair_retry_ordinal": 0,
        "position": 0,
        "readiness_probe_exact": true,
        "ready_region": {
          "local_ms": 0.47699201107025146,
          "rank_max_ms": 0.4870080053806305,
          "rank_ms": [
            0.47699201107025146,
            0.4870080053806305,
            0.47231999039649963,
            0.47279998660087585
          ]
        },
        "sample_index": 45,
        "scheduled_start_arrival_ns_by_rank": [
          744876976904474,
          744876977338874,
          744876977342156,
          744876976979817
        ],
        "scheduled_start_target_ns_by_rank": [
          744876982342156,
          744876982342156,
          744876982342156,
          744876982342156
        ],
        "start_record_bracket_ns_by_rank": [
          [
            744876982342977,
            744876982375925
          ],
          [
            744876982342626,
            744876982362936
          ],
          [
            744876982343002,
            744876982375596
          ],
          [
            744876982343062,
            744876982374029
          ]
        ],
        "start_record_envelope_span_ns": 33299,
        "variant": 0
      },
      {
        "collective_only": {
          "local_ms": 0.6198400259017944,
          "rank_max_ms": 0.8504959940910339,
          "rank_ms": [
            0.6198400259017944,
            0.8504959940910339,
            0.7236800193786621,
            0.5300800204277039
          ]
        },
        "pair_attempt_id": 55,
        "pair_retry_ordinal": 1,
        "position": 0,
        "readiness_probe_exact": true,
        "ready_region": {
          "local_ms": 0.6596800088882446,
          "rank_max_ms": 0.8914560079574585,
          "rank_ms": [
            0.6596800088882446,
            0.8914560079574585,
            0.7626240253448486,
            0.5699840188026428
          ]
        },
        "sample_index": 46,
        "scheduled_start_arrival_ns_by_rank": [
          744877000532254,
          744876999787899,
          744877000521106,
          744877000235300
        ],
        "scheduled_start_target_ns_by_rank": [
          744877005532254,
          744877005532254,
          744877005532254,
          744877005532254
        ],
        "start_record_bracket_ns_by_rank": [
          [
            744877005751465,
            744877005795782
          ],
          [
            744877005532686,
            744877005558190
          ],
          [
            744877005642005,
            744877005685716
          ],
          [
            744877005838812,
            744877005881690
          ]
        ],
        "start_record_envelope_span_ns": 349004,
        "variant": 0
      },
      {
        "collective_only": {
          "local_ms": 0.5112959742546082,
          "rank_max_ms": 0.8840000033378601,
          "rank_ms": [
            0.5112959742546082,
            0.6892480254173279,
            0.8840000033378601,
            0.8184639811515808
          ]
        },
        "pair_attempt_id": 56,
        "pair_retry_ordinal": 0,
        "position": 0,
        "readiness_probe_exact": true,
        "ready_region": {
          "local_ms": 0.552191972732544,
          "rank_max_ms": 0.9249600172042847,
          "rank_ms": [
            0.552191972732544,
            0.7284160256385803,
            0.9249600172042847,
            0.8593279719352722
          ]
        },
        "sample_index": 47,
        "scheduled_start_arrival_ns_by_rank": [
          744877012957628,
          744877012524364,
          744877012938133,
          744877013157500
        ],
        "scheduled_start_target_ns_by_rank": [
          744877018157500,
          744877018157500,
          744877018157500,
          744877018157500
        ],
        "start_record_bracket_ns_by_rank": [
          [
            744877019241065,
            744877019285511
          ],
          [
            744877019087643,
            744877019113517
          ],
          [
            744877018869291,
            744877018914160
          ],
          [
            744877018943795,
            744877018981359
          ]
        ],
        "start_record_envelope_span_ns": 416220,
        "variant": 1
      },
      {
        "collective_only": {
          "local_ms": 0.48473599553108215,
          "rank_max_ms": 0.502560019493103,
          "rank_ms": [
            0.48473599553108215,
            0.502560019493103,
            0.4890559911727905,
            0.49452799558639526
          ]
        },
        "pair_attempt_id": 57,
        "pair_retry_ordinal": 0,
        "position": 0,
        "readiness_probe_exact": true,
        "ready_region": {
          "local_ms": 0.5246719717979431,
          "rank_max_ms": 0.5414400100708008,
          "rank_ms": [
            0.5246719717979431,
            0.5414400100708008,
            0.5299839973449707,
            0.5344640016555786
          ]
        },
        "sample_index": 48,
        "scheduled_start_arrival_ns_by_rank": [
          744877026298373,
          744877025904736,
          744877026277732,
          744877025920850
        ],
        "scheduled_start_target_ns_by_rank": [
          744877031298373,
          744877031298373,
          744877031298373,
          744877031298373
        ],
        "start_record_bracket_ns_by_rank": [
          [
            744877031299569,
            744877031341225
          ],
          [
            744877031298951,
            744877031324628
          ],
          [
            744877031299325,
            744877031340011
          ],
          [
            744877031299307,
            744877031338229
          ]
        ],
        "start_record_envelope_span_ns": 42274,
        "variant": 0
      },
      {
        "collective_only": {
          "local_ms": 0.5201280117034912,
          "rank_max_ms": 0.559552013874054,
          "rank_ms": [
            0.5201280117034912,
            0.559552013874054,
            0.5186240077018738,
            0.5233280062675476
          ]
        },
        "pair_attempt_id": 58,
        "pair_retry_ordinal": 0,
        "position": 0,
        "readiness_probe_exact": true,
        "ready_region": {
          "local_ms": 0.5600640177726746,
          "rank_max_ms": 0.5984640121459961,
          "rank_ms": [
            0.5600640177726746,
            0.5984640121459961,
            0.5574079751968384,
            0.5642880201339722
          ]
        },
        "sample_index": 49,
        "scheduled_start_arrival_ns_by_rank": [
          744877035597999,
          744877035546092,
          744877035943781,
          744877035993945
        ],
        "scheduled_start_target_ns_by_rank": [
          744877040993945,
          744877040993945,
          744877040993945,
          744877040993945
        ],
        "start_record_bracket_ns_by_rank": [
          [
            744877040994882,
            744877041066022
          ],
          [
            744877040994499,
            744877041030031
          ],
          [
            744877040994920,
            744877041063982
          ],
          [
            744877040994887,
            744877041061430
          ]
        ],
        "start_record_envelope_span_ns": 71523,
        "variant": 1
      },
      {
        "collective_only": {
          "local_ms": 0.647104024887085,
          "rank_max_ms": 0.9083200097084045,
          "rank_ms": [
            0.647104024887085,
            0.9083200097084045,
            0.7614079713821411,
            0.5489280223846436
          ]
        },
        "pair_attempt_id": 59,
        "pair_retry_ordinal": 0,
        "position": 0,
        "readiness_probe_exact": true,
        "ready_region": {
          "local_ms": 0.6870080232620239,
          "rank_max_ms": 0.9472320079803467,
          "rank_ms": [
            0.6870080232620239,
            0.9472320079803467,
            0.8023359775543213,
            0.5889279842376709
          ]
        },
        "sample_index": 50,
        "scheduled_start_arrival_ns_by_rank": [
          744877047962601,
          744877047638841,
          744877048064681,
          744877048586304
        ],
        "scheduled_start_target_ns_by_rank": [
          744877053586304,
          744877053586304,
          744877053586304,
          744877053586304
        ],
        "start_record_bracket_ns_by_rank": [
          [
            744877053835472,
            744877053875683
          ],
          [
            744877053586791,
            744877053611050
          ],
          [
            744877053719992,
            744877053759978
          ],
          [
            744877053929317,
            744877053971995
          ]
        ],
        "start_record_envelope_span_ns": 385204,
        "variant": 0
      },
      {
        "collective_only": {
          "local_ms": 0.4984320104122162,
          "rank_max_ms": 0.5193920135498047,
          "rank_ms": [
            0.4984320104122162,
            0.5193920135498047,
            0.4989440143108368,
            0.4991999864578247
          ]
        },
        "pair_attempt_id": 60,
        "pair_retry_ordinal": 0,
        "position": 0,
        "readiness_probe_exact": true,
        "ready_region": {
          "local_ms": 0.5383039712905884,
          "rank_max_ms": 0.5582720041275024,
          "rank_ms": [
            0.5383039712905884,
            0.5582720041275024,
            0.5378879904747009,
            0.5391359925270081
          ]
        },
        "sample_index": 51,
        "scheduled_start_arrival_ns_by_rank": [
          744877062561036,
          744877062058527,
          744877060936023,
          744877062391513
        ],
        "scheduled_start_target_ns_by_rank": [
          744877067561036,
          744877067561036,
          744877067561036,
          744877067561036
        ],
        "start_record_bracket_ns_by_rank": [
          [
            744877067561917,
            744877067606699
          ],
          [
            744877067561777,
            744877067588893
          ],
          [
            744877067561821,
            744877067603907
          ],
          [
            744877067561937,
            744877067603605
          ]
        ],
        "start_record_envelope_span_ns": 44922,
        "variant": 1
      },
      {
        "collective_only": {
          "local_ms": 0.4524480104446411,
          "rank_max_ms": 0.45980799198150635,
          "rank_ms": [
            0.4524480104446411,
            0.45980799198150635,
            0.4454079866409302,
            0.44860801100730896
          ]
        },
        "pair_attempt_id": 61,
        "pair_retry_ordinal": 0,
        "position": 0,
        "readiness_probe_exact": true,
        "ready_region": {
          "local_ms": 0.4923839867115021,
          "rank_max_ms": 0.4997760057449341,
          "rank_ms": [
            0.4923839867115021,
            0.4997760057449341,
            0.4843519926071167,
            0.4885759949684143
          ]
        },
        "sample_index": 52,
        "scheduled_start_arrival_ns_by_rank": [
          744877074606478,
          744877074059842,
          744877074447896,
          744877074591688
        ],
        "scheduled_start_target_ns_by_rank": [
          744877079606478,
          744877079606478,
          744877079606478,
          744877079606478
        ],
        "start_record_bracket_ns_by_rank": [
          [
            744877079607376,
            744877079642035
          ],
          [
            744877079607064,
            744877079629882
          ],
          [
            744877079607309,
            744877079641131
          ],
          [
            744877079607347,
            744877079641466
          ]
        ],
        "start_record_envelope_span_ns": 34971,
        "variant": 0
      },
      {
        "collective_only": {
          "local_ms": 0.4560000002384186,
          "rank_max_ms": 0.4689919948577881,
          "rank_ms": [
            0.4560000002384186,
            0.4689919948577881,
            0.45500800013542175,
            0.462911993265152
          ]
        },
        "pair_attempt_id": 62,
        "pair_retry_ordinal": 0,
        "position": 0,
        "readiness_probe_exact": true,
        "ready_region": {
          "local_ms": 0.4959680140018463,
          "rank_max_ms": 0.5090240240097046,
          "rank_ms": [
            0.4959680140018463,
            0.5090240240097046,
            0.4938560128211975,
            0.5028480291366577
          ]
        },
        "sample_index": 53,
        "scheduled_start_arrival_ns_by_rank": [
          744877086377014,
          744877085599978,
          744877085604278,
          744877085891860
        ],
        "scheduled_start_target_ns_by_rank": [
          744877091377014,
          744877091377014,
          744877091377014,
          744877091377014
        ],
        "start_record_bracket_ns_by_rank": [
          [
            744877091378001,
            744877091414006
          ],
          [
            744877091377528,
            744877091400233
          ],
          [
            744877091377909,
            744877091414721
          ],
          [
            744877091377838,
            744877091414309
          ]
        ],
        "start_record_envelope_span_ns": 37193,
        "variant": 1
      },
      {
        "collective_only": {
          "local_ms": 0.6765440106391907,
          "rank_max_ms": 0.7679359912872314,
          "rank_ms": [
            0.6765440106391907,
            0.7679359912872314,
            0.4816640019416809,
            0.7409600019454956
          ]
        },
        "pair_attempt_id": 63,
        "pair_retry_ordinal": 0,
        "position": 0,
        "readiness_probe_exact": true,
        "ready_region": {
          "local_ms": 0.716480016708374,
          "rank_max_ms": 0.8069760203361511,
          "rank_ms": [
            0.716480016708374,
            0.8069760203361511,
            0.5225920081138611,
            0.7817919850349426
          ]
        },
        "sample_index": 54,
        "scheduled_start_arrival_ns_by_rank": [
          744877097539025,
          744877096521378,
          744877097809229,
          744877098045203
        ],
        "scheduled_start_target_ns_by_rank": [
          744877103045203,
          744877103045203,
          744877103045203,
          744877103045203
        ],
        "start_record_bracket_ns_by_rank": [
          [
            744877103112172,
            744877103156315
          ],
          [
            744877103046026,
            744877103072377
          ],
          [
            744877103312951,
            744877103356759
          ],
          [
            744877103058937,
            744877103100272
          ]
        ],
        "start_record_envelope_span_ns": 310733,
        "variant": 0
      },
      {
        "collective_only": {
          "local_ms": 0.44918400049209595,
          "rank_max_ms": 0.46668800711631775,
          "rank_ms": [
            0.44918400049209595,
            0.46668800711631775,
            0.44736000895500183,
            0.4328640103340149
          ]
        },
        "pair_attempt_id": 64,
        "pair_retry_ordinal": 0,
        "position": 0,
        "readiness_probe_exact": true,
        "ready_region": {
          "local_ms": 0.48924800753593445,
          "rank_max_ms": 0.5066879987716675,
          "rank_ms": [
            0.48924800753593445,
            0.5066879987716675,
            0.4872959852218628,
            0.47283199429512024
          ]
        },
        "sample_index": 55,
        "scheduled_start_arrival_ns_by_rank": [
          744877109905914,
          744877109808848,
          744877110197225,
          744877110116951
        ],
        "scheduled_start_target_ns_by_rank": [
          744877115197225,
          744877115197225,
          744877115197225,
          744877115197225
        ],
        "start_record_bracket_ns_by_rank": [
          [
            744877115198118,
            744877115256613
          ],
          [
            744877115197772,
            744877115231701
          ],
          [
            744877115197994,
            744877115245770
          ],
          [
            744877115198089,
            744877115262601
          ]
        ],
        "start_record_envelope_span_ns": 64829,
        "variant": 1
      },
      {
        "collective_only": {
          "local_ms": 0.5162559747695923,
          "rank_max_ms": 0.5476800203323364,
          "rank_ms": [
            0.5162559747695923,
            0.5476800203323364,
            0.5200319886207581,
            0.5283520221710205
          ]
        },
        "pair_attempt_id": 65,
        "pair_retry_ordinal": 0,
        "position": 0,
        "readiness_probe_exact": true,
        "ready_region": {
          "local_ms": 0.5548800230026245,
          "rank_max_ms": 0.5867840051651001,
          "rank_ms": [
            0.5548800230026245,
            0.5867840051651001,
            0.5589439868927002,
            0.5682880282402039
          ]
        },
        "sample_index": 56,
        "scheduled_start_arrival_ns_by_rank": [
          744877121043892,
          744877120528565,
          744877120524440,
          744877120618029
        ],
        "scheduled_start_target_ns_by_rank": [
          744877126043892,
          744877126043892,
          744877126043892,
          744877126043892
        ],
        "start_record_bracket_ns_by_rank": [
          [
            744877126063040,
            744877126103727
          ],
          [
            744877126044441,
            744877126068533
          ],
          [
            744877126044690,
            744877126083938
          ],
          [
            744877126044764,
            744877126082600
          ]
        ],
        "start_record_envelope_span_ns": 59286,
        "variant": 0
      },
      {
        "collective_only": {
          "local_ms": 0.5012800097465515,
          "rank_max_ms": 0.5177919864654541,
          "rank_ms": [
            0.5012800097465515,
            0.5177919864654541,
            0.49907198548316956,
            0.5029760003089905
          ]
        },
        "pair_attempt_id": 66,
        "pair_retry_ordinal": 0,
        "position": 0,
        "readiness_probe_exact": true,
        "ready_region": {
          "local_ms": 0.5412160158157349,
          "rank_max_ms": 0.5567359924316406,
          "rank_ms": [
            0.5412160158157349,
            0.5567359924316406,
            0.5378239750862122,
            0.541920006275177
          ]
        },
        "sample_index": 57,
        "scheduled_start_arrival_ns_by_rank": [
          744877133793909,
          744877133535789,
          744877133597337,
          744877133542130
        ],
        "scheduled_start_target_ns_by_rank": [
          744877138793909,
          744877138793909,
          744877138793909,
          744877138793909
        ],
        "start_record_bracket_ns_by_rank": [
          [
            744877138794859,
            744877138837287
          ],
          [
            744877138794513,
            744877138818340
          ],
          [
            744877138794901,
            744877138835774
          ],
          [
            744877138794784,
            744877138834332
          ]
        ],
        "start_record_envelope_span_ns": 42774,
        "variant": 1
      },
      {
        "collective_only": {
          "local_ms": 0.5047039985656738,
          "rank_max_ms": 0.5232639908790588,
          "rank_ms": [
            0.5047039985656738,
            0.5232639908790588,
            0.49558401107788086,
            0.5049920082092285
          ]
        },
        "pair_attempt_id": 67,
        "pair_retry_ordinal": 0,
        "position": 0,
        "readiness_probe_exact": true,
        "ready_region": {
          "local_ms": 0.5434560179710388,
          "rank_max_ms": 0.5619840025901794,
          "rank_ms": [
            0.5434560179710388,
            0.5619840025901794,
            0.5344640016555786,
            0.545087993144989
          ]
        },
        "sample_index": 58,
        "scheduled_start_arrival_ns_by_rank": [
          744877146456089,
          744877146031025,
          744877146435454,
          744877146399236
        ],
        "scheduled_start_target_ns_by_rank": [
          744877151456089,
          744877151456089,
          744877151456089,
          744877151456089
        ],
        "start_record_bracket_ns_by_rank": [
          [
            744877151457240,
            744877151502270
          ],
          [
            744877151456673,
            744877151482151
          ],
          [
            744877151456994,
            744877151501931
          ],
          [
            744877151457099,
            744877151499343
          ]
        ],
        "start_record_envelope_span_ns": 45597,
        "variant": 0
      },
      {
        "collective_only": {
          "local_ms": 0.5444160103797913,
          "rank_max_ms": 0.8247680068016052,
          "rank_ms": [
            0.5444160103797913,
            0.8247680068016052,
            0.4816960096359253,
            0.5816320180892944
          ]
        },
        "pair_attempt_id": 68,
        "pair_retry_ordinal": 0,
        "position": 0,
        "readiness_probe_exact": true,
        "ready_region": {
          "local_ms": 0.5851200222969055,
          "rank_max_ms": 0.8639039993286133,
          "rank_ms": [
            0.5851200222969055,
            0.8639039993286133,
            0.5226879715919495,
            0.6215360164642334
          ]
        },
        "sample_index": 59,
        "scheduled_start_arrival_ns_by_rank": [
          744877158769305,
          744877158327977,
          744877158815215,
          744877158938352
        ],
        "scheduled_start_target_ns_by_rank": [
          744877163938352,
          744877163938352,
          744877163938352,
          744877163938352
        ],
        "start_record_bracket_ns_by_rank": [
          [
            744877164172139,
            744877164242318
          ],
          [
            744877163938805,
            744877163964097
          ],
          [
            744877164264476,
            744877164307865
          ],
          [
            744877164164284,
            744877164228432
          ]
        ],
        "start_record_envelope_span_ns": 369060,
        "variant": 1
      },
      {
        "collective_only": {
          "local_ms": 0.45475199818611145,
          "rank_max_ms": 0.46486398577690125,
          "rank_ms": [
            0.45475199818611145,
            0.46486398577690125,
            0.4498879909515381,
            0.45577600598335266
          ]
        },
        "pair_attempt_id": 70,
        "pair_retry_ordinal": 1,
        "position": 0,
        "readiness_probe_exact": true,
        "ready_region": {
          "local_ms": 0.4944320023059845,
          "rank_max_ms": 0.5038080215454102,
          "rank_ms": [
            0.4944320023059845,
            0.5038080215454102,
            0.4887999892234802,
            0.4956800043582916
          ]
        },
        "sample_index": 60,
        "scheduled_start_arrival_ns_by_rank": [
          744877183237021,
          744877182737163,
          744877183128149,
          744877183391522
        ],
        "scheduled_start_target_ns_by_rank": [
          744877188391522,
          744877188391522,
          744877188391522,
          744877188391522
        ],
        "start_record_bracket_ns_by_rank": [
          [
            744877188392538,
            744877188425754
          ],
          [
            744877188392106,
            744877188412058
          ],
          [
            744877188392344,
            744877188424124
          ],
          [
            744877188392323,
            744877188423837
          ]
        ],
        "start_record_envelope_span_ns": 33648,
        "variant": 1
      },
      {
        "collective_only": {
          "local_ms": 0.4801599979400635,
          "rank_max_ms": 0.5834239721298218,
          "rank_ms": [
            0.4801599979400635,
            0.5834239721298218,
            0.5438079833984375,
            0.5393279790878296
          ]
        },
        "pair_attempt_id": 71,
        "pair_retry_ordinal": 0,
        "position": 0,
        "readiness_probe_exact": true,
        "ready_region": {
          "local_ms": 0.5201280117034912,
          "rank_max_ms": 0.6222720146179199,
          "rank_ms": [
            0.5201280117034912,
            0.6222720146179199,
            0.5847359895706177,
            0.5790719985961914
          ]
        },
        "sample_index": 61,
        "scheduled_start_arrival_ns_by_rank": [
          744877194178293,
          744877193898913,
          744877193856248,
          744877193790636
        ],
        "scheduled_start_target_ns_by_rank": [
          744877199178293,
          744877199178293,
          744877199178293,
          744877199178293
        ],
        "start_record_bracket_ns_by_rank": [
          [
            744877199263178,
            744877199302836
          ],
          [
            744877199178708,
            744877199203704
          ],
          [
            744877199179197,
            744877199241060
          ],
          [
            744877199179108,
            744877199239574
          ]
        ],
        "start_record_envelope_span_ns": 124128,
        "variant": 0
      },
      {
        "collective_only": {
          "local_ms": 0.4633600115776062,
          "rank_max_ms": 0.47622400522232056,
          "rank_ms": [
            0.4633600115776062,
            0.47622400522232056,
            0.45875200629234314,
            0.4672960042953491
          ]
        },
        "pair_attempt_id": 72,
        "pair_retry_ordinal": 0,
        "position": 0,
        "readiness_probe_exact": true,
        "ready_region": {
          "local_ms": 0.5037760138511658,
          "rank_max_ms": 0.5161280035972595,
          "rank_ms": [
            0.5037760138511658,
            0.5161280035972595,
            0.49779200553894043,
            0.5072640180587769
          ]
        },
        "sample_index": 62,
        "scheduled_start_arrival_ns_by_rank": [
          744877208559599,
          744877207976693,
          744877208307359,
          744877208197691
        ],
        "scheduled_start_target_ns_by_rank": [
          744877213559599,
          744877213559599,
          744877213559599,
          744877213559599
        ],
        "start_record_bracket_ns_by_rank": [
          [
            744877213560304,
            744877213595394
          ],
          [
            744877213560039,
            744877213582087
          ],
          [
            744877213560672,
            744877213594278
          ],
          [
            744877213560437,
            744877213593050
          ]
        ],
        "start_record_envelope_span_ns": 35355,
        "variant": 1
      },
      {
        "collective_only": {
          "local_ms": 0.488864004611969,
          "rank_max_ms": 0.6315839886665344,
          "rank_ms": [
            0.488864004611969,
            0.6026239991188049,
            0.4695360064506531,
            0.6315839886665344
          ]
        },
        "pair_attempt_id": 73,
        "pair_retry_ordinal": 0,
        "position": 0,
        "readiness_probe_exact": true,
        "ready_region": {
          "local_ms": 0.5289279818534851,
          "rank_max_ms": 0.6716799736022949,
          "rank_ms": [
            0.5289279818534851,
            0.6425279974937439,
            0.5104640126228333,
            0.6716799736022949
          ]
        },
        "sample_index": 63,
        "scheduled_start_arrival_ns_by_rank": [
          744877219357741,
          744877219392864,
          744877219531197,
          744877219799606
        ],
        "scheduled_start_target_ns_by_rank": [
          744877224799606,
          744877224799606,
          744877224799606,
          744877224799606
        ],
        "start_record_bracket_ns_by_rank": [
          [
            744877225178758,
            744877225232271
          ],
          [
            744877225096074,
            744877225122019
          ],
          [
            744877225197224,
            744877225265044
          ],
          [
            744877225056375,
            744877225094177
          ]
        ],
        "start_record_envelope_span_ns": 208669,
        "variant": 0
      },
      {
        "collective_only": {
          "local_ms": 0.47094398736953735,
          "rank_max_ms": 0.4822080135345459,
          "rank_ms": [
            0.47094398736953735,
            0.4822080135345459,
            0.472896009683609,
            0.47308799624443054
          ]
        },
        "pair_attempt_id": 77,
        "pair_retry_ordinal": 3,
        "position": 0,
        "readiness_probe_exact": true,
        "ready_region": {
          "local_ms": 0.5096960067749023,
          "rank_max_ms": 0.5221120119094849,
          "rank_ms": [
            0.5096960067749023,
            0.5221120119094849,
            0.5118079781532288,
            0.5130239725112915
          ]
        },
        "sample_index": 64,
        "scheduled_start_arrival_ns_by_rank": [
          744877275274008,
          744877274827219,
          744877275100342,
          744877275367514
        ],
        "scheduled_start_target_ns_by_rank": [
          744877280367514,
          744877280367514,
          744877280367514,
          744877280367514
        ],
        "start_record_bracket_ns_by_rank": [
          [
            744877280368467,
            744877280406528
          ],
          [
            744877280368132,
            744877280390085
          ],
          [
            744877280368315,
            744877280402287
          ],
          [
            744877280368732,
            744877280407407
          ]
        ],
        "start_record_envelope_span_ns": 39275,
        "variant": 0
      },
      {
        "collective_only": {
          "local_ms": 0.5008959770202637,
          "rank_max_ms": 0.509440004825592,
          "rank_ms": [
            0.5008959770202637,
            0.509440004825592,
            0.495168000459671,
            0.5071039795875549
          ]
        },
        "pair_attempt_id": 78,
        "pair_retry_ordinal": 0,
        "position": 0,
        "readiness_probe_exact": true,
        "ready_region": {
          "local_ms": 0.5407999753952026,
          "rank_max_ms": 0.5504000186920166,
          "rank_ms": [
            0.5407999753952026,
            0.5504000186920166,
            0.5340800285339355,
            0.5477439761161804
          ]
        },
        "sample_index": 65,
        "scheduled_start_arrival_ns_by_rank": [
          744877287030319,
          744877286711237,
          744877286916686,
          744877287105397
        ],
        "scheduled_start_target_ns_by_rank": [
          744877292105397,
          744877292105397,
          744877292105397,
          744877292105397
        ],
        "start_record_bracket_ns_by_rank": [
          [
            744877292106368,
            744877292144143
          ],
          [
            744877292105997,
            744877292128258
          ],
          [
            744877292106542,
            744877292143759
          ],
          [
            744877292106292,
            744877292141543
          ]
        ],
        "start_record_envelope_span_ns": 38146,
        "variant": 1
      },
      {
        "collective_only": {
          "local_ms": 0.4758079946041107,
          "rank_max_ms": 0.6309120059013367,
          "rank_ms": [
            0.4758079946041107,
            0.6309120059013367,
            0.5879359841346741,
            0.5710399746894836
          ]
        },
        "pair_attempt_id": 80,
        "pair_retry_ordinal": 1,
        "position": 0,
        "readiness_probe_exact": true,
        "ready_region": {
          "local_ms": 0.5157759785652161,
          "rank_max_ms": 0.6708160042762756,
          "rank_ms": [
            0.5157759785652161,
            0.6708160042762756,
            0.6288959980010986,
            0.610975980758667
          ]
        },
        "sample_index": 66,
        "scheduled_start_arrival_ns_by_rank": [
          744877311184043,
          744877310705635,
          744877311137543,
          744877311082446
        ],
        "scheduled_start_target_ns_by_rank": [
          744877316184043,
          744877316184043,
          744877316184043,
          744877316184043
        ],
        "start_record_bracket_ns_by_rank": [
          [
            744877316318037,
            744877316357887
          ],
          [
            744877316184477,
            744877316221944
          ],
          [
            744877316184860,
            744877316247100
          ],
          [
            744877316184836,
            744877316252534
          ]
        ],
        "start_record_envelope_span_ns": 173410,
        "variant": 1
      },
      {
        "collective_only": {
          "local_ms": 0.4782719910144806,
          "rank_max_ms": 0.7933760285377502,
          "rank_ms": [
            0.4782719910144806,
            0.7933760285377502,
            0.5490880012512207,
            0.6418880224227905
          ]
        },
        "pair_attempt_id": 81,
        "pair_retry_ordinal": 0,
        "position": 0,
        "readiness_probe_exact": true,
        "ready_region": {
          "local_ms": 0.5181760191917419,
          "rank_max_ms": 0.8324159979820251,
          "rank_ms": [
            0.5181760191917419,
            0.8324159979820251,
            0.588096022605896,
            0.6821439862251282
          ]
        },
        "sample_index": 67,
        "scheduled_start_arrival_ns_by_rank": [
          744877324109164,
          744877323944033,
          744877322608094,
          744877324201030
        ],
        "scheduled_start_target_ns_by_rank": [
          744877329201030,
          744877329201030,
          744877329201030,
          744877329201030
        ],
        "start_record_bracket_ns_by_rank": [
          [
            744877329753871,
            744877329794631
          ],
          [
            744877329461428,
            744877329485605
          ],
          [
            744877329684353,
            744877329724760
          ],
          [
            744877329585918,
            744877329625103
          ]
        ],
        "start_record_envelope_span_ns": 333203,
        "variant": 0
      },
      {
        "collective_only": {
          "local_ms": 0.4521920084953308,
          "rank_max_ms": 0.4628480076789856,
          "rank_ms": [
            0.4521920084953308,
            0.4551039934158325,
            0.45631998777389526,
            0.4628480076789856
          ]
        },
        "pair_attempt_id": 84,
        "pair_retry_ordinal": 2,
        "position": 0,
        "readiness_probe_exact": true,
        "ready_region": {
          "local_ms": 0.49212801456451416,
          "rank_max_ms": 0.5028799772262573,
          "rank_ms": [
            0.49212801456451416,
            0.49507200717926025,
            0.495168000459671,
            0.5028799772262573
          ]
        },
        "sample_index": 68,
        "scheduled_start_arrival_ns_by_rank": [
          744877363591280,
          744877363469499,
          744877363408227,
          744877363123902
        ],
        "scheduled_start_target_ns_by_rank": [
          744877368591280,
          744877368591280,
          744877368591280,
          744877368591280
        ],
        "start_record_bracket_ns_by_rank": [
          [
            744877368592129,
            744877368627945
          ],
          [
            744877368591974,
            744877368616266
          ],
          [
            744877368592020,
            744877368626955
          ],
          [
            744877368592625,
            744877368627024
          ]
        ],
        "start_record_envelope_span_ns": 35971,
        "variant": 1
      },
      {
        "collective_only": {
          "local_ms": 0.499455988407135,
          "rank_max_ms": 0.5148159861564636,
          "rank_ms": [
            0.499455988407135,
            0.5148159861564636,
            0.4959999918937683,
            0.503711998462677
          ]
        },
        "pair_attempt_id": 85,
        "pair_retry_ordinal": 0,
        "position": 0,
        "readiness_probe_exact": true,
        "ready_region": {
          "local_ms": 0.5392959713935852,
          "rank_max_ms": 0.553600013256073,
          "rank_ms": [
            0.5392959713935852,
            0.553600013256073,
            0.5369600057601929,
            0.5436800122261047
          ]
        },
        "sample_index": 69,
        "scheduled_start_arrival_ns_by_rank": [
          744877374402175,
          744877373731068,
          744877374389345,
          744877374091196
        ],
        "scheduled_start_target_ns_by_rank": [
          744877379402175,
          744877379402175,
          744877379402175,
          744877379402175
        ],
        "start_record_bracket_ns_by_rank": [
          [
            744877379403182,
            744877379447584
          ],
          [
            744877379402662,
            744877379429302
          ],
          [
            744877379403231,
            744877379447711
          ],
          [
            744877379403174,
            744877379445576
          ]
        ],
        "start_record_envelope_span_ns": 45049,
        "variant": 0
      },
      {
        "collective_only": {
          "local_ms": 0.5057600140571594,
          "rank_max_ms": 0.5267519950866699,
          "rank_ms": [
            0.5057600140571594,
            0.5267519950866699,
            0.5100799798965454,
            0.5118399858474731
          ]
        },
        "pair_attempt_id": 86,
        "pair_retry_ordinal": 0,
        "position": 0,
        "readiness_probe_exact": true,
        "ready_region": {
          "local_ms": 0.5456960201263428,
          "rank_max_ms": 0.5655679702758789,
          "rank_ms": [
            0.5456960201263428,
            0.5655679702758789,
            0.5489919781684875,
            0.5516160130500793
          ]
        },
        "sample_index": 70,
        "scheduled_start_arrival_ns_by_rank": [
          744877387490646,
          744877385485020,
          744877385952162,
          744877385949678
        ],
        "scheduled_start_target_ns_by_rank": [
          744877392490646,
          744877392490646,
          744877392490646,
          744877392490646
        ],
        "start_record_bracket_ns_by_rank": [
          [
            744877392492033,
            744877392536189
          ],
          [
            744877392491125,
            744877392515753
          ],
          [
            744877392491578,
            744877392525231
          ],
          [
            744877392491535,
            744877392525064
          ]
        ],
        "start_record_envelope_span_ns": 45064,
        "variant": 1
      },
      {
        "collective_only": {
          "local_ms": 0.44543999433517456,
          "rank_max_ms": 0.4556800127029419,
          "rank_ms": [
            0.44543999433517456,
            0.4556800127029419,
            0.44204801321029663,
            0.44576001167297363
          ]
        },
        "pair_attempt_id": 87,
        "pair_retry_ordinal": 0,
        "position": 0,
        "readiness_probe_exact": true,
        "ready_region": {
          "local_ms": 0.4854399859905243,
          "rank_max_ms": 0.49564799666404724,
          "rank_ms": [
            0.4854399859905243,
            0.49564799666404724,
            0.48080000281333923,
            0.484607994556427
          ]
        },
        "sample_index": 71,
        "scheduled_start_arrival_ns_by_rank": [
          744877398436297,
          744877397602825,
          744877398430733,
          744877398240196
        ],
        "scheduled_start_target_ns_by_rank": [
          744877403436297,
          744877403436297,
          744877403436297,
          744877403436297
        ],
        "start_record_bracket_ns_by_rank": [
          [
            744877403437183,
            744877403471332
          ],
          [
            744877403436881,
            744877403457054
          ],
          [
            744877403437035,
            744877403466987
          ],
          [
            744877403437063,
            744877403468465
          ]
        ],
        "start_record_envelope_span_ns": 34451,
        "variant": 0
      },
      {
        "collective_only": {
          "local_ms": 0.4635840058326721,
          "rank_max_ms": 0.47196799516677856,
          "rank_ms": [
            0.4635840058326721,
            0.47196799516677856,
            0.45558398962020874,
            0.4599680006504059
          ]
        },
        "pair_attempt_id": 88,
        "pair_retry_ordinal": 0,
        "position": 0,
        "readiness_probe_exact": true,
        "ready_region": {
          "local_ms": 0.5034880042076111,
          "rank_max_ms": 0.5119360089302063,
          "rank_ms": [
            0.5034880042076111,
            0.5119360089302063,
            0.4944640100002289,
            0.4996800124645233
          ]
        },
        "sample_index": 72,
        "scheduled_start_arrival_ns_by_rank": [
          744877408300796,
          744877407608810,
          744877408148430,
          744877408195889
        ],
        "scheduled_start_target_ns_by_rank": [
          744877413300796,
          744877413300796,
          744877413300796,
          744877413300796
        ],
        "start_record_bracket_ns_by_rank": [
          [
            744877413301862,
            744877413338589
          ],
          [
            744877413301376,
            744877413323495
          ],
          [
            744877413301647,
            744877413335900
          ],
          [
            744877413301575,
            744877413335482
          ]
        ],
        "start_record_envelope_span_ns": 37213,
        "variant": 1
      },
      {
        "collective_only": {
          "local_ms": 0.4989440143108368,
          "rank_max_ms": 0.5246080160140991,
          "rank_ms": [
            0.4989440143108368,
            0.5246080160140991,
            0.5012480020523071,
            0.5072320103645325
          ]
        },
        "pair_attempt_id": 89,
        "pair_retry_ordinal": 0,
        "position": 0,
        "readiness_probe_exact": true,
        "ready_region": {
          "local_ms": 0.5388799905776978,
          "rank_max_ms": 0.5635200142860413,
          "rank_ms": [
            0.5388799905776978,
            0.5635200142860413,
            0.5401920080184937,
            0.5473600029945374
          ]
        },
        "sample_index": 73,
        "scheduled_start_arrival_ns_by_rank": [
          744877418915530,
          744877418634825,
          744877418915069,
          744877418937360
        ],
        "scheduled_start_target_ns_by_rank": [
          744877423937360,
          744877423937360,
          744877423937360,
          744877423937360
        ],
        "start_record_bracket_ns_by_rank": [
          [
            744877423938319,
            744877423979917
          ],
          [
            744877423937806,
            744877423961263
          ],
          [
            744877423938326,
            744877423978346
          ],
          [
            744877423937889,
            744877423973522
          ]
        ],
        "start_record_envelope_span_ns": 42111,
        "variant": 0
      },
      {
        "collective_only": {
          "local_ms": 0.48265600204467773,
          "rank_max_ms": 0.6894400119781494,
          "rank_ms": [
            0.48265600204467773,
            0.6894400119781494,
            0.6334080100059509,
            0.6745280027389526
          ]
        },
        "pair_attempt_id": 90,
        "pair_retry_ordinal": 0,
        "position": 0,
        "readiness_probe_exact": true,
        "ready_region": {
          "local_ms": 0.5225600004196167,
          "rank_max_ms": 0.7294080257415771,
          "rank_ms": [
            0.5225600004196167,
            0.7294080257415771,
            0.6723520159721375,
            0.7144320011138916
          ]
        },
        "sample_index": 74,
        "scheduled_start_arrival_ns_by_rank": [
          744877430801860,
          744877430064271,
          744877430052681,
          744877430318504
        ],
        "scheduled_start_target_ns_by_rank": [
          744877435801860,
          744877435801860,
          744877435801860,
          744877435801860
        ],
        "start_record_bracket_ns_by_rank": [
          [
            744877435973476,
            744877436031555
          ],
          [
            744877435802204,
            744877435824010
          ],
          [
            744877435839968,
            744877435874090
          ],
          [
            744877435802568,
            744877435834721
          ]
        ],
        "start_record_envelope_span_ns": 229351,
        "variant": 1
      },
      {
        "collective_only": {
          "local_ms": 0.6680960059165955,
          "rank_max_ms": 0.8584960103034973,
          "rank_ms": [
            0.6680960059165955,
            0.8584960103034973,
            0.5214400291442871,
            0.47577598690986633
          ]
        },
        "pair_attempt_id": 91,
        "pair_retry_ordinal": 0,
        "position": 0,
        "readiness_probe_exact": true,
        "ready_region": {
          "local_ms": 0.7080000042915344,
          "rank_max_ms": 0.8984320163726807,
          "rank_ms": [
            0.7080000042915344,
            0.8984320163726807,
            0.5614719986915588,
            0.5157439708709717
          ]
        },
        "sample_index": 75,
        "scheduled_start_arrival_ns_by_rank": [
          744877442867018,
          744877442399430,
          744877443249996,
          744877443068279
        ],
        "scheduled_start_target_ns_by_rank": [
          744877448249996,
          744877448249996,
          744877448249996,
          744877448249996
        ],
        "start_record_bracket_ns_by_rank": [
          [
            744877448608965,
            744877448645384
          ],
          [
            744877448428354,
            744877448451000
          ],
          [
            744877448749237,
            744877448785622
          ],
          [
            744877448799305,
            744877448835124
          ]
        ],
        "start_record_envelope_span_ns": 406770,
        "variant": 0
      },
      {
        "collective_only": {
          "local_ms": 0.5389119982719421,
          "rank_max_ms": 0.796671986579895,
          "rank_ms": [
            0.5389119982719421,
            0.796671986579895,
            0.7755839824676514,
            0.5288000106811523
          ]
        },
        "pair_attempt_id": 92,
        "pair_retry_ordinal": 0,
        "position": 0,
        "readiness_probe_exact": true,
        "ready_region": {
          "local_ms": 0.5789440274238586,
          "rank_max_ms": 0.8375999927520752,
          "rank_ms": [
            0.5789440274238586,
            0.8375999927520752,
            0.8165119886398315,
            0.5686720013618469
          ]
        },
        "sample_index": 76,
        "scheduled_start_arrival_ns_by_rank": [
          744877454677694,
          744877454090074,
          744877454515663,
          744877454807672
        ],
        "scheduled_start_target_ns_by_rank": [
          744877459807672,
          744877459807672,
          744877459807672,
          744877459807672
        ],
        "start_record_bracket_ns_by_rank": [
          [
            744877460050518,
            744877460095980
          ],
          [
            744877459808141,
            744877459834241
          ],
          [
            744877459808595,
            744877459850943
          ],
          [
            744877460057822,
            744877460100773
          ]
        ],
        "start_record_envelope_span_ns": 292632,
        "variant": 1
      },
      {
        "collective_only": {
          "local_ms": 0.45814400911331177,
          "rank_max_ms": 0.4697279930114746,
          "rank_ms": [
            0.45814400911331177,
            0.4697279930114746,
            0.4620159864425659,
            0.46566399931907654
          ]
        },
        "pair_attempt_id": 97,
        "pair_retry_ordinal": 4,
        "position": 0,
        "readiness_probe_exact": true,
        "ready_region": {
          "local_ms": 0.49795201420783997,
          "rank_max_ms": 0.5087360143661499,
          "rank_ms": [
            0.49795201420783997,
            0.5087360143661499,
            0.5009599924087524,
            0.5075200200080872
          ]
        },
        "sample_index": 77,
        "scheduled_start_arrival_ns_by_rank": [
          744877519663268,
          744877519126638,
          744877519331854,
          744877519375275
        ],
        "scheduled_start_target_ns_by_rank": [
          744877524663268,
          744877524663268,
          744877524663268,
          744877524663268
        ],
        "start_record_bracket_ns_by_rank": [
          [
            744877524664274,
            744877524700059
          ],
          [
            744877524663728,
            744877524683978
          ],
          [
            744877524664113,
            744877524698579
          ],
          [
            744877524664066,
            744877524697900
          ]
        ],
        "start_record_envelope_span_ns": 36331,
        "variant": 0
      },
      {
        "collective_only": {
          "local_ms": 0.49686399102211,
          "rank_max_ms": 0.5065919756889343,
          "rank_ms": [
            0.49686399102211,
            0.5065919756889343,
            0.49452799558639526,
            0.5010240077972412
          ]
        },
        "pair_attempt_id": 98,
        "pair_retry_ordinal": 0,
        "position": 0,
        "readiness_probe_exact": true,
        "ready_region": {
          "local_ms": 0.536575973033905,
          "rank_max_ms": 0.5475199818611145,
          "rank_ms": [
            0.536575973033905,
            0.5475199818611145,
            0.5354560017585754,
            0.5410559773445129
          ]
        },
        "sample_index": 78,
        "scheduled_start_arrival_ns_by_rank": [
          744877531109286,
          744877530887800,
          744877531726804,
          744877531325188
        ],
        "scheduled_start_target_ns_by_rank": [
          744877536726804,
          744877536726804,
          744877536726804,
          744877536726804
        ],
        "start_record_bracket_ns_by_rank": [
          [
            744877536727764,
            744877536768774
          ],
          [
            744877536727158,
            744877536751884
          ],
          [
            744877536727630,
            744877536766239
          ],
          [
            744877536727916,
            744877536769085
          ]
        ],
        "start_record_envelope_span_ns": 41927,
        "variant": 1
      },
      {
        "collective_only": {
          "local_ms": 0.5089280009269714,
          "rank_max_ms": 0.5288959741592407,
          "rank_ms": [
            0.5089280009269714,
            0.5288959741592407,
            0.49961599707603455,
            0.5138880014419556
          ]
        },
        "pair_attempt_id": 99,
        "pair_retry_ordinal": 0,
        "position": 0,
        "readiness_probe_exact": true,
        "ready_region": {
          "local_ms": 0.5488640069961548,
          "rank_max_ms": 0.5689600110054016,
          "rank_ms": [
            0.5488640069961548,
            0.5689600110054016,
            0.5386559963226318,
            0.5537919998168945
          ]
        },
        "sample_index": 79,
        "scheduled_start_arrival_ns_by_rank": [
          744877542476623,
          744877542194566,
          744877542506621,
          744877542631581
        ],
        "scheduled_start_target_ns_by_rank": [
          744877547631581,
          744877547631581,
          744877547631581,
          744877547631581
        ],
        "start_record_bracket_ns_by_rank": [
          [
            744877547632681,
            744877547678553
          ],
          [
            744877547632085,
            744877547658244
          ],
          [
            744877547632626,
            744877547677478
          ],
          [
            744877547632676,
            744877547675029
          ]
        ],
        "start_record_envelope_span_ns": 46468,
        "variant": 0
      },
      {
        "collective_only": {
          "local_ms": 0.49481600522994995,
          "rank_max_ms": 0.5040640234947205,
          "rank_ms": [
            0.49481600522994995,
            0.5040640234947205,
            0.4902079999446869,
            0.49027198553085327
          ]
        },
        "pair_attempt_id": 100,
        "pair_retry_ordinal": 0,
        "position": 0,
        "readiness_probe_exact": true,
        "ready_region": {
          "local_ms": 0.5347520112991333,
          "rank_max_ms": 0.5431360006332397,
          "rank_ms": [
            0.5347520112991333,
            0.5431360006332397,
            0.5311679840087891,
            0.5292800068855286
          ]
        },
        "sample_index": 80,
        "scheduled_start_arrival_ns_by_rank": [
          744877552926522,
          744877553239360,
          744877552934698,
          744877552631801
        ],
        "scheduled_start_target_ns_by_rank": [
          744877558239360,
          744877558239360,
          744877558239360,
          744877558239360
        ],
        "start_record_bracket_ns_by_rank": [
          [
            744877558240392,
            744877558282280
          ],
          [
            744877558239862,
            744877558263752
          ],
          [
            744877558240190,
            744877558278747
          ],
          [
            744877558240222,
            744877558279399
          ]
        ],
        "start_record_envelope_span_ns": 42418,
        "variant": 1
      },
      {
        "collective_only": {
          "local_ms": 0.5060160160064697,
          "rank_max_ms": 0.6737279891967773,
          "rank_ms": [
            0.5060160160064697,
            0.6737279891967773,
            0.6650879979133606,
            0.6524800062179565
          ]
        },
        "pair_attempt_id": 101,
        "pair_retry_ordinal": 0,
        "position": 0,
        "readiness_probe_exact": true,
        "ready_region": {
          "local_ms": 0.5460799932479858,
          "rank_max_ms": 0.7126399874687195,
          "rank_ms": [
            0.5460799932479858,
            0.7126399874687195,
            0.7041599750518799,
            0.6923519968986511
          ]
        },
        "sample_index": 81,
        "scheduled_start_arrival_ns_by_rank": [
          744877564373791,
          744877564380845,
          744877564680876,
          744877564421248
        ],
        "scheduled_start_target_ns_by_rank": [
          744877569680876,
          744877569680876,
          744877569680876,
          744877569680876
        ],
        "start_record_bracket_ns_by_rank": [
          [
            744877569825396,
            744877569866679
          ],
          [
            744877569681381,
            744877569706971
          ],
          [
            744877569681196,
            744877569708125
          ],
          [
            744877569681666,
            744877569718991
          ]
        ],
        "start_record_envelope_span_ns": 185483,
        "variant": 0
      },
      {
        "collective_only": {
          "local_ms": 0.501471996307373,
          "rank_max_ms": 0.5175039768218994,
          "rank_ms": [
            0.501471996307373,
            0.5175039768218994,
            0.5057920217514038,
            0.49318400025367737
          ]
        },
        "pair_attempt_id": 102,
        "pair_retry_ordinal": 0,
        "position": 0,
        "readiness_probe_exact": true,
        "ready_region": {
          "local_ms": 0.5414080023765564,
          "rank_max_ms": 0.5564159750938416,
          "rank_ms": [
            0.5414080023765564,
            0.5564159750938416,
            0.5467519760131836,
            0.5332480072975159
          ]
        },
        "sample_index": 82,
        "scheduled_start_arrival_ns_by_rank": [
          744877577168396,
          744877576775491,
          744877576762840,
          744877577429433
        ],
        "scheduled_start_target_ns_by_rank": [
          744877582429433,
          744877582429433,
          744877582429433,
          744877582429433
        ],
        "start_record_bracket_ns_by_rank": [
          [
            744877582430496,
            744877582474623
          ],
          [
            744877582429906,
            744877582456322
          ],
          [
            744877582430090,
            744877582461808
          ],
          [
            744877582430424,
            744877582471732
          ]
        ],
        "start_record_envelope_span_ns": 44717,
        "variant": 1
      },
      {
        "collective_only": {
          "local_ms": 0.47145599126815796,
          "rank_max_ms": 0.4866879880428314,
          "rank_ms": [
            0.47145599126815796,
            0.4866879880428314,
            0.4671039879322052,
            0.46799999475479126
          ]
        },
        "pair_attempt_id": 103,
        "pair_retry_ordinal": 0,
        "position": 0,
        "readiness_probe_exact": true,
        "ready_region": {
          "local_ms": 0.5112000107765198,
          "rank_max_ms": 0.5266240239143372,
          "rank_ms": [
            0.5112000107765198,
            0.5266240239143372,
            0.5061119794845581,
            0.5080000162124634
          ]
        },
        "sample_index": 83,
        "scheduled_start_arrival_ns_by_rank": [
          744877587614115,
          744877587117458,
          744877586979768,
          744877587450700
        ],
        "scheduled_start_target_ns_by_rank": [
          744877592614115,
          744877592614115,
          744877592614115,
          744877592614115
        ],
        "start_record_bracket_ns_by_rank": [
          [
            744877592615147,
            744877592653650
          ],
          [
            744877592614699,
            744877592637696
          ],
          [
            744877592614925,
            744877592651765
          ],
          [
            744877592614901,
            744877592649436
          ]
        ],
        "start_record_envelope_span_ns": 38951,
        "variant": 0
      },
      {
        "collective_only": {
          "local_ms": 0.49750399589538574,
          "rank_max_ms": 0.5089600086212158,
          "rank_ms": [
            0.49750399589538574,
            0.5089600086212158,
            0.5004799962043762,
            0.49929600954055786
          ]
        },
        "pair_attempt_id": 104,
        "pair_retry_ordinal": 0,
        "position": 0,
        "readiness_probe_exact": true,
        "ready_region": {
          "local_ms": 0.537663996219635,
          "rank_max_ms": 0.5489599704742432,
          "rank_ms": [
            0.537663996219635,
            0.5489599704742432,
            0.5394880175590515,
            0.5392640233039856
          ]
        },
        "sample_index": 84,
        "scheduled_start_arrival_ns_by_rank": [
          744877597470799,
          744877596971017,
          744877596977032,
          744877597666228
        ],
        "scheduled_start_target_ns_by_rank": [
          744877602666228,
          744877602666228,
          744877602666228,
          744877602666228
        ],
        "start_record_bracket_ns_by_rank": [
          [
            744877602667478,
            744877602712143
          ],
          [
            744877602666766,
            744877602691270
          ],
          [
            744877602666688,
            744877602693819
          ],
          [
            744877602667367,
            744877602703999
          ]
        ],
        "start_record_envelope_span_ns": 45455,
        "variant": 1
      },
      {
        "collective_only": {
          "local_ms": 0.4646399915218353,
          "rank_max_ms": 0.4646399915218353,
          "rank_ms": [
            0.4646399915218353,
            0.4564160108566284,
            0.4589119851589203,
            0.4583039879798889
          ]
        },
        "pair_attempt_id": 105,
        "pair_retry_ordinal": 0,
        "position": 0,
        "readiness_probe_exact": true,
        "ready_region": {
          "local_ms": 0.5047039985656738,
          "rank_max_ms": 0.5047039985656738,
          "rank_ms": [
            0.5047039985656738,
            0.49644801020622253,
            0.4978879988193512,
            0.4983679950237274
          ]
        },
        "sample_index": 85,
        "scheduled_start_arrival_ns_by_rank": [
          744877608692597,
          744877609537319,
          744877609505732,
          744877609025191
        ],
        "scheduled_start_target_ns_by_rank": [
          744877614537319,
          744877614537319,
          744877614537319,
          744877614537319
        ],
        "start_record_bracket_ns_by_rank": [
          [
            744877614537924,
            744877614564523
          ],
          [
            744877614537808,
            744877614565649
          ],
          [
            744877614537898,
            744877614567142
          ],
          [
            744877614538386,
            744877614575147
          ]
        ],
        "start_record_envelope_span_ns": 37339,
        "variant": 0
      },
      {
        "collective_only": {
          "local_ms": 0.46454399824142456,
          "rank_max_ms": 0.46454399824142456,
          "rank_ms": [
            0.46454399824142456,
            0.4554240107536316,
            0.46166399121284485,
            0.45443201065063477
          ]
        },
        "pair_attempt_id": 106,
        "pair_retry_ordinal": 0,
        "position": 0,
        "readiness_probe_exact": true,
        "ready_region": {
          "local_ms": 0.5045440196990967,
          "rank_max_ms": 0.5045440196990967,
          "rank_ms": [
            0.5045440196990967,
            0.49433600902557373,
            0.5005760192871094,
            0.49433600902557373
          ]
        },
        "sample_index": 86,
        "scheduled_start_arrival_ns_by_rank": [
          744877619508623,
          744877619537387,
          744877619495404,
          744877619592554
        ],
        "scheduled_start_target_ns_by_rank": [
          744877624592554,
          744877624592554,
          744877624592554,
          744877624592554
        ],
        "start_record_bracket_ns_by_rank": [
          [
            744877624593108,
            744877624616554
          ],
          [
            744877624593030,
            744877624613437
          ],
          [
            744877624593025,
            744877624614644
          ],
          [
            744877624593573,
            744877624627193
          ]
        ],
        "start_record_envelope_span_ns": 34168,
        "variant": 1
      },
      {
        "collective_only": {
          "local_ms": 0.46000000834465027,
          "rank_max_ms": 0.46560001373291016,
          "rank_ms": [
            0.46000000834465027,
            0.46560001373291016,
            0.46272000670433044,
            0.4492799937725067
          ]
        },
        "pair_attempt_id": 107,
        "pair_retry_ordinal": 0,
        "position": 0,
        "readiness_probe_exact": true,
        "ready_region": {
          "local_ms": 0.5000640153884888,
          "rank_max_ms": 0.5046719908714294,
          "rank_ms": [
            0.5000640153884888,
            0.5046719908714294,
            0.5016639828681946,
            0.48927998542785645
          ]
        },
        "sample_index": 87,
        "scheduled_start_arrival_ns_by_rank": [
          744877629595545,
          744877629587117,
          744877629509367,
          744877629491520
        ],
        "scheduled_start_target_ns_by_rank": [
          744877634595545,
          744877634595545,
          744877634595545,
          744877634595545
        ],
        "start_record_bracket_ns_by_rank": [
          [
            744877634596232,
            744877634624446
          ],
          [
            744877634596002,
            744877634616838
          ],
          [
            744877634596063,
            744877634617871
          ],
          [
            744877634596718,
            744877634631536
          ]
        ],
        "start_record_envelope_span_ns": 35534,
        "variant": 0
      },
      {
        "collective_only": {
          "local_ms": 0.43859198689460754,
          "rank_max_ms": 0.43859198689460754,
          "rank_ms": [
            0.43859198689460754,
            0.43536001443862915,
            0.43513599038124084,
            0.43296000361442566
          ]
        },
        "pair_attempt_id": 108,
        "pair_retry_ordinal": 0,
        "position": 0,
        "readiness_probe_exact": true,
        "ready_region": {
          "local_ms": 0.4785600006580353,
          "rank_max_ms": 0.4785600006580353,
          "rank_ms": [
            0.4785600006580353,
            0.47545599937438965,
            0.4760960042476654,
            0.47283199429512024
          ]
        },
        "sample_index": 88,
        "scheduled_start_arrival_ns_by_rank": [
          744877641751831,
          744877641750990,
          744877641924097,
          744877642238341
        ],
        "scheduled_start_target_ns_by_rank": [
          744877647238341,
          744877647238341,
          744877647238341,
          744877647238341
        ],
        "start_record_bracket_ns_by_rank": [
          [
            744877647239059,
            744877647263596
          ],
          [
            744877647238867,
            744877647261000
          ],
          [
            744877647238957,
            744877647261856
          ],
          [
            744877647239241,
            744877647270969
          ]
        ],
        "start_record_envelope_span_ns": 32102,
        "variant": 1
      },
      {
        "collective_only": {
          "local_ms": 0.4671039879322052,
          "rank_max_ms": 0.474016010761261,
          "rank_ms": [
            0.4671039879322052,
            0.474016010761261,
            0.47177600860595703,
            0.46614399552345276
          ]
        },
        "pair_attempt_id": 109,
        "pair_retry_ordinal": 0,
        "position": 0,
        "readiness_probe_exact": true,
        "ready_region": {
          "local_ms": 0.5070719718933105,
          "rank_max_ms": 0.5130559802055359,
          "rank_ms": [
            0.5070719718933105,
            0.5130559802055359,
            0.5106880068778992,
            0.5060480237007141
          ]
        },
        "sample_index": 89,
        "scheduled_start_arrival_ns_by_rank": [
          744877653648714,
          744877653231066,
          744877653167703,
          744877653513369
        ],
        "scheduled_start_target_ns_by_rank": [
          744877658648714,
          744877658648714,
          744877658648714,
          744877658648714
        ],
        "start_record_bracket_ns_by_rank": [
          [
            744877658649741,
            744877658685545
          ],
          [
            744877658649160,
            744877658671727
          ],
          [
            744877658649355,
            744877658676991
          ],
          [
            744877658649986,
            744877658688136
          ]
        ],
        "start_record_envelope_span_ns": 38976,
        "variant": 0
      },
      {
        "collective_only": {
          "local_ms": 0.5199679732322693,
          "rank_max_ms": 0.5284159779548645,
          "rank_ms": [
            0.5199679732322693,
            0.5209599733352661,
            0.5284159779548645,
            0.5127679705619812
          ]
        },
        "pair_attempt_id": 110,
        "pair_retry_ordinal": 0,
        "position": 0,
        "readiness_probe_exact": true,
        "ready_region": {
          "local_ms": 0.5600000023841858,
          "rank_max_ms": 0.5674560070037842,
          "rank_ms": [
            0.5600000023841858,
            0.5609279870986938,
            0.5674560070037842,
            0.5527359843254089
          ]
        },
        "sample_index": 90,
        "scheduled_start_arrival_ns_by_rank": [
          744877663845720,
          744877663495264,
          744877663453722,
          744877663832064
        ],
        "scheduled_start_target_ns_by_rank": [
          744877668845720,
          744877668845720,
          744877668845720,
          744877668845720
        ],
        "start_record_bracket_ns_by_rank": [
          [
            744877668846777,
            744877668884180
          ],
          [
            744877668846254,
            744877668875270
          ],
          [
            744877668846381,
            744877668874049
          ],
          [
            744877668847452,
            744877668892290
          ]
        ],
        "start_record_envelope_span_ns": 46036,
        "variant": 1
      },
      {
        "collective_only": {
          "local_ms": 0.48822399973869324,
          "rank_max_ms": 0.50108802318573,
          "rank_ms": [
            0.48822399973869324,
            0.50108802318573,
            0.49478399753570557,
            0.48182401061058044
          ]
        },
        "pair_attempt_id": 111,
        "pair_retry_ordinal": 0,
        "position": 0,
        "readiness_probe_exact": true,
        "ready_region": {
          "local_ms": 0.5281919836997986,
          "rank_max_ms": 0.5412160158157349,
          "rank_ms": [
            0.5281919836997986,
            0.5412160158157349,
            0.5357440114021301,
            0.5227839946746826
          ]
        },
        "sample_index": 91,
        "scheduled_start_arrival_ns_by_rank": [
          744877674522859,
          744877674447001,
          744877673897042,
          744877673442474
        ],
        "scheduled_start_target_ns_by_rank": [
          744877679522859,
          744877679522859,
          744877679522859,
          744877679522859
        ],
        "start_record_bracket_ns_by_rank": [
          [
            744877679523885,
            744877679566969
          ],
          [
            744877679523340,
            744877679549394
          ],
          [
            744877679523392,
            744877679549479
          ],
          [
            744877679524175,
            744877679566628
          ]
        ],
        "start_record_envelope_span_ns": 43629,
        "variant": 0
      },
      {
        "collective_only": {
          "local_ms": 0.5532479882240295,
          "rank_max_ms": 0.5755519866943359,
          "rank_ms": [
            0.5532479882240295,
            0.5755519866943359,
            0.5576320290565491,
            0.5585920214653015
          ]
        },
        "pair_attempt_id": 112,
        "pair_retry_ordinal": 0,
        "position": 0,
        "readiness_probe_exact": true,
        "ready_region": {
          "local_ms": 0.5931199789047241,
          "rank_max_ms": 0.6155200004577637,
          "rank_ms": [
            0.5931199789047241,
            0.6155200004577637,
            0.5985599756240845,
            0.5974400043487549
          ]
        },
        "sample_index": 92,
        "scheduled_start_arrival_ns_by_rank": [
          744877684942158,
          744877684774973,
          744877684766360,
          744877684891661
        ],
        "scheduled_start_target_ns_by_rank": [
          744877689942158,
          744877689942158,
          744877689942158,
          744877689942158
        ],
        "start_record_bracket_ns_by_rank": [
          [
            744877689943144,
            744877689984312
          ],
          [
            744877689942752,
            744877689968236
          ],
          [
            744877689943780,
            744877689986010
          ],
          [
            744877689943203,
            744877689985276
          ]
        ],
        "start_record_envelope_span_ns": 43258,
        "variant": 1
      },
      {
        "collective_only": {
          "local_ms": 0.5105599761009216,
          "rank_max_ms": 0.5270079970359802,
          "rank_ms": [
            0.5105599761009216,
            0.5270079970359802,
            0.5193600058555603,
            0.5070400238037109
          ]
        },
        "pair_attempt_id": 113,
        "pair_retry_ordinal": 0,
        "position": 0,
        "readiness_probe_exact": true,
        "ready_region": {
          "local_ms": 0.5495359897613525,
          "rank_max_ms": 0.5659520030021667,
          "rank_ms": [
            0.5495359897613525,
            0.5659520030021667,
            0.5603200197219849,
            0.5470079779624939
          ]
        },
        "sample_index": 93,
        "scheduled_start_arrival_ns_by_rank": [
          744877696507629,
          744877696230548,
          744877696246686,
          744877696652761
        ],
        "scheduled_start_target_ns_by_rank": [
          744877701652761,
          744877701652761,
          744877701652761,
          744877701652761
        ],
        "start_record_bracket_ns_by_rank": [
          [
            744877701654123,
            744877701699684
          ],
          [
            744877701653248,
            744877701679286
          ],
          [
            744877701653284,
            744877701681033
          ],
          [
            744877701654383,
            744877701699772
          ]
        ],
        "start_record_envelope_span_ns": 46524,
        "variant": 0
      },
      {
        "collective_only": {
          "local_ms": 0.5418879985809326,
          "rank_max_ms": 0.5622720122337341,
          "rank_ms": [
            0.5418879985809326,
            0.5622720122337341,
            0.5581439733505249,
            0.536736011505127
          ]
        },
        "pair_attempt_id": 114,
        "pair_retry_ordinal": 0,
        "position": 0,
        "readiness_probe_exact": true,
        "ready_region": {
          "local_ms": 0.5819200277328491,
          "rank_max_ms": 0.6023359894752502,
          "rank_ms": [
            0.5819200277328491,
            0.6023359894752502,
            0.597055971622467,
            0.5767359733581543
          ]
        },
        "sample_index": 94,
        "scheduled_start_arrival_ns_by_rank": [
          744877707781313,
          744877707834851,
          744877708193231,
          744877707910907
        ],
        "scheduled_start_target_ns_by_rank": [
          744877713193231,
          744877713193231,
          744877713193231,
          744877713193231
        ],
        "start_record_bracket_ns_by_rank": [
          [
            744877713194703,
            744877713264223
          ],
          [
            744877713193844,
            744877713238230
          ],
          [
            744877713193763,
            744877713244588
          ],
          [
            744877713195035,
            744877713267852
          ]
        ],
        "start_record_envelope_span_ns": 74089,
        "variant": 1
      },
      {
        "collective_only": {
          "local_ms": 0.5654720067977905,
          "rank_max_ms": 0.5906239748001099,
          "rank_ms": [
            0.5654720067977905,
            0.5906239748001099,
            0.5651199817657471,
            0.5763199925422668
          ]
        },
        "pair_attempt_id": 115,
        "pair_retry_ordinal": 0,
        "position": 0,
        "readiness_probe_exact": true,
        "ready_region": {
          "local_ms": 0.6054400205612183,
          "rank_max_ms": 0.6295999884605408,
          "rank_ms": [
            0.6054400205612183,
            0.6295999884605408,
            0.6060799956321716,
            0.6161919832229614
          ]
        },
        "sample_index": 95,
        "scheduled_start_arrival_ns_by_rank": [
          744877720034317,
          744877719693623,
          744877720121113,
          744877719900213
        ],
        "scheduled_start_target_ns_by_rank": [
          744877725121113,
          744877725121113,
          744877725121113,
          744877725121113
        ],
        "start_record_bracket_ns_by_rank": [
          [
            744877725122342,
            744877725166997
          ],
          [
            744877725121692,
            744877725148141
          ],
          [
            744877725122484,
            744877725174477
          ],
          [
            744877725122148,
            744877725164766
          ]
        ],
        "start_record_envelope_span_ns": 52785,
        "variant": 0
      },
      {
        "collective_only": {
          "local_ms": 0.5055680274963379,
          "rank_max_ms": 0.5055680274963379,
          "rank_ms": [
            0.5055680274963379,
            0.5033919811248779,
            0.4986880123615265,
            0.48924800753593445
          ]
        },
        "pair_attempt_id": 116,
        "pair_retry_ordinal": 0,
        "position": 0,
        "readiness_probe_exact": true,
        "ready_region": {
          "local_ms": 0.5454400181770325,
          "rank_max_ms": 0.5454400181770325,
          "rank_ms": [
            0.5454400181770325,
            0.5432959794998169,
            0.5377600193023682,
            0.5290240049362183
          ]
        },
        "sample_index": 96,
        "scheduled_start_arrival_ns_by_rank": [
          744877731585535,
          744877731322948,
          744877731329284,
          744877731128291
        ],
        "scheduled_start_target_ns_by_rank": [
          744877736585535,
          744877736585535,
          744877736585535,
          744877736585535
        ],
        "start_record_bracket_ns_by_rank": [
          [
            744877736586108,
            744877736611569
          ],
          [
            744877736586062,
            744877736609042
          ],
          [
            744877736585993,
            744877736611986
          ],
          [
            744877736586637,
            744877736625827
          ]
        ],
        "start_record_envelope_span_ns": 39834,
        "variant": 1
      },
      {
        "collective_only": {
          "local_ms": 0.50108802318573,
          "rank_max_ms": 0.50108802318573,
          "rank_ms": [
            0.50108802318573,
            0.4866879880428314,
            0.4859519898891449,
            0.493120014667511
          ]
        },
        "pair_attempt_id": 117,
        "pair_retry_ordinal": 0,
        "position": 0,
        "readiness_probe_exact": true,
        "ready_region": {
          "local_ms": 0.5411840081214905,
          "rank_max_ms": 0.5411840081214905,
          "rank_ms": [
            0.5411840081214905,
            0.5275520086288452,
            0.527072012424469,
            0.53302401304245
          ]
        },
        "sample_index": 97,
        "scheduled_start_arrival_ns_by_rank": [
          744877740552632,
          744877740675823,
          744877741063329,
          744877740951013
        ],
        "scheduled_start_target_ns_by_rank": [
          744877746063329,
          744877746063329,
          744877746063329,
          744877746063329
        ],
        "start_record_bracket_ns_by_rank": [
          [
            744877746063829,
            744877746084879
          ],
          [
            744877746063831,
            744877746090857
          ],
          [
            744877746064057,
            744877746099120
          ],
          [
            744877746064347,
            744877746103252
          ]
        ],
        "start_record_envelope_span_ns": 39423,
        "variant": 0
      },
      {
        "collective_only": {
          "local_ms": 0.5264639854431152,
          "rank_max_ms": 0.5411520004272461,
          "rank_ms": [
            0.5264639854431152,
            0.5375679731369019,
            0.5411520004272461,
            0.5252799987792969
          ]
        },
        "pair_attempt_id": 119,
        "pair_retry_ordinal": 1,
        "position": 0,
        "readiness_probe_exact": true,
        "ready_region": {
          "local_ms": 0.5663999915122986,
          "rank_max_ms": 0.5803840160369873,
          "rank_ms": [
            0.5663999915122986,
            0.5785920023918152,
            0.5803840160369873,
            0.5652160048484802
          ]
        },
        "sample_index": 98,
        "scheduled_start_arrival_ns_by_rank": [
          744877766458442,
          744877766530001,
          744877765992883,
          744877766145974
        ],
        "scheduled_start_target_ns_by_rank": [
          744877771530001,
          744877771530001,
          744877771530001,
          744877771530001
        ],
        "start_record_bracket_ns_by_rank": [
          [
            744877771531044,
            744877771577920
          ],
          [
            744877771530693,
            744877771556223
          ],
          [
            744877771530567,
            744877771559555
          ],
          [
            744877771532032,
            744877771581049
          ]
        ],
        "start_record_envelope_span_ns": 50482,
        "variant": 0
      },
      {
        "collective_only": {
          "local_ms": 0.47180798649787903,
          "rank_max_ms": 0.4816640019416809,
          "rank_ms": [
            0.47180798649787903,
            0.4816640019416809,
            0.47699201107025146,
            0.46828800439834595
          ]
        },
        "pair_attempt_id": 120,
        "pair_retry_ordinal": 0,
        "position": 0,
        "readiness_probe_exact": true,
        "ready_region": {
          "local_ms": 0.5117440223693848,
          "rank_max_ms": 0.5206400156021118,
          "rank_ms": [
            0.5117440223693848,
            0.5206400156021118,
            0.5159040093421936,
            0.5084159970283508
          ]
        },
        "sample_index": 99,
        "scheduled_start_arrival_ns_by_rank": [
          744877777294701,
          744877776901000,
          744877776889633,
          744877777361500
        ],
        "scheduled_start_target_ns_by_rank": [
          744877782361500,
          744877782361500,
          744877782361500,
          744877782361500
        ],
        "start_record_bracket_ns_by_rank": [
          [
            744877782362513,
            744877782401593
          ],
          [
            744877782362001,
            744877782388744
          ],
          [
            744877782362013,
            744877782385682
          ],
          [
            744877782362727,
            744877782399852
          ]
        ],
        "start_record_envelope_span_ns": 39592,
        "variant": 1
      }
    ],
    "warmup_order": [
      [
        "reference"
      ],
      [
        "reference"
      ],
      [
        "reference"
      ],
      [
        "reference"
      ],
      [
        "reference"
      ],
      [
        "reference"
      ],
      [
        "reference"
      ],
      [
        "reference"
      ],
      [
        "reference"
      ],
      [
        "reference"
      ]
    ],
    "warmup_variants": [
      1,
      0,
      1,
      0,
      1,
      0,
      1,
      0,
      1,
      0
    ]
  },
  "readiness_probe": {
    "dtype": "torch.bfloat16",
    "full_tensor_consumer": "preallocated BF16 negation output",
    "full_tensor_validation": "exact on every warmup and measured sample",
    "num_elements": 60,
    "positions": [
      [
        0,
        0
      ],
      [
        0,
        1
      ],
      [
        0,
        2
      ],
      [
        0,
        3
      ],
      [
        0,
        2048
      ],
      [
        0,
        3072
      ],
      [
        0,
        6140
      ],
      [
        0,
        6141
      ],
      [
        0,
        6142
      ],
      [
        0,
        6143
      ],
      [
        1,
        0
      ],
      [
        1,
        1
      ],
      [
        1,
        2
      ],
      [
        1,
        3
      ],
      [
        1,
        2048
      ],
      [
        1,
        3072
      ],
      [
        1,
        6140
      ],
      [
        1,
        6141
      ],
      [
        1,
        6142
      ],
      [
        1,
        6143
      ],
      [
        2730,
        0
      ],
      [
        2730,
        1
      ],
      [
        2730,
        2
      ],
      [
        2730,
        3
      ],
      [
        2730,
        2048
      ],
      [
        2730,
        3072
      ],
      [
        2730,
        6140
      ],
      [
        2730,
        6141
      ],
      [
        2730,
        6142
      ],
      [
        2730,
        6143
      ],
      [
        4096,
        0
      ],
      [
        4096,
        1
      ],
      [
        4096,
        2
      ],
      [
        4096,
        3
      ],
      [
        4096,
        2048
      ],
      [
        4096,
        3072
      ],
      [
        4096,
        6140
      ],
      [
        4096,
        6141
      ],
      [
        4096,
        6142
      ],
      [
        4096,
        6143
      ],
      [
        8190,
        0
      ],
      [
        8190,
        1
      ],
      [
        8190,
        2
      ],
      [
        8190,
        3
      ],
      [
        8190,
        2048
      ],
      [
        8190,
        3072
      ],
      [
        8190,
        6140
      ],
      [
        8190,
        6141
      ],
      [
        8190,
        6142
      ],
      [
        8190,
        6143
      ],
      [
        8191,
        0
      ],
      [
        8191,
        1
      ],
      [
        8191,
        2
      ],
      [
        8191,
        3
      ],
      [
        8191,
        2048
      ],
      [
        8191,
        3072
      ],
      [
        8191,
        6140
      ],
      [
        8191,
        6141
      ],
      [
        8191,
        6142
      ],
      [
        8191,
        6143
      ]
    ],
    "validation": "exact on every warmup and measured sample"
  },
  "reference": {
    "collective_only": {
      "median_ms": 0.5177919864654541,
      "min_ms": 0.43859198689460754,
      "p95_ms": 0.8840000033378601
    },
    "gate_metric": "ready_region.rank_max_ms",
    "readiness_probe_overhead_median_ms": 0.03988797962665558,
    "ready_region": {
      "median_ms": 0.5570079982280731,
      "min_ms": 0.4785600006580353,
      "p95_ms": 0.9249600172042847
    }
  },
  "reference_policy": "SGLANG_GLM52_OPT=0 production GroupCoordinator path",
  "result_path": "/tmp/tp_allreduce_reachability_20260722T192433Z/baseline/prefill_run3.json",
  "schema_version": 2,
  "scope": "tp4_allreduce_diagnostic_only",
  "timing_contract": {
    "alignment_retry_admission": "scheduled arrivals, common targets, and start-record brackets only; collective and ready-region latency are excluded",
    "collective_only": "start event through event recorded immediately after run()",
    "gate_metric": "ready_region rank-max paired p50",
    "rank_start_alignment": "selected stream synchronized after restoration; TP CPU-group all-gather selects a common same-host monotonic deadline 5 ms after latest arrival; ranks busy-wait; host timestamps bracket every start-event record call; a host-only 500 us envelope predicate allows at most 10 physical attempts for the whole logical A/B pair; the exact input variant alternates on every physical pair",
    "ready_region": "start event through full-tensor same-stream negation and position-sensitive gather",
    "restoration": "variant source-to-local copy and consumer/probe poison occur before every start event"
  },
  "workload": {
    "distributed": true,
    "family": "allreduce",
    "name": "tp4_allreduce_prefill",
    "notes": "Standalone TP4/DP4 balanced 32768-token diagnostic; production caller/ABI not yet proven.",
    "params": {
      "dtype": "bfloat16",
      "hidden": 6144,
      "local_tokens": 8192
    },
    "phase": "prefill",
    "source_symbol": "sglang.srt.distributed.parallel_state.GroupCoordinator.all_reduce",
    "world_size": 4
  }
}
