started_utc=2026-07-22T19:29:37.654840023Z
command= /home/qinhaiyan/glm52-goal-runs/24-tp_allreduce_reachability/kernel-harness/serving_native/run.sh tp4_allreduce_decode_m16 --candidate /home/qinhaiyan/glm52-goal-runs/24-tp_allreduce_reachability/kernel-harness/serving_native/candidates/allreduce_torch.py --execution-mode cuda_graph --stream nondefault --warmup 10 --repeat 100 --output /tmp/tp_allreduce_reachability_20260722T192433Z/paired/m16_c10d_inplace.json
timeout_seconds=1800

*****************************************
Setting OMP_NUM_THREADS environment variable for each process to be 1 in default, to avoid your system being overloaded, please further tune the variable for optimal performance in your application as needed. 
*****************************************
/home/qinhaiyan/glm52-goal-runs/24-tp_allreduce_reachability/kernel-harness/.venv/lib/python3.12/site-packages/torch/distributed/c10d_logger.py:83: UserWarning: barrier(): using the device under current context. You can specify `device_id` in `init_process_group` to mute this warning.
  return func(*args, **kwargs)
[rank0]:[W722 19:29:49.609085459 ProcessGroupNCCL.cpp:5188] Guessing device ID based on global rank. This can cause a hang if rank to GPU mapping is heterogeneous. You can specify device_id in init_process_group()
{
  "all_reduce_trace": {
    "enabled": false,
    "evidence_valid": null,
    "failure_counts_by_rank": null,
    "measurement_instrumented": false,
    "paths_by_rank": null,
    "replay_limitation": "Python observes eager dispatch or CUDA graph capture only; CUDA graph replay does not re-enter this hook. Correlate stable kernel names in an Nsight Systems trace to prove replay execution."
  },
  "allreduce": {
    "candidate_capture_context_by_rank": [
      {
        "communicators": {
          "custom": {
            "algorithm": "ONE_SHOT_PUSH",
            "class": "sglang.srt.distributed.device_communicators.custom_all_reduce_v2.CustomAllReduceV2",
            "fields": {
              "config": "ModeConfig(one_shot_push_threshold=2097152, one_shot_pull_threshold=2097152)",
              "disabled": "False",
              "max_size": "16777216",
              "override_algo": "None",
              "rank": "0",
              "tms_cudagraph": "False",
              "world_size": "4"
            },
            "python_id": 125667869186752,
            "should_custom_ar": {
              "value": true
            }
          },
          "pymscclpp": {
            "should_mscclpp_allreduce": {
              "value": false
            }
          },
          "pynccl": {
            "class": "sglang.srt.distributed.device_communicators.pynccl.PyNcclCommunicator",
            "fields": {
              "disabled": "False",
              "rank": "0",
              "world_size": "4"
            },
            "python_id": 125667869353232,
            "symmetric_pool_enabled": {
              "value": false
            }
          },
          "quick": {
            "should_quick_allreduce": {
              "value": false
            }
          },
          "torch_symmetric_memory": {
            "should_torch_symm_mem_allreduce": {
              "value": false
            }
          }
        },
        "dtype": "torch.bfloat16",
        "execution_mode": "cuda_graph",
        "group_name": "tp:0",
        "group_ranks": [
          0,
          1,
          2,
          3
        ],
        "local_size": 0,
        "message_bytes": 196608,
        "phase": "candidate_capture",
        "predicted_reference_algorithm": "ONE_SHOT_PUSH",
        "predicted_reference_backend": "custom_all_reduce_outplace",
        "rank": 0,
        "shape": [
          16,
          6144
        ],
        "stream": {
          "cuda_stream": 96863133213856,
          "requested": "nondefault"
        },
        "stride": [
          6144,
          1
        ],
        "world_size": 4
      },
      {
        "communicators": {
          "custom": {
            "algorithm": "ONE_SHOT_PUSH",
            "class": "sglang.srt.distributed.device_communicators.custom_all_reduce_v2.CustomAllReduceV2",
            "fields": {
              "config": "ModeConfig(one_shot_push_threshold=2097152, one_shot_pull_threshold=2097152)",
              "disabled": "False",
              "max_size": "16777216",
              "override_algo": "None",
              "rank": "1",
              "tms_cudagraph": "False",
              "world_size": "4"
            },
            "python_id": 129052376732672,
            "should_custom_ar": {
              "value": true
            }
          },
          "pymscclpp": {
            "should_mscclpp_allreduce": {
              "value": false
            }
          },
          "pynccl": {
            "class": "sglang.srt.distributed.device_communicators.pynccl.PyNcclCommunicator",
            "fields": {
              "disabled": "False",
              "rank": "1",
              "world_size": "4"
            },
            "python_id": 129052246287104,
            "symmetric_pool_enabled": {
              "value": false
            }
          },
          "quick": {
            "should_quick_allreduce": {
              "value": false
            }
          },
          "torch_symmetric_memory": {
            "should_torch_symm_mem_allreduce": {
              "value": false
            }
          }
        },
        "dtype": "torch.bfloat16",
        "execution_mode": "cuda_graph",
        "group_name": "tp:0",
        "group_ranks": [
          0,
          1,
          2,
          3
        ],
        "local_size": 0,
        "message_bytes": 196608,
        "phase": "candidate_capture",
        "predicted_reference_algorithm": "ONE_SHOT_PUSH",
        "predicted_reference_backend": "custom_all_reduce_outplace",
        "rank": 1,
        "shape": [
          16,
          6144
        ],
        "stream": {
          "cuda_stream": 96196231822048,
          "requested": "nondefault"
        },
        "stride": [
          6144,
          1
        ],
        "world_size": 4
      },
      {
        "communicators": {
          "custom": {
            "algorithm": "ONE_SHOT_PUSH",
            "class": "sglang.srt.distributed.device_communicators.custom_all_reduce_v2.CustomAllReduceV2",
            "fields": {
              "config": "ModeConfig(one_shot_push_threshold=2097152, one_shot_pull_threshold=2097152)",
              "disabled": "False",
              "max_size": "16777216",
              "override_algo": "None",
              "rank": "2",
              "tms_cudagraph": "False",
              "world_size": "4"
            },
            "python_id": 132628140020688,
            "should_custom_ar": {
              "value": true
            }
          },
          "pymscclpp": {
            "should_mscclpp_allreduce": {
              "value": false
            }
          },
          "pynccl": {
            "class": "sglang.srt.distributed.device_communicators.pynccl.PyNcclCommunicator",
            "fields": {
              "disabled": "False",
              "rank": "2",
              "world_size": "4"
            },
            "python_id": 132628139156464,
            "symmetric_pool_enabled": {
              "value": false
            }
          },
          "quick": {
            "should_quick_allreduce": {
              "value": false
            }
          },
          "torch_symmetric_memory": {
            "should_torch_symm_mem_allreduce": {
              "value": false
            }
          }
        },
        "dtype": "torch.bfloat16",
        "execution_mode": "cuda_graph",
        "group_name": "tp:0",
        "group_ranks": [
          0,
          1,
          2,
          3
        ],
        "local_size": 0,
        "message_bytes": 196608,
        "phase": "candidate_capture",
        "predicted_reference_algorithm": "ONE_SHOT_PUSH",
        "predicted_reference_backend": "custom_all_reduce_outplace",
        "rank": 2,
        "shape": [
          16,
          6144
        ],
        "stream": {
          "cuda_stream": 100419260857792,
          "requested": "nondefault"
        },
        "stride": [
          6144,
          1
        ],
        "world_size": 4
      },
      {
        "communicators": {
          "custom": {
            "algorithm": "ONE_SHOT_PUSH",
            "class": "sglang.srt.distributed.device_communicators.custom_all_reduce_v2.CustomAllReduceV2",
            "fields": {
              "config": "ModeConfig(one_shot_push_threshold=2097152, one_shot_pull_threshold=2097152)",
              "disabled": "False",
              "max_size": "16777216",
              "override_algo": "None",
              "rank": "3",
              "tms_cudagraph": "False",
              "world_size": "4"
            },
            "python_id": 131424009452528,
            "should_custom_ar": {
              "value": true
            }
          },
          "pymscclpp": {
            "should_mscclpp_allreduce": {
              "value": false
            }
          },
          "pynccl": {
            "class": "sglang.srt.distributed.device_communicators.pynccl.PyNcclCommunicator",
            "fields": {
              "disabled": "False",
              "rank": "3",
              "world_size": "4"
            },
            "python_id": 131424009451184,
            "symmetric_pool_enabled": {
              "value": false
            }
          },
          "quick": {
            "should_quick_allreduce": {
              "value": false
            }
          },
          "torch_symmetric_memory": {
            "should_torch_symm_mem_allreduce": {
              "value": false
            }
          }
        },
        "dtype": "torch.bfloat16",
        "execution_mode": "cuda_graph",
        "group_name": "tp:0",
        "group_ranks": [
          0,
          1,
          2,
          3
        ],
        "local_size": 0,
        "message_bytes": 196608,
        "phase": "candidate_capture",
        "predicted_reference_algorithm": "ONE_SHOT_PUSH",
        "predicted_reference_backend": "custom_all_reduce_outplace",
        "rank": 3,
        "shape": [
          16,
          6144
        ],
        "stream": {
          "cuda_stream": 103377851185744,
          "requested": "nondefault"
        },
        "stride": [
          6144,
          1
        ],
        "world_size": 4
      }
    ],
    "candidate_contract_by_rank": [
      {
        "exact_values": true,
        "local_poststate": "reduced",
        "output": {
          "device": "cuda:0",
          "dtype": "torch.bfloat16",
          "shape": [
            16,
            6144
          ],
          "stride": [
            6144,
            1
          ]
        },
        "output_aliases_local": true,
        "source_immutable": true
      },
      {
        "exact_values": true,
        "local_poststate": "reduced",
        "output": {
          "device": "cuda:1",
          "dtype": "torch.bfloat16",
          "shape": [
            16,
            6144
          ],
          "stride": [
            6144,
            1
          ]
        },
        "output_aliases_local": true,
        "source_immutable": true
      },
      {
        "exact_values": true,
        "local_poststate": "reduced",
        "output": {
          "device": "cuda:2",
          "dtype": "torch.bfloat16",
          "shape": [
            16,
            6144
          ],
          "stride": [
            6144,
            1
          ]
        },
        "output_aliases_local": true,
        "source_immutable": true
      },
      {
        "exact_values": true,
        "local_poststate": "reduced",
        "output": {
          "device": "cuda:3",
          "dtype": "torch.bfloat16",
          "shape": [
            16,
            6144
          ],
          "stride": [
            6144,
            1
          ]
        },
        "output_aliases_local": true,
        "source_immutable": true
      }
    ],
    "exact_oracle": "hash[row,col]=(37*(row%127)+17*(col%127)+13*(row%127)*(col%127))%127; base_variant=((hash+shift)%127)-63 for shifts [0,31]; source=base+2*rank-(world_size-1); expected=world_size*base",
    "message_bytes": 196608,
    "reference_contract_by_rank": [
      {
        "exact_values": true,
        "local_poststate": "reduced",
        "output": {
          "device": "cuda:0",
          "dtype": "torch.bfloat16",
          "shape": [
            16,
            6144
          ],
          "stride": [
            6144,
            1
          ]
        },
        "output_aliases_local": true,
        "source_immutable": true
      },
      {
        "exact_values": true,
        "local_poststate": "reduced",
        "output": {
          "device": "cuda:1",
          "dtype": "torch.bfloat16",
          "shape": [
            16,
            6144
          ],
          "stride": [
            6144,
            1
          ]
        },
        "output_aliases_local": true,
        "source_immutable": true
      },
      {
        "exact_values": true,
        "local_poststate": "reduced",
        "output": {
          "device": "cuda:2",
          "dtype": "torch.bfloat16",
          "shape": [
            16,
            6144
          ],
          "stride": [
            6144,
            1
          ]
        },
        "output_aliases_local": true,
        "source_immutable": true
      },
      {
        "exact_values": true,
        "local_poststate": "reduced",
        "output": {
          "device": "cuda:3",
          "dtype": "torch.bfloat16",
          "shape": [
            16,
            6144
          ],
          "stride": [
            6144,
            1
          ]
        },
        "output_aliases_local": true,
        "source_immutable": true
      }
    ],
    "reference_dispatch_by_rank": [
      {
        "communicators": {
          "custom": {
            "algorithm": "ONE_SHOT_PUSH",
            "class": "sglang.srt.distributed.device_communicators.custom_all_reduce_v2.CustomAllReduceV2",
            "fields": {
              "config": "ModeConfig(one_shot_push_threshold=2097152, one_shot_pull_threshold=2097152)",
              "disabled": "False",
              "max_size": "16777216",
              "override_algo": "None",
              "rank": "0",
              "tms_cudagraph": "False",
              "world_size": "4"
            },
            "python_id": 125667869186752,
            "should_custom_ar": {
              "value": true
            }
          },
          "pymscclpp": {
            "should_mscclpp_allreduce": {
              "value": false
            }
          },
          "pynccl": {
            "class": "sglang.srt.distributed.device_communicators.pynccl.PyNcclCommunicator",
            "fields": {
              "disabled": "False",
              "rank": "0",
              "world_size": "4"
            },
            "python_id": 125667869353232,
            "symmetric_pool_enabled": {
              "value": false
            }
          },
          "quick": {
            "should_quick_allreduce": {
              "value": false
            }
          },
          "torch_symmetric_memory": {
            "should_torch_symm_mem_allreduce": {
              "value": false
            }
          }
        },
        "dtype": "torch.bfloat16",
        "execution_mode": "cuda_graph",
        "group_name": "tp:0",
        "group_ranks": [
          0,
          1,
          2,
          3
        ],
        "local_size": 0,
        "message_bytes": 196608,
        "phase": "reference_capture",
        "predicted_reference_algorithm": "ONE_SHOT_PUSH",
        "predicted_reference_backend": "custom_all_reduce_outplace",
        "rank": 0,
        "shape": [
          16,
          6144
        ],
        "stream": {
          "cuda_stream": 96863133213856,
          "requested": "nondefault"
        },
        "stride": [
          6144,
          1
        ],
        "world_size": 4
      },
      {
        "communicators": {
          "custom": {
            "algorithm": "ONE_SHOT_PUSH",
            "class": "sglang.srt.distributed.device_communicators.custom_all_reduce_v2.CustomAllReduceV2",
            "fields": {
              "config": "ModeConfig(one_shot_push_threshold=2097152, one_shot_pull_threshold=2097152)",
              "disabled": "False",
              "max_size": "16777216",
              "override_algo": "None",
              "rank": "1",
              "tms_cudagraph": "False",
              "world_size": "4"
            },
            "python_id": 129052376732672,
            "should_custom_ar": {
              "value": true
            }
          },
          "pymscclpp": {
            "should_mscclpp_allreduce": {
              "value": false
            }
          },
          "pynccl": {
            "class": "sglang.srt.distributed.device_communicators.pynccl.PyNcclCommunicator",
            "fields": {
              "disabled": "False",
              "rank": "1",
              "world_size": "4"
            },
            "python_id": 129052246287104,
            "symmetric_pool_enabled": {
              "value": false
            }
          },
          "quick": {
            "should_quick_allreduce": {
              "value": false
            }
          },
          "torch_symmetric_memory": {
            "should_torch_symm_mem_allreduce": {
              "value": false
            }
          }
        },
        "dtype": "torch.bfloat16",
        "execution_mode": "cuda_graph",
        "group_name": "tp:0",
        "group_ranks": [
          0,
          1,
          2,
          3
        ],
        "local_size": 0,
        "message_bytes": 196608,
        "phase": "reference_capture",
        "predicted_reference_algorithm": "ONE_SHOT_PUSH",
        "predicted_reference_backend": "custom_all_reduce_outplace",
        "rank": 1,
        "shape": [
          16,
          6144
        ],
        "stream": {
          "cuda_stream": 96196231822048,
          "requested": "nondefault"
        },
        "stride": [
          6144,
          1
        ],
        "world_size": 4
      },
      {
        "communicators": {
          "custom": {
            "algorithm": "ONE_SHOT_PUSH",
            "class": "sglang.srt.distributed.device_communicators.custom_all_reduce_v2.CustomAllReduceV2",
            "fields": {
              "config": "ModeConfig(one_shot_push_threshold=2097152, one_shot_pull_threshold=2097152)",
              "disabled": "False",
              "max_size": "16777216",
              "override_algo": "None",
              "rank": "2",
              "tms_cudagraph": "False",
              "world_size": "4"
            },
            "python_id": 132628140020688,
            "should_custom_ar": {
              "value": true
            }
          },
          "pymscclpp": {
            "should_mscclpp_allreduce": {
              "value": false
            }
          },
          "pynccl": {
            "class": "sglang.srt.distributed.device_communicators.pynccl.PyNcclCommunicator",
            "fields": {
              "disabled": "False",
              "rank": "2",
              "world_size": "4"
            },
            "python_id": 132628139156464,
            "symmetric_pool_enabled": {
              "value": false
            }
          },
          "quick": {
            "should_quick_allreduce": {
              "value": false
            }
          },
          "torch_symmetric_memory": {
            "should_torch_symm_mem_allreduce": {
              "value": false
            }
          }
        },
        "dtype": "torch.bfloat16",
        "execution_mode": "cuda_graph",
        "group_name": "tp:0",
        "group_ranks": [
          0,
          1,
          2,
          3
        ],
        "local_size": 0,
        "message_bytes": 196608,
        "phase": "reference_capture",
        "predicted_reference_algorithm": "ONE_SHOT_PUSH",
        "predicted_reference_backend": "custom_all_reduce_outplace",
        "rank": 2,
        "shape": [
          16,
          6144
        ],
        "stream": {
          "cuda_stream": 100419260857792,
          "requested": "nondefault"
        },
        "stride": [
          6144,
          1
        ],
        "world_size": 4
      },
      {
        "communicators": {
          "custom": {
            "algorithm": "ONE_SHOT_PUSH",
            "class": "sglang.srt.distributed.device_communicators.custom_all_reduce_v2.CustomAllReduceV2",
            "fields": {
              "config": "ModeConfig(one_shot_push_threshold=2097152, one_shot_pull_threshold=2097152)",
              "disabled": "False",
              "max_size": "16777216",
              "override_algo": "None",
              "rank": "3",
              "tms_cudagraph": "False",
              "world_size": "4"
            },
            "python_id": 131424009452528,
            "should_custom_ar": {
              "value": true
            }
          },
          "pymscclpp": {
            "should_mscclpp_allreduce": {
              "value": false
            }
          },
          "pynccl": {
            "class": "sglang.srt.distributed.device_communicators.pynccl.PyNcclCommunicator",
            "fields": {
              "disabled": "False",
              "rank": "3",
              "world_size": "4"
            },
            "python_id": 131424009451184,
            "symmetric_pool_enabled": {
              "value": false
            }
          },
          "quick": {
            "should_quick_allreduce": {
              "value": false
            }
          },
          "torch_symmetric_memory": {
            "should_torch_symm_mem_allreduce": {
              "value": false
            }
          }
        },
        "dtype": "torch.bfloat16",
        "execution_mode": "cuda_graph",
        "group_name": "tp:0",
        "group_ranks": [
          0,
          1,
          2,
          3
        ],
        "local_size": 0,
        "message_bytes": 196608,
        "phase": "reference_capture",
        "predicted_reference_algorithm": "ONE_SHOT_PUSH",
        "predicted_reference_backend": "custom_all_reduce_outplace",
        "rank": 3,
        "shape": [
          16,
          6144
        ],
        "stream": {
          "cuda_stream": 103377851185744,
          "requested": "nondefault"
        },
        "stride": [
          6144,
          1
        ],
        "world_size": 4
      }
    ]
  },
  "candidate": {
    "collective_only": {
      "median_ms": 0.05580800026655197,
      "min_ms": 0.04291199892759323,
      "p95_ms": 0.08928000181913376
    },
    "gate_metric": "ready_region.rank_max_ms",
    "manifest": {
      "entries": [
        {
          "path": "allreduce_torch.py",
          "sha256": "6793d235066fb8679fd98c1153e4d82741f195d4ba224449caa8ab38f9e07cd6",
          "size": 224,
          "type": "file"
        }
      ],
      "entrypoint": "/home/qinhaiyan/glm52-goal-runs/24-tp_allreduce_reachability/kernel-harness/serving_native/candidates/allreduce_torch.py",
      "entrypoint_sha256_at_import": "6793d235066fb8679fd98c1153e4d82741f195d4ba224449caa8ab38f9e07cd6",
      "excluded_generated_files": [
        "**/__pycache__/**",
        "**/*.pyc"
      ],
      "manifest_sha256": "af7a19e204b4fb90430c109efa28aa9528c22901d2452952d4afcb8a95e7c22f",
      "requested_path": "/home/qinhaiyan/glm52-goal-runs/24-tp_allreduce_reachability/kernel-harness/serving_native/candidates/allreduce_torch.py",
      "root": "/home/qinhaiyan/glm52-goal-runs/24-tp_allreduce_reachability/kernel-harness/serving_native/candidates"
    },
    "paired_p10_speedup": 0.7295576795023666,
    "paired_p90_speedup": 1.2958608495084953,
    "passes_3pct_median_gate": false,
    "readiness_probe_overhead_median_ms": 0.08556800149381161,
    "ready_region": {
      "median_ms": 0.14379200339317322,
      "min_ms": 0.10608000308275223,
      "p95_ms": 0.21612800657749176
    },
    "speedup": 0.9287581088660026,
    "speedup_metric": "paired ready-region rank-max"
  },
  "correctness": {
    "alternating_input_variants": 2,
    "candidate_state_guarded": true,
    "exact_full_checks": "before and after timing",
    "exact_full_tensor_consumer": "every warmup and measured sample",
    "exact_position_probe": "every warmup and measured sample",
    "passed": true,
    "validation_errors_aggregated_over_tp_cpu_group": true
  },
  "disposition": "tp4_diagnostic_no_replacement",
  "environment": {
    "device": {
      "capability": [
        10,
        0
      ],
      "name": "NVIDIA B200",
      "rank": 0,
      "total_memory": 191490555904
    },
    "device_by_rank": [
      {
        "capability": [
          10,
          0
        ],
        "name": "NVIDIA B200",
        "rank": 0,
        "total_memory": 191490555904
      },
      {
        "capability": [
          10,
          0
        ],
        "name": "NVIDIA B200",
        "rank": 1,
        "total_memory": 191490555904
      },
      {
        "capability": [
          10,
          0
        ],
        "name": "NVIDIA B200",
        "rank": 2,
        "total_memory": 191490555904
      },
      {
        "capability": [
          10,
          0
        ],
        "name": "NVIDIA B200",
        "rank": 3,
        "total_memory": 191490555904
      }
    ],
    "env": {
      "CUDA_VISIBLE_DEVICES": "0,1,2,3",
      "NCCL_ALGO": null,
      "NCCL_PROTO": null,
      "SGLANG_ALL_REDUCE_TRACE": null,
      "SGLANG_GLM52_OPT": "0",
      "SGLANG_OPT_USE_CUSTOM_ALL_REDUCE_V2": null,
      "SGLANG_ROOT": "/home/qinhaiyan/glm52-goal-runs/24-tp_allreduce_reachability/sglang"
    },
    "kernel_harness_git": {
      "branch": "goal/glm52-prod-24-tp_allreduce_reachability",
      "dirty": false,
      "root": "/home/qinhaiyan/glm52-goal-runs/24-tp_allreduce_reachability/kernel-harness",
      "sha": "bea4a8cd294a84f2d305cd023eb3fed281de4b1e",
      "status": []
    },
    "packages": {
      "flashinfer": {
        "path": "/mnt/OS-oKqEXySb/home/qinhaiyan/miniconda3/envs/sglang/lib/python3.12/site-packages/flashinfer/__init__.py",
        "version": "0.6.12"
      },
      "sgl_kernel": {
        "path": "/mnt/OS-oKqEXySb/home/qinhaiyan/miniconda3/envs/sglang/lib/python3.12/site-packages/sgl_kernel/__init__.py",
        "version": "0.4.4"
      },
      "sglang": {
        "path": "/home/qinhaiyan/glm52-goal-runs/24-tp_allreduce_reachability/sglang/python/sglang/__init__.py",
        "version": "0.5.15"
      },
      "torch": {
        "cuda": "13.0",
        "nccl": [
          2,
          28,
          9
        ],
        "path": "/mnt/OS-oKqEXySb/home/qinhaiyan/miniconda3/envs/sglang/lib/python3.12/site-packages/torch/__init__.py",
        "version": "2.11.0+cu130"
      },
      "triton": {
        "path": "/mnt/OS-oKqEXySb/home/qinhaiyan/miniconda3/envs/sglang/lib/python3.12/site-packages/triton/__init__.py",
        "version": "3.6.0"
      }
    },
    "python": "/home/qinhaiyan/glm52-goal-runs/24-tp_allreduce_reachability/kernel-harness/.venv/bin/python",
    "python_version": "3.12.13 | packaged by Anaconda, Inc. | (main, Jul  9 2026, 14:38:16) [GCC 14.3.0]",
    "sglang_git": {
      "branch": "goal/glm52-prod-24-tp_allreduce_reachability",
      "dirty": false,
      "root": "/home/qinhaiyan/glm52-goal-runs/24-tp_allreduce_reachability/sglang",
      "sha": "a91928c6f713d69722176a8d13781367e9b78dc4",
      "status": []
    }
  },
  "execution": {
    "cuda_stream": 96863133213856,
    "default_to_execution_waits_outside_timing": 7,
    "mode": "cuda_graph",
    "nvtx_measurement_range": "serving_native/tp4_allreduce_decode_m16/cuda_graph/nondefault/paired",
    "nvtx_rank_synchronization": "rank 0 push after a TP CPU-group barrier; all ranks wait at a second barrier before measurement and before rank 0 pop",
    "stream": "nondefault"
  },
  "gate": {
    "candidate_present": true,
    "metric": "paired ready-region rank-max p50 speedup",
    "minimum_speedup": 1.03,
    "passed": false,
    "performance_eligible": true,
    "stock_fallback_active": true
  },
  "production_acceptance": "This direct TP4 callable is not proof of the GLM serving caller/ABI and cannot be relabeled as TP8 evidence.",
  "raw_samples": {
    "alignment_policy": {
      "accepted_pair_attempts": 100,
      "admission_fields": [
        "scheduled_start_arrival_ns_by_rank",
        "scheduled_start_target_ns_by_rank",
        "start_record_bracket_ns_by_rank",
        "start_record_envelope_span_ns"
      ],
      "initial_input_variant": 1,
      "latency_fields_excluded": true,
      "max_pair_attempts": 10,
      "next_input_variant": 0,
      "rejected_pair_attempts": 7,
      "requested_logical_pairs": 100,
      "start_record_envelope_limit_ns": 500000,
      "total_pair_attempts": 107
    },
    "candidate": [
      {
        "collective_only": {
          "local_ms": 0.04992000013589859,
          "rank_max_ms": 0.06815999746322632,
          "rank_ms": [
            0.04992000013589859,
            0.05407999828457832,
            0.06815999746322632,
            0.06761600077152252
          ]
        },
        "pair_attempt_id": 0,
        "pair_retry_ordinal": 0,
        "position": 1,
        "readiness_probe_exact": true,
        "ready_region": {
          "local_ms": 0.19097599387168884,
          "rank_max_ms": 0.19097599387168884,
          "rank_ms": [
            0.19097599387168884,
            0.17494399845600128,
            0.12348800152540207,
            0.12492799758911133
          ]
        },
        "sample_index": 0,
        "scheduled_start_arrival_ns_by_rank": [
          744692935897689,
          744692935714318,
          744692935598136,
          744692935781382
        ],
        "scheduled_start_target_ns_by_rank": [
          744692940897689,
          744692940897689,
          744692940897689,
          744692940897689
        ],
        "start_record_bracket_ns_by_rank": [
          [
            744692940899602,
            744692940933440
          ],
          [
            744692940898664,
            744692940923768
          ],
          [
            744692940898313,
            744692940913981
          ],
          [
            744692940898224,
            744692940913449
          ]
        ],
        "start_record_envelope_span_ns": 35216,
        "variant": 1
      },
      {
        "collective_only": {
          "local_ms": 0.04092799872159958,
          "rank_max_ms": 0.05305600166320801,
          "rank_ms": [
            0.04092799872159958,
            0.04265600070357323,
            0.050655998289585114,
            0.05305600166320801
          ]
        },
        "pair_attempt_id": 1,
        "pair_retry_ordinal": 0,
        "position": 0,
        "readiness_probe_exact": true,
        "ready_region": {
          "local_ms": 0.12998400628566742,
          "rank_max_ms": 0.1342719942331314,
          "rank_ms": [
            0.12998400628566742,
            0.1342719942331314,
            0.11308799684047699,
            0.11724799871444702
          ]
        },
        "sample_index": 1,
        "scheduled_start_arrival_ns_by_rank": [
          744692943532968,
          744692943399816,
          744692943363069,
          744692943351495
        ],
        "scheduled_start_target_ns_by_rank": [
          744692948532968,
          744692948532968,
          744692948532968,
          744692948532968
        ],
        "start_record_bracket_ns_by_rank": [
          [
            744692948533689,
            744692948560005
          ],
          [
            744692948533763,
            744692948557861
          ],
          [
            744692948533517,
            744692948551801
          ],
          [
            744692948533450,
            744692948550436
          ]
        ],
        "start_record_envelope_span_ns": 26555,
        "variant": 0
      },
      {
        "collective_only": {
          "local_ms": 0.04108799993991852,
          "rank_max_ms": 0.04934399947524071,
          "rank_ms": [
            0.04108799993991852,
            0.04134399816393852,
            0.04934399947524071,
            0.04816000163555145
          ]
        },
        "pair_attempt_id": 2,
        "pair_retry_ordinal": 0,
        "position": 1,
        "readiness_probe_exact": true,
        "ready_region": {
          "local_ms": 0.12691199779510498,
          "rank_max_ms": 0.13254399597644806,
          "rank_ms": [
            0.12691199779510498,
            0.13254399597644806,
            0.10918399691581726,
            0.11974400281906128
          ]
        },
        "sample_index": 2,
        "scheduled_start_arrival_ns_by_rank": [
          744692966842761,
          744692966816078,
          744692966751602,
          744692966785093
        ],
        "scheduled_start_target_ns_by_rank": [
          744692971842761,
          744692971842761,
          744692971842761,
          744692971842761
        ],
        "start_record_bracket_ns_by_rank": [
          [
            744692971843845,
            744692971867710
          ],
          [
            744692971843468,
            744692971866186
          ],
          [
            744692971843409,
            744692971860846
          ],
          [
            744692971843563,
            744692971861541
          ]
        ],
        "start_record_envelope_span_ns": 24301,
        "variant": 1
      },
      {
        "collective_only": {
          "local_ms": 0.04124800115823746,
          "rank_max_ms": 0.0522879995405674,
          "rank_ms": [
            0.04124800115823746,
            0.04118400067090988,
            0.05116799846291542,
            0.0522879995405674
          ]
        },
        "pair_attempt_id": 3,
        "pair_retry_ordinal": 0,
        "position": 0,
        "readiness_probe_exact": true,
        "ready_region": {
          "local_ms": 0.12191999703645706,
          "rank_max_ms": 0.14444799721240997,
          "rank_ms": [
            0.12191999703645706,
            0.14444799721240997,
            0.11686400324106216,
            0.11568000167608261
          ]
        },
        "sample_index": 3,
        "scheduled_start_arrival_ns_by_rank": [
          744692976139583,
          744692976237477,
          744692976086253,
          744692975857563
        ],
        "scheduled_start_target_ns_by_rank": [
          744692981237477,
          744692981237477,
          744692981237477,
          744692981237477
        ],
        "start_record_bracket_ns_by_rank": [
          [
            744692981237987,
            744692981264587
          ],
          [
            744692981238330,
            744692981263813
          ],
          [
            744692981238017,
            744692981255868
          ],
          [
            744692981238054,
            744692981255169
          ]
        ],
        "start_record_envelope_span_ns": 26600,
        "variant": 0
      },
      {
        "collective_only": {
          "local_ms": 0.04294399917125702,
          "rank_max_ms": 0.045951999723911285,
          "rank_ms": [
            0.04294399917125702,
            0.03951999917626381,
            0.045951999723911285,
            0.045152001082897186
          ]
        },
        "pair_attempt_id": 4,
        "pair_retry_ordinal": 0,
        "position": 1,
        "readiness_probe_exact": true,
        "ready_region": {
          "local_ms": 0.11286400258541107,
          "rank_max_ms": 0.12105599790811539,
          "rank_ms": [
            0.11286400258541107,
            0.12105599790811539,
            0.11564800143241882,
            0.1170559972524643
          ]
        },
        "sample_index": 4,
        "scheduled_start_arrival_ns_by_rank": [
          744692999420857,
          744692999464542,
          744692999398502,
          744692999253334
        ],
        "scheduled_start_target_ns_by_rank": [
          744693004464542,
          744693004464542,
          744693004464542,
          744693004464542
        ],
        "start_record_bracket_ns_by_rank": [
          [
            744693004465066,
            744693004484268
          ],
          [
            744693004465229,
            744693004487144
          ],
          [
            744693004465039,
            744693004481867
          ],
          [
            744693004465213,
            744693004482475
          ]
        ],
        "start_record_envelope_span_ns": 22105,
        "variant": 1
      },
      {
        "collective_only": {
          "local_ms": 0.0414079986512661,
          "rank_max_ms": 0.05663999915122986,
          "rank_ms": [
            0.0414079986512661,
            0.04479999840259552,
            0.05663999915122986,
            0.056543998420238495
          ]
        },
        "pair_attempt_id": 5,
        "pair_retry_ordinal": 0,
        "position": 0,
        "readiness_probe_exact": true,
        "ready_region": {
          "local_ms": 0.1472640037536621,
          "rank_max_ms": 0.1472640037536621,
          "rank_ms": [
            0.1472640037536621,
            0.1287360042333603,
            0.12451200187206268,
            0.12124799937009811
          ]
        },
        "sample_index": 5,
        "scheduled_start_arrival_ns_by_rank": [
          744693010475742,
          744693010441710,
          744693010442706,
          744693010794723
        ],
        "scheduled_start_target_ns_by_rank": [
          744693015794723,
          744693015794723,
          744693015794723,
          744693015794723
        ],
        "start_record_bracket_ns_by_rank": [
          [
            744693015795668,
            744693015825352
          ],
          [
            744693015795332,
            744693015821782
          ],
          [
            744693015795275,
            744693015813285
          ],
          [
            744693015795282,
            744693015813037
          ]
        ],
        "start_record_envelope_span_ns": 30077,
        "variant": 0
      },
      {
        "collective_only": {
          "local_ms": 0.3229120075702667,
          "rank_max_ms": 0.3319360017776489,
          "rank_ms": [
            0.3229120075702667,
            0.32419198751449585,
            0.3319360017776489,
            0.055743999779224396
          ]
        },
        "pair_attempt_id": 6,
        "pair_retry_ordinal": 0,
        "position": 1,
        "readiness_probe_exact": true,
        "ready_region": {
          "local_ms": 0.33289599418640137,
          "rank_max_ms": 0.34169599413871765,
          "rank_ms": [
            0.33289599418640137,
            0.3336640000343323,
            0.34169599413871765,
            0.18240000307559967
          ]
        },
        "sample_index": 6,
        "scheduled_start_arrival_ns_by_rank": [
          744693034273194,
          744693034271817,
          744693034310075,
          744693034397269
        ],
        "scheduled_start_target_ns_by_rank": [
          744693039397269,
          744693039397269,
          744693039397269,
          744693039397269
        ],
        "start_record_bracket_ns_by_rank": [
          [
            744693039398000,
            744693039425942
          ],
          [
            744693039397920,
            744693039423189
          ],
          [
            744693039397796,
            744693039418145
          ],
          [
            744693039652204,
            744693039694699
          ]
        ],
        "start_record_envelope_span_ns": 296903,
        "variant": 1
      },
      {
        "collective_only": {
          "local_ms": 0.03807999938726425,
          "rank_max_ms": 0.05180799961090088,
          "rank_ms": [
            0.03807999938726425,
            0.043007999658584595,
            0.05180799961090088,
            0.0506879985332489
          ]
        },
        "pair_attempt_id": 7,
        "pair_retry_ordinal": 0,
        "position": 0,
        "readiness_probe_exact": true,
        "ready_region": {
          "local_ms": 0.1345600038766861,
          "rank_max_ms": 0.1345600038766861,
          "rank_ms": [
            0.1345600038766861,
            0.12217599898576736,
            0.12172800302505493,
            0.11929599940776825
          ]
        },
        "sample_index": 7,
        "scheduled_start_arrival_ns_by_rank": [
          744693042268772,
          744693042244466,
          744693042321664,
          744693042359233
        ],
        "scheduled_start_target_ns_by_rank": [
          744693047359233,
          744693047359233,
          744693047359233,
          744693047359233
        ],
        "start_record_bracket_ns_by_rank": [
          [
            744693047359939,
            744693047386103
          ],
          [
            744693047359815,
            744693047382121
          ],
          [
            744693047359729,
            744693047378047
          ],
          [
            744693047359785,
            744693047376742
          ]
        ],
        "start_record_envelope_span_ns": 26374,
        "variant": 0
      },
      {
        "collective_only": {
          "local_ms": 0.04755200073122978,
          "rank_max_ms": 0.06403200328350067,
          "rank_ms": [
            0.04755200073122978,
            0.05619199946522713,
            0.0631679967045784,
            0.06403200328350067
          ]
        },
        "pair_attempt_id": 8,
        "pair_retry_ordinal": 0,
        "position": 1,
        "readiness_probe_exact": true,
        "ready_region": {
          "local_ms": 0.1669120043516159,
          "rank_max_ms": 0.1669120043516159,
          "rank_ms": [
            0.1669120043516159,
            0.11919999867677689,
            0.11641599982976913,
            0.11478400230407715
          ]
        },
        "sample_index": 8,
        "scheduled_start_arrival_ns_by_rank": [
          744693064436412,
          744693064477145,
          744693064442197,
          744693064431370
        ],
        "scheduled_start_target_ns_by_rank": [
          744693069477145,
          744693069477145,
          744693069477145,
          744693069477145
        ],
        "start_record_bracket_ns_by_rank": [
          [
            744693069479163,
            744693069511397
          ],
          [
            744693069477790,
            744693069500262
          ],
          [
            744693069477571,
            744693069495807
          ],
          [
            744693069477633,
            744693069493479
          ]
        ],
        "start_record_envelope_span_ns": 33826,
        "variant": 1
      },
      {
        "collective_only": {
          "local_ms": 0.050592001527547836,
          "rank_max_ms": 0.06796800345182419,
          "rank_ms": [
            0.050592001527547836,
            0.05740800127387047,
            0.06697600334882736,
            0.06796800345182419
          ]
        },
        "pair_attempt_id": 9,
        "pair_retry_ordinal": 0,
        "position": 0,
        "readiness_probe_exact": true,
        "ready_region": {
          "local_ms": 0.18483200669288635,
          "rank_max_ms": 0.18483200669288635,
          "rank_ms": [
            0.18483200669288635,
            0.1353919953107834,
            0.14441600441932678,
            0.1143999993801117
          ]
        },
        "sample_index": 9,
        "scheduled_start_arrival_ns_by_rank": [
          744693072114170,
          744693072239192,
          744693072113313,
          744693072159739
        ],
        "scheduled_start_target_ns_by_rank": [
          744693077239192,
          744693077239192,
          744693077239192,
          744693077239192
        ],
        "start_record_bracket_ns_by_rank": [
          [
            744693077240810,
            744693077274132
          ],
          [
            744693077240125,
            744693077264202
          ],
          [
            744693077239756,
            744693077257906
          ],
          [
            744693077239700,
            744693077256348
          ]
        ],
        "start_record_envelope_span_ns": 34432,
        "variant": 0
      },
      {
        "collective_only": {
          "local_ms": 0.038784001022577286,
          "rank_max_ms": 0.0451200008392334,
          "rank_ms": [
            0.038784001022577286,
            0.03776000067591667,
            0.0424639992415905,
            0.0451200008392334
          ]
        },
        "pair_attempt_id": 10,
        "pair_retry_ordinal": 0,
        "position": 1,
        "readiness_probe_exact": true,
        "ready_region": {
          "local_ms": 0.1128000020980835,
          "rank_max_ms": 0.11654400080442429,
          "rank_ms": [
            0.1128000020980835,
            0.11203200370073318,
            0.11654400080442429,
            0.11612799763679504
          ]
        },
        "sample_index": 10,
        "scheduled_start_arrival_ns_by_rank": [
          744693094640238,
          744693094464243,
          744693094383389,
          744693094486915
        ],
        "scheduled_start_target_ns_by_rank": [
          744693099640238,
          744693099640238,
          744693099640238,
          744693099640238
        ],
        "start_record_bracket_ns_by_rank": [
          [
            744693099640792,
            744693099661471
          ],
          [
            744693099640743,
            744693099662119
          ],
          [
            744693099640762,
            744693099660273
          ],
          [
            744693099640763,
            744693099656209
          ]
        ],
        "start_record_envelope_span_ns": 21376,
        "variant": 1
      },
      {
        "collective_only": {
          "local_ms": 0.0432640016078949,
          "rank_max_ms": 0.04572800174355507,
          "rank_ms": [
            0.0432640016078949,
            0.0382080003619194,
            0.04572800174355507,
            0.04543999955058098
          ]
        },
        "pair_attempt_id": 11,
        "pair_retry_ordinal": 0,
        "position": 0,
        "readiness_probe_exact": true,
        "ready_region": {
          "local_ms": 0.10998400300741196,
          "rank_max_ms": 0.11948800086975098,
          "rank_ms": [
            0.10998400300741196,
            0.11737599968910217,
            0.11948800086975098,
            0.11264000087976456
          ]
        },
        "sample_index": 11,
        "scheduled_start_arrival_ns_by_rank": [
          744693102471955,
          744693102571418,
          744693102574224,
          744693102563810
        ],
        "scheduled_start_target_ns_by_rank": [
          744693107574224,
          744693107574224,
          744693107574224,
          744693107574224
        ],
        "start_record_bracket_ns_by_rank": [
          [
            744693107574770,
            744693107593219
          ],
          [
            744693107574753,
            744693107596639
          ],
          [
            744693107574729,
            744693107592581
          ],
          [
            744693107574723,
            744693107591044
          ]
        ],
        "start_record_envelope_span_ns": 21916,
        "variant": 0
      },
      {
        "collective_only": {
          "local_ms": 0.04054399952292442,
          "rank_max_ms": 0.04678399860858917,
          "rank_ms": [
            0.04054399952292442,
            0.03920000046491623,
            0.04678399860858917,
            0.04646399989724159
          ]
        },
        "pair_attempt_id": 12,
        "pair_retry_ordinal": 0,
        "position": 1,
        "readiness_probe_exact": true,
        "ready_region": {
          "local_ms": 0.12249600142240524,
          "rank_max_ms": 0.12249600142240524,
          "rank_ms": [
            0.12249600142240524,
            0.11673600226640701,
            0.11823999881744385,
            0.1128000020980835
          ]
        },
        "sample_index": 12,
        "scheduled_start_arrival_ns_by_rank": [
          744693127641987,
          744693127498174,
          744693127324018,
          744693127517018
        ],
        "scheduled_start_target_ns_by_rank": [
          744693132641987,
          744693132641987,
          744693132641987,
          744693132641987
        ],
        "start_record_bracket_ns_by_rank": [
          [
            744693132642708,
            744693132663458
          ],
          [
            744693132642500,
            744693132664409
          ],
          [
            744693132642497,
            744693132660829
          ],
          [
            744693132642488,
            744693132657923
          ]
        ],
        "start_record_envelope_span_ns": 21921,
        "variant": 1
      },
      {
        "collective_only": {
          "local_ms": 0.054207999259233475,
          "rank_max_ms": 0.10233599692583084,
          "rank_ms": [
            0.054207999259233475,
            0.08505599945783615,
            0.0926399976015091,
            0.10233599692583084
          ]
        },
        "pair_attempt_id": 13,
        "pair_retry_ordinal": 0,
        "position": 0,
        "readiness_probe_exact": true,
        "ready_region": {
          "local_ms": 0.23123200237751007,
          "rank_max_ms": 0.23123200237751007,
          "rank_ms": [
            0.23123200237751007,
            0.12838399410247803,
            0.13391999900341034,
            0.1215360015630722
          ]
        },
        "sample_index": 13,
        "scheduled_start_arrival_ns_by_rank": [
          744693135986844,
          744693135663503,
          744693135626631,
          744693135723586
        ],
        "scheduled_start_target_ns_by_rank": [
          744693140986844,
          744693140986844,
          744693140986844,
          744693140986844
        ],
        "start_record_bracket_ns_by_rank": [
          [
            744693140988950,
            744693141069446
          ],
          [
            744693140987520,
            744693141032673
          ],
          [
            744693140987270,
            744693141028541
          ],
          [
            744693140987345,
            744693141018274
          ]
        ],
        "start_record_envelope_span_ns": 82176,
        "variant": 0
      },
      {
        "collective_only": {
          "local_ms": 0.0504320003092289,
          "rank_max_ms": 0.0586559996008873,
          "rank_ms": [
            0.0504320003092289,
            0.050624001771211624,
            0.0586559996008873,
            0.05846399813890457
          ]
        },
        "pair_attempt_id": 14,
        "pair_retry_ordinal": 0,
        "position": 1,
        "readiness_probe_exact": true,
        "ready_region": {
          "local_ms": 0.17414399981498718,
          "rank_max_ms": 0.17414399981498718,
          "rank_ms": [
            0.17414399981498718,
            0.13414399325847626,
            0.14083200693130493,
            0.1375039964914322
          ]
        },
        "sample_index": 14,
        "scheduled_start_arrival_ns_by_rank": [
          744693160125962,
          744693160078997,
          744693159862453,
          744693159942238
        ],
        "scheduled_start_target_ns_by_rank": [
          744693165125962,
          744693165125962,
          744693165125962,
          744693165125962
        ],
        "start_record_bracket_ns_by_rank": [
          [
            744693165127632,
            744693165157185
          ],
          [
            744693165126629,
            744693165148861
          ],
          [
            744693165126615,
            744693165144437
          ],
          [
            744693165126550,
            744693165143466
          ]
        ],
        "start_record_envelope_span_ns": 30635,
        "variant": 1
      },
      {
        "collective_only": {
          "local_ms": 0.04419200122356415,
          "rank_max_ms": 0.05507199838757515,
          "rank_ms": [
            0.04419200122356415,
            0.04495999962091446,
            0.05507199838757515,
            0.05382400006055832
          ]
        },
        "pair_attempt_id": 15,
        "pair_retry_ordinal": 0,
        "position": 0,
        "readiness_probe_exact": true,
        "ready_region": {
          "local_ms": 0.16329599916934967,
          "rank_max_ms": 0.16329599916934967,
          "rank_ms": [
            0.16329599916934967,
            0.12326399981975555,
            0.12144000083208084,
            0.11177600175142288
          ]
        },
        "sample_index": 15,
        "scheduled_start_arrival_ns_by_rank": [
          744693167475305,
          744693167669241,
          744693167343865,
          744693167340944
        ],
        "scheduled_start_target_ns_by_rank": [
          744693172669241,
          744693172669241,
          744693172669241,
          744693172669241
        ],
        "start_record_bracket_ns_by_rank": [
          [
            744693172670173,
            744693172696625
          ],
          [
            744693172670045,
            744693172692786
          ],
          [
            744693172669839,
            744693172688169
          ],
          [
            744693172669736,
            744693172686607
          ]
        ],
        "start_record_envelope_span_ns": 26889,
        "variant": 0
      },
      {
        "collective_only": {
          "local_ms": 0.047040000557899475,
          "rank_max_ms": 0.06649599969387054,
          "rank_ms": [
            0.047040000557899475,
            0.0570559985935688,
            0.06649599969387054,
            0.06588800251483917
          ]
        },
        "pair_attempt_id": 16,
        "pair_retry_ordinal": 0,
        "position": 1,
        "readiness_probe_exact": true,
        "ready_region": {
          "local_ms": 0.20748800039291382,
          "rank_max_ms": 0.20748800039291382,
          "rank_ms": [
            0.20748800039291382,
            0.13369600474834442,
            0.14659200608730316,
            0.12992000579833984
          ]
        },
        "sample_index": 16,
        "scheduled_start_arrival_ns_by_rank": [
          744693189894327,
          744693189773695,
          744693189757847,
          744693189794471
        ],
        "scheduled_start_target_ns_by_rank": [
          744693194894327,
          744693194894327,
          744693194894327,
          744693194894327
        ],
        "start_record_bracket_ns_by_rank": [
          [
            744693194896118,
            744693194929775
          ],
          [
            744693194894944,
            744693194918314
          ],
          [
            744693194894909,
            744693194912363
          ],
          [
            744693194894822,
            744693194910236
          ]
        ],
        "start_record_envelope_span_ns": 34953,
        "variant": 1
      },
      {
        "collective_only": {
          "local_ms": 0.04092799872159958,
          "rank_max_ms": 0.04793599992990494,
          "rank_ms": [
            0.04092799872159958,
            0.039872001856565475,
            0.04572800174355507,
            0.04793599992990494
          ]
        },
        "pair_attempt_id": 17,
        "pair_retry_ordinal": 0,
        "position": 0,
        "readiness_probe_exact": true,
        "ready_region": {
          "local_ms": 0.12668800354003906,
          "rank_max_ms": 0.12668800354003906,
          "rank_ms": [
            0.12668800354003906,
            0.11372800171375275,
            0.11340799927711487,
            0.11001600325107574
          ]
        },
        "sample_index": 17,
        "scheduled_start_arrival_ns_by_rank": [
          744693196850290,
          744693196846487,
          744693196815608,
          744693196743006
        ],
        "scheduled_start_target_ns_by_rank": [
          744693201850290,
          744693201850290,
          744693201850290,
          744693201850290
        ],
        "start_record_bracket_ns_by_rank": [
          [
            744693201851015,
            744693201874002
          ],
          [
            744693201850995,
            744693201871505
          ],
          [
            744693201850803,
            744693201868784
          ],
          [
            744693201850760,
            744693201866203
          ]
        ],
        "start_record_envelope_span_ns": 23242,
        "variant": 0
      },
      {
        "collective_only": {
          "local_ms": 0.04451199993491173,
          "rank_max_ms": 0.0607680007815361,
          "rank_ms": [
            0.04451199993491173,
            0.05299200117588043,
            0.0607680007815361,
            0.0605119988322258
          ]
        },
        "pair_attempt_id": 18,
        "pair_retry_ordinal": 0,
        "position": 1,
        "readiness_probe_exact": true,
        "ready_region": {
          "local_ms": 0.19209599494934082,
          "rank_max_ms": 0.19209599494934082,
          "rank_ms": [
            0.19209599494934082,
            0.11126399785280228,
            0.10726399719715118,
            0.10515200346708298
          ]
        },
        "sample_index": 18,
        "scheduled_start_arrival_ns_by_rank": [
          744693218848498,
          744693218806778,
          744693218741507,
          744693218817638
        ],
        "scheduled_start_target_ns_by_rank": [
          744693223848498,
          744693223848498,
          744693223848498,
          744693223848498
        ],
        "start_record_bracket_ns_by_rank": [
          [
            744693223850381,
            744693223878899
          ],
          [
            744693223849136,
            744693223869058
          ],
          [
            744693223849059,
            744693223864311
          ],
          [
            744693223848990,
            744693223863652
          ]
        ],
        "start_record_envelope_span_ns": 29909,
        "variant": 1
      },
      {
        "collective_only": {
          "local_ms": 0.04070400074124336,
          "rank_max_ms": 0.055424001067876816,
          "rank_ms": [
            0.04070400074124336,
            0.046592000871896744,
            0.04447999969124794,
            0.055424001067876816
          ]
        },
        "pair_attempt_id": 19,
        "pair_retry_ordinal": 0,
        "position": 0,
        "readiness_probe_exact": true,
        "ready_region": {
          "local_ms": 0.15331199765205383,
          "rank_max_ms": 0.15331199765205383,
          "rank_ms": [
            0.15331199765205383,
            0.12355200201272964,
            0.11939200013875961,
            0.11091200262308121
          ]
        },
        "sample_index": 19,
        "scheduled_start_arrival_ns_by_rank": [
          744693226386111,
          744693226166179,
          744693226379612,
          744693226425756
        ],
        "scheduled_start_target_ns_by_rank": [
          744693231425756,
          744693231425756,
          744693231425756,
          744693231425756
        ],
        "start_record_bracket_ns_by_rank": [
          [
            744693231435318,
            744693231456939
          ],
          [
            744693231426624,
            744693231448950
          ],
          [
            744693231426272,
            744693231455657
          ],
          [
            744693231426232,
            744693231442157
          ]
        ],
        "start_record_envelope_span_ns": 30707,
        "variant": 0
      },
      {
        "collective_only": {
          "local_ms": 0.049536000937223434,
          "rank_max_ms": 0.06531199812889099,
          "rank_ms": [
            0.049536000937223434,
            0.05548800155520439,
            0.06518399715423584,
            0.06531199812889099
          ]
        },
        "pair_attempt_id": 20,
        "pair_retry_ordinal": 0,
        "position": 1,
        "readiness_probe_exact": true,
        "ready_region": {
          "local_ms": 0.20175999402999878,
          "rank_max_ms": 0.20175999402999878,
          "rank_ms": [
            0.20175999402999878,
            0.1316480040550232,
            0.11353600025177002,
            0.11727999895811081
          ]
        },
        "sample_index": 20,
        "scheduled_start_arrival_ns_by_rank": [
          744693250786004,
          744693250818923,
          744693250706769,
          744693250591102
        ],
        "scheduled_start_target_ns_by_rank": [
          744693255818923,
          744693255818923,
          744693255818923,
          744693255818923
        ],
        "start_record_bracket_ns_by_rank": [
          [
            744693255820681,
            744693255854202
          ],
          [
            744693255819660,
            744693255845161
          ],
          [
            744693255819442,
            744693255835751
          ],
          [
            744693255819384,
            744693255835638
          ]
        ],
        "start_record_envelope_span_ns": 34818,
        "variant": 1
      },
      {
        "collective_only": {
          "local_ms": 0.04118400067090988,
          "rank_max_ms": 0.04598399996757507,
          "rank_ms": [
            0.04118400067090988,
            0.03670400008559227,
            0.0453759990632534,
            0.04598399996757507
          ]
        },
        "pair_attempt_id": 21,
        "pair_retry_ordinal": 0,
        "position": 0,
        "readiness_probe_exact": true,
        "ready_region": {
          "local_ms": 0.11711999773979187,
          "rank_max_ms": 0.12108799815177917,
          "rank_ms": [
            0.11711999773979187,
            0.11574400216341019,
            0.12108799815177917,
            0.11481600254774094
          ]
        },
        "sample_index": 21,
        "scheduled_start_arrival_ns_by_rank": [
          744693258241348,
          744693258244004,
          744693258217535,
          744693258095027
        ],
        "scheduled_start_target_ns_by_rank": [
          744693263244004,
          744693263244004,
          744693263244004,
          744693263244004
        ],
        "start_record_bracket_ns_by_rank": [
          [
            744693263244644,
            744693263264085
          ],
          [
            744693263244550,
            744693263266479
          ],
          [
            744693263244570,
            744693263262792
          ],
          [
            744693263244511,
            744693263260813
          ]
        ],
        "start_record_envelope_span_ns": 21968,
        "variant": 0
      },
      {
        "collective_only": {
          "local_ms": 0.0432640016078949,
          "rank_max_ms": 0.056671999394893646,
          "rank_ms": [
            0.0432640016078949,
            0.046112000942230225,
            0.0549440011382103,
            0.056671999394893646
          ]
        },
        "pair_attempt_id": 22,
        "pair_retry_ordinal": 0,
        "position": 1,
        "readiness_probe_exact": true,
        "ready_region": {
          "local_ms": 0.13820800185203552,
          "rank_max_ms": 0.1382399946451187,
          "rank_ms": [
            0.13820800185203552,
            0.1382399946451187,
            0.11695999652147293,
            0.11766400188207626
          ]
        },
        "sample_index": 22,
        "scheduled_start_arrival_ns_by_rank": [
          744693280351421,
          744693280324840,
          744693280275474,
          744693280346407
        ],
        "scheduled_start_target_ns_by_rank": [
          744693285351421,
          744693285351421,
          744693285351421,
          744693285351421
        ],
        "start_record_bracket_ns_by_rank": [
          [
            744693285352394,
            744693285383439
          ],
          [
            744693285352340,
            744693285377310
          ],
          [
            744693285353333,
            744693285371630
          ],
          [
            744693285352088,
            744693285368171
          ]
        ],
        "start_record_envelope_span_ns": 31351,
        "variant": 1
      },
      {
        "collective_only": {
          "local_ms": 0.04831999912858009,
          "rank_max_ms": 0.06774400174617767,
          "rank_ms": [
            0.04831999912858009,
            0.06003199890255928,
            0.06403200328350067,
            0.06774400174617767
          ]
        },
        "pair_attempt_id": 23,
        "pair_retry_ordinal": 0,
        "position": 0,
        "readiness_probe_exact": true,
        "ready_region": {
          "local_ms": 0.20390400290489197,
          "rank_max_ms": 0.20390400290489197,
          "rank_ms": [
            0.20390400290489197,
            0.1154559999704361,
            0.11423999816179276,
            0.11219199746847153
          ]
        },
        "sample_index": 23,
        "scheduled_start_arrival_ns_by_rank": [
          744693287473712,
          744693287487486,
          744693287482991,
          744693287433054
        ],
        "scheduled_start_target_ns_by_rank": [
          744693292487486,
          744693292487486,
          744693292487486,
          744693292487486
        ],
        "start_record_bracket_ns_by_rank": [
          [
            744693292489489,
            744693292522619
          ],
          [
            744693292488157,
            744693292508868
          ],
          [
            744693292492235,
            744693292509672
          ],
          [
            744693292487908,
            744693292503408
          ]
        ],
        "start_record_envelope_span_ns": 34711,
        "variant": 0
      },
      {
        "collective_only": {
          "local_ms": 0.0504320003092289,
          "rank_max_ms": 0.06639999896287918,
          "rank_ms": [
            0.0504320003092289,
            0.05798399820923805,
            0.06480000168085098,
            0.06639999896287918
          ]
        },
        "pair_attempt_id": 24,
        "pair_retry_ordinal": 0,
        "position": 1,
        "readiness_probe_exact": true,
        "ready_region": {
          "local_ms": 0.1794240027666092,
          "rank_max_ms": 0.1794240027666092,
          "rank_ms": [
            0.1794240027666092,
            0.11580800265073776,
            0.11532799899578094,
            0.11503999680280685
          ]
        },
        "sample_index": 24,
        "scheduled_start_arrival_ns_by_rank": [
          744693310371685,
          744693310214336,
          744693310227630,
          744693310216608
        ],
        "scheduled_start_target_ns_by_rank": [
          744693315371685,
          744693315371685,
          744693315371685,
          744693315371685
        ],
        "start_record_bracket_ns_by_rank": [
          [
            744693315373649,
            744693315406049
          ],
          [
            744693315372394,
            744693315395000
          ],
          [
            744693315372188,
            744693315391123
          ],
          [
            744693315372297,
            744693315388613
          ]
        ],
        "start_record_envelope_span_ns": 33861,
        "variant": 1
      },
      {
        "collective_only": {
          "local_ms": 0.05027199909090996,
          "rank_max_ms": 0.06966400146484375,
          "rank_ms": [
            0.05027199909090996,
            0.05686400085687637,
            0.06966400146484375,
            0.06937599927186966
          ]
        },
        "pair_attempt_id": 25,
        "pair_retry_ordinal": 0,
        "position": 0,
        "readiness_probe_exact": true,
        "ready_region": {
          "local_ms": 0.2019840031862259,
          "rank_max_ms": 0.2019840031862259,
          "rank_ms": [
            0.2019840031862259,
            0.16172799468040466,
            0.14825600385665894,
            0.12511999905109406
          ]
        },
        "sample_index": 25,
        "scheduled_start_arrival_ns_by_rank": [
          744693318073098,
          744693317770475,
          744693317600590,
          744693317865084
        ],
        "scheduled_start_target_ns_by_rank": [
          744693323073098,
          744693323073098,
          744693323073098,
          744693323073098
        ],
        "start_record_bracket_ns_by_rank": [
          [
            744693323075262,
            744693323109750
          ],
          [
            744693323074284,
            744693323101502
          ],
          [
            744693323073627,
            744693323090721
          ],
          [
            744693323073650,
            744693323089798
          ]
        ],
        "start_record_envelope_span_ns": 36123,
        "variant": 0
      },
      {
        "collective_only": {
          "local_ms": 0.04646399989724159,
          "rank_max_ms": 0.06406400352716446,
          "rank_ms": [
            0.04646399989724159,
            0.052032001316547394,
            0.062144000083208084,
            0.06406400352716446
          ]
        },
        "pair_attempt_id": 26,
        "pair_retry_ordinal": 0,
        "position": 1,
        "readiness_probe_exact": true,
        "ready_region": {
          "local_ms": 0.18592000007629395,
          "rank_max_ms": 0.18592000007629395,
          "rank_ms": [
            0.18592000007629395,
            0.13974399864673615,
            0.12620800733566284,
            0.12732799351215363
          ]
        },
        "sample_index": 26,
        "scheduled_start_arrival_ns_by_rank": [
          744693340064267,
          744693339892030,
          744693339907018,
          744693339978738
        ],
        "scheduled_start_target_ns_by_rank": [
          744693345064267,
          744693345064267,
          744693345064267,
          744693345064267
        ],
        "start_record_bracket_ns_by_rank": [
          [
            744693345066257,
            744693345097668
          ],
          [
            744693345065244,
            744693345089635
          ],
          [
            744693345064790,
            744693345083602
          ],
          [
            744693345064902,
            744693345079943
          ]
        ],
        "start_record_envelope_span_ns": 32878,
        "variant": 1
      },
      {
        "collective_only": {
          "local_ms": 0.050592001527547836,
          "rank_max_ms": 0.07052800059318542,
          "rank_ms": [
            0.050592001527547836,
            0.06137600168585777,
            0.06732799857854843,
            0.07052800059318542
          ]
        },
        "pair_attempt_id": 27,
        "pair_retry_ordinal": 0,
        "position": 0,
        "readiness_probe_exact": true,
        "ready_region": {
          "local_ms": 0.20902399718761444,
          "rank_max_ms": 0.20902399718761444,
          "rank_ms": [
            0.20902399718761444,
            0.12707200646400452,
            0.1279039978981018,
            0.12067200243473053
          ]
        },
        "sample_index": 27,
        "scheduled_start_arrival_ns_by_rank": [
          744693347533561,
          744693347459526,
          744693347293388,
          744693347387830
        ],
        "scheduled_start_target_ns_by_rank": [
          744693352533561,
          744693352533561,
          744693352533561,
          744693352533561
        ],
        "start_record_bracket_ns_by_rank": [
          [
            744693352535677,
            744693352570681
          ],
          [
            744693352534079,
            744693352555867
          ],
          [
            744693352534090,
            744693352554571
          ],
          [
            744693352534048,
            744693352550242
          ]
        ],
        "start_record_envelope_span_ns": 36633,
        "variant": 0
      },
      {
        "collective_only": {
          "local_ms": 0.051263999193906784,
          "rank_max_ms": 0.0735040009021759,
          "rank_ms": [
            0.051263999193906784,
            0.06207999959588051,
            0.0716480016708374,
            0.0735040009021759
          ]
        },
        "pair_attempt_id": 28,
        "pair_retry_ordinal": 0,
        "position": 1,
        "readiness_probe_exact": true,
        "ready_region": {
          "local_ms": 0.1879040002822876,
          "rank_max_ms": 0.1879040002822876,
          "rank_ms": [
            0.1879040002822876,
            0.12569600343704224,
            0.11644800007343292,
            0.10950399935245514
          ]
        },
        "sample_index": 28,
        "scheduled_start_arrival_ns_by_rank": [
          744693372712363,
          744693372660650,
          744693372393503,
          744693372343259
        ],
        "scheduled_start_target_ns_by_rank": [
          744693377712363,
          744693377712363,
          744693377712363,
          744693377712363
        ],
        "start_record_bracket_ns_by_rank": [
          [
            744693377714893,
            744693377750720
          ],
          [
            744693377713409,
            744693377736891
          ],
          [
            744693377712870,
            744693377731130
          ],
          [
            744693377712954,
            744693377727606
          ]
        ],
        "start_record_envelope_span_ns": 37850,
        "variant": 1
      },
      {
        "collective_only": {
          "local_ms": 0.05411199852824211,
          "rank_max_ms": 0.07628799974918365,
          "rank_ms": [
            0.05411199852824211,
            0.06460800021886826,
            0.07628799974918365,
            0.07468800246715546
          ]
        },
        "pair_attempt_id": 29,
        "pair_retry_ordinal": 0,
        "position": 0,
        "readiness_probe_exact": true,
        "ready_region": {
          "local_ms": 0.21244800090789795,
          "rank_max_ms": 0.21244800090789795,
          "rank_ms": [
            0.21244800090789795,
            0.1475200057029724,
            0.13196800649166107,
            0.11593600362539291
          ]
        },
        "sample_index": 29,
        "scheduled_start_arrival_ns_by_rank": [
          744693380867740,
          744693380725640,
          744693380724180,
          744693380753365
        ],
        "scheduled_start_target_ns_by_rank": [
          744693385867740,
          744693385867740,
          744693385867740,
          744693385867740
        ],
        "start_record_bracket_ns_by_rank": [
          [
            744693385869878,
            744693385907904
          ],
          [
            744693385868669,
            744693385893412
          ],
          [
            744693385868192,
            744693385885284
          ],
          [
            744693385868251,
            744693385884940
          ]
        ],
        "start_record_envelope_span_ns": 39712,
        "variant": 0
      },
      {
        "collective_only": {
          "local_ms": 0.04064000025391579,
          "rank_max_ms": 0.0772479996085167,
          "rank_ms": [
            0.04064000025391579,
            0.0772479996085167,
            0.07292799651622772,
            0.06659200042486191
          ]
        },
        "pair_attempt_id": 30,
        "pair_retry_ordinal": 0,
        "position": 1,
        "readiness_probe_exact": true,
        "ready_region": {
          "local_ms": 0.12595200538635254,
          "rank_max_ms": 0.12595200538635254,
          "rank_ms": [
            0.12595200538635254,
            0.11030399799346924,
            0.11711999773979187,
            0.11619199812412262
          ]
        },
        "sample_index": 30,
        "scheduled_start_arrival_ns_by_rank": [
          744693403570265,
          744693403424800,
          744693403422263,
          744693403462043
        ],
        "scheduled_start_target_ns_by_rank": [
          744693408570265,
          744693408570265,
          744693408570265,
          744693408570265
        ],
        "start_record_bracket_ns_by_rank": [
          [
            744693408807543,
            744693408834995
          ],
          [
            744693408773865,
            744693408796731
          ],
          [
            744693408786990,
            744693408805049
          ],
          [
            744693408794148,
            744693408810991
          ]
        ],
        "start_record_envelope_span_ns": 61130,
        "variant": 1
      },
      {
        "collective_only": {
          "local_ms": 0.05452800169587135,
          "rank_max_ms": 0.05814399942755699,
          "rank_ms": [
            0.05452800169587135,
            0.048448000103235245,
            0.05814399942755699,
            0.05756799876689911
          ]
        },
        "pair_attempt_id": 31,
        "pair_retry_ordinal": 0,
        "position": 0,
        "readiness_probe_exact": true,
        "ready_region": {
          "local_ms": 0.13257600367069244,
          "rank_max_ms": 0.14124800264835358,
          "rank_ms": [
            0.13257600367069244,
            0.14124800264835358,
            0.13491199910640717,
            0.12838399410247803
          ]
        },
        "sample_index": 31,
        "scheduled_start_arrival_ns_by_rank": [
          744693410933756,
          744693410940376,
          744693410960564,
          744693410955468
        ],
        "scheduled_start_target_ns_by_rank": [
          744693415960564,
          744693415960564,
          744693415960564,
          744693415960564
        ],
        "start_record_bracket_ns_by_rank": [
          [
            744693415961056,
            744693415980915
          ],
          [
            744693415961181,
            744693415984559
          ],
          [
            744693415961146,
            744693415978945
          ],
          [
            744693415961115,
            744693415977755
          ]
        ],
        "start_record_envelope_span_ns": 23503,
        "variant": 0
      },
      {
        "collective_only": {
          "local_ms": 0.04233599826693535,
          "rank_max_ms": 0.05657599866390228,
          "rank_ms": [
            0.04233599826693535,
            0.049536000937223434,
            0.05657599866390228,
            0.055743999779224396
          ]
        },
        "pair_attempt_id": 32,
        "pair_retry_ordinal": 0,
        "position": 1,
        "readiness_probe_exact": true,
        "ready_region": {
          "local_ms": 0.13964800536632538,
          "rank_max_ms": 0.13964800536632538,
          "rank_ms": [
            0.13964800536632538,
            0.125791996717453,
            0.11814399808645248,
            0.1189119964838028
          ]
        },
        "sample_index": 32,
        "scheduled_start_arrival_ns_by_rank": [
          744693433466671,
          744693433424376,
          744693433403248,
          744693433436240
        ],
        "scheduled_start_target_ns_by_rank": [
          744693438466671,
          744693438466671,
          744693438466671,
          744693438466671
        ],
        "start_record_bracket_ns_by_rank": [
          [
            744693438467729,
            744693438497671
          ],
          [
            744693438467255,
            744693438490182
          ],
          [
            744693438467208,
            744693438484273
          ],
          [
            744693438467204,
            744693438484492
          ]
        ],
        "start_record_envelope_span_ns": 30467,
        "variant": 1
      },
      {
        "collective_only": {
          "local_ms": 0.04665600135922432,
          "rank_max_ms": 0.049695998430252075,
          "rank_ms": [
            0.04665600135922432,
            0.03916800022125244,
            0.049695998430252075,
            0.048928000032901764
          ]
        },
        "pair_attempt_id": 33,
        "pair_retry_ordinal": 0,
        "position": 0,
        "readiness_probe_exact": true,
        "ready_region": {
          "local_ms": 0.1382720023393631,
          "rank_max_ms": 0.1382720023393631,
          "rank_ms": [
            0.1382720023393631,
            0.13814400136470795,
            0.12988799810409546,
            0.13116799294948578
          ]
        },
        "sample_index": 33,
        "scheduled_start_arrival_ns_by_rank": [
          744693440852134,
          744693440890067,
          744693440853070,
          744693440910716
        ],
        "scheduled_start_target_ns_by_rank": [
          744693445910716,
          744693445910716,
          744693445910716,
          744693445910716
        ],
        "start_record_bracket_ns_by_rank": [
          [
            744693445911119,
            744693445928949
          ],
          [
            744693445911695,
            744693445934387
          ],
          [
            744693445911173,
            744693445927525
          ],
          [
            744693445911248,
            744693445927398
          ]
        ],
        "start_record_envelope_span_ns": 23268,
        "variant": 0
      },
      {
        "collective_only": {
          "local_ms": 0.047040000557899475,
          "rank_max_ms": 0.05619199946522713,
          "rank_ms": [
            0.047040000557899475,
            0.040608000010252,
            0.05619199946522713,
            0.05177599936723709
          ]
        },
        "pair_attempt_id": 34,
        "pair_retry_ordinal": 0,
        "position": 1,
        "readiness_probe_exact": true,
        "ready_region": {
          "local_ms": 0.14207999408245087,
          "rank_max_ms": 0.14860799908638,
          "rank_ms": [
            0.14207999408245087,
            0.14860799908638,
            0.12086399644613266,
            0.13331200182437897
          ]
        },
        "sample_index": 34,
        "scheduled_start_arrival_ns_by_rank": [
          744693465800777,
          744693465446169,
          744693465417686,
          744693465481077
        ],
        "scheduled_start_target_ns_by_rank": [
          744693470800777,
          744693470800777,
          744693470800777,
          744693470800777
        ],
        "start_record_bracket_ns_by_rank": [
          [
            744693470801583,
            744693470825770
          ],
          [
            744693470802001,
            744693470829908
          ],
          [
            744693470801429,
            744693470819121
          ],
          [
            744693470801455,
            744693470821911
          ]
        ],
        "start_record_envelope_span_ns": 28479,
        "variant": 1
      },
      {
        "collective_only": {
          "local_ms": 0.03625600039958954,
          "rank_max_ms": 0.05209600180387497,
          "rank_ms": [
            0.03625600039958954,
            0.042688000947237015,
            0.05209600180387497,
            0.05196800082921982
          ]
        },
        "pair_attempt_id": 35,
        "pair_retry_ordinal": 0,
        "position": 0,
        "readiness_probe_exact": true,
        "ready_region": {
          "local_ms": 0.13177600502967834,
          "rank_max_ms": 0.13177600502967834,
          "rank_ms": [
            0.13177600502967834,
            0.11615999788045883,
            0.1130559965968132,
            0.1143679991364479
          ]
        },
        "sample_index": 35,
        "scheduled_start_arrival_ns_by_rank": [
          744693474358160,
          744693474363932,
          744693474309490,
          744693474340243
        ],
        "scheduled_start_target_ns_by_rank": [
          744693479363932,
          744693479363932,
          744693479363932,
          744693479363932
        ],
        "start_record_bracket_ns_by_rank": [
          [
            744693479364618,
            744693479392076
          ],
          [
            744693479364501,
            744693479388396
          ],
          [
            744693479364514,
            744693479382711
          ],
          [
            744693479364459,
            744693479380813
          ]
        ],
        "start_record_envelope_span_ns": 27617,
        "variant": 0
      },
      {
        "collective_only": {
          "local_ms": 0.04483199864625931,
          "rank_max_ms": 0.0586559996008873,
          "rank_ms": [
            0.04483199864625931,
            0.0453759990632534,
            0.0586559996008873,
            0.05692800134420395
          ]
        },
        "pair_attempt_id": 36,
        "pair_retry_ordinal": 0,
        "position": 1,
        "readiness_probe_exact": true,
        "ready_region": {
          "local_ms": 0.1390399932861328,
          "rank_max_ms": 0.1390399932861328,
          "rank_ms": [
            0.1390399932861328,
            0.12268800288438797,
            0.10806400328874588,
            0.10943999886512756
          ]
        },
        "sample_index": 36,
        "scheduled_start_arrival_ns_by_rank": [
          744693497506273,
          744693497599552,
          744693497582755,
          744693497539927
        ],
        "scheduled_start_target_ns_by_rank": [
          744693502599552,
          744693502599552,
          744693502599552,
          744693502599552
        ],
        "start_record_bracket_ns_by_rank": [
          [
            744693502601159,
            744693502629202
          ],
          [
            744693502600423,
            744693502624683
          ],
          [
            744693502600095,
            744693502616259
          ],
          [
            744693502600092,
            744693502615311
          ]
        ],
        "start_record_envelope_span_ns": 29110,
        "variant": 1
      },
      {
        "collective_only": {
          "local_ms": 0.05027199909090996,
          "rank_max_ms": 0.06886400282382965,
          "rank_ms": [
            0.05027199909090996,
            0.06380800157785416,
            0.06886400282382965,
            0.06828799843788147
          ]
        },
        "pair_attempt_id": 37,
        "pair_retry_ordinal": 0,
        "position": 0,
        "readiness_probe_exact": true,
        "ready_region": {
          "local_ms": 0.1796800047159195,
          "rank_max_ms": 0.1796800047159195,
          "rank_ms": [
            0.1796800047159195,
            0.10611200332641602,
            0.11289600282907486,
            0.10969600081443787
          ]
        },
        "sample_index": 37,
        "scheduled_start_arrival_ns_by_rank": [
          744693505440434,
          744693505466487,
          744693505459469,
          744693505414663
        ],
        "scheduled_start_target_ns_by_rank": [
          744693510466487,
          744693510466487,
          744693510466487,
          744693510466487
        ],
        "start_record_bracket_ns_by_rank": [
          [
            744693510468454,
            744693510503146
          ],
          [
            744693510466967,
            744693510486878
          ],
          [
            744693510467013,
            744693510484480
          ],
          [
            744693510466958,
            744693510483003
          ]
        ],
        "start_record_envelope_span_ns": 36188,
        "variant": 0
      },
      {
        "collective_only": {
          "local_ms": 0.05152000114321709,
          "rank_max_ms": 0.07135999947786331,
          "rank_ms": [
            0.05152000114321709,
            0.05862399935722351,
            0.07135999947786331,
            0.07046400010585785
          ]
        },
        "pair_attempt_id": 38,
        "pair_retry_ordinal": 0,
        "position": 1,
        "readiness_probe_exact": true,
        "ready_region": {
          "local_ms": 0.17769600450992584,
          "rank_max_ms": 0.17769600450992584,
          "rank_ms": [
            0.17769600450992584,
            0.11952000111341476,
            0.11033599823713303,
            0.11443199962377548
          ]
        },
        "sample_index": 38,
        "scheduled_start_arrival_ns_by_rank": [
          744693528341501,
          744693528239210,
          744693528217386,
          744693528230582
        ],
        "scheduled_start_target_ns_by_rank": [
          744693533341501,
          744693533341501,
          744693533341501,
          744693533341501
        ],
        "start_record_bracket_ns_by_rank": [
          [
            744693533344040,
            744693533378635
          ],
          [
            744693533342253,
            744693533366163
          ],
          [
            744693533342035,
            744693533358545
          ],
          [
            744693533342087,
            744693533358597
          ]
        ],
        "start_record_envelope_span_ns": 36600,
        "variant": 1
      },
      {
        "collective_only": {
          "local_ms": 0.05180799961090088,
          "rank_max_ms": 0.08928000181913376,
          "rank_ms": [
            0.05180799961090088,
            0.06649599969387054,
            0.08924800157546997,
            0.08928000181913376
          ]
        },
        "pair_attempt_id": 39,
        "pair_retry_ordinal": 0,
        "position": 0,
        "readiness_probe_exact": true,
        "ready_region": {
          "local_ms": 0.21612800657749176,
          "rank_max_ms": 0.21612800657749176,
          "rank_ms": [
            0.21612800657749176,
            0.1273919939994812,
            0.12691199779510498,
            0.12988799810409546
          ]
        },
        "sample_index": 39,
        "scheduled_start_arrival_ns_by_rank": [
          744693538754485,
          744693538980654,
          744693538439740,
          744693538515062
        ],
        "scheduled_start_target_ns_by_rank": [
          744693543980654,
          744693543980654,
          744693543980654,
          744693543980654
        ],
        "start_record_bracket_ns_by_rank": [
          [
            744693543982801,
            744693544039308
          ],
          [
            744693543981662,
            744693544021307
          ],
          [
            744693543981191,
            744693544013906
          ],
          [
            744693543981119,
            744693544012687
          ]
        ],
        "start_record_envelope_span_ns": 58189,
        "variant": 0
      },
      {
        "collective_only": {
          "local_ms": 0.0498879998922348,
          "rank_max_ms": 0.07852800190448761,
          "rank_ms": [
            0.0498879998922348,
            0.06812799721956253,
            0.07852800190448761,
            0.07849600166082382
          ]
        },
        "pair_attempt_id": 40,
        "pair_retry_ordinal": 0,
        "position": 1,
        "readiness_probe_exact": true,
        "ready_region": {
          "local_ms": 0.1743360012769699,
          "rank_max_ms": 0.1743360012769699,
          "rank_ms": [
            0.1743360012769699,
            0.12566399574279785,
            0.10979200154542923,
            0.10864000022411346
          ]
        },
        "sample_index": 40,
        "scheduled_start_arrival_ns_by_rank": [
          744693563264015,
          744693563117171,
          744693563043643,
          744693563108764
        ],
        "scheduled_start_target_ns_by_rank": [
          744693568264015,
          744693568264015,
          744693568264015,
          744693568264015
        ],
        "start_record_bracket_ns_by_rank": [
          [
            744693568274531,
            744693568309191
          ],
          [
            744693568264764,
            744693568287388
          ],
          [
            744693568264594,
            744693568280662
          ],
          [
            744693568264519,
            744693568279696
          ]
        ],
        "start_record_envelope_span_ns": 44672,
        "variant": 1
      },
      {
        "collective_only": {
          "local_ms": 0.04732799902558327,
          "rank_max_ms": 0.06828799843788147,
          "rank_ms": [
            0.04732799902558327,
            0.0605119988322258,
            0.06828799843788147,
            0.0682239979505539
          ]
        },
        "pair_attempt_id": 41,
        "pair_retry_ordinal": 0,
        "position": 0,
        "readiness_probe_exact": true,
        "ready_region": {
          "local_ms": 0.1815039962530136,
          "rank_max_ms": 0.1815039962530136,
          "rank_ms": [
            0.1815039962530136,
            0.11488000303506851,
            0.11062400043010712,
            0.11148799955844879
          ]
        },
        "sample_index": 41,
        "scheduled_start_arrival_ns_by_rank": [
          744693572499274,
          744693572408140,
          744693572270001,
          744693572339653
        ],
        "scheduled_start_target_ns_by_rank": [
          744693577499274,
          744693577499274,
          744693577499274,
          744693577499274
        ],
        "start_record_bracket_ns_by_rank": [
          [
            744693577501821,
            744693577535696
          ],
          [
            744693577500042,
            744693577521985
          ],
          [
            744693577499732,
            744693577516882
          ],
          [
            744693577499833,
            744693577515747
          ]
        ],
        "start_record_envelope_span_ns": 35964,
        "variant": 0
      },
      {
        "collective_only": {
          "local_ms": 0.048895999789237976,
          "rank_max_ms": 0.07222399860620499,
          "rank_ms": [
            0.048895999789237976,
            0.06015999987721443,
            0.07222399860620499,
            0.07177600264549255
          ]
        },
        "pair_attempt_id": 42,
        "pair_retry_ordinal": 0,
        "position": 1,
        "readiness_probe_exact": true,
        "ready_region": {
          "local_ms": 0.22572800517082214,
          "rank_max_ms": 0.22572800517082214,
          "rank_ms": [
            0.22572800517082214,
            0.13228799402713776,
            0.11177600175142288,
            0.11209599673748016
          ]
        },
        "sample_index": 42,
        "scheduled_start_arrival_ns_by_rank": [
          744693597919601,
          744693597917396,
          744693598252018,
          744693600867918
        ],
        "scheduled_start_target_ns_by_rank": [
          744693605867918,
          744693605867918,
          744693605867918,
          744693605867918
        ],
        "start_record_bracket_ns_by_rank": [
          [
            744693605869989,
            744693605907258
          ],
          [
            744693605868507,
            744693605893892
          ],
          [
            744693605868452,
            744693605885691
          ],
          [
            744693605868467,
            744693605884041
          ]
        ],
        "start_record_envelope_span_ns": 38806,
        "variant": 1
      },
      {
        "collective_only": {
          "local_ms": 0.04483199864625931,
          "rank_max_ms": 0.0522879995405674,
          "rank_ms": [
            0.04483199864625931,
            0.0398080013692379,
            0.05215999856591225,
            0.0522879995405674
          ]
        },
        "pair_attempt_id": 43,
        "pair_retry_ordinal": 0,
        "position": 0,
        "readiness_probe_exact": true,
        "ready_region": {
          "local_ms": 0.1268479973077774,
          "rank_max_ms": 0.1424960047006607,
          "rank_ms": [
            0.1268479973077774,
            0.1424960047006607,
            0.1276800036430359,
            0.13091200590133667
          ]
        },
        "sample_index": 43,
        "scheduled_start_arrival_ns_by_rank": [
          744693609093025,
          744693608912118,
          744693608939758,
          744693608971622
        ],
        "scheduled_start_target_ns_by_rank": [
          744693614093025,
          744693614093025,
          744693614093025,
          744693614093025
        ],
        "start_record_bracket_ns_by_rank": [
          [
            744693614093656,
            744693614115596
          ],
          [
            744693614093926,
            744693614119099
          ],
          [
            744693614093481,
            744693614110545
          ],
          [
            744693614093549,
            744693614109720
          ]
        ],
        "start_record_envelope_span_ns": 25618,
        "variant": 0
      },
      {
        "collective_only": {
          "local_ms": 0.47091200947761536,
          "rank_max_ms": 0.5106559991836548,
          "rank_ms": [
            0.47091200947761536,
            0.5106559991836548,
            0.38383999466896057,
            0.04044799879193306
          ]
        },
        "pair_attempt_id": 44,
        "pair_retry_ordinal": 0,
        "position": 1,
        "readiness_probe_exact": true,
        "ready_region": {
          "local_ms": 0.4799039959907532,
          "rank_max_ms": 0.5202239751815796,
          "rank_ms": [
            0.4799039959907532,
            0.5202239751815796,
            0.3932479918003082,
            0.12243200093507767
          ]
        },
        "sample_index": 44,
        "scheduled_start_arrival_ns_by_rank": [
          744693632039612,
          744693632128556,
          744693632110896,
          744693632105303
        ],
        "scheduled_start_target_ns_by_rank": [
          744693637128556,
          744693637128556,
          744693637128556,
          744693637128556
        ],
        "start_record_bracket_ns_by_rank": [
          [
            744693639468024,
            744693639497507
          ],
          [
            744693639431307,
            744693639456511
          ],
          [
            744693639568823,
            744693639585925
          ],
          [
            744693639912158,
            744693639928652
          ]
        ],
        "start_record_envelope_span_ns": 497345,
        "variant": 1
      },
      {
        "collective_only": {
          "local_ms": 0.04201599955558777,
          "rank_max_ms": 0.05526399984955788,
          "rank_ms": [
            0.04201599955558777,
            0.04185599833726883,
            0.05385600030422211,
            0.05526399984955788
          ]
        },
        "pair_attempt_id": 45,
        "pair_retry_ordinal": 0,
        "position": 0,
        "readiness_probe_exact": true,
        "ready_region": {
          "local_ms": 0.13471999764442444,
          "rank_max_ms": 0.13471999764442444,
          "rank_ms": [
            0.13471999764442444,
            0.12812800705432892,
            0.10918399691581726,
            0.11135999858379364
          ]
        },
        "sample_index": 45,
        "scheduled_start_arrival_ns_by_rank": [
          744693644280353,
          744693644072421,
          744693643945220,
          744693643970924
        ],
        "scheduled_start_target_ns_by_rank": [
          744693649280353,
          744693649280353,
          744693649280353,
          744693649280353
        ],
        "start_record_bracket_ns_by_rank": [
          [
            744693649281307,
            744693649308393
          ],
          [
            744693649281038,
            744693649306181
          ],
          [
            744693649280956,
            744693649297731
          ],
          [
            744693649280870,
            744693649296733
          ]
        ],
        "start_record_envelope_span_ns": 27523,
        "variant": 0
      },
      {
        "collective_only": {
          "local_ms": 0.04243199899792671,
          "rank_max_ms": 0.05411199852824211,
          "rank_ms": [
            0.04243199899792671,
            0.04323200136423111,
            0.05379199981689453,
            0.05411199852824211
          ]
        },
        "pair_attempt_id": 46,
        "pair_retry_ordinal": 0,
        "position": 1,
        "readiness_probe_exact": true,
        "ready_region": {
          "local_ms": 0.14281600713729858,
          "rank_max_ms": 0.14281600713729858,
          "rank_ms": [
            0.14281600713729858,
            0.11510399729013443,
            0.11302399635314941,
            0.11190400272607803
          ]
        },
        "sample_index": 46,
        "scheduled_start_arrival_ns_by_rank": [
          744693673596169,
          744693673359283,
          744693673291790,
          744693673421075
        ],
        "scheduled_start_target_ns_by_rank": [
          744693678596169,
          744693678596169,
          744693678596169,
          744693678596169
        ],
        "start_record_bracket_ns_by_rank": [
          [
            744693678597104,
            744693678624219
          ],
          [
            744693678596671,
            744693678620542
          ],
          [
            744693678596629,
            744693678612363
          ],
          [
            744693678596645,
            744693678611355
          ]
        ],
        "start_record_envelope_span_ns": 27590,
        "variant": 1
      },
      {
        "collective_only": {
          "local_ms": 0.04473600164055824,
          "rank_max_ms": 0.05721599981188774,
          "rank_ms": [
            0.04473600164055824,
            0.04585599899291992,
            0.055743999779224396,
            0.05721599981188774
          ]
        },
        "pair_attempt_id": 47,
        "pair_retry_ordinal": 0,
        "position": 0,
        "readiness_probe_exact": true,
        "ready_region": {
          "local_ms": 0.13734400272369385,
          "rank_max_ms": 0.13734400272369385,
          "rank_ms": [
            0.13734400272369385,
            0.12303999811410904,
            0.12006399780511856,
            0.12332800030708313
          ]
        },
        "sample_index": 47,
        "scheduled_start_arrival_ns_by_rank": [
          744693682655063,
          744693682589746,
          744693682453695,
          744693682493532
        ],
        "scheduled_start_target_ns_by_rank": [
          744693687655063,
          744693687655063,
          744693687655063,
          744693687655063
        ],
        "start_record_bracket_ns_by_rank": [
          [
            744693687655974,
            744693687684514
          ],
          [
            744693687655903,
            744693687680649
          ],
          [
            744693687655604,
            744693687675532
          ],
          [
            744693687655500,
            744693687672921
          ]
        ],
        "start_record_envelope_span_ns": 29014,
        "variant": 0
      },
      {
        "collective_only": {
          "local_ms": 0.04243199899792671,
          "rank_max_ms": 0.05894400179386139,
          "rank_ms": [
            0.04243199899792671,
            0.04169600084424019,
            0.05772799998521805,
            0.05894400179386139
          ]
        },
        "pair_attempt_id": 48,
        "pair_retry_ordinal": 0,
        "position": 1,
        "readiness_probe_exact": true,
        "ready_region": {
          "local_ms": 0.14336000382900238,
          "rank_max_ms": 0.1507200002670288,
          "rank_ms": [
            0.14336000382900238,
            0.1507200002670288,
            0.1175680011510849,
            0.12307199835777283
          ]
        },
        "sample_index": 48,
        "scheduled_start_arrival_ns_by_rank": [
          744693711646280,
          744693711626488,
          744693711467634,
          744693711507657
        ],
        "scheduled_start_target_ns_by_rank": [
          744693716646280,
          744693716646280,
          744693716646280,
          744693716646280
        ],
        "start_record_bracket_ns_by_rank": [
          [
            744693716647674,
            744693716676909
          ],
          [
            744693716647412,
            744693716677461
          ],
          [
            744693716646865,
            744693716664459
          ],
          [
            744693716646805,
            744693716663592
          ]
        ],
        "start_record_envelope_span_ns": 30656,
        "variant": 1
      },
      {
        "collective_only": {
          "local_ms": 0.045184001326560974,
          "rank_max_ms": 0.05696000158786774,
          "rank_ms": [
            0.045184001326560974,
            0.040991999208927155,
            0.056352000683546066,
            0.05696000158786774
          ]
        },
        "pair_attempt_id": 49,
        "pair_retry_ordinal": 0,
        "position": 0,
        "readiness_probe_exact": true,
        "ready_region": {
          "local_ms": 0.12601600587368011,
          "rank_max_ms": 0.13792000710964203,
          "rank_ms": [
            0.12601600587368011,
            0.13792000710964203,
            0.11654400080442429,
            0.11737599968910217
          ]
        },
        "sample_index": 49,
        "scheduled_start_arrival_ns_by_rank": [
          744693720471794,
          744693719886534,
          744693720256070,
          744693720434276
        ],
        "scheduled_start_target_ns_by_rank": [
          744693725471794,
          744693725471794,
          744693725471794,
          744693725471794
        ],
        "start_record_bracket_ns_by_rank": [
          [
            744693725472387,
            744693725499578
          ],
          [
            744693725472820,
            744693725501747
          ],
          [
            744693725472351,
            744693725489915
          ],
          [
            744693725472266,
            744693725489919
          ]
        ],
        "start_record_envelope_span_ns": 29481,
        "variant": 0
      },
      {
        "collective_only": {
          "local_ms": 0.039423998445272446,
          "rank_max_ms": 0.056703999638557434,
          "rank_ms": [
            0.039423998445272446,
            0.04108799993991852,
            0.05644800141453743,
            0.056703999638557434
          ]
        },
        "pair_attempt_id": 50,
        "pair_retry_ordinal": 0,
        "position": 1,
        "readiness_probe_exact": true,
        "ready_region": {
          "local_ms": 0.17919999361038208,
          "rank_max_ms": 0.17919999361038208,
          "rank_ms": [
            0.17919999361038208,
            0.15094399452209473,
            0.11599999666213989,
            0.11699199676513672
          ]
        },
        "sample_index": 50,
        "scheduled_start_arrival_ns_by_rank": [
          744693746668973,
          744693746858512,
          744693746537359,
          744693746575739
        ],
        "scheduled_start_target_ns_by_rank": [
          744693751858512,
          744693751858512,
          744693751858512,
          744693751858512
        ],
        "start_record_bracket_ns_by_rank": [
          [
            744693751859465,
            744693751886811
          ],
          [
            744693751859242,
            744693751887586
          ],
          [
            744693751858994,
            744693751876446
          ],
          [
            744693751859098,
            744693751874943
          ]
        ],
        "start_record_envelope_span_ns": 28592,
        "variant": 1
      },
      {
        "collective_only": {
          "local_ms": 0.04428799822926521,
          "rank_max_ms": 0.0679360032081604,
          "rank_ms": [
            0.04428799822926521,
            0.05516799911856651,
            0.06630399823188782,
            0.0679360032081604
          ]
        },
        "pair_attempt_id": 51,
        "pair_retry_ordinal": 0,
        "position": 0,
        "readiness_probe_exact": true,
        "ready_region": {
          "local_ms": 0.18796800076961517,
          "rank_max_ms": 0.18796800076961517,
          "rank_ms": [
            0.18796800076961517,
            0.14339199662208557,
            0.1377280056476593,
            0.13129599392414093
          ]
        },
        "sample_index": 51,
        "scheduled_start_arrival_ns_by_rank": [
          744693755753253,
          744693755880992,
          744693755744039,
          744693756084187
        ],
        "scheduled_start_target_ns_by_rank": [
          744693761084187,
          744693761084187,
          744693761084187,
          744693761084187
        ],
        "start_record_bracket_ns_by_rank": [
          [
            744693761085735,
            744693761121052
          ],
          [
            744693761084811,
            744693761111242
          ],
          [
            744693761084748,
            744693761103729
          ],
          [
            744693761084650,
            744693761101528
          ]
        ],
        "start_record_envelope_span_ns": 36402,
        "variant": 0
      },
      {
        "collective_only": {
          "local_ms": 0.04153599962592125,
          "rank_max_ms": 0.05353600159287453,
          "rank_ms": [
            0.04153599962592125,
            0.042208001017570496,
            0.05353600159287453,
            0.05135999992489815
          ]
        },
        "pair_attempt_id": 52,
        "pair_retry_ordinal": 0,
        "position": 1,
        "readiness_probe_exact": true,
        "ready_region": {
          "local_ms": 0.13260799646377563,
          "rank_max_ms": 0.13260799646377563,
          "rank_ms": [
            0.13260799646377563,
            0.12585599720478058,
            0.10995200276374817,
            0.10784000158309937
          ]
        },
        "sample_index": 52,
        "scheduled_start_arrival_ns_by_rank": [
          744693782567913,
          744693782457625,
          744693782340619,
          744693782365440
        ],
        "scheduled_start_target_ns_by_rank": [
          744693787567913,
          744693787567913,
          744693787567913,
          744693787567913
        ],
        "start_record_bracket_ns_by_rank": [
          [
            744693787569190,
            744693787596838
          ],
          [
            744693787568592,
            744693787593399
          ],
          [
            744693787568442,
            744693787585268
          ],
          [
            744693787568440,
            744693787587379
          ]
        ],
        "start_record_envelope_span_ns": 28398,
        "variant": 1
      },
      {
        "collective_only": {
          "local_ms": 0.04278400167822838,
          "rank_max_ms": 0.05430399999022484,
          "rank_ms": [
            0.04278400167822838,
            0.04047999903559685,
            0.05430399999022484,
            0.05289600044488907
          ]
        },
        "pair_attempt_id": 54,
        "pair_retry_ordinal": 1,
        "position": 0,
        "readiness_probe_exact": true,
        "ready_region": {
          "local_ms": 0.13939200341701508,
          "rank_max_ms": 0.13939200341701508,
          "rank_ms": [
            0.13939200341701508,
            0.1318719983100891,
            0.1204800009727478,
            0.11350400000810623
          ]
        },
        "sample_index": 53,
        "scheduled_start_arrival_ns_by_rank": [
          744693810390521,
          744693810448609,
          744693810251176,
          744693810288033
        ],
        "scheduled_start_target_ns_by_rank": [
          744693815448609,
          744693815448609,
          744693815448609,
          744693815448609
        ],
        "start_record_bracket_ns_by_rank": [
          [
            744693815449353,
            744693815477702
          ],
          [
            744693815449355,
            744693815476655
          ],
          [
            744693815449156,
            744693815468420
          ],
          [
            744693815449125,
            744693815466042
          ]
        ],
        "start_record_envelope_span_ns": 28577,
        "variant": 1
      },
      {
        "collective_only": {
          "local_ms": 0.04339199885725975,
          "rank_max_ms": 0.049536000937223434,
          "rank_ms": [
            0.04339199885725975,
            0.03872000053524971,
            0.049056001007556915,
            0.049536000937223434
          ]
        },
        "pair_attempt_id": 55,
        "pair_retry_ordinal": 0,
        "position": 1,
        "readiness_probe_exact": true,
        "ready_region": {
          "local_ms": 0.11215999722480774,
          "rank_max_ms": 0.1186240017414093,
          "rank_ms": [
            0.11215999722480774,
            0.1186240017414093,
            0.10873600095510483,
            0.11577600240707397
          ]
        },
        "sample_index": 54,
        "scheduled_start_arrival_ns_by_rank": [
          744693837170172,
          744693837226757,
          744693837121123,
          744693837483009
        ],
        "scheduled_start_target_ns_by_rank": [
          744693842483009,
          744693842483009,
          744693842483009,
          744693842483009
        ],
        "start_record_bracket_ns_by_rank": [
          [
            744693842483740,
            744693842503328
          ],
          [
            744693842483662,
            744693842507693
          ],
          [
            744693842483463,
            744693842499475
          ],
          [
            744693842483526,
            744693842500885
          ]
        ],
        "start_record_envelope_span_ns": 24230,
        "variant": 0
      },
      {
        "collective_only": {
          "local_ms": 0.04188799858093262,
          "rank_max_ms": 0.05395200103521347,
          "rank_ms": [
            0.04188799858093262,
            0.0453759990632534,
            0.05302400141954422,
            0.05395200103521347
          ]
        },
        "pair_attempt_id": 56,
        "pair_retry_ordinal": 0,
        "position": 0,
        "readiness_probe_exact": true,
        "ready_region": {
          "local_ms": 0.1401599943637848,
          "rank_max_ms": 0.1401599943637848,
          "rank_ms": [
            0.1401599943637848,
            0.12144000083208084,
            0.11664000153541565,
            0.11657600104808807
          ]
        },
        "sample_index": 55,
        "scheduled_start_arrival_ns_by_rank": [
          744693845291393,
          744693844887291,
          744693844854237,
          744693844833025
        ],
        "scheduled_start_target_ns_by_rank": [
          744693850291393,
          744693850291393,
          744693850291393,
          744693850291393
        ],
        "start_record_bracket_ns_by_rank": [
          [
            744693850292183,
            744693850320413
          ],
          [
            744693850291994,
            744693850315654
          ],
          [
            744693850291894,
            744693850310715
          ],
          [
            744693850291842,
            744693850308943
          ]
        ],
        "start_record_envelope_span_ns": 28571,
        "variant": 1
      },
      {
        "collective_only": {
          "local_ms": 0.04131200164556503,
          "rank_max_ms": 0.05270399898290634,
          "rank_ms": [
            0.04131200164556503,
            0.039103999733924866,
            0.051231998950242996,
            0.05270399898290634
          ]
        },
        "pair_attempt_id": 57,
        "pair_retry_ordinal": 0,
        "position": 1,
        "readiness_probe_exact": true,
        "ready_region": {
          "local_ms": 0.1300159990787506,
          "rank_max_ms": 0.1300159990787506,
          "rank_ms": [
            0.1300159990787506,
            0.12223999947309494,
            0.10547199845314026,
            0.10358399897813797
          ]
        },
        "sample_index": 56,
        "scheduled_start_arrival_ns_by_rank": [
          744693871838315,
          744693871340528,
          744693871485316,
          744693871520057
        ],
        "scheduled_start_target_ns_by_rank": [
          744693876838315,
          744693876838315,
          744693876838315,
          744693876838315
        ],
        "start_record_bracket_ns_by_rank": [
          [
            744693876838942,
            744693876864236
          ],
          [
            744693876838928,
            744693876863702
          ],
          [
            744693876838725,
            744693876854917
          ],
          [
            744693876838704,
            744693876853152
          ]
        ],
        "start_record_envelope_span_ns": 25532,
        "variant": 0
      },
      {
        "collective_only": {
          "local_ms": 0.038495998829603195,
          "rank_max_ms": 0.05100800096988678,
          "rank_ms": [
            0.038495998829603195,
            0.04249599948525429,
            0.05100800096988678,
            0.04870399832725525
          ]
        },
        "pair_attempt_id": 58,
        "pair_retry_ordinal": 0,
        "position": 0,
        "readiness_probe_exact": true,
        "ready_region": {
          "local_ms": 0.12460800260305405,
          "rank_max_ms": 0.12460800260305405,
          "rank_ms": [
            0.12460800260305405,
            0.10918399691581726,
            0.10921599715948105,
            0.10790400207042694
          ]
        },
        "sample_index": 57,
        "scheduled_start_arrival_ns_by_rank": [
          744693880526778,
          744693880413941,
          744693880454098,
          744693880505138
        ],
        "scheduled_start_target_ns_by_rank": [
          744693885526778,
          744693885526778,
          744693885526778,
          744693885526778
        ],
        "start_record_bracket_ns_by_rank": [
          [
            744693885527500,
            744693885552929
          ],
          [
            744693885527350,
            744693885547597
          ],
          [
            744693885527255,
            744693885542628
          ],
          [
            744693885527254,
            744693885543475
          ]
        ],
        "start_record_envelope_span_ns": 25675,
        "variant": 1
      },
      {
        "collective_only": {
          "local_ms": 0.05084799975156784,
          "rank_max_ms": 0.0551999993622303,
          "rank_ms": [
            0.05084799975156784,
            0.03996799886226654,
            0.0551999993622303,
            0.053727999329566956
          ]
        },
        "pair_attempt_id": 59,
        "pair_retry_ordinal": 0,
        "position": 1,
        "readiness_probe_exact": true,
        "ready_region": {
          "local_ms": 0.13007999956607819,
          "rank_max_ms": 0.15558399260044098,
          "rank_ms": [
            0.13007999956607819,
            0.15558399260044098,
            0.13100799918174744,
            0.14582400023937225
          ]
        },
        "sample_index": 58,
        "scheduled_start_arrival_ns_by_rank": [
          744693909099770,
          744693908834060,
          744693909054016,
          744693909095583
        ],
        "scheduled_start_target_ns_by_rank": [
          744693914099770,
          744693914099770,
          744693914099770,
          744693914099770
        ],
        "start_record_bracket_ns_by_rank": [
          [
            744693914100178,
            744693914115765
          ],
          [
            744693914100514,
            744693914128979
          ],
          [
            744693914100326,
            744693914118121
          ],
          [
            744693914100270,
            744693914118630
          ]
        ],
        "start_record_envelope_span_ns": 28801,
        "variant": 0
      },
      {
        "collective_only": {
          "local_ms": 0.04032000154256821,
          "rank_max_ms": 0.060416001826524734,
          "rank_ms": [
            0.04032000154256821,
            0.04681599885225296,
            0.060416001826524734,
            0.060416001826524734
          ]
        },
        "pair_attempt_id": 60,
        "pair_retry_ordinal": 0,
        "position": 0,
        "readiness_probe_exact": true,
        "ready_region": {
          "local_ms": 0.15078400075435638,
          "rank_max_ms": 0.15078400075435638,
          "rank_ms": [
            0.15078400075435638,
            0.12015999853610992,
            0.12099199742078781,
            0.12188799679279327
          ]
        },
        "sample_index": 59,
        "scheduled_start_arrival_ns_by_rank": [
          744693918396472,
          744693918169519,
          744693918154293,
          744693918561686
        ],
        "scheduled_start_target_ns_by_rank": [
          744693923561686,
          744693923561686,
          744693923561686,
          744693923561686
        ],
        "start_record_bracket_ns_by_rank": [
          [
            744693923562841,
            744693923596135
          ],
          [
            744693923562141,
            744693923592346
          ],
          [
            744693923562196,
            744693923581890
          ],
          [
            744693923562130,
            744693923580860
          ]
        ],
        "start_record_envelope_span_ns": 34005,
        "variant": 1
      },
      {
        "collective_only": {
          "local_ms": 0.04012800008058548,
          "rank_max_ms": 0.047359999269247055,
          "rank_ms": [
            0.04012800008058548,
            0.04009599983692169,
            0.047359999269247055,
            0.04732799902558327
          ]
        },
        "pair_attempt_id": 61,
        "pair_retry_ordinal": 0,
        "position": 1,
        "readiness_probe_exact": true,
        "ready_region": {
          "local_ms": 0.14396800100803375,
          "rank_max_ms": 0.14396800100803375,
          "rank_ms": [
            0.14396800100803375,
            0.1305599957704544,
            0.12505599856376648,
            0.1412159949541092
          ]
        },
        "sample_index": 60,
        "scheduled_start_arrival_ns_by_rank": [
          744693950917620,
          744693950215593,
          744693950175161,
          744693950212981
        ],
        "scheduled_start_target_ns_by_rank": [
          744693955917620,
          744693955917620,
          744693955917620,
          744693955917620
        ],
        "start_record_bracket_ns_by_rank": [
          [
            744693955918297,
            744693955942008
          ],
          [
            744693955918217,
            744693955939697
          ],
          [
            744693955918126,
            744693955934338
          ],
          [
            744693955918118,
            744693955932936
          ]
        ],
        "start_record_envelope_span_ns": 23890,
        "variant": 0
      },
      {
        "collective_only": {
          "local_ms": 0.04089599847793579,
          "rank_max_ms": 0.05011200159788132,
          "rank_ms": [
            0.04089599847793579,
            0.039583999663591385,
            0.05008000135421753,
            0.05011200159788132
          ]
        },
        "pair_attempt_id": 62,
        "pair_retry_ordinal": 0,
        "position": 0,
        "readiness_probe_exact": true,
        "ready_region": {
          "local_ms": 0.1281919926404953,
          "rank_max_ms": 0.14486399292945862,
          "rank_ms": [
            0.1281919926404953,
            0.14486399292945862,
            0.11356800049543381,
            0.11369600147008896
          ]
        },
        "sample_index": 61,
        "scheduled_start_arrival_ns_by_rank": [
          744693960268663,
          744693960347354,
          744693959981954,
          744693960051540
        ],
        "scheduled_start_target_ns_by_rank": [
          744693965347354,
          744693965347354,
          744693965347354,
          744693965347354
        ],
        "start_record_bracket_ns_by_rank": [
          [
            744693965348126,
            744693965373491
          ],
          [
            744693965348082,
            744693965374527
          ],
          [
            744693965347837,
            744693965365833
          ],
          [
            744693965347890,
            744693965365516
          ]
        ],
        "start_record_envelope_span_ns": 26690,
        "variant": 1
      },
      {
        "collective_only": {
          "local_ms": 0.03711999952793121,
          "rank_max_ms": 0.044863998889923096,
          "rank_ms": [
            0.03711999952793121,
            0.03619199991226196,
            0.044863998889923096,
            0.04396799951791763
          ]
        },
        "pair_attempt_id": 63,
        "pair_retry_ordinal": 0,
        "position": 1,
        "readiness_probe_exact": true,
        "ready_region": {
          "local_ms": 0.10608000308275223,
          "rank_max_ms": 0.10608000308275223,
          "rank_ms": [
            0.10608000308275223,
            0.10329599678516388,
            0.09737599641084671,
            0.10262399911880493
          ]
        },
        "sample_index": 62,
        "scheduled_start_arrival_ns_by_rank": [
          744693991245441,
          744693991086120,
          744693991072997,
          744693991203948
        ],
        "scheduled_start_target_ns_by_rank": [
          744693996245441,
          744693996245441,
          744693996245441,
          744693996245441
        ],
        "start_record_bracket_ns_by_rank": [
          [
            744693996246154,
            744693996266724
          ],
          [
            744693996246058,
            744693996265475
          ],
          [
            744693996245963,
            744693996260932
          ],
          [
            744693996245960,
            744693996261690
          ]
        ],
        "start_record_envelope_span_ns": 20764,
        "variant": 0
      },
      {
        "collective_only": {
          "local_ms": 0.039135999977588654,
          "rank_max_ms": 0.04879999905824661,
          "rank_ms": [
            0.039135999977588654,
            0.039455998688936234,
            0.04879999905824661,
            0.046431999653577805
          ]
        },
        "pair_attempt_id": 64,
        "pair_retry_ordinal": 0,
        "position": 0,
        "readiness_probe_exact": true,
        "ready_region": {
          "local_ms": 0.11846400052309036,
          "rank_max_ms": 0.11846400052309036,
          "rank_ms": [
            0.11846400052309036,
            0.1042879968881607,
            0.10550399869680405,
            0.10857599973678589
          ]
        },
        "sample_index": 63,
        "scheduled_start_arrival_ns_by_rank": [
          744693999397718,
          744693999239402,
          744693999321819,
          744693999366181
        ],
        "scheduled_start_target_ns_by_rank": [
          744694004397718,
          744694004397718,
          744694004397718,
          744694004397718
        ],
        "start_record_bracket_ns_by_rank": [
          [
            744694004398356,
            744694004422034
          ],
          [
            744694004398232,
            744694004418762
          ],
          [
            744694004398190,
            744694004414333
          ],
          [
            744694004398189,
            744694004414083
          ]
        ],
        "start_record_envelope_span_ns": 23845,
        "variant": 1
      },
      {
        "collective_only": {
          "local_ms": 0.042399998754262924,
          "rank_max_ms": 0.05331199988722801,
          "rank_ms": [
            0.042399998754262924,
            0.040991999208927155,
            0.05331199988722801,
            0.05196800082921982
          ]
        },
        "pair_attempt_id": 65,
        "pair_retry_ordinal": 0,
        "position": 1,
        "readiness_probe_exact": true,
        "ready_region": {
          "local_ms": 0.1375039964914322,
          "rank_max_ms": 0.1375039964914322,
          "rank_ms": [
            0.1375039964914322,
            0.12707200646400452,
            0.10943999886512756,
            0.11020799726247787
          ]
        },
        "sample_index": 64,
        "scheduled_start_arrival_ns_by_rank": [
          744694031434154,
          744694031244804,
          744694031043789,
          744694031104198
        ],
        "scheduled_start_target_ns_by_rank": [
          744694036434154,
          744694036434154,
          744694036434154,
          744694036434154
        ],
        "start_record_bracket_ns_by_rank": [
          [
            744694036434894,
            744694036463692
          ],
          [
            744694036435050,
            744694036463512
          ],
          [
            744694036434670,
            744694036452688
          ],
          [
            744694036434629,
            744694036453402
          ]
        ],
        "start_record_envelope_span_ns": 29063,
        "variant": 0
      },
      {
        "collective_only": {
          "local_ms": 0.038495998829603195,
          "rank_max_ms": 0.0480320006608963,
          "rank_ms": [
            0.038495998829603195,
            0.036959998309612274,
            0.046879999339580536,
            0.0480320006608963
          ]
        },
        "pair_attempt_id": 67,
        "pair_retry_ordinal": 1,
        "position": 0,
        "readiness_probe_exact": true,
        "ready_region": {
          "local_ms": 0.10233599692583084,
          "rank_max_ms": 0.11500799655914307,
          "rank_ms": [
            0.10233599692583084,
            0.11500799655914307,
            0.11017599701881409,
            0.1027199998497963
          ]
        },
        "sample_index": 65,
        "scheduled_start_arrival_ns_by_rank": [
          744694062855461,
          744694062934767,
          744694062843739,
          744694063224051
        ],
        "scheduled_start_target_ns_by_rank": [
          744694068224051,
          744694068224051,
          744694068224051,
          744694068224051
        ],
        "start_record_bracket_ns_by_rank": [
          [
            744694068224663,
            744694068242720
          ],
          [
            744694068224900,
            744694068247876
          ],
          [
            744694068224509,
            744694068240397
          ],
          [
            744694068224550,
            744694068239172
          ]
        ],
        "start_record_envelope_span_ns": 23367,
        "variant": 0
      },
      {
        "collective_only": {
          "local_ms": 0.03683200106024742,
          "rank_max_ms": 0.04681599885225296,
          "rank_ms": [
            0.03683200106024742,
            0.03747199848294258,
            0.04681599885225296,
            0.0459199994802475
          ]
        },
        "pair_attempt_id": 68,
        "pair_retry_ordinal": 0,
        "position": 1,
        "readiness_probe_exact": true,
        "ready_region": {
          "local_ms": 0.10838399827480316,
          "rank_max_ms": 0.10838399827480316,
          "rank_ms": [
            0.10838399827480316,
            0.09958399832248688,
            0.09734400361776352,
            0.0963520035147667
          ]
        },
        "sample_index": 66,
        "scheduled_start_arrival_ns_by_rank": [
          744694089770687,
          744694089805914,
          744694089369127,
          744694089358946
        ],
        "scheduled_start_target_ns_by_rank": [
          744694094805914,
          744694094805914,
          744694094805914,
          744694094805914
        ],
        "start_record_bracket_ns_by_rank": [
          [
            744694094806665,
            744694094828406
          ],
          [
            744694094806413,
            744694094827180
          ],
          [
            744694094806431,
            744694094820956
          ],
          [
            744694094806505,
            744694094820441
          ]
        ],
        "start_record_envelope_span_ns": 21993,
        "variant": 1
      },
      {
        "collective_only": {
          "local_ms": 0.038816001266241074,
          "rank_max_ms": 0.04867200180888176,
          "rank_ms": [
            0.038816001266241074,
            0.0379519984126091,
            0.04867200180888176,
            0.047200001776218414
          ]
        },
        "pair_attempt_id": 69,
        "pair_retry_ordinal": 0,
        "position": 0,
        "readiness_probe_exact": true,
        "ready_region": {
          "local_ms": 0.1189119964838028,
          "rank_max_ms": 0.1189119964838028,
          "rank_ms": [
            0.1189119964838028,
            0.1162559986114502,
            0.10172799974679947,
            0.10367999970912933
          ]
        },
        "sample_index": 67,
        "scheduled_start_arrival_ns_by_rank": [
          744694098407642,
          744694098170786,
          744694097353457,
          744694097798862
        ],
        "scheduled_start_target_ns_by_rank": [
          744694103407642,
          744694103407642,
          744694103407642,
          744694103407642
        ],
        "start_record_bracket_ns_by_rank": [
          [
            744694103408240,
            744694103432380
          ],
          [
            744694103408427,
            744694103432052
          ],
          [
            744694103408099,
            744694103424492
          ],
          [
            744694103408179,
            744694103424183
          ]
        ],
        "start_record_envelope_span_ns": 24281,
        "variant": 0
      },
      {
        "collective_only": {
          "local_ms": 0.043935999274253845,
          "rank_max_ms": 0.050175998359918594,
          "rank_ms": [
            0.043935999274253845,
            0.037087999284267426,
            0.049375999718904495,
            0.050175998359918594
          ]
        },
        "pair_attempt_id": 72,
        "pair_retry_ordinal": 2,
        "position": 1,
        "readiness_probe_exact": true,
        "ready_region": {
          "local_ms": 0.12374400347471237,
          "rank_max_ms": 0.14880000054836273,
          "rank_ms": [
            0.12374400347471237,
            0.14880000054836273,
            0.12364800274372101,
            0.1265600025653839
          ]
        },
        "sample_index": 68,
        "scheduled_start_arrival_ns_by_rank": [
          744694166610151,
          744694166929999,
          744694166480140,
          744694166416931
        ],
        "scheduled_start_target_ns_by_rank": [
          744694171929999,
          744694171929999,
          744694171929999,
          744694171929999
        ],
        "start_record_bracket_ns_by_rank": [
          [
            744694171930555,
            744694171951058
          ],
          [
            744694171930618,
            744694171956058
          ],
          [
            744694171930521,
            744694171948055
          ],
          [
            744694171930488,
            744694171946879
          ]
        ],
        "start_record_envelope_span_ns": 25570,
        "variant": 1
      },
      {
        "collective_only": {
          "local_ms": 0.047168001532554626,
          "rank_max_ms": 0.0575999990105629,
          "rank_ms": [
            0.047168001532554626,
            0.04867200180888176,
            0.0575999990105629,
            0.055456001311540604
          ]
        },
        "pair_attempt_id": 73,
        "pair_retry_ordinal": 0,
        "position": 0,
        "readiness_probe_exact": true,
        "ready_region": {
          "local_ms": 0.16396799683570862,
          "rank_max_ms": 0.16396799683570862,
          "rank_ms": [
            0.16396799683570862,
            0.10876800119876862,
            0.11523199826478958,
            0.12220799922943115
          ]
        },
        "sample_index": 69,
        "scheduled_start_arrival_ns_by_rank": [
          744694175822779,
          744694175822076,
          744694175602902,
          744694175421101
        ],
        "scheduled_start_target_ns_by_rank": [
          744694180822779,
          744694180822779,
          744694180822779,
          744694180822779
        ],
        "start_record_bracket_ns_by_rank": [
          [
            744694180823798,
            744694180852476
          ],
          [
            744694180823271,
            744694180847688
          ],
          [
            744694180823233,
            744694180842325
          ],
          [
            744694180823300,
            744694180842348
          ]
        ],
        "start_record_envelope_span_ns": 29243,
        "variant": 0
      },
      {
        "collective_only": {
          "local_ms": 0.04358400031924248,
          "rank_max_ms": 0.061664000153541565,
          "rank_ms": [
            0.04358400031924248,
            0.04838399961590767,
            0.061664000153541565,
            0.06137600168585777
          ]
        },
        "pair_attempt_id": 74,
        "pair_retry_ordinal": 0,
        "position": 1,
        "readiness_probe_exact": true,
        "ready_region": {
          "local_ms": 0.14345599710941315,
          "rank_max_ms": 0.1592639982700348,
          "rank_ms": [
            0.14345599710941315,
            0.1592639982700348,
            0.12028799951076508,
            0.11584000289440155
          ]
        },
        "sample_index": 70,
        "scheduled_start_arrival_ns_by_rank": [
          744694202726825,
          744694202958456,
          744694202638698,
          744694202488150
        ],
        "scheduled_start_target_ns_by_rank": [
          744694207958456,
          744694207958456,
          744694207958456,
          744694207958456
        ],
        "start_record_bracket_ns_by_rank": [
          [
            744694207959516,
            744694207987407
          ],
          [
            744694207959220,
            744694207983737
          ],
          [
            744694207958975,
            744694207975345
          ],
          [
            744694207959045,
            744694207973648
          ]
        ],
        "start_record_envelope_span_ns": 28432,
        "variant": 1
      },
      {
        "collective_only": {
          "local_ms": 0.040511999279260635,
          "rank_max_ms": 0.05257600173354149,
          "rank_ms": [
            0.040511999279260635,
            0.046751998364925385,
            0.05190400034189224,
            0.05257600173354149
          ]
        },
        "pair_attempt_id": 75,
        "pair_retry_ordinal": 0,
        "position": 0,
        "readiness_probe_exact": true,
        "ready_region": {
          "local_ms": 0.13436800241470337,
          "rank_max_ms": 0.13436800241470337,
          "rank_ms": [
            0.13436800241470337,
            0.10639999806880951,
            0.11177600175142288,
            0.11267200112342834
          ]
        },
        "sample_index": 71,
        "scheduled_start_arrival_ns_by_rank": [
          744694212336780,
          744694212117493,
          744694211866458,
          744694211937665
        ],
        "scheduled_start_target_ns_by_rank": [
          744694217336780,
          744694217336780,
          744694217336780,
          744694217336780
        ],
        "start_record_bracket_ns_by_rank": [
          [
            744694217337531,
            744694217365400
          ],
          [
            744694217337305,
            744694217357846
          ],
          [
            744694217337220,
            744694217355698
          ],
          [
            744694217337304,
            744694217354378
          ]
        ],
        "start_record_envelope_span_ns": 28180,
        "variant": 0
      },
      {
        "collective_only": {
          "local_ms": 0.03766399994492531,
          "rank_max_ms": 0.05686400085687637,
          "rank_ms": [
            0.03766399994492531,
            0.043168000876903534,
            0.05686400085687637,
            0.055456001311540604
          ]
        },
        "pair_attempt_id": 76,
        "pair_retry_ordinal": 0,
        "position": 1,
        "readiness_probe_exact": true,
        "ready_region": {
          "local_ms": 0.14291200041770935,
          "rank_max_ms": 0.14291200041770935,
          "rank_ms": [
            0.14291200041770935,
            0.12691199779510498,
            0.11126399785280228,
            0.11068800091743469
          ]
        },
        "sample_index": 72,
        "scheduled_start_arrival_ns_by_rank": [
          744694238618723,
          744694238388390,
          744694238318311,
          744694238342950
        ],
        "scheduled_start_target_ns_by_rank": [
          744694243618723,
          744694243618723,
          744694243618723,
          744694243618723
        ],
        "start_record_bracket_ns_by_rank": [
          [
            744694243619513,
            744694243649160
          ],
          [
            744694243619651,
            744694243644925
          ],
          [
            744694243619289,
            744694243636299
          ],
          [
            744694243619167,
            744694243634669
          ]
        ],
        "start_record_envelope_span_ns": 29993,
        "variant": 1
      },
      {
        "collective_only": {
          "local_ms": 0.03939199820160866,
          "rank_max_ms": 0.048928000032901764,
          "rank_ms": [
            0.03939199820160866,
            0.03667199984192848,
            0.048928000032901764,
            0.04790399968624115
          ]
        },
        "pair_attempt_id": 77,
        "pair_retry_ordinal": 0,
        "position": 0,
        "readiness_probe_exact": true,
        "ready_region": {
          "local_ms": 0.115167997777462,
          "rank_max_ms": 0.115167997777462,
          "rank_ms": [
            0.115167997777462,
            0.1111999973654747,
            0.10038399696350098,
            0.0984639972448349
          ]
        },
        "sample_index": 73,
        "scheduled_start_arrival_ns_by_rank": [
          744694248389785,
          744694248345570,
          744694247659386,
          744694247869092
        ],
        "scheduled_start_target_ns_by_rank": [
          744694253389785,
          744694253389785,
          744694253389785,
          744694253389785
        ],
        "start_record_bracket_ns_by_rank": [
          [
            744694253390504,
            744694253413460
          ],
          [
            744694253390606,
            744694253413248
          ],
          [
            744694253390272,
            744694253405320
          ],
          [
            744694253390209,
            744694253404730
          ]
        ],
        "start_record_envelope_span_ns": 23251,
        "variant": 0
      },
      {
        "collective_only": {
          "local_ms": 0.06070400029420853,
          "rank_max_ms": 0.0764480009675026,
          "rank_ms": [
            0.06070400029420853,
            0.06726399809122086,
            0.07462400197982788,
            0.0764480009675026
          ]
        },
        "pair_attempt_id": 78,
        "pair_retry_ordinal": 0,
        "position": 1,
        "readiness_probe_exact": true,
        "ready_region": {
          "local_ms": 0.16927999258041382,
          "rank_max_ms": 0.16927999258041382,
          "rank_ms": [
            0.16927999258041382,
            0.100832000374794,
            0.107744000852108,
            0.10755199939012527
          ]
        },
        "sample_index": 74,
        "scheduled_start_arrival_ns_by_rank": [
          744694275970550,
          744694275732964,
          744694275603787,
          744694275876604
        ],
        "scheduled_start_target_ns_by_rank": [
          744694280970550,
          744694280970550,
          744694280970550,
          744694280970550
        ],
        "start_record_bracket_ns_by_rank": [
          [
            744694280972277,
            744694281016678
          ],
          [
            744694280971056,
            744694280990555
          ],
          [
            744694280971052,
            744694280986105
          ],
          [
            744694280971023,
            744694280984575
          ]
        ],
        "start_record_envelope_span_ns": 45655,
        "variant": 1
      },
      {
        "collective_only": {
          "local_ms": 0.03577600046992302,
          "rank_max_ms": 0.04291199892759323,
          "rank_ms": [
            0.03577600046992302,
            0.03641600161790848,
            0.041760001331567764,
            0.04291199892759323
          ]
        },
        "pair_attempt_id": 79,
        "pair_retry_ordinal": 0,
        "position": 0,
        "readiness_probe_exact": true,
        "ready_region": {
          "local_ms": 0.10153599828481674,
          "rank_max_ms": 0.10883200168609619,
          "rank_ms": [
            0.10153599828481674,
            0.10713600367307663,
            0.10787200182676315,
            0.10883200168609619
          ]
        },
        "sample_index": 75,
        "scheduled_start_arrival_ns_by_rank": [
          744694284610468,
          744694284646270,
          744694284584904,
          744694284682313
        ],
        "scheduled_start_target_ns_by_rank": [
          744694289682313,
          744694289682313,
          744694289682313,
          744694289682313
        ],
        "start_record_bracket_ns_by_rank": [
          [
            744694289682919,
            744694289700068
          ],
          [
            744694289683018,
            744694289703099
          ],
          [
            744694289682872,
            744694289700023
          ],
          [
            744694289682779,
            744694289697919
          ]
        ],
        "start_record_envelope_span_ns": 20320,
        "variant": 0
      },
      {
        "collective_only": {
          "local_ms": 0.04255999997258186,
          "rank_max_ms": 0.05455999821424484,
          "rank_ms": [
            0.04255999997258186,
            0.045791998505592346,
            0.05455999821424484,
            0.05446400120854378
          ]
        },
        "pair_attempt_id": 80,
        "pair_retry_ordinal": 0,
        "position": 1,
        "readiness_probe_exact": true,
        "ready_region": {
          "local_ms": 0.13811199367046356,
          "rank_max_ms": 0.13811199367046356,
          "rank_ms": [
            0.13811199367046356,
            0.1337279975414276,
            0.10131199657917023,
            0.11206399649381638
          ]
        },
        "sample_index": 76,
        "scheduled_start_arrival_ns_by_rank": [
          744694310068915,
          744694309937931,
          744694309801408,
          744694309844475
        ],
        "scheduled_start_target_ns_by_rank": [
          744694315068915,
          744694315068915,
          744694315068915,
          744694315068915
        ],
        "start_record_bracket_ns_by_rank": [
          [
            744694315069956,
            744694315096983
          ],
          [
            744694315069366,
            744694315091652
          ],
          [
            744694315069520,
            744694315084885
          ],
          [
            744694315069423,
            744694315083660
          ]
        ],
        "start_record_envelope_span_ns": 27617,
        "variant": 1
      },
      {
        "collective_only": {
          "local_ms": 0.04102399945259094,
          "rank_max_ms": 0.053279999643564224,
          "rank_ms": [
            0.04102399945259094,
            0.04265600070357323,
            0.053279999643564224,
            0.053119998425245285
          ]
        },
        "pair_attempt_id": 81,
        "pair_retry_ordinal": 0,
        "position": 0,
        "readiness_probe_exact": true,
        "ready_region": {
          "local_ms": 0.14655999839305878,
          "rank_max_ms": 0.14655999839305878,
          "rank_ms": [
            0.14655999839305878,
            0.1364479959011078,
            0.12787200510501862,
            0.13184000551700592
          ]
        },
        "sample_index": 77,
        "scheduled_start_arrival_ns_by_rank": [
          744694320103286,
          744694319528731,
          744694319627839,
          744694319689403
        ],
        "scheduled_start_target_ns_by_rank": [
          744694325103286,
          744694325103286,
          744694325103286,
          744694325103286
        ],
        "start_record_bracket_ns_by_rank": [
          [
            744694325104018,
            744694325131833
          ],
          [
            744694325103953,
            744694325127861
          ],
          [
            744694325103841,
            744694325121387
          ],
          [
            744694325103766,
            744694325119954
          ]
        ],
        "start_record_envelope_span_ns": 28067,
        "variant": 0
      },
      {
        "collective_only": {
          "local_ms": 0.03622400015592575,
          "rank_max_ms": 0.05145600065588951,
          "rank_ms": [
            0.03622400015592575,
            0.038047999143600464,
            0.05145600065588951,
            0.050592001527547836
          ]
        },
        "pair_attempt_id": 82,
        "pair_retry_ordinal": 0,
        "position": 1,
        "readiness_probe_exact": true,
        "ready_region": {
          "local_ms": 0.12140800058841705,
          "rank_max_ms": 0.12985600531101227,
          "rank_ms": [
            0.12140800058841705,
            0.12985600531101227,
            0.10963200032711029,
            0.11088000237941742
          ]
        },
        "sample_index": 78,
        "scheduled_start_arrival_ns_by_rank": [
          744694346816510,
          744694346628547,
          744694346493636,
          744694346572532
        ],
        "scheduled_start_target_ns_by_rank": [
          744694351816510,
          744694351816510,
          744694351816510,
          744694351816510
        ],
        "start_record_bracket_ns_by_rank": [
          [
            744694351817028,
            744694351843262
          ],
          [
            744694351817290,
            744694351843561
          ],
          [
            744694351817080,
            744694351833466
          ],
          [
            744694351817103,
            744694351833524
          ]
        ],
        "start_record_envelope_span_ns": 26533,
        "variant": 1
      },
      {
        "collective_only": {
          "local_ms": 0.043168000876903534,
          "rank_max_ms": 0.06163199990987778,
          "rank_ms": [
            0.043168000876903534,
            0.048767998814582825,
            0.06163199990987778,
            0.05567999929189682
          ]
        },
        "pair_attempt_id": 83,
        "pair_retry_ordinal": 0,
        "position": 0,
        "readiness_probe_exact": true,
        "ready_region": {
          "local_ms": 0.14528000354766846,
          "rank_max_ms": 0.14528000354766846,
          "rank_ms": [
            0.14528000354766846,
            0.12185599654912949,
            0.1128000020980835,
            0.12617599964141846
          ]
        },
        "sample_index": 79,
        "scheduled_start_arrival_ns_by_rank": [
          744694360781163,
          744694360813325,
          744694359891903,
          744694360198793
        ],
        "scheduled_start_target_ns_by_rank": [
          744694365813325,
          744694365813325,
          744694365813325,
          744694365813325
        ],
        "start_record_bracket_ns_by_rank": [
          [
            744694365814458,
            744694365847362
          ],
          [
            744694365814181,
            744694365840101
          ],
          [
            744694365813819,
            744694365831613
          ],
          [
            744694365813889,
            744694365836186
          ]
        ],
        "start_record_envelope_span_ns": 33543,
        "variant": 0
      },
      {
        "collective_only": {
          "local_ms": 0.04444799944758415,
          "rank_max_ms": 0.16777600347995758,
          "rank_ms": [
            0.04444799944758415,
            0.14336000382900238,
            0.16521599888801575,
            0.16777600347995758
          ]
        },
        "pair_attempt_id": 84,
        "pair_retry_ordinal": 0,
        "position": 1,
        "readiness_probe_exact": true,
        "ready_region": {
          "local_ms": 0.16448000073432922,
          "rank_max_ms": 0.17705599963665009,
          "rank_ms": [
            0.16448000073432922,
            0.1531199961900711,
            0.17452800273895264,
            0.17705599963665009
          ]
        },
        "sample_index": 80,
        "scheduled_start_arrival_ns_by_rank": [
          744694390180407,
          744694389690365,
          744694389656200,
          744694389747216
        ],
        "scheduled_start_target_ns_by_rank": [
          744694395180407,
          744694395180407,
          744694395180407,
          744694395180407
        ],
        "start_record_bracket_ns_by_rank": [
          [
            744694395295812,
            744694395328059
          ],
          [
            744694395181061,
            744694395227583
          ],
          [
            744694395181029,
            744694395208469
          ],
          [
            744694395180772,
            744694395206529
          ]
        ],
        "start_record_envelope_span_ns": 147287,
        "variant": 1
      },
      {
        "collective_only": {
          "local_ms": 0.048895999789237976,
          "rank_max_ms": 0.052671998739242554,
          "rank_ms": [
            0.048895999789237976,
            0.038816001266241074,
            0.05241600051522255,
            0.052671998739242554
          ]
        },
        "pair_attempt_id": 85,
        "pair_retry_ordinal": 0,
        "position": 0,
        "readiness_probe_exact": true,
        "ready_region": {
          "local_ms": 0.11260800063610077,
          "rank_max_ms": 0.13318400084972382,
          "rank_ms": [
            0.11260800063610077,
            0.13318400084972382,
            0.11372800171375275,
            0.1136000007390976
          ]
        },
        "sample_index": 81,
        "scheduled_start_arrival_ns_by_rank": [
          744694398739135,
          744694399221384,
          744694398422222,
          744694398914969
        ],
        "scheduled_start_target_ns_by_rank": [
          744694404221384,
          744694404221384,
          744694404221384,
          744694404221384
        ],
        "start_record_bracket_ns_by_rank": [
          [
            744694404221934,
            744694404241727
          ],
          [
            744694404222133,
            744694404249152
          ],
          [
            744694404221878,
            744694404240133
          ],
          [
            744694404221811,
            744694404238972
          ]
        ],
        "start_record_envelope_span_ns": 27341,
        "variant": 0
      },
      {
        "collective_only": {
          "local_ms": 0.04387199878692627,
          "rank_max_ms": 0.05756799876689911,
          "rank_ms": [
            0.04387199878692627,
            0.05104000121355057,
            0.05756799876689911,
            0.056671999394893646
          ]
        },
        "pair_attempt_id": 86,
        "pair_retry_ordinal": 0,
        "position": 1,
        "readiness_probe_exact": true,
        "ready_region": {
          "local_ms": 0.13913600146770477,
          "rank_max_ms": 0.13913600146770477,
          "rank_ms": [
            0.13913600146770477,
            0.10262399911880493,
            0.11558400094509125,
            0.1128000020980835
          ]
        },
        "sample_index": 82,
        "scheduled_start_arrival_ns_by_rank": [
          744694426171430,
          744694425884694,
          744694425998157,
          744694426059493
        ],
        "scheduled_start_target_ns_by_rank": [
          744694431171430,
          744694431171430,
          744694431171430,
          744694431171430
        ],
        "start_record_bracket_ns_by_rank": [
          [
            744694431173258,
            744694431209792
          ],
          [
            744694431171885,
            744694431199588
          ],
          [
            744694431171977,
            744694431198245
          ],
          [
            744694431171937,
            744694431197577
          ]
        ],
        "start_record_envelope_span_ns": 37907,
        "variant": 1
      },
      {
        "collective_only": {
          "local_ms": 0.041919998824596405,
          "rank_max_ms": 0.055296000093221664,
          "rank_ms": [
            0.041919998824596405,
            0.04307200014591217,
            0.05427199974656105,
            0.055296000093221664
          ]
        },
        "pair_attempt_id": 87,
        "pair_retry_ordinal": 0,
        "position": 0,
        "readiness_probe_exact": true,
        "ready_region": {
          "local_ms": 0.14361600577831268,
          "rank_max_ms": 0.14361600577831268,
          "rank_ms": [
            0.14361600577831268,
            0.1308480054140091,
            0.11680000275373459,
            0.11180800199508667
          ]
        },
        "sample_index": 83,
        "scheduled_start_arrival_ns_by_rank": [
          744694435452577,
          744694435559301,
          744694435175595,
          744694435225510
        ],
        "scheduled_start_target_ns_by_rank": [
          744694440559301,
          744694440559301,
          744694440559301,
          744694440559301
        ],
        "start_record_bracket_ns_by_rank": [
          [
            744694440560024,
            744694440588848
          ],
          [
            744694440560418,
            744694440586607
          ],
          [
            744694440559709,
            744694440577633
          ],
          [
            744694440559739,
            744694440575945
          ]
        ],
        "start_record_envelope_span_ns": 29139,
        "variant": 0
      },
      {
        "collective_only": {
          "local_ms": 0.047680001705884933,
          "rank_max_ms": 0.05990400165319443,
          "rank_ms": [
            0.047680001705884933,
            0.04825599864125252,
            0.05990400165319443,
            0.059808000922203064
          ]
        },
        "pair_attempt_id": 88,
        "pair_retry_ordinal": 0,
        "position": 1,
        "readiness_probe_exact": true,
        "ready_region": {
          "local_ms": 0.14259199798107147,
          "rank_max_ms": 0.14422400295734406,
          "rank_ms": [
            0.14259199798107147,
            0.14422400295734406,
            0.12156800180673599,
            0.12060800194740295
          ]
        },
        "sample_index": 84,
        "scheduled_start_arrival_ns_by_rank": [
          744694465143798,
          744694464554518,
          744694464532264,
          744694464463855
        ],
        "scheduled_start_target_ns_by_rank": [
          744694470143798,
          744694470143798,
          744694470143798,
          744694470143798
        ],
        "start_record_bracket_ns_by_rank": [
          [
            744694470144593,
            744694470171106
          ],
          [
            744694470144526,
            744694470170265
          ],
          [
            744694470144379,
            744694470161810
          ],
          [
            744694470144269,
            744694470160131
          ]
        ],
        "start_record_envelope_span_ns": 26837,
        "variant": 1
      },
      {
        "collective_only": {
          "local_ms": 0.05104000121355057,
          "rank_max_ms": 0.06611199676990509,
          "rank_ms": [
            0.05104000121355057,
            0.0544000007212162,
            0.06508799642324448,
            0.06611199676990509
          ]
        },
        "pair_attempt_id": 90,
        "pair_retry_ordinal": 1,
        "position": 0,
        "readiness_probe_exact": true,
        "ready_region": {
          "local_ms": 0.1698240041732788,
          "rank_max_ms": 0.1698240041732788,
          "rank_ms": [
            0.1698240041732788,
            0.14176000654697418,
            0.12438400089740753,
            0.12035199999809265
          ]
        },
        "sample_index": 85,
        "scheduled_start_arrival_ns_by_rank": [
          744694495590922,
          744694495332280,
          744694495052002,
          744694495130780
        ],
        "scheduled_start_target_ns_by_rank": [
          744694500590922,
          744694500590922,
          744694500590922,
          744694500590922
        ],
        "start_record_bracket_ns_by_rank": [
          [
            744694500592932,
            744694500625124
          ],
          [
            744694500591897,
            744694500618426
          ],
          [
            744694500591478,
            744694500611054
          ],
          [
            744694500591390,
            744694500607347
          ]
        ],
        "start_record_envelope_span_ns": 33734,
        "variant": 1
      },
      {
        "collective_only": {
          "local_ms": 0.039744000881910324,
          "rank_max_ms": 0.052000001072883606,
          "rank_ms": [
            0.039744000881910324,
            0.041600000113248825,
            0.052000001072883606,
            0.05158400163054466
          ]
        },
        "pair_attempt_id": 91,
        "pair_retry_ordinal": 0,
        "position": 1,
        "readiness_probe_exact": true,
        "ready_region": {
          "local_ms": 0.13315199315547943,
          "rank_max_ms": 0.13315199315547943,
          "rank_ms": [
            0.13315199315547943,
            0.12240000069141388,
            0.10918399691581726,
            0.1090560033917427
          ]
        },
        "sample_index": 86,
        "scheduled_start_arrival_ns_by_rank": [
          744694522092418,
          744694521692251,
          744694521516480,
          744694521869225
        ],
        "scheduled_start_target_ns_by_rank": [
          744694527092418,
          744694527092418,
          744694527092418,
          744694527092418
        ],
        "start_record_bracket_ns_by_rank": [
          [
            744694527093893,
            744694527118782
          ],
          [
            744694527093106,
            744694527115561
          ],
          [
            744694527092984,
            744694527108149
          ],
          [
            744694527092914,
            744694527107229
          ]
        ],
        "start_record_envelope_span_ns": 25868,
        "variant": 0
      },
      {
        "collective_only": {
          "local_ms": 0.040608000010252,
          "rank_max_ms": 0.04979199916124344,
          "rank_ms": [
            0.040608000010252,
            0.04028800129890442,
            0.04979199916124344,
            0.04755200073122978
          ]
        },
        "pair_attempt_id": 93,
        "pair_retry_ordinal": 1,
        "position": 0,
        "readiness_probe_exact": true,
        "ready_region": {
          "local_ms": 0.12080000340938568,
          "rank_max_ms": 0.12080000340938568,
          "rank_ms": [
            0.12080000340938568,
            0.10899200290441513,
            0.10672000050544739,
            0.10467199981212616
          ]
        },
        "sample_index": 87,
        "scheduled_start_arrival_ns_by_rank": [
          744694546487930,
          744694546055417,
          744694545926586,
          744694546007423
        ],
        "scheduled_start_target_ns_by_rank": [
          744694551487930,
          744694551487930,
          744694551487930,
          744694551487930
        ],
        "start_record_bracket_ns_by_rank": [
          [
            744694551488795,
            744694551512588
          ],
          [
            744694551488737,
            744694551509718
          ],
          [
            744694551488477,
            744694551503499
          ],
          [
            744694551488362,
            744694551503935
          ]
        ],
        "start_record_envelope_span_ns": 24226,
        "variant": 0
      },
      {
        "collective_only": {
          "local_ms": 0.04016000032424927,
          "rank_max_ms": 0.05475199967622757,
          "rank_ms": [
            0.04016000032424927,
            0.04527999833226204,
            0.05475199967622757,
            0.05276799947023392
          ]
        },
        "pair_attempt_id": 94,
        "pair_retry_ordinal": 0,
        "position": 1,
        "readiness_probe_exact": true,
        "ready_region": {
          "local_ms": 0.12809599936008453,
          "rank_max_ms": 0.12809599936008453,
          "rank_ms": [
            0.12809599936008453,
            0.10972800105810165,
            0.1090560033917427,
            0.10992000252008438
          ]
        },
        "sample_index": 88,
        "scheduled_start_arrival_ns_by_rank": [
          744694572128473,
          744694572316620,
          744694571709094,
          744694572055989
        ],
        "scheduled_start_target_ns_by_rank": [
          744694577316620,
          744694577316620,
          744694577316620,
          744694577316620
        ],
        "start_record_bracket_ns_by_rank": [
          [
            744694577317419,
            744694577346053
          ],
          [
            744694577317042,
            744694577339225
          ],
          [
            744694577317153,
            744694577333712
          ],
          [
            744694577317102,
            744694577333078
          ]
        ],
        "start_record_envelope_span_ns": 29011,
        "variant": 1
      },
      {
        "collective_only": {
          "local_ms": 0.04243199899792671,
          "rank_max_ms": 0.0568000003695488,
          "rank_ms": [
            0.04243199899792671,
            0.04649600014090538,
            0.0568000003695488,
            0.05503999814391136
          ]
        },
        "pair_attempt_id": 95,
        "pair_retry_ordinal": 0,
        "position": 0,
        "readiness_probe_exact": true,
        "ready_region": {
          "local_ms": 0.14560000598430634,
          "rank_max_ms": 0.14560000598430634,
          "rank_ms": [
            0.14560000598430634,
            0.12332800030708313,
            0.11446399986743927,
            0.11772800236940384
          ]
        },
        "sample_index": 89,
        "scheduled_start_arrival_ns_by_rank": [
          744694585640921,
          744694585679384,
          744694584996465,
          744694585109384
        ],
        "scheduled_start_target_ns_by_rank": [
          744694590679384,
          744694590679384,
          744694590679384,
          744694590679384
        ],
        "start_record_bracket_ns_by_rank": [
          [
            744694590680292,
            744694590710229
          ],
          [
            744694590680129,
            744694590704107
          ],
          [
            744694590679924,
            744694590697594
          ],
          [
            744694590679849,
            744694590697150
          ]
        ],
        "start_record_envelope_span_ns": 30380,
        "variant": 0
      },
      {
        "collective_only": {
          "local_ms": 0.04303999990224838,
          "rank_max_ms": 0.05193600058555603,
          "rank_ms": [
            0.04303999990224838,
            0.04047999903559685,
            0.050335999578237534,
            0.05193600058555603
          ]
        },
        "pair_attempt_id": 96,
        "pair_retry_ordinal": 0,
        "position": 1,
        "readiness_probe_exact": true,
        "ready_region": {
          "local_ms": 0.11327999830245972,
          "rank_max_ms": 0.12838399410247803,
          "rank_ms": [
            0.11327999830245972,
            0.12838399410247803,
            0.10902400314807892,
            0.11011199653148651
          ]
        },
        "sample_index": 90,
        "scheduled_start_arrival_ns_by_rank": [
          744694616674338,
          744694616703599,
          744694616553235,
          744694616602470
        ],
        "scheduled_start_target_ns_by_rank": [
          744694621703599,
          744694621703599,
          744694621703599,
          744694621703599
        ],
        "start_record_bracket_ns_by_rank": [
          [
            744694621704097,
            744694621723146
          ],
          [
            744694621704358,
            744694621729265
          ],
          [
            744694621704157,
            744694621720503
          ],
          [
            744694621704132,
            744694621719586
          ]
        ],
        "start_record_envelope_span_ns": 25168,
        "variant": 1
      },
      {
        "collective_only": {
          "local_ms": 0.0427200011909008,
          "rank_max_ms": 0.04854400083422661,
          "rank_ms": [
            0.0427200011909008,
            0.04016000032424927,
            0.04854400083422661,
            0.04774399846792221
          ]
        },
        "pair_attempt_id": 97,
        "pair_retry_ordinal": 0,
        "position": 0,
        "readiness_probe_exact": true,
        "ready_region": {
          "local_ms": 0.12147200107574463,
          "rank_max_ms": 0.12387199699878693,
          "rank_ms": [
            0.12147200107574463,
            0.12387199699878693,
            0.11760000139474869,
            0.11404799669981003
          ]
        },
        "sample_index": 91,
        "scheduled_start_arrival_ns_by_rank": [
          744694626462285,
          744694626585692,
          744694626253394,
          744694626276070
        ],
        "scheduled_start_target_ns_by_rank": [
          744694631585692,
          744694631585692,
          744694631585692,
          744694631585692
        ],
        "start_record_bracket_ns_by_rank": [
          [
            744694631586282,
            744694631609784
          ],
          [
            744694631586325,
            744694631609993
          ],
          [
            744694631586190,
            744694631604235
          ],
          [
            744694631586202,
            744694631603128
          ]
        ],
        "start_record_envelope_span_ns": 23803,
        "variant": 0
      },
      {
        "collective_only": {
          "local_ms": 0.04227200150489807,
          "rank_max_ms": 0.05859199911355972,
          "rank_ms": [
            0.04227200150489807,
            0.05004800111055374,
            0.057472001761198044,
            0.05859199911355972
          ]
        },
        "pair_attempt_id": 98,
        "pair_retry_ordinal": 0,
        "position": 1,
        "readiness_probe_exact": true,
        "ready_region": {
          "local_ms": 0.14953599870204926,
          "rank_max_ms": 0.14953599870204926,
          "rank_ms": [
            0.14953599870204926,
            0.11452800035476685,
            0.12003199756145477,
            0.11932799965143204
          ]
        },
        "sample_index": 92,
        "scheduled_start_arrival_ns_by_rank": [
          744694654657343,
          744694654606979,
          744694654405305,
          744694654470936
        ],
        "scheduled_start_target_ns_by_rank": [
          744694659657343,
          744694659657343,
          744694659657343,
          744694659657343
        ],
        "start_record_bracket_ns_by_rank": [
          [
            744694659658487,
            744694659689259
          ],
          [
            744694659657800,
            744694659680089
          ],
          [
            744694659657788,
            744694659674786
          ],
          [
            744694659657776,
            744694659674966
          ]
        ],
        "start_record_envelope_span_ns": 31483,
        "variant": 1
      },
      {
        "collective_only": {
          "local_ms": 0.04230400174856186,
          "rank_max_ms": 0.05382400006055832,
          "rank_ms": [
            0.04230400174856186,
            0.039872001856565475,
            0.05382400006055832,
            0.05305600166320801
          ]
        },
        "pair_attempt_id": 99,
        "pair_retry_ordinal": 0,
        "position": 0,
        "readiness_probe_exact": true,
        "ready_region": {
          "local_ms": 0.14640000462532043,
          "rank_max_ms": 0.16099199652671814,
          "rank_ms": [
            0.14640000462532043,
            0.16099199652671814,
            0.12275200337171555,
            0.12665599584579468
          ]
        },
        "sample_index": 93,
        "scheduled_start_arrival_ns_by_rank": [
          744694665894439,
          744694665736186,
          744694665439992,
          744694665404889
        ],
        "scheduled_start_target_ns_by_rank": [
          744694670894439,
          744694670894439,
          744694670894439,
          744694670894439
        ],
        "start_record_bracket_ns_by_rank": [
          [
            744694670895381,
            744694670923689
          ],
          [
            744694670895112,
            744694670922223
          ],
          [
            744694670894940,
            744694670912191
          ],
          [
            744694670895060,
            744694670910947
          ]
        ],
        "start_record_envelope_span_ns": 28749,
        "variant": 0
      },
      {
        "collective_only": {
          "local_ms": 0.0660799965262413,
          "rank_max_ms": 0.08777599781751633,
          "rank_ms": [
            0.0660799965262413,
            0.07619199901819229,
            0.08777599781751633,
            0.0865280032157898
          ]
        },
        "pair_attempt_id": 100,
        "pair_retry_ordinal": 0,
        "position": 1,
        "readiness_probe_exact": true,
        "ready_region": {
          "local_ms": 0.20099200308322906,
          "rank_max_ms": 0.20099200308322906,
          "rank_ms": [
            0.20099200308322906,
            0.14374400675296783,
            0.1250240057706833,
            0.12729600071907043
          ]
        },
        "sample_index": 94,
        "scheduled_start_arrival_ns_by_rank": [
          744694692902866,
          744694692946912,
          744694692542568,
          744694692455183
        ],
        "scheduled_start_target_ns_by_rank": [
          744694697946912,
          744694697946912,
          744694697946912,
          744694697946912
        ],
        "start_record_bracket_ns_by_rank": [
          [
            744694697948702,
            744694697985893
          ],
          [
            744694697947589,
            744694697973324
          ],
          [
            744694697947441,
            744694697965043
          ],
          [
            744694697947384,
            744694697964597
          ]
        ],
        "start_record_envelope_span_ns": 38509,
        "variant": 1
      },
      {
        "collective_only": {
          "local_ms": 0.04182400181889534,
          "rank_max_ms": 0.3128640055656433,
          "rank_ms": [
            0.04182400181889534,
            0.07705599814653397,
            0.3128640055656433,
            0.07651200145483017
          ]
        },
        "pair_attempt_id": 101,
        "pair_retry_ordinal": 0,
        "position": 0,
        "readiness_probe_exact": true,
        "ready_region": {
          "local_ms": 0.14665600657463074,
          "rank_max_ms": 0.32284799218177795,
          "rank_ms": [
            0.14665600657463074,
            0.13654400408267975,
            0.32284799218177795,
            0.11881600320339203
          ]
        },
        "sample_index": 95,
        "scheduled_start_arrival_ns_by_rank": [
          744694701858147,
          744694702141874,
          744694701648435,
          744694702028484
        ],
        "scheduled_start_target_ns_by_rank": [
          744694707141874,
          744694707141874,
          744694707141874,
          744694707141874
        ],
        "start_record_bracket_ns_by_rank": [
          [
            744694707399609,
            744694707429096
          ],
          [
            744694707365438,
            744694707393208
          ],
          [
            744694707142356,
            744694707161734
          ],
          [
            744694707378414,
            744694707395522
          ]
        ],
        "start_record_envelope_span_ns": 286740,
        "variant": 0
      },
      {
        "collective_only": {
          "local_ms": 0.04816000163555145,
          "rank_max_ms": 0.0660799965262413,
          "rank_ms": [
            0.04816000163555145,
            0.051392000168561935,
            0.0660799965262413,
            0.06204799935221672
          ]
        },
        "pair_attempt_id": 103,
        "pair_retry_ordinal": 1,
        "position": 1,
        "readiness_probe_exact": true,
        "ready_region": {
          "local_ms": 0.16172799468040466,
          "rank_max_ms": 0.16172799468040466,
          "rank_ms": [
            0.16172799468040466,
            0.14342400431632996,
            0.12937599420547485,
            0.12598399817943573
          ]
        },
        "sample_index": 96,
        "scheduled_start_arrival_ns_by_rank": [
          744694750476706,
          744694750873308,
          744694750245446,
          744694750419920
        ],
        "scheduled_start_target_ns_by_rank": [
          744694755873308,
          744694755873308,
          744694755873308,
          744694755873308
        ],
        "start_record_bracket_ns_by_rank": [
          [
            744694755875276,
            744694755906088
          ],
          [
            744694755874248,
            744694755899752
          ],
          [
            744694755873834,
            744694755890603
          ],
          [
            744694755873786,
            744694755890810
          ]
        ],
        "start_record_envelope_span_ns": 32302,
        "variant": 0
      },
      {
        "collective_only": {
          "local_ms": 0.04095999896526337,
          "rank_max_ms": 0.05206400156021118,
          "rank_ms": [
            0.04095999896526337,
            0.04032000154256821,
            0.05206400156021118,
            0.050912000238895416
          ]
        },
        "pair_attempt_id": 104,
        "pair_retry_ordinal": 0,
        "position": 0,
        "readiness_probe_exact": true,
        "ready_region": {
          "local_ms": 0.1302720010280609,
          "rank_max_ms": 0.1302720010280609,
          "rank_ms": [
            0.1302720010280609,
            0.12303999811410904,
            0.11414399743080139,
            0.10806400328874588
          ]
        },
        "sample_index": 97,
        "scheduled_start_arrival_ns_by_rank": [
          744694760526396,
          744694760202074,
          744694759832985,
          744694760145786
        ],
        "scheduled_start_target_ns_by_rank": [
          744694765526396,
          744694765526396,
          744694765526396,
          744694765526396
        ],
        "start_record_bracket_ns_by_rank": [
          [
            744694765527094,
            744694765552859
          ],
          [
            744694765527100,
            744694765550898
          ],
          [
            744694765526845,
            744694765543775
          ],
          [
            744694765526842,
            744694765542407
          ]
        ],
        "start_record_envelope_span_ns": 26017,
        "variant": 1
      },
      {
        "collective_only": {
          "local_ms": 0.04009599983692169,
          "rank_max_ms": 0.05353600159287453,
          "rank_ms": [
            0.04009599983692169,
            0.04307200014591217,
            0.05353600159287453,
            0.05206400156021118
          ]
        },
        "pair_attempt_id": 105,
        "pair_retry_ordinal": 0,
        "position": 1,
        "readiness_probe_exact": true,
        "ready_region": {
          "local_ms": 0.13065600395202637,
          "rank_max_ms": 0.13065600395202637,
          "rank_ms": [
            0.13065600395202637,
            0.1151999980211258,
            0.1037760004401207,
            0.10304000228643417
          ]
        },
        "sample_index": 98,
        "scheduled_start_arrival_ns_by_rank": [
          744694790333297,
          744694790468459,
          744694790125699,
          744694790184160
        ],
        "scheduled_start_target_ns_by_rank": [
          744694795468459,
          744694795468459,
          744694795468459,
          744694795468459
        ],
        "start_record_bracket_ns_by_rank": [
          [
            744694795469335,
            744694795494953
          ],
          [
            744694795469227,
            744694795491444
          ],
          [
            744694795468973,
            744694795484119
          ],
          [
            744694795468958,
            744694795482815
          ]
        ],
        "start_record_envelope_span_ns": 25995,
        "variant": 0
      },
      {
        "collective_only": {
          "local_ms": 0.03711999952793121,
          "rank_max_ms": 0.04864000156521797,
          "rank_ms": [
            0.03711999952793121,
            0.03657599911093712,
            0.04864000156521797,
            0.04854400083422661
          ]
        },
        "pair_attempt_id": 106,
        "pair_retry_ordinal": 0,
        "position": 0,
        "readiness_probe_exact": true,
        "ready_region": {
          "local_ms": 0.11865600198507309,
          "rank_max_ms": 0.11865600198507309,
          "rank_ms": [
            0.11865600198507309,
            0.11168000102043152,
            0.0960640013217926,
            0.09708800166845322
          ]
        },
        "sample_index": 99,
        "scheduled_start_arrival_ns_by_rank": [
          744694801134476,
          744694801378085,
          744694800983836,
          744694800962653
        ],
        "scheduled_start_target_ns_by_rank": [
          744694806378085,
          744694806378085,
          744694806378085,
          744694806378085
        ],
        "start_record_bracket_ns_by_rank": [
          [
            744694806378800,
            744694806402007
          ],
          [
            744694806378725,
            744694806400741
          ],
          [
            744694806378545,
            744694806393512
          ],
          [
            744694806378523,
            744694806392294
          ]
        ],
        "start_record_envelope_span_ns": 23484,
        "variant": 1
      }
    ],
    "measured_order": [
      [
        "reference",
        "candidate"
      ],
      [
        "candidate",
        "reference"
      ],
      [
        "reference",
        "candidate"
      ],
      [
        "candidate",
        "reference"
      ],
      [
        "reference",
        "candidate"
      ],
      [
        "candidate",
        "reference"
      ],
      [
        "reference",
        "candidate"
      ],
      [
        "candidate",
        "reference"
      ],
      [
        "reference",
        "candidate"
      ],
      [
        "candidate",
        "reference"
      ],
      [
        "reference",
        "candidate"
      ],
      [
        "candidate",
        "reference"
      ],
      [
        "reference",
        "candidate"
      ],
      [
        "candidate",
        "reference"
      ],
      [
        "reference",
        "candidate"
      ],
      [
        "candidate",
        "reference"
      ],
      [
        "reference",
        "candidate"
      ],
      [
        "candidate",
        "reference"
      ],
      [
        "reference",
        "candidate"
      ],
      [
        "candidate",
        "reference"
      ],
      [
        "reference",
        "candidate"
      ],
      [
        "candidate",
        "reference"
      ],
      [
        "reference",
        "candidate"
      ],
      [
        "candidate",
        "reference"
      ],
      [
        "reference",
        "candidate"
      ],
      [
        "candidate",
        "reference"
      ],
      [
        "reference",
        "candidate"
      ],
      [
        "candidate",
        "reference"
      ],
      [
        "reference",
        "candidate"
      ],
      [
        "candidate",
        "reference"
      ],
      [
        "reference",
        "candidate"
      ],
      [
        "candidate",
        "reference"
      ],
      [
        "reference",
        "candidate"
      ],
      [
        "candidate",
        "reference"
      ],
      [
        "reference",
        "candidate"
      ],
      [
        "candidate",
        "reference"
      ],
      [
        "reference",
        "candidate"
      ],
      [
        "candidate",
        "reference"
      ],
      [
        "reference",
        "candidate"
      ],
      [
        "candidate",
        "reference"
      ],
      [
        "reference",
        "candidate"
      ],
      [
        "candidate",
        "reference"
      ],
      [
        "reference",
        "candidate"
      ],
      [
        "candidate",
        "reference"
      ],
      [
        "reference",
        "candidate"
      ],
      [
        "candidate",
        "reference"
      ],
      [
        "reference",
        "candidate"
      ],
      [
        "candidate",
        "reference"
      ],
      [
        "reference",
        "candidate"
      ],
      [
        "candidate",
        "reference"
      ],
      [
        "reference",
        "candidate"
      ],
      [
        "candidate",
        "reference"
      ],
      [
        "reference",
        "candidate"
      ],
      [
        "candidate",
        "reference"
      ],
      [
        "reference",
        "candidate"
      ],
      [
        "candidate",
        "reference"
      ],
      [
        "reference",
        "candidate"
      ],
      [
        "candidate",
        "reference"
      ],
      [
        "reference",
        "candidate"
      ],
      [
        "candidate",
        "reference"
      ],
      [
        "reference",
        "candidate"
      ],
      [
        "candidate",
        "reference"
      ],
      [
        "reference",
        "candidate"
      ],
      [
        "candidate",
        "reference"
      ],
      [
        "reference",
        "candidate"
      ],
      [
        "candidate",
        "reference"
      ],
      [
        "reference",
        "candidate"
      ],
      [
        "candidate",
        "reference"
      ],
      [
        "reference",
        "candidate"
      ],
      [
        "candidate",
        "reference"
      ],
      [
        "reference",
        "candidate"
      ],
      [
        "candidate",
        "reference"
      ],
      [
        "reference",
        "candidate"
      ],
      [
        "candidate",
        "reference"
      ],
      [
        "reference",
        "candidate"
      ],
      [
        "candidate",
        "reference"
      ],
      [
        "reference",
        "candidate"
      ],
      [
        "candidate",
        "reference"
      ],
      [
        "reference",
        "candidate"
      ],
      [
        "candidate",
        "reference"
      ],
      [
        "reference",
        "candidate"
      ],
      [
        "candidate",
        "reference"
      ],
      [
        "reference",
        "candidate"
      ],
      [
        "candidate",
        "reference"
      ],
      [
        "reference",
        "candidate"
      ],
      [
        "candidate",
        "reference"
      ],
      [
        "reference",
        "candidate"
      ],
      [
        "candidate",
        "reference"
      ],
      [
        "reference",
        "candidate"
      ],
      [
        "candidate",
        "reference"
      ],
      [
        "reference",
        "candidate"
      ],
      [
        "candidate",
        "reference"
      ],
      [
        "reference",
        "candidate"
      ],
      [
        "candidate",
        "reference"
      ],
      [
        "reference",
        "candidate"
      ],
      [
        "candidate",
        "reference"
      ],
      [
        "reference",
        "candidate"
      ],
      [
        "candidate",
        "reference"
      ],
      [
        "reference",
        "candidate"
      ],
      [
        "candidate",
        "reference"
      ]
    ],
    "measurement_attempts": [
      {
        "accepted": true,
        "attempt_id": 0,
        "logical_pair_index": 0,
        "order": [
          "reference",
          "candidate"
        ],
        "rejection_reasons": [],
        "retry_ordinal": 0,
        "samples": {
          "candidate": {
            "collective_only": {
              "local_ms": 0.04992000013589859,
              "rank_max_ms": 0.06815999746322632,
              "rank_ms": [
                0.04992000013589859,
                0.05407999828457832,
                0.06815999746322632,
                0.06761600077152252
              ]
            },
            "pair_attempt_id": 0,
            "pair_retry_ordinal": 0,
            "position": 1,
            "readiness_probe_exact": true,
            "ready_region": {
              "local_ms": 0.19097599387168884,
              "rank_max_ms": 0.19097599387168884,
              "rank_ms": [
                0.19097599387168884,
                0.17494399845600128,
                0.12348800152540207,
                0.12492799758911133
              ]
            },
            "sample_index": 0,
            "scheduled_start_arrival_ns_by_rank": [
              744692935897689,
              744692935714318,
              744692935598136,
              744692935781382
            ],
            "scheduled_start_target_ns_by_rank": [
              744692940897689,
              744692940897689,
              744692940897689,
              744692940897689
            ],
            "start_record_bracket_ns_by_rank": [
              [
                744692940899602,
                744692940933440
              ],
              [
                744692940898664,
                744692940923768
              ],
              [
                744692940898313,
                744692940913981
              ],
              [
                744692940898224,
                744692940913449
              ]
            ],
            "start_record_envelope_span_ns": 35216,
            "variant": 1
          },
          "reference": {
            "collective_only": {
              "local_ms": 0.0363520011305809,
              "rank_max_ms": 0.03811199963092804,
              "rank_ms": [
                0.0363520011305809,
                0.028416000306606293,
                0.03811199963092804,
                0.03372799977660179
              ]
            },
            "pair_attempt_id": 0,
            "pair_retry_ordinal": 0,
            "position": 0,
            "readiness_probe_exact": true,
            "ready_region": {
              "local_ms": 0.10992000252008438,
              "rank_max_ms": 0.1393280029296875,
              "rank_ms": [
                0.10992000252008438,
                0.1393280029296875,
                0.11286400258541107,
                0.12316799908876419
              ]
            },
            "sample_index": 0,
            "scheduled_start_arrival_ns_by_rank": [
              744692927949099,
              744692928218799,
              744692927952380,
              744692927926985
            ],
            "scheduled_start_target_ns_by_rank": [
              744692933218799,
              744692933218799,
              744692933218799,
              744692933218799
            ],
            "start_record_bracket_ns_by_rank": [
              [
                744692933219267,
                744692933238091
              ],
              [
                744692933219413,
                744692933244462
              ],
              [
                744692933219324,
                744692933237204
              ],
              [
                744692933219626,
                744692933240295
              ]
            ],
            "start_record_envelope_span_ns": 25195,
            "variant": 1
          }
        },
        "variant": 1
      },
      {
        "accepted": true,
        "attempt_id": 1,
        "logical_pair_index": 1,
        "order": [
          "candidate",
          "reference"
        ],
        "rejection_reasons": [],
        "retry_ordinal": 0,
        "samples": {
          "candidate": {
            "collective_only": {
              "local_ms": 0.04092799872159958,
              "rank_max_ms": 0.05305600166320801,
              "rank_ms": [
                0.04092799872159958,
                0.04265600070357323,
                0.050655998289585114,
                0.05305600166320801
              ]
            },
            "pair_attempt_id": 1,
            "pair_retry_ordinal": 0,
            "position": 0,
            "readiness_probe_exact": true,
            "ready_region": {
              "local_ms": 0.12998400628566742,
              "rank_max_ms": 0.1342719942331314,
              "rank_ms": [
                0.12998400628566742,
                0.1342719942331314,
                0.11308799684047699,
                0.11724799871444702
              ]
            },
            "sample_index": 1,
            "scheduled_start_arrival_ns_by_rank": [
              744692943532968,
              744692943399816,
              744692943363069,
              744692943351495
            ],
            "scheduled_start_target_ns_by_rank": [
              744692948532968,
              744692948532968,
              744692948532968,
              744692948532968
            ],
            "start_record_bracket_ns_by_rank": [
              [
                744692948533689,
                744692948560005
              ],
              [
                744692948533763,
                744692948557861
              ],
              [
                744692948533517,
                744692948551801
              ],
              [
                744692948533450,
                744692948550436
              ]
            ],
            "start_record_envelope_span_ns": 26555,
            "variant": 0
          },
          "reference": {
            "collective_only": {
              "local_ms": 0.029023999348282814,
              "rank_max_ms": 0.03916800022125244,
              "rank_ms": [
                0.029023999348282814,
                0.029055999591946602,
                0.03916800022125244,
                0.035232000052928925
              ]
            },
            "pair_attempt_id": 1,
            "pair_retry_ordinal": 0,
            "position": 1,
            "readiness_probe_exact": true,
            "ready_region": {
              "local_ms": 0.12774400413036346,
              "rank_max_ms": 0.14259199798107147,
              "rank_ms": [
                0.12774400413036346,
                0.14259199798107147,
                0.107744000852108,
                0.12176000326871872
              ]
            },
            "sample_index": 1,
            "scheduled_start_arrival_ns_by_rank": [
              744692951585436,
              744692951548458,
              744692951674912,
              744692951662557
            ],
            "scheduled_start_target_ns_by_rank": [
              744692956674912,
              744692956674912,
              744692956674912,
              744692956674912
            ],
            "start_record_bracket_ns_by_rank": [
              [
                744692956675911,
                744692956702179
              ],
              [
                744692956676094,
                744692956700693
              ],
              [
                744692956675526,
                744692956692484
              ],
              [
                744692956675603,
                744692956695553
              ]
            ],
            "start_record_envelope_span_ns": 26653,
            "variant": 0
          }
        },
        "variant": 0
      },
      {
        "accepted": true,
        "attempt_id": 2,
        "logical_pair_index": 2,
        "order": [
          "reference",
          "candidate"
        ],
        "rejection_reasons": [],
        "retry_ordinal": 0,
        "samples": {
          "candidate": {
            "collective_only": {
              "local_ms": 0.04108799993991852,
              "rank_max_ms": 0.04934399947524071,
              "rank_ms": [
                0.04108799993991852,
                0.04134399816393852,
                0.04934399947524071,
                0.04816000163555145
              ]
            },
            "pair_attempt_id": 2,
            "pair_retry_ordinal": 0,
            "position": 1,
            "readiness_probe_exact": true,
            "ready_region": {
              "local_ms": 0.12691199779510498,
              "rank_max_ms": 0.13254399597644806,
              "rank_ms": [
                0.12691199779510498,
                0.13254399597644806,
                0.10918399691581726,
                0.11974400281906128
              ]
            },
            "sample_index": 2,
            "scheduled_start_arrival_ns_by_rank": [
              744692966842761,
              744692966816078,
              744692966751602,
              744692966785093
            ],
            "scheduled_start_target_ns_by_rank": [
              744692971842761,
              744692971842761,
              744692971842761,
              744692971842761
            ],
            "start_record_bracket_ns_by_rank": [
              [
                744692971843845,
                744692971867710
              ],
              [
                744692971843468,
                744692971866186
              ],
              [
                744692971843409,
                744692971860846
              ],
              [
                744692971843563,
                744692971861541
              ]
            ],
            "start_record_envelope_span_ns": 24301,
            "variant": 1
          },
          "reference": {
            "collective_only": {
              "local_ms": 0.0331839993596077,
              "rank_max_ms": 0.03587200120091438,
              "rank_ms": [
                0.0331839993596077,
                0.027135999873280525,
                0.03587200120091438,
                0.035711999982595444
              ]
            },
            "pair_attempt_id": 2,
            "pair_retry_ordinal": 0,
            "position": 0,
            "readiness_probe_exact": true,
            "ready_region": {
              "local_ms": 0.10576000064611435,
              "rank_max_ms": 0.12889599800109863,
              "rank_ms": [
                0.10576000064611435,
                0.12889599800109863,
                0.10371199995279312,
                0.10451199859380722
              ]
            },
            "sample_index": 2,
            "scheduled_start_arrival_ns_by_rank": [
              744692959803054,
              744692959824313,
              744692959767791,
              744692959794287
            ],
            "scheduled_start_target_ns_by_rank": [
              744692964824313,
              744692964824313,
              744692964824313,
              744692964824313
            ],
            "start_record_bracket_ns_by_rank": [
              [
                744692964824884,
                744692964842459
              ],
              [
                744692964825039,
                744692964847352
              ],
              [
                744692964824856,
                744692964841085
              ],
              [
                744692964824814,
                744692964839575
              ]
            ],
            "start_record_envelope_span_ns": 22538,
            "variant": 1
          }
        },
        "variant": 1
      },
      {
        "accepted": true,
        "attempt_id": 3,
        "logical_pair_index": 3,
        "order": [
          "candidate",
          "reference"
        ],
        "rejection_reasons": [],
        "retry_ordinal": 0,
        "samples": {
          "candidate": {
            "collective_only": {
              "local_ms": 0.04124800115823746,
              "rank_max_ms": 0.0522879995405674,
              "rank_ms": [
                0.04124800115823746,
                0.04118400067090988,
                0.05116799846291542,
                0.0522879995405674
              ]
            },
            "pair_attempt_id": 3,
            "pair_retry_ordinal": 0,
            "position": 0,
            "readiness_probe_exact": true,
            "ready_region": {
              "local_ms": 0.12191999703645706,
              "rank_max_ms": 0.14444799721240997,
              "rank_ms": [
                0.12191999703645706,
                0.14444799721240997,
                0.11686400324106216,
                0.11568000167608261
              ]
            },
            "sample_index": 3,
            "scheduled_start_arrival_ns_by_rank": [
              744692976139583,
              744692976237477,
              744692976086253,
              744692975857563
            ],
            "scheduled_start_target_ns_by_rank": [
              744692981237477,
              744692981237477,
              744692981237477,
              744692981237477
            ],
            "start_record_bracket_ns_by_rank": [
              [
                744692981237987,
                744692981264587
              ],
              [
                744692981238330,
                744692981263813
              ],
              [
                744692981238017,
                744692981255868
              ],
              [
                744692981238054,
                744692981255169
              ]
            ],
            "start_record_envelope_span_ns": 26600,
            "variant": 0
          },
          "reference": {
            "collective_only": {
              "local_ms": 0.030208000913262367,
              "rank_max_ms": 0.04163200035691261,
              "rank_ms": [
                0.030208000913262367,
                0.036159999668598175,
                0.04163200035691261,
                0.04105599969625473
              ]
            },
            "pair_attempt_id": 3,
            "pair_retry_ordinal": 0,
            "position": 1,
            "readiness_probe_exact": true,
            "ready_region": {
              "local_ms": 0.15091200172901154,
              "rank_max_ms": 0.15091200172901154,
              "rank_ms": [
                0.15091200172901154,
                0.14470399916172028,
                0.12326399981975555,
                0.1255359947681427
              ]
            },
            "sample_index": 3,
            "scheduled_start_arrival_ns_by_rank": [
              744692984127478,
              744692984017109,
              744692983945359,
              744692983947438
            ],
            "scheduled_start_target_ns_by_rank": [
              744692989127478,
              744692989127478,
              744692989127478,
              744692989127478
            ],
            "start_record_bracket_ns_by_rank": [
              [
                744692989128621,
                744692989156723
              ],
              [
                744692989128111,
                744692989152161
              ],
              [
                744692989128158,
                744692989145461
              ],
              [
                744692989128141,
                744692989146084
              ]
            ],
            "start_record_envelope_span_ns": 28612,
            "variant": 0
          }
        },
        "variant": 0
      },
      {
        "accepted": true,
        "attempt_id": 4,
        "logical_pair_index": 4,
        "order": [
          "reference",
          "candidate"
        ],
        "rejection_reasons": [],
        "retry_ordinal": 0,
        "samples": {
          "candidate": {
            "collective_only": {
              "local_ms": 0.04294399917125702,
              "rank_max_ms": 0.045951999723911285,
              "rank_ms": [
                0.04294399917125702,
                0.03951999917626381,
                0.045951999723911285,
                0.045152001082897186
              ]
            },
            "pair_attempt_id": 4,
            "pair_retry_ordinal": 0,
            "position": 1,
            "readiness_probe_exact": true,
            "ready_region": {
              "local_ms": 0.11286400258541107,
              "rank_max_ms": 0.12105599790811539,
              "rank_ms": [
                0.11286400258541107,
                0.12105599790811539,
                0.11564800143241882,
                0.1170559972524643
              ]
            },
            "sample_index": 4,
            "scheduled_start_arrival_ns_by_rank": [
              744692999420857,
              744692999464542,
              744692999398502,
              744692999253334
            ],
            "scheduled_start_target_ns_by_rank": [
              744693004464542,
              744693004464542,
              744693004464542,
              744693004464542
            ],
            "start_record_bracket_ns_by_rank": [
              [
                744693004465066,
                744693004484268
              ],
              [
                744693004465229,
                744693004487144
              ],
              [
                744693004465039,
                744693004481867
              ],
              [
                744693004465213,
                744693004482475
              ]
            ],
            "start_record_envelope_span_ns": 22105,
            "variant": 1
          },
          "reference": {
            "collective_only": {
              "local_ms": 0.029023999348282814,
              "rank_max_ms": 0.0306560005992651,
              "rank_ms": [
                0.029023999348282814,
                0.023584000766277313,
                0.0306560005992651,
                0.029983999207615852
              ]
            },
            "pair_attempt_id": 4,
            "pair_retry_ordinal": 0,
            "position": 0,
            "readiness_probe_exact": true,
            "ready_region": {
              "local_ms": 0.10515200346708298,
              "rank_max_ms": 0.11222399771213531,
              "rank_ms": [
                0.10515200346708298,
                0.11222399771213531,
                0.10764800012111664,
                0.10639999806880951
              ]
            },
            "sample_index": 4,
            "scheduled_start_arrival_ns_by_rank": [
              744692991210774,
              744692991275207,
              744692991140030,
              744692991207593
            ],
            "scheduled_start_target_ns_by_rank": [
              744692996275207,
              744692996275207,
              744692996275207,
              744692996275207
            ],
            "start_record_bracket_ns_by_rank": [
              [
                744692996275784,
                744692996292399
              ],
              [
                744692996275642,
                744692996294944
              ],
              [
                744692996275777,
                744692996292199
              ],
              [
                744692996275755,
                744692996290962
              ]
            ],
            "start_record_envelope_span_ns": 19302,
            "variant": 1
          }
        },
        "variant": 1
      },
      {
        "accepted": true,
        "attempt_id": 5,
        "logical_pair_index": 5,
        "order": [
          "candidate",
          "reference"
        ],
        "rejection_reasons": [],
        "retry_ordinal": 0,
        "samples": {
          "candidate": {
            "collective_only": {
              "local_ms": 0.0414079986512661,
              "rank_max_ms": 0.05663999915122986,
              "rank_ms": [
                0.0414079986512661,
                0.04479999840259552,
                0.05663999915122986,
                0.056543998420238495
              ]
            },
            "pair_attempt_id": 5,
            "pair_retry_ordinal": 0,
            "position": 0,
            "readiness_probe_exact": true,
            "ready_region": {
              "local_ms": 0.1472640037536621,
              "rank_max_ms": 0.1472640037536621,
              "rank_ms": [
                0.1472640037536621,
                0.1287360042333603,
                0.12451200187206268,
                0.12124799937009811
              ]
            },
            "sample_index": 5,
            "scheduled_start_arrival_ns_by_rank": [
              744693010475742,
              744693010441710,
              744693010442706,
              744693010794723
            ],
            "scheduled_start_target_ns_by_rank": [
              744693015794723,
              744693015794723,
              744693015794723,
              744693015794723
            ],
            "start_record_bracket_ns_by_rank": [
              [
                744693015795668,
                744693015825352
              ],
              [
                744693015795332,
                744693015821782
              ],
              [
                744693015795275,
                744693015813285
              ],
              [
                744693015795282,
                744693015813037
              ]
            ],
            "start_record_envelope_span_ns": 30077,
            "variant": 0
          },
          "reference": {
            "collective_only": {
              "local_ms": 0.20723199844360352,
              "rank_max_ms": 0.20972800254821777,
              "rank_ms": [
                0.20723199844360352,
                0.2016959935426712,
                0.20972800254821777,
                0.026528000831604004
              ]
            },
            "pair_attempt_id": 5,
            "pair_retry_ordinal": 0,
            "position": 1,
            "readiness_probe_exact": true,
            "ready_region": {
              "local_ms": 0.21641600131988525,
              "rank_max_ms": 0.2189120054244995,
              "rank_ms": [
                0.21641600131988525,
                0.21107199788093567,
                0.2189120054244995,
                0.11779200285673141
              ]
            },
            "sample_index": 5,
            "scheduled_start_arrival_ns_by_rank": [
              744693018389442,
              744693018374476,
              744693018379508,
              744693018438954
            ],
            "scheduled_start_target_ns_by_rank": [
              744693023438954,
              744693023438954,
              744693023438954,
              744693023438954
            ],
            "start_record_bracket_ns_by_rank": [
              [
                744693023439425,
                744693023457181
              ],
              [
                744693023439681,
                744693023464008
              ],
              [
                744693023439486,
                744693023456973
              ],
              [
                744693023617662,
                744693023637684
              ]
            ],
            "start_record_envelope_span_ns": 198259,
            "variant": 0
          }
        },
        "variant": 0
      },
      {
        "accepted": true,
        "attempt_id": 6,
        "logical_pair_index": 6,
        "order": [
          "reference",
          "candidate"
        ],
        "rejection_reasons": [],
        "retry_ordinal": 0,
        "samples": {
          "candidate": {
            "collective_only": {
              "local_ms": 0.3229120075702667,
              "rank_max_ms": 0.3319360017776489,
              "rank_ms": [
                0.3229120075702667,
                0.32419198751449585,
                0.3319360017776489,
                0.055743999779224396
              ]
            },
            "pair_attempt_id": 6,
            "pair_retry_ordinal": 0,
            "position": 1,
            "readiness_probe_exact": true,
            "ready_region": {
              "local_ms": 0.33289599418640137,
              "rank_max_ms": 0.34169599413871765,
              "rank_ms": [
                0.33289599418640137,
                0.3336640000343323,
                0.34169599413871765,
                0.18240000307559967
              ]
            },
            "sample_index": 6,
            "scheduled_start_arrival_ns_by_rank": [
              744693034273194,
              744693034271817,
              744693034310075,
              744693034397269
            ],
            "scheduled_start_target_ns_by_rank": [
              744693039397269,
              744693039397269,
              744693039397269,
              744693039397269
            ],
            "start_record_bracket_ns_by_rank": [
              [
                744693039398000,
                744693039425942
              ],
              [
                744693039397920,
                744693039423189
              ],
              [
                744693039397796,
                744693039418145
              ],
              [
                744693039652204,
                744693039694699
              ]
            ],
            "start_record_envelope_span_ns": 296903,
            "variant": 1
          },
          "reference": {
            "collective_only": {
              "local_ms": 0.03379200026392937,
              "rank_max_ms": 0.03468799963593483,
              "rank_ms": [
                0.03379200026392937,
                0.026079999282956123,
                0.03468799963593483,
                0.029600000008940697
              ]
            },
            "pair_attempt_id": 6,
            "pair_retry_ordinal": 0,
            "position": 0,
            "readiness_probe_exact": true,
            "ready_region": {
              "local_ms": 0.09462399780750275,
              "rank_max_ms": 0.11296000331640244,
              "rank_ms": [
                0.09462399780750275,
                0.11296000331640244,
                0.10732799768447876,
                0.11078400164842606
              ]
            },
            "sample_index": 6,
            "scheduled_start_arrival_ns_by_rank": [
              744693027248378,
              744693027170180,
              744693027273352,
              744693027331480
            ],
            "scheduled_start_target_ns_by_rank": [
              744693032331480,
              744693032331480,
              744693032331480,
              744693032331480
            ],
            "start_record_bracket_ns_by_rank": [
              [
                744693032331899,
                744693032346460
              ],
              [
                744693032332127,
                744693032354132
              ],
              [
                744693032332013,
                744693032348052
              ],
              [
                744693032332046,
                744693032349157
              ]
            ],
            "start_record_envelope_span_ns": 22233,
            "variant": 1
          }
        },
        "variant": 1
      },
      {
        "accepted": true,
        "attempt_id": 7,
        "logical_pair_index": 7,
        "order": [
          "candidate",
          "reference"
        ],
        "rejection_reasons": [],
        "retry_ordinal": 0,
        "samples": {
          "candidate": {
            "collective_only": {
              "local_ms": 0.03807999938726425,
              "rank_max_ms": 0.05180799961090088,
              "rank_ms": [
                0.03807999938726425,
                0.043007999658584595,
                0.05180799961090088,
                0.0506879985332489
              ]
            },
            "pair_attempt_id": 7,
            "pair_retry_ordinal": 0,
            "position": 0,
            "readiness_probe_exact": true,
            "ready_region": {
              "local_ms": 0.1345600038766861,
              "rank_max_ms": 0.1345600038766861,
              "rank_ms": [
                0.1345600038766861,
                0.12217599898576736,
                0.12172800302505493,
                0.11929599940776825
              ]
            },
            "sample_index": 7,
            "scheduled_start_arrival_ns_by_rank": [
              744693042268772,
              744693042244466,
              744693042321664,
              744693042359233
            ],
            "scheduled_start_target_ns_by_rank": [
              744693047359233,
              744693047359233,
              744693047359233,
              744693047359233
            ],
            "start_record_bracket_ns_by_rank": [
              [
                744693047359939,
                744693047386103
              ],
              [
                744693047359815,
                744693047382121
              ],
              [
                744693047359729,
                744693047378047
              ],
              [
                744693047359785,
                744693047376742
              ]
            ],
            "start_record_envelope_span_ns": 26374,
            "variant": 0
          },
          "reference": {
            "collective_only": {
              "local_ms": 0.030559999868273735,
              "rank_max_ms": 0.046431999653577805,
              "rank_ms": [
                0.030559999868273735,
                0.0395519994199276,
                0.045504000037908554,
                0.046431999653577805
              ]
            },
            "pair_attempt_id": 7,
            "pair_retry_ordinal": 0,
            "position": 1,
            "readiness_probe_exact": true,
            "ready_region": {
              "local_ms": 0.1658560037612915,
              "rank_max_ms": 0.1658560037612915,
              "rank_ms": [
                0.1658560037612915,
                0.12284799665212631,
                0.11206399649381638,
                0.10812799632549286
              ]
            },
            "sample_index": 7,
            "scheduled_start_arrival_ns_by_rank": [
              744693050028398,
              744693049679089,
              744693049907639,
              744693049941572
            ],
            "scheduled_start_target_ns_by_rank": [
              744693055028398,
              744693055028398,
              744693055028398,
              744693055028398
            ],
            "start_record_bracket_ns_by_rank": [
              [
                744693055029821,
                744693055060194
              ],
              [
                744693055029401,
                744693055052156
              ],
              [
                744693055029015,
                744693055046385
              ],
              [
                744693055028932,
                744693055044931
              ]
            ],
            "start_record_envelope_span_ns": 31262,
            "variant": 0
          }
        },
        "variant": 0
      },
      {
        "accepted": true,
        "attempt_id": 8,
        "logical_pair_index": 8,
        "order": [
          "reference",
          "candidate"
        ],
        "rejection_reasons": [],
        "retry_ordinal": 0,
        "samples": {
          "candidate": {
            "collective_only": {
              "local_ms": 0.04755200073122978,
              "rank_max_ms": 0.06403200328350067,
              "rank_ms": [
                0.04755200073122978,
                0.05619199946522713,
                0.0631679967045784,
                0.06403200328350067
              ]
            },
            "pair_attempt_id": 8,
            "pair_retry_ordinal": 0,
            "position": 1,
            "readiness_probe_exact": true,
            "ready_region": {
              "local_ms": 0.1669120043516159,
              "rank_max_ms": 0.1669120043516159,
              "rank_ms": [
                0.1669120043516159,
                0.11919999867677689,
                0.11641599982976913,
                0.11478400230407715
              ]
            },
            "sample_index": 8,
            "scheduled_start_arrival_ns_by_rank": [
              744693064436412,
              744693064477145,
              744693064442197,
              744693064431370
            ],
            "scheduled_start_target_ns_by_rank": [
              744693069477145,
              744693069477145,
              744693069477145,
              744693069477145
            ],
            "start_record_bracket_ns_by_rank": [
              [
                744693069479163,
                744693069511397
              ],
              [
                744693069477790,
                744693069500262
              ],
              [
                744693069477571,
                744693069495807
              ],
              [
                744693069477633,
                744693069493479
              ]
            ],
            "start_record_envelope_span_ns": 33826,
            "variant": 1
          },
          "reference": {
            "collective_only": {
              "local_ms": 0.027264000847935677,
              "rank_max_ms": 0.03884800150990486,
              "rank_ms": [
                0.027264000847935677,
                0.03244800120592117,
                0.03596799820661545,
                0.03884800150990486
              ]
            },
            "pair_attempt_id": 8,
            "pair_retry_ordinal": 0,
            "position": 0,
            "readiness_probe_exact": true,
            "ready_region": {
              "local_ms": 0.13023999333381653,
              "rank_max_ms": 0.13023999333381653,
              "rank_ms": [
                0.13023999333381653,
                0.11667200177907944,
                0.12172800302505493,
                0.11430399864912033
              ]
            },
            "sample_index": 8,
            "scheduled_start_arrival_ns_by_rank": [
              744693057436387,
              744693057486540,
              744693057461431,
              744693057419371
            ],
            "scheduled_start_target_ns_by_rank": [
              744693062486540,
              744693062486540,
              744693062486540,
              744693062486540
            ],
            "start_record_bracket_ns_by_rank": [
              [
                744693062487419,
                744693062514515
              ],
              [
                744693062487126,
                744693062510537
              ],
              [
                744693062487073,
                744693062506539
              ],
              [
                744693062486951,
                744693062503486
              ]
            ],
            "start_record_envelope_span_ns": 27564,
            "variant": 1
          }
        },
        "variant": 1
      },
      {
        "accepted": true,
        "attempt_id": 9,
        "logical_pair_index": 9,
        "order": [
          "candidate",
          "reference"
        ],
        "rejection_reasons": [],
        "retry_ordinal": 0,
        "samples": {
          "candidate": {
            "collective_only": {
              "local_ms": 0.050592001527547836,
              "rank_max_ms": 0.06796800345182419,
              "rank_ms": [
                0.050592001527547836,
                0.05740800127387047,
                0.06697600334882736,
                0.06796800345182419
              ]
            },
            "pair_attempt_id": 9,
            "pair_retry_ordinal": 0,
            "position": 0,
            "readiness_probe_exact": true,
            "ready_region": {
              "local_ms": 0.18483200669288635,
              "rank_max_ms": 0.18483200669288635,
              "rank_ms": [
                0.18483200669288635,
                0.1353919953107834,
                0.14441600441932678,
                0.1143999993801117
              ]
            },
            "sample_index": 9,
            "scheduled_start_arrival_ns_by_rank": [
              744693072114170,
              744693072239192,
              744693072113313,
              744693072159739
            ],
            "scheduled_start_target_ns_by_rank": [
              744693077239192,
              744693077239192,
              744693077239192,
              744693077239192
            ],
            "start_record_bracket_ns_by_rank": [
              [
                744693077240810,
                744693077274132
              ],
              [
                744693077240125,
                744693077264202
              ],
              [
                744693077239756,
                744693077257906
              ],
              [
                744693077239700,
                744693077256348
              ]
            ],
            "start_record_envelope_span_ns": 34432,
            "variant": 0
          },
          "reference": {
            "collective_only": {
              "local_ms": 0.029440000653266907,
              "rank_max_ms": 0.044415999203920364,
              "rank_ms": [
                0.029440000653266907,
                0.03891199827194214,
                0.04265600070357323,
                0.044415999203920364
              ]
            },
            "pair_attempt_id": 9,
            "pair_retry_ordinal": 0,
            "position": 1,
            "readiness_probe_exact": true,
            "ready_region": {
              "local_ms": 0.15164799988269806,
              "rank_max_ms": 0.15164799988269806,
              "rank_ms": [
                0.15164799988269806,
                0.13247999548912048,
                0.12425599992275238,
                0.12275200337171555
              ]
            },
            "sample_index": 9,
            "scheduled_start_arrival_ns_by_rank": [
              744693079934845,
              744693079908976,
              744693079944341,
              744693079943904
            ],
            "scheduled_start_target_ns_by_rank": [
              744693084944341,
              744693084944341,
              744693084944341,
              744693084944341
            ],
            "start_record_bracket_ns_by_rank": [
              [
                744693084945745,
                744693084972544
              ],
              [
                744693084945190,
                744693084967887
              ],
              [
                744693084944841,
                744693084962272
              ],
              [
                744693084944895,
                744693084961167
              ]
            ],
            "start_record_envelope_span_ns": 27703,
            "variant": 0
          }
        },
        "variant": 0
      },
      {
        "accepted": true,
        "attempt_id": 10,
        "logical_pair_index": 10,
        "order": [
          "reference",
          "candidate"
        ],
        "rejection_reasons": [],
        "retry_ordinal": 0,
        "samples": {
          "candidate": {
            "collective_only": {
              "local_ms": 0.038784001022577286,
              "rank_max_ms": 0.0451200008392334,
              "rank_ms": [
                0.038784001022577286,
                0.03776000067591667,
                0.0424639992415905,
                0.0451200008392334
              ]
            },
            "pair_attempt_id": 10,
            "pair_retry_ordinal": 0,
            "position": 1,
            "readiness_probe_exact": true,
            "ready_region": {
              "local_ms": 0.1128000020980835,
              "rank_max_ms": 0.11654400080442429,
              "rank_ms": [
                0.1128000020980835,
                0.11203200370073318,
                0.11654400080442429,
                0.11612799763679504
              ]
            },
            "sample_index": 10,
            "scheduled_start_arrival_ns_by_rank": [
              744693094640238,
              744693094464243,
              744693094383389,
              744693094486915
            ],
            "scheduled_start_target_ns_by_rank": [
              744693099640238,
              744693099640238,
              744693099640238,
              744693099640238
            ],
            "start_record_bracket_ns_by_rank": [
              [
                744693099640792,
                744693099661471
              ],
              [
                744693099640743,
                744693099662119
              ],
              [
                744693099640762,
                744693099660273
              ],
              [
                744693099640763,
                744693099656209
              ]
            ],
            "start_record_envelope_span_ns": 21376,
            "variant": 1
          },
          "reference": {
            "collective_only": {
              "local_ms": 0.031936001032590866,
              "rank_max_ms": 0.041600000113248825,
              "rank_ms": [
                0.031936001032590866,
                0.030688000842928886,
                0.04047999903559685,
                0.041600000113248825
              ]
            },
            "pair_attempt_id": 10,
            "pair_retry_ordinal": 0,
            "position": 0,
            "readiness_probe_exact": true,
            "ready_region": {
              "local_ms": 0.1586879938840866,
              "rank_max_ms": 0.1586879938840866,
              "rank_ms": [
                0.1586879938840866,
                0.14185599982738495,
                0.11865600198507309,
                0.11667200177907944
              ]
            },
            "sample_index": 10,
            "scheduled_start_arrival_ns_by_rank": [
              744693087222000,
              744693087176750,
              744693087229878,
              744693087263666
            ],
            "scheduled_start_target_ns_by_rank": [
              744693092263666,
              744693092263666,
              744693092263666,
              744693092263666
            ],
            "start_record_bracket_ns_by_rank": [
              [
                744693092264478,
                744693092290144
              ],
              [
                744693092264534,
                744693092291429
              ],
              [
                744693092264176,
                744693092283159
              ],
              [
                744693092264199,
                744693092280679
              ]
            ],
            "start_record_envelope_span_ns": 27253,
            "variant": 1
          }
        },
        "variant": 1
      },
      {
        "accepted": true,
        "attempt_id": 11,
        "logical_pair_index": 11,
        "order": [
          "candidate",
          "reference"
        ],
        "rejection_reasons": [],
        "retry_ordinal": 0,
        "samples": {
          "candidate": {
            "collective_only": {
              "local_ms": 0.0432640016078949,
              "rank_max_ms": 0.04572800174355507,
              "rank_ms": [
                0.0432640016078949,
                0.0382080003619194,
                0.04572800174355507,
                0.04543999955058098
              ]
            },
            "pair_attempt_id": 11,
            "pair_retry_ordinal": 0,
            "position": 0,
            "readiness_probe_exact": true,
            "ready_region": {
              "local_ms": 0.10998400300741196,
              "rank_max_ms": 0.11948800086975098,
              "rank_ms": [
                0.10998400300741196,
                0.11737599968910217,
                0.11948800086975098,
                0.11264000087976456
              ]
            },
            "sample_index": 11,
            "scheduled_start_arrival_ns_by_rank": [
              744693102471955,
              744693102571418,
              744693102574224,
              744693102563810
            ],
            "scheduled_start_target_ns_by_rank": [
              744693107574224,
              744693107574224,
              744693107574224,
              744693107574224
            ],
            "start_record_bracket_ns_by_rank": [
              [
                744693107574770,
                744693107593219
              ],
              [
                744693107574753,
                744693107596639
              ],
              [
                744693107574729,
                744693107592581
              ],
              [
                744693107574723,
                744693107591044
              ]
            ],
            "start_record_envelope_span_ns": 21916,
            "variant": 0
          },
          "reference": {
            "collective_only": {
              "local_ms": 0.060736000537872314,
              "rank_max_ms": 0.07446400076150894,
              "rank_ms": [
                0.060736000537872314,
                0.07014399766921997,
                0.07302399724721909,
                0.07446400076150894
              ]
            },
            "pair_attempt_id": 11,
            "pair_retry_ordinal": 0,
            "position": 1,
            "readiness_probe_exact": true,
            "ready_region": {
              "local_ms": 0.17692799866199493,
              "rank_max_ms": 0.17692799866199493,
              "rank_ms": [
                0.17692799866199493,
                0.1342719942331314,
                0.1342719942331314,
                0.12326399981975555
              ]
            },
            "sample_index": 11,
            "scheduled_start_arrival_ns_by_rank": [
              744693109965568,
              744693109787503,
              744693109776481,
              744693109856957
            ],
            "scheduled_start_target_ns_by_rank": [
              744693114965568,
              744693114965568,
              744693114965568,
              744693114965568
            ],
            "start_record_bracket_ns_by_rank": [
              [
                744693114967399,
                744693114995792
              ],
              [
                744693114966296,
                744693114988858
              ],
              [
                744693114966162,
                744693114986508
              ],
              [
                744693114966289,
                744693114982670
              ]
            ],
            "start_record_envelope_span_ns": 29630,
            "variant": 0
          }
        },
        "variant": 0
      },
      {
        "accepted": true,
        "attempt_id": 12,
        "logical_pair_index": 12,
        "order": [
          "reference",
          "candidate"
        ],
        "rejection_reasons": [],
        "retry_ordinal": 0,
        "samples": {
          "candidate": {
            "collective_only": {
              "local_ms": 0.04054399952292442,
              "rank_max_ms": 0.04678399860858917,
              "rank_ms": [
                0.04054399952292442,
                0.03920000046491623,
                0.04678399860858917,
                0.04646399989724159
              ]
            },
            "pair_attempt_id": 12,
            "pair_retry_ordinal": 0,
            "position": 1,
            "readiness_probe_exact": true,
            "ready_region": {
              "local_ms": 0.12249600142240524,
              "rank_max_ms": 0.12249600142240524,
              "rank_ms": [
                0.12249600142240524,
                0.11673600226640701,
                0.11823999881744385,
                0.1128000020980835
              ]
            },
            "sample_index": 12,
            "scheduled_start_arrival_ns_by_rank": [
              744693127641987,
              744693127498174,
              744693127324018,
              744693127517018
            ],
            "scheduled_start_target_ns_by_rank": [
              744693132641987,
              744693132641987,
              744693132641987,
              744693132641987
            ],
            "start_record_bracket_ns_by_rank": [
              [
                744693132642708,
                744693132663458
              ],
              [
                744693132642500,
                744693132664409
              ],
              [
                744693132642497,
                744693132660829
              ],
              [
                744693132642488,
                744693132657923
              ]
            ],
            "start_record_envelope_span_ns": 21921,
            "variant": 1
          },
          "reference": {
            "collective_only": {
              "local_ms": 0.031072000041604042,
              "rank_max_ms": 0.04387199878692627,
              "rank_ms": [
                0.031072000041604042,
                0.038656000047922134,
                0.04387199878692627,
                0.04233599826693535
              ]
            },
            "pair_attempt_id": 12,
            "pair_retry_ordinal": 0,
            "position": 0,
            "readiness_probe_exact": true,
            "ready_region": {
              "local_ms": 0.14841599762439728,
              "rank_max_ms": 0.14841599762439728,
              "rank_ms": [
                0.14841599762439728,
                0.11990399658679962,
                0.11456000059843063,
                0.11734399944543839
              ]
            },
            "sample_index": 12,
            "scheduled_start_arrival_ns_by_rank": [
              744693119407684,
              744693119399839,
              744693119282336,
              744693119371749
            ],
            "scheduled_start_target_ns_by_rank": [
              744693124407684,
              744693124407684,
              744693124407684,
              744693124407684
            ],
            "start_record_bracket_ns_by_rank": [
              [
                744693124409105,
                744693124437671
              ],
              [
                744693124408227,
                744693124431285
              ],
              [
                744693124408181,
                744693124426947
              ],
              [
                744693124408203,
                744693124426663
              ]
            ],
            "start_record_envelope_span_ns": 29490,
            "variant": 1
          }
        },
        "variant": 1
      },
      {
        "accepted": true,
        "attempt_id": 13,
        "logical_pair_index": 13,
        "order": [
          "candidate",
          "reference"
        ],
        "rejection_reasons": [],
        "retry_ordinal": 0,
        "samples": {
          "candidate": {
            "collective_only": {
              "local_ms": 0.054207999259233475,
              "rank_max_ms": 0.10233599692583084,
              "rank_ms": [
                0.054207999259233475,
                0.08505599945783615,
                0.0926399976015091,
                0.10233599692583084
              ]
            },
            "pair_attempt_id": 13,
            "pair_retry_ordinal": 0,
            "position": 0,
            "readiness_probe_exact": true,
            "ready_region": {
              "local_ms": 0.23123200237751007,
              "rank_max_ms": 0.23123200237751007,
              "rank_ms": [
                0.23123200237751007,
                0.12838399410247803,
                0.13391999900341034,
                0.1215360015630722
              ]
            },
            "sample_index": 13,
            "scheduled_start_arrival_ns_by_rank": [
              744693135986844,
              744693135663503,
              744693135626631,
              744693135723586
            ],
            "scheduled_start_target_ns_by_rank": [
              744693140986844,
              744693140986844,
              744693140986844,
              744693140986844
            ],
            "start_record_bracket_ns_by_rank": [
              [
                744693140988950,
                744693141069446
              ],
              [
                744693140987520,
                744693141032673
              ],
              [
                744693140987270,
                744693141028541
              ],
              [
                744693140987345,
                744693141018274
              ]
            ],
            "start_record_envelope_span_ns": 82176,
            "variant": 0
          },
          "reference": {
            "collective_only": {
              "local_ms": 0.03551999852061272,
              "rank_max_ms": 0.056671999394893646,
              "rank_ms": [
                0.03551999852061272,
                0.04761600121855736,
                0.056671999394893646,
                0.056384000927209854
              ]
            },
            "pair_attempt_id": 13,
            "pair_retry_ordinal": 0,
            "position": 1,
            "readiness_probe_exact": true,
            "ready_region": {
              "local_ms": 0.1592320054769516,
              "rank_max_ms": 0.1592320054769516,
              "rank_ms": [
                0.1592320054769516,
                0.12716799974441528,
                0.12409599870443344,
                0.1234240010380745
              ]
            },
            "sample_index": 13,
            "scheduled_start_arrival_ns_by_rank": [
              744693144507780,
              744693144490427,
              744693144444432,
              744693144440360
            ],
            "scheduled_start_target_ns_by_rank": [
              744693149507780,
              744693149507780,
              744693149507780,
              744693149507780
            ],
            "start_record_bracket_ns_by_rank": [
              [
                744693149509712,
                744693149545563
              ],
              [
                744693149508435,
                744693149534785
              ],
              [
                744693149508298,
                744693149528278
              ],
              [
                744693149508376,
                744693149526648
              ]
            ],
            "start_record_envelope_span_ns": 37265,
            "variant": 0
          }
        },
        "variant": 0
      },
      {
        "accepted": true,
        "attempt_id": 14,
        "logical_pair_index": 14,
        "order": [
          "reference",
          "candidate"
        ],
        "rejection_reasons": [],
        "retry_ordinal": 0,
        "samples": {
          "candidate": {
            "collective_only": {
              "local_ms": 0.0504320003092289,
              "rank_max_ms": 0.0586559996008873,
              "rank_ms": [
                0.0504320003092289,
                0.050624001771211624,
                0.0586559996008873,
                0.05846399813890457
              ]
            },
            "pair_attempt_id": 14,
            "pair_retry_ordinal": 0,
            "position": 1,
            "readiness_probe_exact": true,
            "ready_region": {
              "local_ms": 0.17414399981498718,
              "rank_max_ms": 0.17414399981498718,
              "rank_ms": [
                0.17414399981498718,
                0.13414399325847626,
                0.14083200693130493,
                0.1375039964914322
              ]
            },
            "sample_index": 14,
            "scheduled_start_arrival_ns_by_rank": [
              744693160125962,
              744693160078997,
              744693159862453,
              744693159942238
            ],
            "scheduled_start_target_ns_by_rank": [
              744693165125962,
              744693165125962,
              744693165125962,
              744693165125962
            ],
            "start_record_bracket_ns_by_rank": [
              [
                744693165127632,
                744693165157185
              ],
              [
                744693165126629,
                744693165148861
              ],
              [
                744693165126615,
                744693165144437
              ],
              [
                744693165126550,
                744693165143466
              ]
            ],
            "start_record_envelope_span_ns": 30635,
            "variant": 1
          },
          "reference": {
            "collective_only": {
              "local_ms": 0.039423998445272446,
              "rank_max_ms": 0.06265600025653839,
              "rank_ms": [
                0.039423998445272446,
                0.05814399942755699,
                0.06265600025653839,
                0.06006399914622307
              ]
            },
            "pair_attempt_id": 14,
            "pair_retry_ordinal": 0,
            "position": 0,
            "readiness_probe_exact": true,
            "ready_region": {
              "local_ms": 0.19100800156593323,
              "rank_max_ms": 0.19100800156593323,
              "rank_ms": [
                0.19100800156593323,
                0.12083200365304947,
                0.11958400160074234,
                0.11388800293207169
              ]
            },
            "sample_index": 14,
            "scheduled_start_arrival_ns_by_rank": [
              744693152478146,
              744693152428039,
              744693152371852,
              744693152439501
            ],
            "scheduled_start_target_ns_by_rank": [
              744693157478146,
              744693157478146,
              744693157478146,
              744693157478146
            ],
            "start_record_bracket_ns_by_rank": [
              [
                744693157480213,
                744693157521204
              ],
              [
                744693157478940,
                744693157501633
              ],
              [
                744693157478639,
                744693157497841
              ],
              [
                744693157478688,
                744693157495625
              ]
            ],
            "start_record_envelope_span_ns": 42565,
            "variant": 1
          }
        },
        "variant": 1
      },
      {
        "accepted": true,
        "attempt_id": 15,
        "logical_pair_index": 15,
        "order": [
          "candidate",
          "reference"
        ],
        "rejection_reasons": [],
        "retry_ordinal": 0,
        "samples": {
          "candidate": {
            "collective_only": {
              "local_ms": 0.04419200122356415,
              "rank_max_ms": 0.05507199838757515,
              "rank_ms": [
                0.04419200122356415,
                0.04495999962091446,
                0.05507199838757515,
                0.05382400006055832
              ]
            },
            "pair_attempt_id": 15,
            "pair_retry_ordinal": 0,
            "position": 0,
            "readiness_probe_exact": true,
            "ready_region": {
              "local_ms": 0.16329599916934967,
              "rank_max_ms": 0.16329599916934967,
              "rank_ms": [
                0.16329599916934967,
                0.12326399981975555,
                0.12144000083208084,
                0.11177600175142288
              ]
            },
            "sample_index": 15,
            "scheduled_start_arrival_ns_by_rank": [
              744693167475305,
              744693167669241,
              744693167343865,
              744693167340944
            ],
            "scheduled_start_target_ns_by_rank": [
              744693172669241,
              744693172669241,
              744693172669241,
              744693172669241
            ],
            "start_record_bracket_ns_by_rank": [
              [
                744693172670173,
                744693172696625
              ],
              [
                744693172670045,
                744693172692786
              ],
              [
                744693172669839,
                744693172688169
              ],
              [
                744693172669736,
                744693172686607
              ]
            ],
            "start_record_envelope_span_ns": 26889,
            "variant": 0
          },
          "reference": {
            "collective_only": {
              "local_ms": 0.026688000187277794,
              "rank_max_ms": 0.06908799707889557,
              "rank_ms": [
                0.026688000187277794,
                0.04854400083422661,
                0.06623999774456024,
                0.06908799707889557
              ]
            },
            "pair_attempt_id": 15,
            "pair_retry_ordinal": 0,
            "position": 1,
            "readiness_probe_exact": true,
            "ready_region": {
              "local_ms": 0.1385280042886734,
              "rank_max_ms": 0.14019200205802917,
              "rank_ms": [
                0.1385280042886734,
                0.1284479945898056,
                0.14019200205802917,
                0.11612799763679504
              ]
            },
            "sample_index": 15,
            "scheduled_start_arrival_ns_by_rank": [
              744693175775458,
              744693175981385,
              744693175697758,
              744693175679424
            ],
            "scheduled_start_target_ns_by_rank": [
              744693180981385,
              744693180981385,
              744693180981385,
              744693180981385
            ],
            "start_record_bracket_ns_by_rank": [
              [
                744693180982166,
                744693181037645
              ],
              [
                744693180982134,
                744693181016462
              ],
              [
                744693180981984,
                744693181028351
              ],
              [
                744693180981916,
                744693180996457
              ]
            ],
            "start_record_envelope_span_ns": 55729,
            "variant": 0
          }
        },
        "variant": 0
      },
      {
        "accepted": true,
        "attempt_id": 16,
        "logical_pair_index": 16,
        "order": [
          "reference",
          "candidate"
        ],
        "rejection_reasons": [],
        "retry_ordinal": 0,
        "samples": {
          "candidate": {
            "collective_only": {
              "local_ms": 0.047040000557899475,
              "rank_max_ms": 0.06649599969387054,
              "rank_ms": [
                0.047040000557899475,
                0.0570559985935688,
                0.06649599969387054,
                0.06588800251483917
              ]
            },
            "pair_attempt_id": 16,
            "pair_retry_ordinal": 0,
            "position": 1,
            "readiness_probe_exact": true,
            "ready_region": {
              "local_ms": 0.20748800039291382,
              "rank_max_ms": 0.20748800039291382,
              "rank_ms": [
                0.20748800039291382,
                0.13369600474834442,
                0.14659200608730316,
                0.12992000579833984
              ]
            },
            "sample_index": 16,
            "scheduled_start_arrival_ns_by_rank": [
              744693189894327,
              744693189773695,
              744693189757847,
              744693189794471
            ],
            "scheduled_start_target_ns_by_rank": [
              744693194894327,
              744693194894327,
              744693194894327,
              744693194894327
            ],
            "start_record_bracket_ns_by_rank": [
              [
                744693194896118,
                744693194929775
              ],
              [
                744693194894944,
                744693194918314
              ],
              [
                744693194894909,
                744693194912363
              ],
              [
                744693194894822,
                744693194910236
              ]
            ],
            "start_record_envelope_span_ns": 34953,
            "variant": 1
          },
          "reference": {
            "collective_only": {
              "local_ms": 0.031199999153614044,
              "rank_max_ms": 0.04707200080156326,
              "rank_ms": [
                0.031199999153614044,
                0.040192000567913055,
                0.04399999976158142,
                0.04707200080156326
              ]
            },
            "pair_attempt_id": 16,
            "pair_retry_ordinal": 0,
            "position": 0,
            "readiness_probe_exact": true,
            "ready_region": {
              "local_ms": 0.1607999950647354,
              "rank_max_ms": 0.1607999950647354,
              "rank_ms": [
                0.1607999950647354,
                0.12796799838542938,
                0.12723200023174286,
                0.10784000158309937
              ]
            },
            "sample_index": 16,
            "scheduled_start_arrival_ns_by_rank": [
              744693182991858,
              744693183057750,
              744693182987428,
              744693182983772
            ],
            "scheduled_start_target_ns_by_rank": [
              744693188057750,
              744693188057750,
              744693188057750,
              744693188057750
            ],
            "start_record_bracket_ns_by_rank": [
              [
                744693188059466,
                744693188088356
              ],
              [
                744693188058464,
                744693188079691
              ],
              [
                744693188058370,
                744693188076326
              ],
              [
                744693188058239,
                744693188073831
              ]
            ],
            "start_record_envelope_span_ns": 30117,
            "variant": 1
          }
        },
        "variant": 1
      },
      {
        "accepted": true,
        "attempt_id": 17,
        "logical_pair_index": 17,
        "order": [
          "candidate",
          "reference"
        ],
        "rejection_reasons": [],
        "retry_ordinal": 0,
        "samples": {
          "candidate": {
            "collective_only": {
              "local_ms": 0.04092799872159958,
              "rank_max_ms": 0.04793599992990494,
              "rank_ms": [
                0.04092799872159958,
                0.039872001856565475,
                0.04572800174355507,
                0.04793599992990494
              ]
            },
            "pair_attempt_id": 17,
            "pair_retry_ordinal": 0,
            "position": 0,
            "readiness_probe_exact": true,
            "ready_region": {
              "local_ms": 0.12668800354003906,
              "rank_max_ms": 0.12668800354003906,
              "rank_ms": [
                0.12668800354003906,
                0.11372800171375275,
                0.11340799927711487,
                0.11001600325107574
              ]
            },
            "sample_index": 17,
            "scheduled_start_arrival_ns_by_rank": [
              744693196850290,
              744693196846487,
              744693196815608,
              744693196743006
            ],
            "scheduled_start_target_ns_by_rank": [
              744693201850290,
              744693201850290,
              744693201850290,
              744693201850290
            ],
            "start_record_bracket_ns_by_rank": [
              [
                744693201851015,
                744693201874002
              ],
              [
                744693201850995,
                744693201871505
              ],
              [
                744693201850803,
                744693201868784
              ],
              [
                744693201850760,
                744693201866203
              ]
            ],
            "start_record_envelope_span_ns": 23242,
            "variant": 0
          },
          "reference": {
            "collective_only": {
              "local_ms": 0.0387520007789135,
              "rank_max_ms": 0.07411199808120728,
              "rank_ms": [
                0.0387520007789135,
                0.07062400132417679,
                0.07411199808120728,
                0.07103999704122543
              ]
            },
            "pair_attempt_id": 17,
            "pair_retry_ordinal": 0,
            "position": 1,
            "readiness_probe_exact": true,
            "ready_region": {
              "local_ms": 0.18223999440670013,
              "rank_max_ms": 0.18223999440670013,
              "rank_ms": [
                0.18223999440670013,
                0.12326399981975555,
                0.12643200159072876,
                0.12051200121641159
              ]
            },
            "sample_index": 17,
            "scheduled_start_arrival_ns_by_rank": [
              744693204159860,
              744693204064952,
              744693203966318,
              744693204058320
            ],
            "scheduled_start_target_ns_by_rank": [
              744693209159860,
              744693209159860,
              744693209159860,
              744693209159860
            ],
            "start_record_bracket_ns_by_rank": [
              [
                744693209161790,
                744693209214590
              ],
              [
                744693209160430,
                744693209181544
              ],
              [
                744693209160410,
                744693209179144
              ],
              [
                744693209160472,
                744693209176739
              ]
            ],
            "start_record_envelope_span_ns": 54180,
            "variant": 0
          }
        },
        "variant": 0
      },
      {
        "accepted": true,
        "attempt_id": 18,
        "logical_pair_index": 18,
        "order": [
          "reference",
          "candidate"
        ],
        "rejection_reasons": [],
        "retry_ordinal": 0,
        "samples": {
          "candidate": {
            "collective_only": {
              "local_ms": 0.04451199993491173,
              "rank_max_ms": 0.0607680007815361,
              "rank_ms": [
                0.04451199993491173,
                0.05299200117588043,
                0.0607680007815361,
                0.0605119988322258
              ]
            },
            "pair_attempt_id": 18,
            "pair_retry_ordinal": 0,
            "position": 1,
            "readiness_probe_exact": true,
            "ready_region": {
              "local_ms": 0.19209599494934082,
              "rank_max_ms": 0.19209599494934082,
              "rank_ms": [
                0.19209599494934082,
                0.11126399785280228,
                0.10726399719715118,
                0.10515200346708298
              ]
            },
            "sample_index": 18,
            "scheduled_start_arrival_ns_by_rank": [
              744693218848498,
              744693218806778,
              744693218741507,
              744693218817638
            ],
            "scheduled_start_target_ns_by_rank": [
              744693223848498,
              744693223848498,
              744693223848498,
              744693223848498
            ],
            "start_record_bracket_ns_by_rank": [
              [
                744693223850381,
                744693223878899
              ],
              [
                744693223849136,
                744693223869058
              ],
              [
                744693223849059,
                744693223864311
              ],
              [
                744693223848990,
                744693223863652
              ]
            ],
            "start_record_envelope_span_ns": 29909,
            "variant": 1
          },
          "reference": {
            "collective_only": {
              "local_ms": 0.028351999819278717,
              "rank_max_ms": 0.060575999319553375,
              "rank_ms": [
                0.028351999819278717,
                0.051263999193906784,
                0.05766399949789047,
                0.060575999319553375
              ]
            },
            "pair_attempt_id": 18,
            "pair_retry_ordinal": 0,
            "position": 0,
            "readiness_probe_exact": true,
            "ready_region": {
              "local_ms": 0.1443520039319992,
              "rank_max_ms": 0.1443520039319992,
              "rank_ms": [
                0.1443520039319992,
                0.12611199915409088,
                0.11068800091743469,
                0.10556799918413162
              ]
            },
            "sample_index": 18,
            "scheduled_start_arrival_ns_by_rank": [
              744693211440538,
              744693211365466,
              744693211397981,
              744693211454939
            ],
            "scheduled_start_target_ns_by_rank": [
              744693216454939,
              744693216454939,
              744693216454939,
              744693216454939
            ],
            "start_record_bracket_ns_by_rank": [
              [
                744693216456019,
                744693216502961
              ],
              [
                744693216455563,
                744693216480743
              ],
              [
                744693216455520,
                744693216474621
              ],
              [
                744693216455481,
                744693216473388
              ]
            ],
            "start_record_envelope_span_ns": 47480,
            "variant": 1
          }
        },
        "variant": 1
      },
      {
        "accepted": true,
        "attempt_id": 19,
        "logical_pair_index": 19,
        "order": [
          "candidate",
          "reference"
        ],
        "rejection_reasons": [],
        "retry_ordinal": 0,
        "samples": {
          "candidate": {
            "collective_only": {
              "local_ms": 0.04070400074124336,
              "rank_max_ms": 0.055424001067876816,
              "rank_ms": [
                0.04070400074124336,
                0.046592000871896744,
                0.04447999969124794,
                0.055424001067876816
              ]
            },
            "pair_attempt_id": 19,
            "pair_retry_ordinal": 0,
            "position": 0,
            "readiness_probe_exact": true,
            "ready_region": {
              "local_ms": 0.15331199765205383,
              "rank_max_ms": 0.15331199765205383,
              "rank_ms": [
                0.15331199765205383,
                0.12355200201272964,
                0.11939200013875961,
                0.11091200262308121
              ]
            },
            "sample_index": 19,
            "scheduled_start_arrival_ns_by_rank": [
              744693226386111,
              744693226166179,
              744693226379612,
              744693226425756
            ],
            "scheduled_start_target_ns_by_rank": [
              744693231425756,
              744693231425756,
              744693231425756,
              744693231425756
            ],
            "start_record_bracket_ns_by_rank": [
              [
                744693231435318,
                744693231456939
              ],
              [
                744693231426624,
                744693231448950
              ],
              [
                744693231426272,
                744693231455657
              ],
              [
                744693231426232,
                744693231442157
              ]
            ],
            "start_record_envelope_span_ns": 30707,
            "variant": 0
          },
          "reference": {
            "collective_only": {
              "local_ms": 0.03702399879693985,
              "rank_max_ms": 0.05183999985456467,
              "rank_ms": [
                0.03702399879693985,
                0.04464000090956688,
                0.05183999985456467,
                0.05142400041222572
              ]
            },
            "pair_attempt_id": 19,
            "pair_retry_ordinal": 0,
            "position": 1,
            "readiness_probe_exact": true,
            "ready_region": {
              "local_ms": 0.18639999628067017,
              "rank_max_ms": 0.18639999628067017,
              "rank_ms": [
                0.18639999628067017,
                0.14735999703407288,
                0.1106560006737709,
                0.1080000028014183
              ]
            },
            "sample_index": 19,
            "scheduled_start_arrival_ns_by_rank": [
              744693235528309,
              744693235861513,
              744693235550281,
              744693235562625
            ],
            "scheduled_start_target_ns_by_rank": [
              744693240861513,
              744693240861513,
              744693240861513,
              744693240861513
            ],
            "start_record_bracket_ns_by_rank": [
              [
                744693240863327,
                744693240895874
              ],
              [
                744693240862354,
                744693240886766
              ],
              [
                744693240862045,
                744693240879139
              ],
              [
                744693240862004,
                744693240877277
              ]
            ],
            "start_record_envelope_span_ns": 33870,
            "variant": 0
          }
        },
        "variant": 0
      },
      {
        "accepted": true,
        "attempt_id": 20,
        "logical_pair_index": 20,
        "order": [
          "reference",
          "candidate"
        ],
        "rejection_reasons": [],
        "retry_ordinal": 0,
        "samples": {
          "candidate": {
            "collective_only": {
              "local_ms": 0.049536000937223434,
              "rank_max_ms": 0.06531199812889099,
              "rank_ms": [
                0.049536000937223434,
                0.05548800155520439,
                0.06518399715423584,
                0.06531199812889099
              ]
            },
            "pair_attempt_id": 20,
            "pair_retry_ordinal": 0,
            "position": 1,
            "readiness_probe_exact": true,
            "ready_region": {
              "local_ms": 0.20175999402999878,
              "rank_max_ms": 0.20175999402999878,
              "rank_ms": [
                0.20175999402999878,
                0.1316480040550232,
                0.11353600025177002,
                0.11727999895811081
              ]
            },
            "sample_index": 20,
            "scheduled_start_arrival_ns_by_rank": [
              744693250786004,
              744693250818923,
              744693250706769,
              744693250591102
            ],
            "scheduled_start_target_ns_by_rank": [
              744693255818923,
              744693255818923,
              744693255818923,
              744693255818923
            ],
            "start_record_bracket_ns_by_rank": [
              [
                744693255820681,
                744693255854202
              ],
              [
                744693255819660,
                744693255845161
              ],
              [
                744693255819442,
                744693255835751
              ],
              [
                744693255819384,
                744693255835638
              ]
            ],
            "start_record_envelope_span_ns": 34818,
            "variant": 1
          },
          "reference": {
            "collective_only": {
              "local_ms": 0.028896000236272812,
              "rank_max_ms": 0.03328000009059906,
              "rank_ms": [
                0.028896000236272812,
                0.025696000084280968,
                0.031199999153614044,
                0.03328000009059906
              ]
            },
            "pair_attempt_id": 20,
            "pair_retry_ordinal": 0,
            "position": 0,
            "readiness_probe_exact": true,
            "ready_region": {
              "local_ms": 0.11276800185441971,
              "rank_max_ms": 0.11379200220108032,
              "rank_ms": [
                0.11276800185441971,
                0.1096000000834465,
                0.11078400164842606,
                0.11379200220108032
              ]
            },
            "sample_index": 20,
            "scheduled_start_arrival_ns_by_rank": [
              744693243267058,
              744693243252759,
              744693243216067,
              744693243301520
            ],
            "scheduled_start_target_ns_by_rank": [
              744693248301520,
              744693248301520,
              744693248301520,
              744693248301520
            ],
            "start_record_bracket_ns_by_rank": [
              [
                744693248302078,
                744693248321225
              ],
              [
                744693248302023,
                744693248322777
              ],
              [
                744693248302128,
                744693248319865
              ],
              [
                744693248301977,
                744693248317468
              ]
            ],
            "start_record_envelope_span_ns": 20800,
            "variant": 1
          }
        },
        "variant": 1
      },
      {
        "accepted": true,
        "attempt_id": 21,
        "logical_pair_index": 21,
        "order": [
          "candidate",
          "reference"
        ],
        "rejection_reasons": [],
        "retry_ordinal": 0,
        "samples": {
          "candidate": {
            "collective_only": {
              "local_ms": 0.04118400067090988,
              "rank_max_ms": 0.04598399996757507,
              "rank_ms": [
                0.04118400067090988,
                0.03670400008559227,
                0.0453759990632534,
                0.04598399996757507
              ]
            },
            "pair_attempt_id": 21,
            "pair_retry_ordinal": 0,
            "position": 0,
            "readiness_probe_exact": true,
            "ready_region": {
              "local_ms": 0.11711999773979187,
              "rank_max_ms": 0.12108799815177917,
              "rank_ms": [
                0.11711999773979187,
                0.11574400216341019,
                0.12108799815177917,
                0.11481600254774094
              ]
            },
            "sample_index": 21,
            "scheduled_start_arrival_ns_by_rank": [
              744693258241348,
              744693258244004,
              744693258217535,
              744693258095027
            ],
            "scheduled_start_target_ns_by_rank": [
              744693263244004,
              744693263244004,
              744693263244004,
              744693263244004
            ],
            "start_record_bracket_ns_by_rank": [
              [
                744693263244644,
                744693263264085
              ],
              [
                744693263244550,
                744693263266479
              ],
              [
                744693263244570,
                744693263262792
              ],
              [
                744693263244511,
                744693263260813
              ]
            ],
            "start_record_envelope_span_ns": 21968,
            "variant": 0
          },
          "reference": {
            "collective_only": {
              "local_ms": 0.03161599859595299,
              "rank_max_ms": 0.04992000013589859,
              "rank_ms": [
                0.03161599859595299,
                0.04179200157523155,
                0.0480320006608963,
                0.04992000013589859
              ]
            },
            "pair_attempt_id": 21,
            "pair_retry_ordinal": 0,
            "position": 1,
            "readiness_probe_exact": true,
            "ready_region": {
              "local_ms": 0.18041600286960602,
              "rank_max_ms": 0.18041600286960602,
              "rank_ms": [
                0.18041600286960602,
                0.12915199995040894,
                0.1313599944114685,
                0.10393600165843964
              ]
            },
            "sample_index": 21,
            "scheduled_start_arrival_ns_by_rank": [
              744693265366152,
              744693265243684,
              744693265201131,
              744693265234661
            ],
            "scheduled_start_target_ns_by_rank": [
              744693270366152,
              744693270366152,
              744693270366152,
              744693270366152
            ],
            "start_record_bracket_ns_by_rank": [
              [
                744693270369628,
                744693270398290
              ],
              [
                744693270367192,
                744693270391058
              ],
              [
                744693270366694,
                744693270383035
              ],
              [
                744693270366559,
                744693270381143
              ]
            ],
            "start_record_envelope_span_ns": 31731,
            "variant": 0
          }
        },
        "variant": 0
      },
      {
        "accepted": true,
        "attempt_id": 22,
        "logical_pair_index": 22,
        "order": [
          "reference",
          "candidate"
        ],
        "rejection_reasons": [],
        "retry_ordinal": 0,
        "samples": {
          "candidate": {
            "collective_only": {
              "local_ms": 0.0432640016078949,
              "rank_max_ms": 0.056671999394893646,
              "rank_ms": [
                0.0432640016078949,
                0.046112000942230225,
                0.0549440011382103,
                0.056671999394893646
              ]
            },
            "pair_attempt_id": 22,
            "pair_retry_ordinal": 0,
            "position": 1,
            "readiness_probe_exact": true,
            "ready_region": {
              "local_ms": 0.13820800185203552,
              "rank_max_ms": 0.1382399946451187,
              "rank_ms": [
                0.13820800185203552,
                0.1382399946451187,
                0.11695999652147293,
                0.11766400188207626
              ]
            },
            "sample_index": 22,
            "scheduled_start_arrival_ns_by_rank": [
              744693280351421,
              744693280324840,
              744693280275474,
              744693280346407
            ],
            "scheduled_start_target_ns_by_rank": [
              744693285351421,
              744693285351421,
              744693285351421,
              744693285351421
            ],
            "start_record_bracket_ns_by_rank": [
              [
                744693285352394,
                744693285383439
              ],
              [
                744693285352340,
                744693285377310
              ],
              [
                744693285353333,
                744693285371630
              ],
              [
                744693285352088,
                744693285368171
              ]
            ],
            "start_record_envelope_span_ns": 31351,
            "variant": 1
          },
          "reference": {
            "collective_only": {
              "local_ms": 0.028063999488949776,
              "rank_max_ms": 0.04233599826693535,
              "rank_ms": [
                0.028063999488949776,
                0.03564799949526787,
                0.04057599976658821,
                0.04233599826693535
              ]
            },
            "pair_attempt_id": 22,
            "pair_retry_ordinal": 0,
            "position": 0,
            "readiness_probe_exact": true,
            "ready_region": {
              "local_ms": 0.16361600160598755,
              "rank_max_ms": 0.16361600160598755,
              "rank_ms": [
                0.16361600160598755,
                0.13519999384880066,
                0.12441600114107132,
                0.12252800166606903
              ]
            },
            "sample_index": 22,
            "scheduled_start_arrival_ns_by_rank": [
              744693272945940,
              744693272757783,
              744693272758363,
              744693272754953
            ],
            "scheduled_start_target_ns_by_rank": [
              744693277945940,
              744693277945940,
              744693277945940,
              744693277945940
            ],
            "start_record_bracket_ns_by_rank": [
              [
                744693277947244,
                744693277972793
              ],
              [
                744693277946554,
                744693277967675
              ],
              [
                744693277946435,
                744693277963518
              ],
              [
                744693277946436,
                744693277961185
              ]
            ],
            "start_record_envelope_span_ns": 26358,
            "variant": 1
          }
        },
        "variant": 1
      },
      {
        "accepted": true,
        "attempt_id": 23,
        "logical_pair_index": 23,
        "order": [
          "candidate",
          "reference"
        ],
        "rejection_reasons": [],
        "retry_ordinal": 0,
        "samples": {
          "candidate": {
            "collective_only": {
              "local_ms": 0.04831999912858009,
              "rank_max_ms": 0.06774400174617767,
              "rank_ms": [
                0.04831999912858009,
                0.06003199890255928,
                0.06403200328350067,
                0.06774400174617767
              ]
            },
            "pair_attempt_id": 23,
            "pair_retry_ordinal": 0,
            "position": 0,
            "readiness_probe_exact": true,
            "ready_region": {
              "local_ms": 0.20390400290489197,
              "rank_max_ms": 0.20390400290489197,
              "rank_ms": [
                0.20390400290489197,
                0.1154559999704361,
                0.11423999816179276,
                0.11219199746847153
              ]
            },
            "sample_index": 23,
            "scheduled_start_arrival_ns_by_rank": [
              744693287473712,
              744693287487486,
              744693287482991,
              744693287433054
            ],
            "scheduled_start_target_ns_by_rank": [
              744693292487486,
              744693292487486,
              744693292487486,
              744693292487486
            ],
            "start_record_bracket_ns_by_rank": [
              [
                744693292489489,
                744693292522619
              ],
              [
                744693292488157,
                744693292508868
              ],
              [
                744693292492235,
                744693292509672
              ],
              [
                744693292487908,
                744693292503408
              ]
            ],
            "start_record_envelope_span_ns": 34711,
            "variant": 0
          },
          "reference": {
            "collective_only": {
              "local_ms": 0.035392001271247864,
              "rank_max_ms": 0.05503999814391136,
              "rank_ms": [
                0.035392001271247864,
                0.04774399846792221,
                0.05366399884223938,
                0.05503999814391136
              ]
            },
            "pair_attempt_id": 23,
            "pair_retry_ordinal": 0,
            "position": 1,
            "readiness_probe_exact": true,
            "ready_region": {
              "local_ms": 0.19091199338436127,
              "rank_max_ms": 0.19091199338436127,
              "rank_ms": [
                0.19091199338436127,
                0.1181119978427887,
                0.107744000852108,
                0.10499200224876404
              ]
            },
            "sample_index": 23,
            "scheduled_start_arrival_ns_by_rank": [
              744693294855449,
              744693294785792,
              744693294789370,
              744693294828186
            ],
            "scheduled_start_target_ns_by_rank": [
              744693299855449,
              744693299855449,
              744693299855449,
              744693299855449
            ],
            "start_record_bracket_ns_by_rank": [
              [
                744693299857750,
                744693299891053
              ],
              [
                744693299856430,
                744693299879065
              ],
              [
                744693299856061,
                744693299873989
              ],
              [
                744693299855945,
                744693299871613
              ]
            ],
            "start_record_envelope_span_ns": 35108,
            "variant": 0
          }
        },
        "variant": 0
      },
      {
        "accepted": true,
        "attempt_id": 24,
        "logical_pair_index": 24,
        "order": [
          "reference",
          "candidate"
        ],
        "rejection_reasons": [],
        "retry_ordinal": 0,
        "samples": {
          "candidate": {
            "collective_only": {
              "local_ms": 0.0504320003092289,
              "rank_max_ms": 0.06639999896287918,
              "rank_ms": [
                0.0504320003092289,
                0.05798399820923805,
                0.06480000168085098,
                0.06639999896287918
              ]
            },
            "pair_attempt_id": 24,
            "pair_retry_ordinal": 0,
            "position": 1,
            "readiness_probe_exact": true,
            "ready_region": {
              "local_ms": 0.1794240027666092,
              "rank_max_ms": 0.1794240027666092,
              "rank_ms": [
                0.1794240027666092,
                0.11580800265073776,
                0.11532799899578094,
                0.11503999680280685
              ]
            },
            "sample_index": 24,
            "scheduled_start_arrival_ns_by_rank": [
              744693310371685,
              744693310214336,
              744693310227630,
              744693310216608
            ],
            "scheduled_start_target_ns_by_rank": [
              744693315371685,
              744693315371685,
              744693315371685,
              744693315371685
            ],
            "start_record_bracket_ns_by_rank": [
              [
                744693315373649,
                744693315406049
              ],
              [
                744693315372394,
                744693315395000
              ],
              [
                744693315372188,
                744693315391123
              ],
              [
                744693315372297,
                744693315388613
              ]
            ],
            "start_record_envelope_span_ns": 33861,
            "variant": 1
          },
          "reference": {
            "collective_only": {
              "local_ms": 0.03884800150990486,
              "rank_max_ms": 0.05910399928689003,
              "rank_ms": [
                0.03884800150990486,
                0.05225599929690361,
                0.05910399928689003,
                0.05846399813890457
              ]
            },
            "pair_attempt_id": 24,
            "pair_retry_ordinal": 0,
            "position": 0,
            "readiness_probe_exact": true,
            "ready_region": {
              "local_ms": 0.18236799538135529,
              "rank_max_ms": 0.18236799538135529,
              "rank_ms": [
                0.18236799538135529,
                0.11273600161075592,
                0.11116799712181091,
                0.11324799805879593
              ]
            },
            "sample_index": 24,
            "scheduled_start_arrival_ns_by_rank": [
              744693302396020,
              744693302268669,
              744693302255076,
              744693302256119
            ],
            "scheduled_start_target_ns_by_rank": [
              744693307396020,
              744693307396020,
              744693307396020,
              744693307396020
            ],
            "start_record_bracket_ns_by_rank": [
              [
                744693307398106,
                744693307432612
              ],
              [
                744693307396719,
                744693307419762
              ],
              [
                744693307396515,
                744693307414291
              ],
              [
                744693307396550,
                744693307414255
              ]
            ],
            "start_record_envelope_span_ns": 36097,
            "variant": 1
          }
        },
        "variant": 1
      },
      {
        "accepted": true,
        "attempt_id": 25,
        "logical_pair_index": 25,
        "order": [
          "candidate",
          "reference"
        ],
        "rejection_reasons": [],
        "retry_ordinal": 0,
        "samples": {
          "candidate": {
            "collective_only": {
              "local_ms": 0.05027199909090996,
              "rank_max_ms": 0.06966400146484375,
              "rank_ms": [
                0.05027199909090996,
                0.05686400085687637,
                0.06966400146484375,
                0.06937599927186966
              ]
            },
            "pair_attempt_id": 25,
            "pair_retry_ordinal": 0,
            "position": 0,
            "readiness_probe_exact": true,
            "ready_region": {
              "local_ms": 0.2019840031862259,
              "rank_max_ms": 0.2019840031862259,
              "rank_ms": [
                0.2019840031862259,
                0.16172799468040466,
                0.14825600385665894,
                0.12511999905109406
              ]
            },
            "sample_index": 25,
            "scheduled_start_arrival_ns_by_rank": [
              744693318073098,
              744693317770475,
              744693317600590,
              744693317865084
            ],
            "scheduled_start_target_ns_by_rank": [
              744693323073098,
              744693323073098,
              744693323073098,
              744693323073098
            ],
            "start_record_bracket_ns_by_rank": [
              [
                744693323075262,
                744693323109750
              ],
              [
                744693323074284,
                744693323101502
              ],
              [
                744693323073627,
                744693323090721
              ],
              [
                744693323073650,
                744693323089798
              ]
            ],
            "start_record_envelope_span_ns": 36123,
            "variant": 0
          },
          "reference": {
            "collective_only": {
              "local_ms": 0.03407999873161316,
              "rank_max_ms": 0.05488000065088272,
              "rank_ms": [
                0.03407999873161316,
                0.04729599878191948,
                0.05366399884223938,
                0.05488000065088272
              ]
            },
            "pair_attempt_id": 25,
            "pair_retry_ordinal": 0,
            "position": 1,
            "readiness_probe_exact": true,
            "ready_region": {
              "local_ms": 0.1940159946680069,
              "rank_max_ms": 0.1940159946680069,
              "rank_ms": [
                0.1940159946680069,
                0.12268800288438797,
                0.10943999886512756,
                0.10713600367307663
              ]
            },
            "sample_index": 25,
            "scheduled_start_arrival_ns_by_rank": [
              744693325722466,
              744693325573490,
              744693325560241,
              744693325554119
            ],
            "scheduled_start_target_ns_by_rank": [
              744693330722466,
              744693330722466,
              744693330722466,
              744693330722466
            ],
            "start_record_bracket_ns_by_rank": [
              [
                744693330724138,
                744693330758410
              ],
              [
                744693330723230,
                744693330746410
              ],
              [
                744693330722962,
                744693330739871
              ],
              [
                744693330723065,
                744693330738920
              ]
            ],
            "start_record_envelope_span_ns": 35448,
            "variant": 0
          }
        },
        "variant": 0
      },
      {
        "accepted": true,
        "attempt_id": 26,
        "logical_pair_index": 26,
        "order": [
          "reference",
          "candidate"
        ],
        "rejection_reasons": [],
        "retry_ordinal": 0,
        "samples": {
          "candidate": {
            "collective_only": {
              "local_ms": 0.04646399989724159,
              "rank_max_ms": 0.06406400352716446,
              "rank_ms": [
                0.04646399989724159,
                0.052032001316547394,
                0.062144000083208084,
                0.06406400352716446
              ]
            },
            "pair_attempt_id": 26,
            "pair_retry_ordinal": 0,
            "position": 1,
            "readiness_probe_exact": true,
            "ready_region": {
              "local_ms": 0.18592000007629395,
              "rank_max_ms": 0.18592000007629395,
              "rank_ms": [
                0.18592000007629395,
                0.13974399864673615,
                0.12620800733566284,
                0.12732799351215363
              ]
            },
            "sample_index": 26,
            "scheduled_start_arrival_ns_by_rank": [
              744693340064267,
              744693339892030,
              744693339907018,
              744693339978738
            ],
            "scheduled_start_target_ns_by_rank": [
              744693345064267,
              744693345064267,
              744693345064267,
              744693345064267
            ],
            "start_record_bracket_ns_by_rank": [
              [
                744693345066257,
                744693345097668
              ],
              [
                744693345065244,
                744693345089635
              ],
              [
                744693345064790,
                744693345083602
              ],
              [
                744693345064902,
                744693345079943
              ]
            ],
            "start_record_envelope_span_ns": 32878,
            "variant": 1
          },
          "reference": {
            "collective_only": {
              "local_ms": 0.03267199918627739,
              "rank_max_ms": 0.05056000128388405,
              "rank_ms": [
                0.03267199918627739,
                0.043296001851558685,
                0.050016000866889954,
                0.05056000128388405
              ]
            },
            "pair_attempt_id": 26,
            "pair_retry_ordinal": 0,
            "position": 0,
            "readiness_probe_exact": true,
            "ready_region": {
              "local_ms": 0.21884800493717194,
              "rank_max_ms": 0.21884800493717194,
              "rank_ms": [
                0.21884800493717194,
                0.13705599308013916,
                0.10124800354242325,
                0.10268799960613251
              ]
            },
            "sample_index": 26,
            "scheduled_start_arrival_ns_by_rank": [
              744693332851444,
              744693332679778,
              744693332733793,
              744693332736725
            ],
            "scheduled_start_target_ns_by_rank": [
              744693337851444,
              744693337851444,
              744693337851444,
              744693337851444
            ],
            "start_record_bracket_ns_by_rank": [
              [
                744693337853454,
                744693337884819
              ],
              [
                744693337852339,
                744693337875175
              ],
              [
                744693337851946,
                744693337868179
              ],
              [
                744693337851997,
                744693337867391
              ]
            ],
            "start_record_envelope_span_ns": 32873,
            "variant": 1
          }
        },
        "variant": 1
      },
      {
        "accepted": true,
        "attempt_id": 27,
        "logical_pair_index": 27,
        "order": [
          "candidate",
          "reference"
        ],
        "rejection_reasons": [],
        "retry_ordinal": 0,
        "samples": {
          "candidate": {
            "collective_only": {
              "local_ms": 0.050592001527547836,
              "rank_max_ms": 0.07052800059318542,
              "rank_ms": [
                0.050592001527547836,
                0.06137600168585777,
                0.06732799857854843,
                0.07052800059318542
              ]
            },
            "pair_attempt_id": 27,
            "pair_retry_ordinal": 0,
            "position": 0,
            "readiness_probe_exact": true,
            "ready_region": {
              "local_ms": 0.20902399718761444,
              "rank_max_ms": 0.20902399718761444,
              "rank_ms": [
                0.20902399718761444,
                0.12707200646400452,
                0.1279039978981018,
                0.12067200243473053
              ]
            },
            "sample_index": 27,
            "scheduled_start_arrival_ns_by_rank": [
              744693347533561,
              744693347459526,
              744693347293388,
              744693347387830
            ],
            "scheduled_start_target_ns_by_rank": [
              744693352533561,
              744693352533561,
              744693352533561,
              744693352533561
            ],
            "start_record_bracket_ns_by_rank": [
              [
                744693352535677,
                744693352570681
              ],
              [
                744693352534079,
                744693352555867
              ],
              [
                744693352534090,
                744693352554571
              ],
              [
                744693352534048,
                744693352550242
              ]
            ],
            "start_record_envelope_span_ns": 36633,
            "variant": 0
          },
          "reference": {
            "collective_only": {
              "local_ms": 0.03753599897027016,
              "rank_max_ms": 0.06758400052785873,
              "rank_ms": [
                0.03753599897027016,
                0.0623680017888546,
                0.05158400163054466,
                0.06758400052785873
              ]
            },
            "pair_attempt_id": 27,
            "pair_retry_ordinal": 0,
            "position": 1,
            "readiness_probe_exact": true,
            "ready_region": {
              "local_ms": 0.1812479943037033,
              "rank_max_ms": 0.1812479943037033,
              "rank_ms": [
                0.1812479943037033,
                0.13344000279903412,
                0.12934400141239166,
                0.11753600090742111
              ]
            },
            "sample_index": 27,
            "scheduled_start_arrival_ns_by_rank": [
              744693356573557,
              744693356445418,
              744693356416860,
              744693356425603
            ],
            "scheduled_start_target_ns_by_rank": [
              744693361573557,
              744693361573557,
              744693361573557,
              744693361573557
            ],
            "start_record_bracket_ns_by_rank": [
              [
                744693361587121,
                744693361622935
              ],
              [
                744693361574392,
                744693361598509
              ],
              [
                744693361574136,
                744693361608549
              ],
              [
                744693361574257,
                744693361592719
              ]
            ],
            "start_record_envelope_span_ns": 48799,
            "variant": 0
          }
        },
        "variant": 0
      },
      {
        "accepted": true,
        "attempt_id": 28,
        "logical_pair_index": 28,
        "order": [
          "reference",
          "candidate"
        ],
        "rejection_reasons": [],
        "retry_ordinal": 0,
        "samples": {
          "candidate": {
            "collective_only": {
              "local_ms": 0.051263999193906784,
              "rank_max_ms": 0.0735040009021759,
              "rank_ms": [
                0.051263999193906784,
                0.06207999959588051,
                0.0716480016708374,
                0.0735040009021759
              ]
            },
            "pair_attempt_id": 28,
            "pair_retry_ordinal": 0,
            "position": 1,
            "readiness_probe_exact": true,
            "ready_region": {
              "local_ms": 0.1879040002822876,
              "rank_max_ms": 0.1879040002822876,
              "rank_ms": [
                0.1879040002822876,
                0.12569600343704224,
                0.11644800007343292,
                0.10950399935245514
              ]
            },
            "sample_index": 28,
            "scheduled_start_arrival_ns_by_rank": [
              744693372712363,
              744693372660650,
              744693372393503,
              744693372343259
            ],
            "scheduled_start_target_ns_by_rank": [
              744693377712363,
              744693377712363,
              744693377712363,
              744693377712363
            ],
            "start_record_bracket_ns_by_rank": [
              [
                744693377714893,
                744693377750720
              ],
              [
                744693377713409,
                744693377736891
              ],
              [
                744693377712870,
                744693377731130
              ],
              [
                744693377712954,
                744693377727606
              ]
            ],
            "start_record_envelope_span_ns": 37850,
            "variant": 1
          },
          "reference": {
            "collective_only": {
              "local_ms": 0.02783999964594841,
              "rank_max_ms": 0.11423999816179276,
              "rank_ms": [
                0.02783999964594841,
                0.10639999806880951,
                0.1125440001487732,
                0.11423999816179276
              ]
            },
            "pair_attempt_id": 28,
            "pair_retry_ordinal": 0,
            "position": 0,
            "readiness_probe_exact": true,
            "ready_region": {
              "local_ms": 0.14284799993038177,
              "rank_max_ms": 0.14284799993038177,
              "rank_ms": [
                0.14284799993038177,
                0.1143999993801117,
                0.1207360029220581,
                0.12323199957609177
              ]
            },
            "sample_index": 28,
            "scheduled_start_arrival_ns_by_rank": [
              744693364270846,
              744693363973659,
              744693364099018,
              744693364112924
            ],
            "scheduled_start_target_ns_by_rank": [
              744693369270846,
              744693369270846,
              744693369270846,
              744693369270846
            ],
            "start_record_bracket_ns_by_rank": [
              [
                744693369343205,
                744693369371661
              ],
              [
                744693369271384,
                744693369295200
              ],
              [
                744693369271370,
                744693369289654
              ],
              [
                744693369271244,
                744693369286979
              ]
            ],
            "start_record_envelope_span_ns": 100417,
            "variant": 1
          }
        },
        "variant": 1
      },
      {
        "accepted": true,
        "attempt_id": 29,
        "logical_pair_index": 29,
        "order": [
          "candidate",
          "reference"
        ],
        "rejection_reasons": [],
        "retry_ordinal": 0,
        "samples": {
          "candidate": {
            "collective_only": {
              "local_ms": 0.05411199852824211,
              "rank_max_ms": 0.07628799974918365,
              "rank_ms": [
                0.05411199852824211,
                0.06460800021886826,
                0.07628799974918365,
                0.07468800246715546
              ]
            },
            "pair_attempt_id": 29,
            "pair_retry_ordinal": 0,
            "position": 0,
            "readiness_probe_exact": true,
            "ready_region": {
              "local_ms": 0.21244800090789795,
              "rank_max_ms": 0.21244800090789795,
              "rank_ms": [
                0.21244800090789795,
                0.1475200057029724,
                0.13196800649166107,
                0.11593600362539291
              ]
            },
            "sample_index": 29,
            "scheduled_start_arrival_ns_by_rank": [
              744693380867740,
              744693380725640,
              744693380724180,
              744693380753365
            ],
            "scheduled_start_target_ns_by_rank": [
              744693385867740,
              744693385867740,
              744693385867740,
              744693385867740
            ],
            "start_record_bracket_ns_by_rank": [
              [
                744693385869878,
                744693385907904
              ],
              [
                744693385868669,
                744693385893412
              ],
              [
                744693385868192,
                744693385885284
              ],
              [
                744693385868251,
                744693385884940
              ]
            ],
            "start_record_envelope_span_ns": 39712,
            "variant": 0
          },
          "reference": {
            "collective_only": {
              "local_ms": 0.037248000502586365,
              "rank_max_ms": 0.0568000003695488,
              "rank_ms": [
                0.037248000502586365,
                0.05008000135421753,
                0.0568000003695488,
                0.05385600030422211
              ]
            },
            "pair_attempt_id": 29,
            "pair_retry_ordinal": 0,
            "position": 1,
            "readiness_probe_exact": true,
            "ready_region": {
              "local_ms": 0.17520000040531158,
              "rank_max_ms": 0.17520000040531158,
              "rank_ms": [
                0.17520000040531158,
                0.12188799679279327,
                0.1141119971871376,
                0.11334399878978729
              ]
            },
            "sample_index": 29,
            "scheduled_start_arrival_ns_by_rank": [
              744693388749947,
              744693388601813,
              744693388582176,
              744693388540175
            ],
            "scheduled_start_target_ns_by_rank": [
              744693393749947,
              744693393749947,
              744693393749947,
              744693393749947
            ],
            "start_record_bracket_ns_by_rank": [
              [
                744693393752168,
                744693393788678
              ],
              [
                744693393751074,
                744693393775020
              ],
              [
                744693393750570,
                744693393768236
              ],
              [
                744693393750590,
                744693393768218
              ]
            ],
            "start_record_envelope_span_ns": 38108,
            "variant": 0
          }
        },
        "variant": 0
      },
      {
        "accepted": true,
        "attempt_id": 30,
        "logical_pair_index": 30,
        "order": [
          "reference",
          "candidate"
        ],
        "rejection_reasons": [],
        "retry_ordinal": 0,
        "samples": {
          "candidate": {
            "collective_only": {
              "local_ms": 0.04064000025391579,
              "rank_max_ms": 0.0772479996085167,
              "rank_ms": [
                0.04064000025391579,
                0.0772479996085167,
                0.07292799651622772,
                0.06659200042486191
              ]
            },
            "pair_attempt_id": 30,
            "pair_retry_ordinal": 0,
            "position": 1,
            "readiness_probe_exact": true,
            "ready_region": {
              "local_ms": 0.12595200538635254,
              "rank_max_ms": 0.12595200538635254,
              "rank_ms": [
                0.12595200538635254,
                0.11030399799346924,
                0.11711999773979187,
                0.11619199812412262
              ]
            },
            "sample_index": 30,
            "scheduled_start_arrival_ns_by_rank": [
              744693403570265,
              744693403424800,
              744693403422263,
              744693403462043
            ],
            "scheduled_start_target_ns_by_rank": [
              744693408570265,
              744693408570265,
              744693408570265,
              744693408570265
            ],
            "start_record_bracket_ns_by_rank": [
              [
                744693408807543,
                744693408834995
              ],
              [
                744693408773865,
                744693408796731
              ],
              [
                744693408786990,
                744693408805049
              ],
              [
                744693408794148,
                744693408810991
              ]
            ],
            "start_record_envelope_span_ns": 61130,
            "variant": 1
          },
          "reference": {
            "collective_only": {
              "local_ms": 0.04134399816393852,
              "rank_max_ms": 0.06499200314283371,
              "rank_ms": [
                0.04134399816393852,
                0.055904000997543335,
                0.0647680014371872,
                0.06499200314283371
              ]
            },
            "pair_attempt_id": 30,
            "pair_retry_ordinal": 0,
            "position": 0,
            "readiness_probe_exact": true,
            "ready_region": {
              "local_ms": 0.29996800422668457,
              "rank_max_ms": 0.29996800422668457,
              "rank_ms": [
                0.29996800422668457,
                0.150751993060112,
                0.11529599875211716,
                0.1136000007390976
              ]
            },
            "sample_index": 30,
            "scheduled_start_arrival_ns_by_rank": [
              744693395866807,
              744693395742581,
              744693395701656,
              744693395721541
            ],
            "scheduled_start_target_ns_by_rank": [
              744693400866807,
              744693400866807,
              744693400866807,
              744693400866807
            ],
            "start_record_bracket_ns_by_rank": [
              [
                744693400869691,
                744693400909608
              ],
              [
                744693400867501,
                744693400893548
              ],
              [
                744693400867453,
                744693400885570
              ],
              [
                744693400867386,
                744693400884268
              ]
            ],
            "start_record_envelope_span_ns": 42222,
            "variant": 1
          }
        },
        "variant": 1
      },
      {
        "accepted": true,
        "attempt_id": 31,
        "logical_pair_index": 31,
        "order": [
          "candidate",
          "reference"
        ],
        "rejection_reasons": [],
        "retry_ordinal": 0,
        "samples": {
          "candidate": {
            "collective_only": {
              "local_ms": 0.05452800169587135,
              "rank_max_ms": 0.05814399942755699,
              "rank_ms": [
                0.05452800169587135,
                0.048448000103235245,
                0.05814399942755699,
                0.05756799876689911
              ]
            },
            "pair_attempt_id": 31,
            "pair_retry_ordinal": 0,
            "position": 0,
            "readiness_probe_exact": true,
            "ready_region": {
              "local_ms": 0.13257600367069244,
              "rank_max_ms": 0.14124800264835358,
              "rank_ms": [
                0.13257600367069244,
                0.14124800264835358,
                0.13491199910640717,
                0.12838399410247803
              ]
            },
            "sample_index": 31,
            "scheduled_start_arrival_ns_by_rank": [
              744693410933756,
              744693410940376,
              744693410960564,
              744693410955468
            ],
            "scheduled_start_target_ns_by_rank": [
              744693415960564,
              744693415960564,
              744693415960564,
              744693415960564
            ],
            "start_record_bracket_ns_by_rank": [
              [
                744693415961056,
                744693415980915
              ],
              [
                744693415961181,
                744693415984559
              ],
              [
                744693415961146,
                744693415978945
              ],
              [
                744693415961115,
                744693415977755
              ]
            ],
            "start_record_envelope_span_ns": 23503,
            "variant": 0
          },
          "reference": {
            "collective_only": {
              "local_ms": 0.024831999093294144,
              "rank_max_ms": 0.036448001861572266,
              "rank_ms": [
                0.024831999093294144,
                0.030751999467611313,
                0.036448001861572266,
                0.03478400036692619
              ]
            },
            "pair_attempt_id": 31,
            "pair_retry_ordinal": 0,
            "position": 1,
            "readiness_probe_exact": true,
            "ready_region": {
              "local_ms": 0.1303360015153885,
              "rank_max_ms": 0.1303360015153885,
              "rank_ms": [
                0.1303360015153885,
                0.12028799951076508,
                0.10473600029945374,
                0.1043199971318245
              ]
            },
            "sample_index": 31,
            "scheduled_start_arrival_ns_by_rank": [
              744693418584384,
              744693418443540,
              744693418415552,
              744693418456277
            ],
            "scheduled_start_target_ns_by_rank": [
              744693423584384,
              744693423584384,
              744693423584384,
              744693423584384
            ],
            "start_record_bracket_ns_by_rank": [
              [
                744693423585338,
                744693423610247
              ],
              [
                744693423585054,
                744693423607394
              ],
              [
                744693423584869,
                744693423600898
              ],
              [
                744693423584830,
                744693423600954
              ]
            ],
            "start_record_envelope_span_ns": 25417,
            "variant": 0
          }
        },
        "variant": 0
      },
      {
        "accepted": true,
        "attempt_id": 32,
        "logical_pair_index": 32,
        "order": [
          "reference",
          "candidate"
        ],
        "rejection_reasons": [],
        "retry_ordinal": 0,
        "samples": {
          "candidate": {
            "collective_only": {
              "local_ms": 0.04233599826693535,
              "rank_max_ms": 0.05657599866390228,
              "rank_ms": [
                0.04233599826693535,
                0.049536000937223434,
                0.05657599866390228,
                0.055743999779224396
              ]
            },
            "pair_attempt_id": 32,
            "pair_retry_ordinal": 0,
            "position": 1,
            "readiness_probe_exact": true,
            "ready_region": {
              "local_ms": 0.13964800536632538,
              "rank_max_ms": 0.13964800536632538,
              "rank_ms": [
                0.13964800536632538,
                0.125791996717453,
                0.11814399808645248,
                0.1189119964838028
              ]
            },
            "sample_index": 32,
            "scheduled_start_arrival_ns_by_rank": [
              744693433466671,
              744693433424376,
              744693433403248,
              744693433436240
            ],
            "scheduled_start_target_ns_by_rank": [
              744693438466671,
              744693438466671,
              744693438466671,
              744693438466671
            ],
            "start_record_bracket_ns_by_rank": [
              [
                744693438467729,
                744693438497671
              ],
              [
                744693438467255,
                744693438490182
              ],
              [
                744693438467208,
                744693438484273
              ],
              [
                744693438467204,
                744693438484492
              ]
            ],
            "start_record_envelope_span_ns": 30467,
            "variant": 1
          },
          "reference": {
            "collective_only": {
              "local_ms": 0.03494400158524513,
              "rank_max_ms": 0.03494400158524513,
              "rank_ms": [
                0.03494400158524513,
                0.0261439997702837,
                0.034015998244285583,
                0.0318400003015995
              ]
            },
            "pair_attempt_id": 32,
            "pair_retry_ordinal": 0,
            "position": 0,
            "readiness_probe_exact": true,
            "ready_region": {
              "local_ms": 0.09551999717950821,
              "rank_max_ms": 0.12358400225639343,
              "rank_ms": [
                0.09551999717950821,
                0.12358400225639343,
                0.11139199882745743,
                0.1074879989027977
              ]
            },
            "sample_index": 32,
            "scheduled_start_arrival_ns_by_rank": [
              744693425322727,
              744693425347647,
              744693425344993,
              744693425322351
            ],
            "scheduled_start_target_ns_by_rank": [
              744693430347647,
              744693430347647,
              744693430347647,
              744693430347647
            ],
            "start_record_bracket_ns_by_rank": [
              [
                744693430348073,
                744693430362780
              ],
              [
                744693430348640,
                744693430370689
              ],
              [
                744693430348259,
                744693430365191
              ],
              [
                744693430348143,
                744693430363375
              ]
            ],
            "start_record_envelope_span_ns": 22616,
            "variant": 1
          }
        },
        "variant": 1
      },
      {
        "accepted": true,
        "attempt_id": 33,
        "logical_pair_index": 33,
        "order": [
          "candidate",
          "reference"
        ],
        "rejection_reasons": [],
        "retry_ordinal": 0,
        "samples": {
          "candidate": {
            "collective_only": {
              "local_ms": 0.04665600135922432,
              "rank_max_ms": 0.049695998430252075,
              "rank_ms": [
                0.04665600135922432,
                0.03916800022125244,
                0.049695998430252075,
                0.048928000032901764
              ]
            },
            "pair_attempt_id": 33,
            "pair_retry_ordinal": 0,
            "position": 0,
            "readiness_probe_exact": true,
            "ready_region": {
              "local_ms": 0.1382720023393631,
              "rank_max_ms": 0.1382720023393631,
              "rank_ms": [
                0.1382720023393631,
                0.13814400136470795,
                0.12988799810409546,
                0.13116799294948578
              ]
            },
            "sample_index": 33,
            "scheduled_start_arrival_ns_by_rank": [
              744693440852134,
              744693440890067,
              744693440853070,
              744693440910716
            ],
            "scheduled_start_target_ns_by_rank": [
              744693445910716,
              744693445910716,
              744693445910716,
              744693445910716
            ],
            "start_record_bracket_ns_by_rank": [
              [
                744693445911119,
                744693445928949
              ],
              [
                744693445911695,
                744693445934387
              ],
              [
                744693445911173,
                744693445927525
              ],
              [
                744693445911248,
                744693445927398
              ]
            ],
            "start_record_envelope_span_ns": 23268,
            "variant": 0
          },
          "reference": {
            "collective_only": {
              "local_ms": 0.034015998244285583,
              "rank_max_ms": 0.03903999924659729,
              "rank_ms": [
                0.034015998244285583,
                0.02969600073993206,
                0.03903999924659729,
                0.03177599981427193
              ]
            },
            "pair_attempt_id": 33,
            "pair_retry_ordinal": 0,
            "position": 1,
            "readiness_probe_exact": true,
            "ready_region": {
              "local_ms": 0.13366399705410004,
              "rank_max_ms": 0.1340160071849823,
              "rank_ms": [
                0.13366399705410004,
                0.12828800082206726,
                0.11948800086975098,
                0.1340160071849823
              ]
            },
            "sample_index": 33,
            "scheduled_start_arrival_ns_by_rank": [
              744693448349713,
              744693448397005,
              744693448340834,
              744693448338672
            ],
            "scheduled_start_target_ns_by_rank": [
              744693453397005,
              744693453397005,
              744693453397005,
              744693453397005
            ],
            "start_record_bracket_ns_by_rank": [
              [
                744693453397980,
                744693453419469
              ],
              [
                744693453397792,
                744693453423301
              ],
              [
                744693453397574,
                744693453416316
              ],
              [
                744693453397953,
                744693453420459
              ]
            ],
            "start_record_envelope_span_ns": 25727,
            "variant": 0
          }
        },
        "variant": 0
      },
      {
        "accepted": true,
        "attempt_id": 34,
        "logical_pair_index": 34,
        "order": [
          "reference",
          "candidate"
        ],
        "rejection_reasons": [],
        "retry_ordinal": 0,
        "samples": {
          "candidate": {
            "collective_only": {
              "local_ms": 0.047040000557899475,
              "rank_max_ms": 0.05619199946522713,
              "rank_ms": [
                0.047040000557899475,
                0.040608000010252,
                0.05619199946522713,
                0.05177599936723709
              ]
            },
            "pair_attempt_id": 34,
            "pair_retry_ordinal": 0,
            "position": 1,
            "readiness_probe_exact": true,
            "ready_region": {
              "local_ms": 0.14207999408245087,
              "rank_max_ms": 0.14860799908638,
              "rank_ms": [
                0.14207999408245087,
                0.14860799908638,
                0.12086399644613266,
                0.13331200182437897
              ]
            },
            "sample_index": 34,
            "scheduled_start_arrival_ns_by_rank": [
              744693465800777,
              744693465446169,
              744693465417686,
              744693465481077
            ],
            "scheduled_start_target_ns_by_rank": [
              744693470800777,
              744693470800777,
              744693470800777,
              744693470800777
            ],
            "start_record_bracket_ns_by_rank": [
              [
                744693470801583,
                744693470825770
              ],
              [
                744693470802001,
                744693470829908
              ],
              [
                744693470801429,
                744693470819121
              ],
              [
                744693470801455,
                744693470821911
              ]
            ],
            "start_record_envelope_span_ns": 28479,
            "variant": 1
          },
          "reference": {
            "collective_only": {
              "local_ms": 0.027648000046610832,
              "rank_max_ms": 0.049855999648571014,
              "rank_ms": [
                0.027648000046610832,
                0.034623999148607254,
                0.046560000628232956,
                0.049855999648571014
              ]
            },
            "pair_attempt_id": 34,
            "pair_retry_ordinal": 0,
            "position": 0,
            "readiness_probe_exact": true,
            "ready_region": {
              "local_ms": 0.13583999872207642,
              "rank_max_ms": 0.13811199367046356,
              "rank_ms": [
                0.13583999872207642,
                0.13811199367046356,
                0.111455999314785,
                0.11299200356006622
              ]
            },
            "sample_index": 34,
            "scheduled_start_arrival_ns_by_rank": [
              744693458174658,
              744693457982473,
              744693457941132,
              744693458024852
            ],
            "scheduled_start_target_ns_by_rank": [
              744693463174658,
              744693463174658,
              744693463174658,
              744693463174658
            ],
            "start_record_bracket_ns_by_rank": [
              [
                744693463175531,
                744693463217792
              ],
              [
                744693463175630,
                744693463212644
              ],
              [
                744693463175231,
                744693463201442
              ],
              [
                744693463175227,
                744693463199587
              ]
            ],
            "start_record_envelope_span_ns": 42565,
            "variant": 1
          }
        },
        "variant": 1
      },
      {
        "accepted": true,
        "attempt_id": 35,
        "logical_pair_index": 35,
        "order": [
          "candidate",
          "reference"
        ],
        "rejection_reasons": [],
        "retry_ordinal": 0,
        "samples": {
          "candidate": {
            "collective_only": {
              "local_ms": 0.03625600039958954,
              "rank_max_ms": 0.05209600180387497,
              "rank_ms": [
                0.03625600039958954,
                0.042688000947237015,
                0.05209600180387497,
                0.05196800082921982
              ]
            },
            "pair_attempt_id": 35,
            "pair_retry_ordinal": 0,
            "position": 0,
            "readiness_probe_exact": true,
            "ready_region": {
              "local_ms": 0.13177600502967834,
              "rank_max_ms": 0.13177600502967834,
              "rank_ms": [
                0.13177600502967834,
                0.11615999788045883,
                0.1130559965968132,
                0.1143679991364479
              ]
            },
            "sample_index": 35,
            "scheduled_start_arrival_ns_by_rank": [
              744693474358160,
              744693474363932,
              744693474309490,
              744693474340243
            ],
            "scheduled_start_target_ns_by_rank": [
              744693479363932,
              744693479363932,
              744693479363932,
              744693479363932
            ],
            "start_record_bracket_ns_by_rank": [
              [
                744693479364618,
                744693479392076
              ],
              [
                744693479364501,
                744693479388396
              ],
              [
                744693479364514,
                744693479382711
              ],
              [
                744693479364459,
                744693479380813
              ]
            ],
            "start_record_envelope_span_ns": 27617,
            "variant": 0
          },
          "reference": {
            "collective_only": {
              "local_ms": 0.03513599932193756,
              "rank_max_ms": 0.058079998940229416,
              "rank_ms": [
                0.03513599932193756,
                0.04838399961590767,
                0.05628800019621849,
                0.058079998940229416
              ]
            },
            "pair_attempt_id": 35,
            "pair_retry_ordinal": 0,
            "position": 1,
            "readiness_probe_exact": true,
            "ready_region": {
              "local_ms": 0.20127999782562256,
              "rank_max_ms": 0.20127999782562256,
              "rank_ms": [
                0.20127999782562256,
                0.1375039964914322,
                0.10918399691581726,
                0.10716799646615982
              ]
            },
            "sample_index": 35,
            "scheduled_start_arrival_ns_by_rank": [
              744693482051679,
              744693481892874,
              744693481912326,
              744693481930336
            ],
            "scheduled_start_target_ns_by_rank": [
              744693487051679,
              744693487051679,
              744693487051679,
              744693487051679
            ],
            "start_record_bracket_ns_by_rank": [
              [
                744693487053895,
                744693487090068
              ],
              [
                744693487052617,
                744693487077239
              ],
              [
                744693487052258,
                744693487070285
              ],
              [
                744693487052251,
                744693487068794
              ]
            ],
            "start_record_envelope_span_ns": 37817,
            "variant": 0
          }
        },
        "variant": 0
      },
      {
        "accepted": true,
        "attempt_id": 36,
        "logical_pair_index": 36,
        "order": [
          "reference",
          "candidate"
        ],
        "rejection_reasons": [],
        "retry_ordinal": 0,
        "samples": {
          "candidate": {
            "collective_only": {
              "local_ms": 0.04483199864625931,
              "rank_max_ms": 0.0586559996008873,
              "rank_ms": [
                0.04483199864625931,
                0.0453759990632534,
                0.0586559996008873,
                0.05692800134420395
              ]
            },
            "pair_attempt_id": 36,
            "pair_retry_ordinal": 0,
            "position": 1,
            "readiness_probe_exact": true,
            "ready_region": {
              "local_ms": 0.1390399932861328,
              "rank_max_ms": 0.1390399932861328,
              "rank_ms": [
                0.1390399932861328,
                0.12268800288438797,
                0.10806400328874588,
                0.10943999886512756
              ]
            },
            "sample_index": 36,
            "scheduled_start_arrival_ns_by_rank": [
              744693497506273,
              744693497599552,
              744693497582755,
              744693497539927
            ],
            "scheduled_start_target_ns_by_rank": [
              744693502599552,
              744693502599552,
              744693502599552,
              744693502599552
            ],
            "start_record_bracket_ns_by_rank": [
              [
                744693502601159,
                744693502629202
              ],
              [
                744693502600423,
                744693502624683
              ],
              [
                744693502600095,
                744693502616259
              ],
              [
                744693502600092,
                744693502615311
              ]
            ],
            "start_record_envelope_span_ns": 29110,
            "variant": 1
          },
          "reference": {
            "collective_only": {
              "local_ms": 0.027295999228954315,
              "rank_max_ms": 0.03766399994492531,
              "rank_ms": [
                0.027295999228954315,
                0.031168000772595406,
                0.03766399994492531,
                0.032735999673604965
              ]
            },
            "pair_attempt_id": 36,
            "pair_retry_ordinal": 0,
            "position": 0,
            "readiness_probe_exact": true,
            "ready_region": {
              "local_ms": 0.12729600071907043,
              "rank_max_ms": 0.12729600071907043,
              "rank_ms": [
                0.12729600071907043,
                0.12364800274372101,
                0.11587200313806534,
                0.12211199849843979
              ]
            },
            "sample_index": 36,
            "scheduled_start_arrival_ns_by_rank": [
              744693490248461,
              744693489899658,
              744693489923221,
              744693489937881
            ],
            "scheduled_start_target_ns_by_rank": [
              744693495248461,
              744693495248461,
              744693495248461,
              744693495248461
            ],
            "start_record_bracket_ns_by_rank": [
              [
                744693495249203,
                744693495274255
              ],
              [
                744693495249256,
                744693495272758
              ],
              [
                744693495249026,
                744693495267278
              ],
              [
                744693495249222,
                744693495272023
              ]
            ],
            "start_record_envelope_span_ns": 25229,
            "variant": 1
          }
        },
        "variant": 1
      },
      {
        "accepted": true,
        "attempt_id": 37,
        "logical_pair_index": 37,
        "order": [
          "candidate",
          "reference"
        ],
        "rejection_reasons": [],
        "retry_ordinal": 0,
        "samples": {
          "candidate": {
            "collective_only": {
              "local_ms": 0.05027199909090996,
              "rank_max_ms": 0.06886400282382965,
              "rank_ms": [
                0.05027199909090996,
                0.06380800157785416,
                0.06886400282382965,
                0.06828799843788147
              ]
            },
            "pair_attempt_id": 37,
            "pair_retry_ordinal": 0,
            "position": 0,
            "readiness_probe_exact": true,
            "ready_region": {
              "local_ms": 0.1796800047159195,
              "rank_max_ms": 0.1796800047159195,
              "rank_ms": [
                0.1796800047159195,
                0.10611200332641602,
                0.11289600282907486,
                0.10969600081443787
              ]
            },
            "sample_index": 37,
            "scheduled_start_arrival_ns_by_rank": [
              744693505440434,
              744693505466487,
              744693505459469,
              744693505414663
            ],
            "scheduled_start_target_ns_by_rank": [
              744693510466487,
              744693510466487,
              744693510466487,
              744693510466487
            ],
            "start_record_bracket_ns_by_rank": [
              [
                744693510468454,
                744693510503146
              ],
              [
                744693510466967,
                744693510486878
              ],
              [
                744693510467013,
                744693510484480
              ],
              [
                744693510466958,
                744693510483003
              ]
            ],
            "start_record_envelope_span_ns": 36188,
            "variant": 0
          },
          "reference": {
            "collective_only": {
              "local_ms": 0.03510399907827377,
              "rank_max_ms": 0.05395200103521347,
              "rank_ms": [
                0.03510399907827377,
                0.04912000149488449,
                0.052480001002550125,
                0.05395200103521347
              ]
            },
            "pair_attempt_id": 37,
            "pair_retry_ordinal": 0,
            "position": 1,
            "readiness_probe_exact": true,
            "ready_region": {
              "local_ms": 0.16358399391174316,
              "rank_max_ms": 0.16358399391174316,
              "rank_ms": [
                0.16358399391174316,
                0.12889599800109863,
                0.10460799932479858,
                0.10521599650382996
              ]
            },
            "sample_index": 37,
            "scheduled_start_arrival_ns_by_rank": [
              744693513612205,
              744693513219220,
              744693513432488,
              744693513495459
            ],
            "scheduled_start_target_ns_by_rank": [
              744693518612205,
              744693518612205,
              744693518612205,
              744693518612205
            ],
            "start_record_bracket_ns_by_rank": [
              [
                744693518614024,
                744693518647235
              ],
              [
                744693518613148,
                744693518634422
              ],
              [
                744693518612810,
                744693518629142
              ],
              [
                744693518612716,
                744693518627735
              ]
            ],
            "start_record_envelope_span_ns": 34519,
            "variant": 0
          }
        },
        "variant": 0
      },
      {
        "accepted": true,
        "attempt_id": 38,
        "logical_pair_index": 38,
        "order": [
          "reference",
          "candidate"
        ],
        "rejection_reasons": [],
        "retry_ordinal": 0,
        "samples": {
          "candidate": {
            "collective_only": {
              "local_ms": 0.05152000114321709,
              "rank_max_ms": 0.07135999947786331,
              "rank_ms": [
                0.05152000114321709,
                0.05862399935722351,
                0.07135999947786331,
                0.07046400010585785
              ]
            },
            "pair_attempt_id": 38,
            "pair_retry_ordinal": 0,
            "position": 1,
            "readiness_probe_exact": true,
            "ready_region": {
              "local_ms": 0.17769600450992584,
              "rank_max_ms": 0.17769600450992584,
              "rank_ms": [
                0.17769600450992584,
                0.11952000111341476,
                0.11033599823713303,
                0.11443199962377548
              ]
            },
            "sample_index": 38,
            "scheduled_start_arrival_ns_by_rank": [
              744693528341501,
              744693528239210,
              744693528217386,
              744693528230582
            ],
            "scheduled_start_target_ns_by_rank": [
              744693533341501,
              744693533341501,
              744693533341501,
              744693533341501
            ],
            "start_record_bracket_ns_by_rank": [
              [
                744693533344040,
                744693533378635
              ],
              [
                744693533342253,
                744693533366163
              ],
              [
                744693533342035,
                744693533358545
              ],
              [
                744693533342087,
                744693533358597
              ]
            ],
            "start_record_envelope_span_ns": 36600,
            "variant": 1
          },
          "reference": {
            "collective_only": {
              "local_ms": 0.039744000881910324,
              "rank_max_ms": 0.057760000228881836,
              "rank_ms": [
                0.039744000881910324,
                0.053888000547885895,
                0.057760000228881836,
                0.05286400020122528
              ]
            },
            "pair_attempt_id": 38,
            "pair_retry_ordinal": 0,
            "position": 0,
            "readiness_probe_exact": true,
            "ready_region": {
              "local_ms": 0.22713600099086761,
              "rank_max_ms": 0.22713600099086761,
              "rank_ms": [
                0.22713600099086761,
                0.10963200032711029,
                0.10710400342941284,
                0.13158400356769562
              ]
            },
            "sample_index": 38,
            "scheduled_start_arrival_ns_by_rank": [
              744693520801890,
              744693520677812,
              744693520721700,
              744693520747882
            ],
            "scheduled_start_target_ns_by_rank": [
              744693525801890,
              744693525801890,
              744693525801890,
              744693525801890
            ],
            "start_record_bracket_ns_by_rank": [
              [
                744693525804441,
                744693525840406
              ],
              [
                744693525802617,
                744693525823394
              ],
              [
                744693525802409,
                744693525819162
              ],
              [
                744693525802300,
                744693525822742
              ]
            ],
            "start_record_envelope_span_ns": 38106,
            "variant": 1
          }
        },
        "variant": 1
      },
      {
        "accepted": true,
        "attempt_id": 39,
        "logical_pair_index": 39,
        "order": [
          "candidate",
          "reference"
        ],
        "rejection_reasons": [],
        "retry_ordinal": 0,
        "samples": {
          "candidate": {
            "collective_only": {
              "local_ms": 0.05180799961090088,
              "rank_max_ms": 0.08928000181913376,
              "rank_ms": [
                0.05180799961090088,
                0.06649599969387054,
                0.08924800157546997,
                0.08928000181913376
              ]
            },
            "pair_attempt_id": 39,
            "pair_retry_ordinal": 0,
            "position": 0,
            "readiness_probe_exact": true,
            "ready_region": {
              "local_ms": 0.21612800657749176,
              "rank_max_ms": 0.21612800657749176,
              "rank_ms": [
                0.21612800657749176,
                0.1273919939994812,
                0.12691199779510498,
                0.12988799810409546
              ]
            },
            "sample_index": 39,
            "scheduled_start_arrival_ns_by_rank": [
              744693538754485,
              744693538980654,
              744693538439740,
              744693538515062
            ],
            "scheduled_start_target_ns_by_rank": [
              744693543980654,
              744693543980654,
              744693543980654,
              744693543980654
            ],
            "start_record_bracket_ns_by_rank": [
              [
                744693543982801,
                744693544039308
              ],
              [
                744693543981662,
                744693544021307
              ],
              [
                744693543981191,
                744693544013906
              ],
              [
                744693543981119,
                744693544012687
              ]
            ],
            "start_record_envelope_span_ns": 58189,
            "variant": 0
          },
          "reference": {
            "collective_only": {
              "local_ms": 0.03587200120091438,
              "rank_max_ms": 0.057312000542879105,
              "rank_ms": [
                0.03587200120091438,
                0.051231998950242996,
                0.057312000542879105,
                0.056223999708890915
              ]
            },
            "pair_attempt_id": 39,
            "pair_retry_ordinal": 0,
            "position": 1,
            "readiness_probe_exact": true,
            "ready_region": {
              "local_ms": 0.1812479943037033,
              "rank_max_ms": 0.1812479943037033,
              "rank_ms": [
                0.1812479943037033,
                0.10569600015878677,
                0.1042879968881607,
                0.10655999928712845
              ]
            },
            "sample_index": 39,
            "scheduled_start_arrival_ns_by_rank": [
              744693546336087,
              744693546208407,
              744693546163823,
              744693546213567
            ],
            "scheduled_start_target_ns_by_rank": [
              744693551336087,
              744693551336087,
              744693551336087,
              744693551336087
            ],
            "start_record_bracket_ns_by_rank": [
              [
                744693551338400,
                744693551373255
              ],
              [
                744693551336621,
                744693551357986
              ],
              [
                744693551336631,
                744693551353189
              ],
              [
                744693551336665,
                744693551352115
              ]
            ],
            "start_record_envelope_span_ns": 36634,
            "variant": 0
          }
        },
        "variant": 0
      },
      {
        "accepted": true,
        "attempt_id": 40,
        "logical_pair_index": 40,
        "order": [
          "reference",
          "candidate"
        ],
        "rejection_reasons": [],
        "retry_ordinal": 0,
        "samples": {
          "candidate": {
            "collective_only": {
              "local_ms": 0.0498879998922348,
              "rank_max_ms": 0.07852800190448761,
              "rank_ms": [
                0.0498879998922348,
                0.06812799721956253,
                0.07852800190448761,
                0.07849600166082382
              ]
            },
            "pair_attempt_id": 40,
            "pair_retry_ordinal": 0,
            "position": 1,
            "readiness_probe_exact": true,
            "ready_region": {
              "local_ms": 0.1743360012769699,
              "rank_max_ms": 0.1743360012769699,
              "rank_ms": [
                0.1743360012769699,
                0.12566399574279785,
                0.10979200154542923,
                0.10864000022411346
              ]
            },
            "sample_index": 40,
            "scheduled_start_arrival_ns_by_rank": [
              744693563264015,
              744693563117171,
              744693563043643,
              744693563108764
            ],
            "scheduled_start_target_ns_by_rank": [
              744693568264015,
              744693568264015,
              744693568264015,
              744693568264015
            ],
            "start_record_bracket_ns_by_rank": [
              [
                744693568274531,
                744693568309191
              ],
              [
                744693568264764,
                744693568287388
              ],
              [
                744693568264594,
                744693568280662
              ],
              [
                744693568264519,
                744693568279696
              ]
            ],
            "start_record_envelope_span_ns": 44672,
            "variant": 1
          },
          "reference": {
            "collective_only": {
              "local_ms": 0.038495998829603195,
              "rank_max_ms": 0.07273600250482559,
              "rank_ms": [
                0.038495998829603195,
                0.05417599901556969,
                0.07184000313282013,
                0.07273600250482559
              ]
            },
            "pair_attempt_id": 40,
            "pair_retry_ordinal": 0,
            "position": 0,
            "readiness_probe_exact": true,
            "ready_region": {
              "local_ms": 0.1783680021762848,
              "rank_max_ms": 0.1783680021762848,
              "rank_ms": [
                0.1783680021762848,
                0.11462400108575821,
                0.11177600175142288,
                0.1106560006737709
              ]
            },
            "sample_index": 40,
            "scheduled_start_arrival_ns_by_rank": [
              744693555818244,
              744693555906606,
              744693555686946,
              744693556167119
            ],
            "scheduled_start_target_ns_by_rank": [
              744693561167119,
              744693561167119,
              744693561167119,
              744693561167119
            ],
            "start_record_bracket_ns_by_rank": [
              [
                744693561169162,
                744693561220056
              ],
              [
                744693561167921,
                744693561201416
              ],
              [
                744693561167731,
                744693561183520
              ],
              [
                744693561167613,
                744693561184071
              ]
            ],
            "start_record_envelope_span_ns": 52443,
            "variant": 1
          }
        },
        "variant": 1
      },
      {
        "accepted": true,
        "attempt_id": 41,
        "logical_pair_index": 41,
        "order": [
          "candidate",
          "reference"
        ],
        "rejection_reasons": [],
        "retry_ordinal": 0,
        "samples": {
          "candidate": {
            "collective_only": {
              "local_ms": 0.04732799902558327,
              "rank_max_ms": 0.06828799843788147,
              "rank_ms": [
                0.04732799902558327,
                0.0605119988322258,
                0.06828799843788147,
                0.0682239979505539
              ]
            },
            "pair_attempt_id": 41,
            "pair_retry_ordinal": 0,
            "position": 0,
            "readiness_probe_exact": true,
            "ready_region": {
              "local_ms": 0.1815039962530136,
              "rank_max_ms": 0.1815039962530136,
              "rank_ms": [
                0.1815039962530136,
                0.11488000303506851,
                0.11062400043010712,
                0.11148799955844879
              ]
            },
            "sample_index": 41,
            "scheduled_start_arrival_ns_by_rank": [
              744693572499274,
              744693572408140,
              744693572270001,
              744693572339653
            ],
            "scheduled_start_target_ns_by_rank": [
              744693577499274,
              744693577499274,
              744693577499274,
              744693577499274
            ],
            "start_record_bracket_ns_by_rank": [
              [
                744693577501821,
                744693577535696
              ],
              [
                744693577500042,
                744693577521985
              ],
              [
                744693577499732,
                744693577516882
              ],
              [
                744693577499833,
                744693577515747
              ]
            ],
            "start_record_envelope_span_ns": 35964,
            "variant": 0
          },
          "reference": {
            "collective_only": {
              "local_ms": 0.028960000723600388,
              "rank_max_ms": 0.04383999854326248,
              "rank_ms": [
                0.028960000723600388,
                0.03743999823927879,
                0.04383999854326248,
                0.04124800115823746
              ]
            },
            "pair_attempt_id": 41,
            "pair_retry_ordinal": 0,
            "position": 1,
            "readiness_probe_exact": true,
            "ready_region": {
              "local_ms": 0.14204800128936768,
              "rank_max_ms": 0.14204800128936768,
              "rank_ms": [
                0.14204800128936768,
                0.1289920061826706,
                0.11321599781513214,
                0.11619199812412262
              ]
            },
            "sample_index": 41,
            "scheduled_start_arrival_ns_by_rank": [
              744693580351217,
              744693580129028,
              744693580132339,
              744693580213083
            ],
            "scheduled_start_target_ns_by_rank": [
              744693585351217,
              744693585351217,
              744693585351217,
              744693585351217
            ],
            "start_record_bracket_ns_by_rank": [
              [
                744693585352758,
                744693585381099
              ],
              [
                744693585352067,
                744693585375947
              ],
              [
                744693585351767,
                744693585368630
              ],
              [
                744693585351651,
                744693585368120
              ]
            ],
            "start_record_envelope_span_ns": 29448,
            "variant": 0
          }
        },
        "variant": 0
      },
      {
        "accepted": true,
        "attempt_id": 42,
        "logical_pair_index": 42,
        "order": [
          "reference",
          "candidate"
        ],
        "rejection_reasons": [],
        "retry_ordinal": 0,
        "samples": {
          "candidate": {
            "collective_only": {
              "local_ms": 0.048895999789237976,
              "rank_max_ms": 0.07222399860620499,
              "rank_ms": [
                0.048895999789237976,
                0.06015999987721443,
                0.07222399860620499,
                0.07177600264549255
              ]
            },
            "pair_attempt_id": 42,
            "pair_retry_ordinal": 0,
            "position": 1,
            "readiness_probe_exact": true,
            "ready_region": {
              "local_ms": 0.22572800517082214,
              "rank_max_ms": 0.22572800517082214,
              "rank_ms": [
                0.22572800517082214,
                0.13228799402713776,
                0.11177600175142288,
                0.11209599673748016
              ]
            },
            "sample_index": 42,
            "scheduled_start_arrival_ns_by_rank": [
              744693597919601,
              744693597917396,
              744693598252018,
              744693600867918
            ],
            "scheduled_start_target_ns_by_rank": [
              744693605867918,
              744693605867918,
              744693605867918,
              744693605867918
            ],
            "start_record_bracket_ns_by_rank": [
              [
                744693605869989,
                744693605907258
              ],
              [
                744693605868507,
                744693605893892
              ],
              [
                744693605868452,
                744693605885691
              ],
              [
                744693605868467,
                744693605884041
              ]
            ],
            "start_record_envelope_span_ns": 38806,
            "variant": 1
          },
          "reference": {
            "collective_only": {
              "local_ms": 0.026335999369621277,
              "rank_max_ms": 0.0342399999499321,
              "rank_ms": [
                0.026335999369621277,
                0.02812799997627735,
                0.0342399999499321,
                0.03215999901294708
              ]
            },
            "pair_attempt_id": 42,
            "pair_retry_ordinal": 0,
            "position": 0,
            "readiness_probe_exact": true,
            "ready_region": {
              "local_ms": 0.11734399944543839,
              "rank_max_ms": 0.11734399944543839,
              "rank_ms": [
                0.11734399944543839,
                0.10892800241708755,
                0.10239999741315842,
                0.10419200360774994
              ]
            },
            "sample_index": 42,
            "scheduled_start_arrival_ns_by_rank": [
              744693587329715,
              744693587336185,
              744693587294785,
              744693587318429
            ],
            "scheduled_start_target_ns_by_rank": [
              744693592336185,
              744693592336185,
              744693592336185,
              744693592336185
            ],
            "start_record_bracket_ns_by_rank": [
              [
                744693592337103,
                744693592358699
              ],
              [
                744693592336871,
                744693592357128
              ],
              [
                744693592336756,
                744693592352459
              ],
              [
                744693592336694,
                744693592351950
              ]
            ],
            "start_record_envelope_span_ns": 22005,
            "variant": 1
          }
        },
        "variant": 1
      },
      {
        "accepted": true,
        "attempt_id": 43,
        "logical_pair_index": 43,
        "order": [
          "candidate",
          "reference"
        ],
        "rejection_reasons": [],
        "retry_ordinal": 0,
        "samples": {
          "candidate": {
            "collective_only": {
              "local_ms": 0.04483199864625931,
              "rank_max_ms": 0.0522879995405674,
              "rank_ms": [
                0.04483199864625931,
                0.0398080013692379,
                0.05215999856591225,
                0.0522879995405674
              ]
            },
            "pair_attempt_id": 43,
            "pair_retry_ordinal": 0,
            "position": 0,
            "readiness_probe_exact": true,
            "ready_region": {
              "local_ms": 0.1268479973077774,
              "rank_max_ms": 0.1424960047006607,
              "rank_ms": [
                0.1268479973077774,
                0.1424960047006607,
                0.1276800036430359,
                0.13091200590133667
              ]
            },
            "sample_index": 43,
            "scheduled_start_arrival_ns_by_rank": [
              744693609093025,
              744693608912118,
              744693608939758,
              744693608971622
            ],
            "scheduled_start_target_ns_by_rank": [
              744693614093025,
              744693614093025,
              744693614093025,
              744693614093025
            ],
            "start_record_bracket_ns_by_rank": [
              [
                744693614093656,
                744693614115596
              ],
              [
                744693614093926,
                744693614119099
              ],
              [
                744693614093481,
                744693614110545
              ],
              [
                744693614093549,
                744693614109720
              ]
            ],
            "start_record_envelope_span_ns": 25618,
            "variant": 0
          },
          "reference": {
            "collective_only": {
              "local_ms": 0.026240000501275063,
              "rank_max_ms": 0.03219199925661087,
              "rank_ms": [
                0.026240000501275063,
                0.023871999233961105,
                0.028831999748945236,
                0.03219199925661087
              ]
            },
            "pair_attempt_id": 43,
            "pair_retry_ordinal": 0,
            "position": 1,
            "readiness_probe_exact": true,
            "ready_region": {
              "local_ms": 0.10595200210809708,
              "rank_max_ms": 0.10595200210809708,
              "rank_ms": [
                0.10595200210809708,
                0.10316800326108932,
                0.10473600029945374,
                0.10531199723482132
              ]
            },
            "sample_index": 43,
            "scheduled_start_arrival_ns_by_rank": [
              744693616524335,
              744693616589653,
              744693616598593,
              744693616565415
            ],
            "scheduled_start_target_ns_by_rank": [
              744693621598593,
              744693621598593,
              744693621598593,
              744693621598593
            ],
            "start_record_bracket_ns_by_rank": [
              [
                744693621599125,
                744693621618173
              ],
              [
                744693621599197,
                744693621620283
              ],
              [
                744693621599140,
                744693621616676
              ],
              [
                744693621599137,
                744693621614853
              ]
            ],
            "start_record_envelope_span_ns": 21158,
            "variant": 0
          }
        },
        "variant": 0
      },
      {
        "accepted": true,
        "attempt_id": 44,
        "logical_pair_index": 44,
        "order": [
          "reference",
          "candidate"
        ],
        "rejection_reasons": [],
        "retry_ordinal": 0,
        "samples": {
          "candidate": {
            "collective_only": {
              "local_ms": 0.47091200947761536,
              "rank_max_ms": 0.5106559991836548,
              "rank_ms": [
                0.47091200947761536,
                0.5106559991836548,
                0.38383999466896057,
                0.04044799879193306
              ]
            },
            "pair_attempt_id": 44,
            "pair_retry_ordinal": 0,
            "position": 1,
            "readiness_probe_exact": true,
            "ready_region": {
              "local_ms": 0.4799039959907532,
              "rank_max_ms": 0.5202239751815796,
              "rank_ms": [
                0.4799039959907532,
                0.5202239751815796,
                0.3932479918003082,
                0.12243200093507767
              ]
            },
            "sample_index": 44,
            "scheduled_start_arrival_ns_by_rank": [
              744693632039612,
              744693632128556,
              744693632110896,
              744693632105303
            ],
            "scheduled_start_target_ns_by_rank": [
              744693637128556,
              744693637128556,
              744693637128556,
              744693637128556
            ],
            "start_record_bracket_ns_by_rank": [
              [
                744693639468024,
                744693639497507
              ],
              [
                744693639431307,
                744693639456511
              ],
              [
                744693639568823,
                744693639585925
              ],
              [
                744693639912158,
                744693639928652
              ]
            ],
            "start_record_envelope_span_ns": 497345,
            "variant": 1
          },
          "reference": {
            "collective_only": {
              "local_ms": 0.025407999753952026,
              "rank_max_ms": 0.03494400158524513,
              "rank_ms": [
                0.025407999753952026,
                0.0289280004799366,
                0.03494400158524513,
                0.029920000582933426
              ]
            },
            "pair_attempt_id": 44,
            "pair_retry_ordinal": 0,
            "position": 0,
            "readiness_probe_exact": true,
            "ready_region": {
              "local_ms": 0.10716799646615982,
              "rank_max_ms": 0.11568000167608261,
              "rank_ms": [
                0.10716799646615982,
                0.11568000167608261,
                0.10220800340175629,
                0.10595200210809708
              ]
            },
            "sample_index": 44,
            "scheduled_start_arrival_ns_by_rank": [
              744693624433205,
              744693624255952,
              744693624221214,
              744693624272853
            ],
            "scheduled_start_target_ns_by_rank": [
              744693629433205,
              744693629433205,
              744693629433205,
              744693629433205
            ],
            "start_record_bracket_ns_by_rank": [
              [
                744693629433752,
                744693629457513
              ],
              [
                744693629433687,
                744693629455102
              ],
              [
                744693629433723,
                744693629449750
              ],
              [
                744693629433701,
                744693629450917
              ]
            ],
            "start_record_envelope_span_ns": 23826,
            "variant": 1
          }
        },
        "variant": 1
      },
      {
        "accepted": true,
        "attempt_id": 45,
        "logical_pair_index": 45,
        "order": [
          "candidate",
          "reference"
        ],
        "rejection_reasons": [],
        "retry_ordinal": 0,
        "samples": {
          "candidate": {
            "collective_only": {
              "local_ms": 0.04201599955558777,
              "rank_max_ms": 0.05526399984955788,
              "rank_ms": [
                0.04201599955558777,
                0.04185599833726883,
                0.05385600030422211,
                0.05526399984955788
              ]
            },
            "pair_attempt_id": 45,
            "pair_retry_ordinal": 0,
            "position": 0,
            "readiness_probe_exact": true,
            "ready_region": {
              "local_ms": 0.13471999764442444,
              "rank_max_ms": 0.13471999764442444,
              "rank_ms": [
                0.13471999764442444,
                0.12812800705432892,
                0.10918399691581726,
                0.11135999858379364
              ]
            },
            "sample_index": 45,
            "scheduled_start_arrival_ns_by_rank": [
              744693644280353,
              744693644072421,
              744693643945220,
              744693643970924
            ],
            "scheduled_start_target_ns_by_rank": [
              744693649280353,
              744693649280353,
              744693649280353,
              744693649280353
            ],
            "start_record_bracket_ns_by_rank": [
              [
                744693649281307,
                744693649308393
              ],
              [
                744693649281038,
                744693649306181
              ],
              [
                744693649280956,
                744693649297731
              ],
              [
                744693649280870,
                744693649296733
              ]
            ],
            "start_record_envelope_span_ns": 27523,
            "variant": 0
          },
          "reference": {
            "collective_only": {
              "local_ms": 0.02425600029528141,
              "rank_max_ms": 0.03964800015091896,
              "rank_ms": [
                0.02425600029528141,
                0.030432000756263733,
                0.03830400109291077,
                0.03964800015091896
              ]
            },
            "pair_attempt_id": 45,
            "pair_retry_ordinal": 0,
            "position": 1,
            "readiness_probe_exact": true,
            "ready_region": {
              "local_ms": 0.1249919980764389,
              "rank_max_ms": 0.1249919980764389,
              "rank_ms": [
                0.1249919980764389,
                0.11472000181674957,
                0.10115200281143188,
                0.09894400089979172
              ]
            },
            "sample_index": 45,
            "scheduled_start_arrival_ns_by_rank": [
              744693655804259,
              744693655657720,
              744693655191694,
              744693654822937
            ],
            "scheduled_start_target_ns_by_rank": [
              744693660804259,
              744693660804259,
              744693660804259,
              744693660804259
            ],
            "start_record_bracket_ns_by_rank": [
              [
                744693660805143,
                744693660832253
              ],
              [
                744693660805143,
                744693660829931
              ],
              [
                744693660804792,
                744693660822563
              ],
              [
                744693660804768,
                744693660821223
              ]
            ],
            "start_record_envelope_span_ns": 27485,
            "variant": 0
          }
        },
        "variant": 0
      },
      {
        "accepted": true,
        "attempt_id": 46,
        "logical_pair_index": 46,
        "order": [
          "reference",
          "candidate"
        ],
        "rejection_reasons": [],
        "retry_ordinal": 0,
        "samples": {
          "candidate": {
            "collective_only": {
              "local_ms": 0.04243199899792671,
              "rank_max_ms": 0.05411199852824211,
              "rank_ms": [
                0.04243199899792671,
                0.04323200136423111,
                0.05379199981689453,
                0.05411199852824211
              ]
            },
            "pair_attempt_id": 46,
            "pair_retry_ordinal": 0,
            "position": 1,
            "readiness_probe_exact": true,
            "ready_region": {
              "local_ms": 0.14281600713729858,
              "rank_max_ms": 0.14281600713729858,
              "rank_ms": [
                0.14281600713729858,
                0.11510399729013443,
                0.11302399635314941,
                0.11190400272607803
              ]
            },
            "sample_index": 46,
            "scheduled_start_arrival_ns_by_rank": [
              744693673596169,
              744693673359283,
              744693673291790,
              744693673421075
            ],
            "scheduled_start_target_ns_by_rank": [
              744693678596169,
              744693678596169,
              744693678596169,
              744693678596169
            ],
            "start_record_bracket_ns_by_rank": [
              [
                744693678597104,
                744693678624219
              ],
              [
                744693678596671,
                744693678620542
              ],
              [
                744693678596629,
                744693678612363
              ],
              [
                744693678596645,
                744693678611355
              ]
            ],
            "start_record_envelope_span_ns": 27590,
            "variant": 1
          },
          "reference": {
            "collective_only": {
              "local_ms": 0.025087999179959297,
              "rank_max_ms": 0.039103999733924866,
              "rank_ms": [
                0.025087999179959297,
                0.029023999348282814,
                0.039103999733924866,
                0.03888000175356865
              ]
            },
            "pair_attempt_id": 46,
            "pair_retry_ordinal": 0,
            "position": 0,
            "readiness_probe_exact": true,
            "ready_region": {
              "local_ms": 0.1520320028066635,
              "rank_max_ms": 0.1520320028066635,
              "rank_ms": [
                0.1520320028066635,
                0.12495999783277512,
                0.11843200027942657,
                0.11984000355005264
              ]
            },
            "sample_index": 46,
            "scheduled_start_arrival_ns_by_rank": [
              744693664932469,
              744693664634945,
              744693664601107,
              744693664633006
            ],
            "scheduled_start_target_ns_by_rank": [
              744693669932469,
              744693669932469,
              744693669932469,
              744693669932469
            ],
            "start_record_bracket_ns_by_rank": [
              [
                744693669933128,
                744693669959683
              ],
              [
                744693669933017,
                744693669958623
              ],
              [
                744693669932892,
                744693669951213
              ],
              [
                744693669932786,
                744693669948863
              ]
            ],
            "start_record_envelope_span_ns": 26897,
            "variant": 1
          }
        },
        "variant": 1
      },
      {
        "accepted": true,
        "attempt_id": 47,
        "logical_pair_index": 47,
        "order": [
          "candidate",
          "reference"
        ],
        "rejection_reasons": [],
        "retry_ordinal": 0,
        "samples": {
          "candidate": {
            "collective_only": {
              "local_ms": 0.04473600164055824,
              "rank_max_ms": 0.05721599981188774,
              "rank_ms": [
                0.04473600164055824,
                0.04585599899291992,
                0.055743999779224396,
                0.05721599981188774
              ]
            },
            "pair_attempt_id": 47,
            "pair_retry_ordinal": 0,
            "position": 0,
            "readiness_probe_exact": true,
            "ready_region": {
              "local_ms": 0.13734400272369385,
              "rank_max_ms": 0.13734400272369385,
              "rank_ms": [
                0.13734400272369385,
                0.12303999811410904,
                0.12006399780511856,
                0.12332800030708313
              ]
            },
            "sample_index": 47,
            "scheduled_start_arrival_ns_by_rank": [
              744693682655063,
              744693682589746,
              744693682453695,
              744693682493532
            ],
            "scheduled_start_target_ns_by_rank": [
              744693687655063,
              744693687655063,
              744693687655063,
              744693687655063
            ],
            "start_record_bracket_ns_by_rank": [
              [
                744693687655974,
                744693687684514
              ],
              [
                744693687655903,
                744693687680649
              ],
              [
                744693687655604,
                744693687675532
              ],
              [
                744693687655500,
                744693687672921
              ]
            ],
            "start_record_envelope_span_ns": 29014,
            "variant": 0
          },
          "reference": {
            "collective_only": {
              "local_ms": 0.02687999978661537,
              "rank_max_ms": 0.03363199904561043,
              "rank_ms": [
                0.02687999978661537,
                0.02502400055527687,
                0.03363199904561043,
                0.03267199918627739
              ]
            },
            "pair_attempt_id": 47,
            "pair_retry_ordinal": 0,
            "position": 1,
            "readiness_probe_exact": true,
            "ready_region": {
              "local_ms": 0.11155200004577637,
              "rank_max_ms": 0.11683200299739838,
              "rank_ms": [
                0.11155200004577637,
                0.11683200299739838,
                0.11081600189208984,
                0.111455999314785
              ]
            },
            "sample_index": 47,
            "scheduled_start_arrival_ns_by_rank": [
              744693691517945,
              744693691250189,
              744693691167276,
              744693691241328
            ],
            "scheduled_start_target_ns_by_rank": [
              744693696517945,
              744693696517945,
              744693696517945,
              744693696517945
            ],
            "start_record_bracket_ns_by_rank": [
              [
                744693696518407,
                744693696538304
              ],
              [
                744693696518613,
                744693696539626
              ],
              [
                744693696518507,
                744693696535241
              ],
              [
                744693696518574,
                744693696534869
              ]
            ],
            "start_record_envelope_span_ns": 21219,
            "variant": 0
          }
        },
        "variant": 0
      },
      {
        "accepted": true,
        "attempt_id": 48,
        "logical_pair_index": 48,
        "order": [
          "reference",
          "candidate"
        ],
        "rejection_reasons": [],
        "retry_ordinal": 0,
        "samples": {
          "candidate": {
            "collective_only": {
              "local_ms": 0.04243199899792671,
              "rank_max_ms": 0.05894400179386139,
              "rank_ms": [
                0.04243199899792671,
                0.04169600084424019,
                0.05772799998521805,
                0.05894400179386139
              ]
            },
            "pair_attempt_id": 48,
            "pair_retry_ordinal": 0,
            "position": 1,
            "readiness_probe_exact": true,
            "ready_region": {
              "local_ms": 0.14336000382900238,
              "rank_max_ms": 0.1507200002670288,
              "rank_ms": [
                0.14336000382900238,
                0.1507200002670288,
                0.1175680011510849,
                0.12307199835777283
              ]
            },
            "sample_index": 48,
            "scheduled_start_arrival_ns_by_rank": [
              744693711646280,
              744693711626488,
              744693711467634,
              744693711507657
            ],
            "scheduled_start_target_ns_by_rank": [
              744693716646280,
              744693716646280,
              744693716646280,
              744693716646280
            ],
            "start_record_bracket_ns_by_rank": [
              [
                744693716647674,
                744693716676909
              ],
              [
                744693716647412,
                744693716677461
              ],
              [
                744693716646865,
                744693716664459
              ],
              [
                744693716646805,
                744693716663592
              ]
            ],
            "start_record_envelope_span_ns": 30656,
            "variant": 1
          },
          "reference": {
            "collective_only": {
              "local_ms": 0.027904000133275986,
              "rank_max_ms": 0.04089599847793579,
              "rank_ms": [
                0.027904000133275986,
                0.030047999694943428,
                0.04089599847793579,
                0.04028800129890442
              ]
            },
            "pair_attempt_id": 48,
            "pair_retry_ordinal": 0,
            "position": 0,
            "readiness_probe_exact": true,
            "ready_region": {
              "local_ms": 0.1263040006160736,
              "rank_max_ms": 0.1263040006160736,
              "rank_ms": [
                0.1263040006160736,
                0.12432000041007996,
                0.11401599645614624,
                0.11283200234174728
              ]
            },
            "sample_index": 48,
            "scheduled_start_arrival_ns_by_rank": [
              744693701745618,
              744693701622088,
              744693701637964,
              744693702304860
            ],
            "scheduled_start_target_ns_by_rank": [
              744693707304860,
              744693707304860,
              744693707304860,
              744693707304860
            ],
            "start_record_bracket_ns_by_rank": [
              [
                744693707305545,
                744693707334158
              ],
              [
                744693707305454,
                744693707332980
              ],
              [
                744693707305335,
                744693707324210
              ],
              [
                744693707305375,
                744693707323337
              ]
            ],
            "start_record_envelope_span_ns": 28823,
            "variant": 1
          }
        },
        "variant": 1
      },
      {
        "accepted": true,
        "attempt_id": 49,
        "logical_pair_index": 49,
        "order": [
          "candidate",
          "reference"
        ],
        "rejection_reasons": [],
        "retry_ordinal": 0,
        "samples": {
          "candidate": {
            "collective_only": {
              "local_ms": 0.045184001326560974,
              "rank_max_ms": 0.05696000158786774,
              "rank_ms": [
                0.045184001326560974,
                0.040991999208927155,
                0.056352000683546066,
                0.05696000158786774
              ]
            },
            "pair_attempt_id": 49,
            "pair_retry_ordinal": 0,
            "position": 0,
            "readiness_probe_exact": true,
            "ready_region": {
              "local_ms": 0.12601600587368011,
              "rank_max_ms": 0.13792000710964203,
              "rank_ms": [
                0.12601600587368011,
                0.13792000710964203,
                0.11654400080442429,
                0.11737599968910217
              ]
            },
            "sample_index": 49,
            "scheduled_start_arrival_ns_by_rank": [
              744693720471794,
              744693719886534,
              744693720256070,
              744693720434276
            ],
            "scheduled_start_target_ns_by_rank": [
              744693725471794,
              744693725471794,
              744693725471794,
              744693725471794
            ],
            "start_record_bracket_ns_by_rank": [
              [
                744693725472387,
                744693725499578
              ],
              [
                744693725472820,
                744693725501747
              ],
              [
                744693725472351,
                744693725489915
              ],
              [
                744693725472266,
                744693725489919
              ]
            ],
            "start_record_envelope_span_ns": 29481,
            "variant": 0
          },
          "reference": {
            "collective_only": {
              "local_ms": 0.02876799926161766,
              "rank_max_ms": 0.03791999816894531,
              "rank_ms": [
                0.02876799926161766,
                0.028351999819278717,
                0.03791999816894531,
                0.03699199855327606
              ]
            },
            "pair_attempt_id": 49,
            "pair_retry_ordinal": 0,
            "position": 1,
            "readiness_probe_exact": true,
            "ready_region": {
              "local_ms": 0.13446399569511414,
              "rank_max_ms": 0.14617599546909332,
              "rank_ms": [
                0.13446399569511414,
                0.14617599546909332,
                0.11215999722480774,
                0.11315199732780457
              ]
            },
            "sample_index": 49,
            "scheduled_start_arrival_ns_by_rank": [
              744693729319422,
              744693729374639,
              744693729221151,
              744693729239737
            ],
            "scheduled_start_target_ns_by_rank": [
              744693734374639,
              744693734374639,
              744693734374639,
              744693734374639
            ],
            "start_record_bracket_ns_by_rank": [
              [
                744693734375380,
                744693734401073
              ],
              [
                744693734375449,
                744693734398719
              ],
              [
                744693734375169,
                744693734392164
              ],
              [
                744693734375179,
                744693734391441
              ]
            ],
            "start_record_envelope_span_ns": 25904,
            "variant": 0
          }
        },
        "variant": 0
      },
      {
        "accepted": true,
        "attempt_id": 50,
        "logical_pair_index": 50,
        "order": [
          "reference",
          "candidate"
        ],
        "rejection_reasons": [],
        "retry_ordinal": 0,
        "samples": {
          "candidate": {
            "collective_only": {
              "local_ms": 0.039423998445272446,
              "rank_max_ms": 0.056703999638557434,
              "rank_ms": [
                0.039423998445272446,
                0.04108799993991852,
                0.05644800141453743,
                0.056703999638557434
              ]
            },
            "pair_attempt_id": 50,
            "pair_retry_ordinal": 0,
            "position": 1,
            "readiness_probe_exact": true,
            "ready_region": {
              "local_ms": 0.17919999361038208,
              "rank_max_ms": 0.17919999361038208,
              "rank_ms": [
                0.17919999361038208,
                0.15094399452209473,
                0.11599999666213989,
                0.11699199676513672
              ]
            },
            "sample_index": 50,
            "scheduled_start_arrival_ns_by_rank": [
              744693746668973,
              744693746858512,
              744693746537359,
              744693746575739
            ],
            "scheduled_start_target_ns_by_rank": [
              744693751858512,
              744693751858512,
              744693751858512,
              744693751858512
            ],
            "start_record_bracket_ns_by_rank": [
              [
                744693751859465,
                744693751886811
              ],
              [
                744693751859242,
                744693751887586
              ],
              [
                744693751858994,
                744693751876446
              ],
              [
                744693751859098,
                744693751874943
              ]
            ],
            "start_record_envelope_span_ns": 28592,
            "variant": 1
          },
          "reference": {
            "collective_only": {
              "local_ms": 0.029600000008940697,
              "rank_max_ms": 0.047968000173568726,
              "rank_ms": [
                0.029600000008940697,
                0.037376001477241516,
                0.046879999339580536,
                0.047968000173568726
              ]
            },
            "pair_attempt_id": 50,
            "pair_retry_ordinal": 0,
            "position": 0,
            "readiness_probe_exact": true,
            "ready_region": {
              "local_ms": 0.14393599331378937,
              "rank_max_ms": 0.14393599331378937,
              "rank_ms": [
                0.14393599331378937,
                0.1300159990787506,
                0.10566399991512299,
                0.10320000350475311
              ]
            },
            "sample_index": 50,
            "scheduled_start_arrival_ns_by_rank": [
              744693739427006,
              744693739506735,
              744693739404757,
              744693739132256
            ],
            "scheduled_start_target_ns_by_rank": [
              744693744506735,
              744693744506735,
              744693744506735,
              744693744506735
            ],
            "start_record_bracket_ns_by_rank": [
              [
                744693744508651,
                744693744538747
              ],
              [
                744693744507659,
                744693744533105
              ],
              [
                744693744507212,
                744693744523673
              ],
              [
                744693744507274,
                744693744522281
              ]
            ],
            "start_record_envelope_span_ns": 31535,
            "variant": 1
          }
        },
        "variant": 1
      },
      {
        "accepted": true,
        "attempt_id": 51,
        "logical_pair_index": 51,
        "order": [
          "candidate",
          "reference"
        ],
        "rejection_reasons": [],
        "retry_ordinal": 0,
        "samples": {
          "candidate": {
            "collective_only": {
              "local_ms": 0.04428799822926521,
              "rank_max_ms": 0.0679360032081604,
              "rank_ms": [
                0.04428799822926521,
                0.05516799911856651,
                0.06630399823188782,
                0.0679360032081604
              ]
            },
            "pair_attempt_id": 51,
            "pair_retry_ordinal": 0,
            "position": 0,
            "readiness_probe_exact": true,
            "ready_region": {
              "local_ms": 0.18796800076961517,
              "rank_max_ms": 0.18796800076961517,
              "rank_ms": [
                0.18796800076961517,
                0.14339199662208557,
                0.1377280056476593,
                0.13129599392414093
              ]
            },
            "sample_index": 51,
            "scheduled_start_arrival_ns_by_rank": [
              744693755753253,
              744693755880992,
              744693755744039,
              744693756084187
            ],
            "scheduled_start_target_ns_by_rank": [
              744693761084187,
              744693761084187,
              744693761084187,
              744693761084187
            ],
            "start_record_bracket_ns_by_rank": [
              [
                744693761085735,
                744693761121052
              ],
              [
                744693761084811,
                744693761111242
              ],
              [
                744693761084748,
                744693761103729
              ],
              [
                744693761084650,
                744693761101528
              ]
            ],
            "start_record_envelope_span_ns": 36402,
            "variant": 0
          },
          "reference": {
            "collective_only": {
              "local_ms": 0.027295999228954315,
              "rank_max_ms": 0.039135999977588654,
              "rank_ms": [
                0.027295999228954315,
                0.030432000756263733,
                0.039135999977588654,
                0.038336001336574554
              ]
            },
            "pair_attempt_id": 51,
            "pair_retry_ordinal": 0,
            "position": 1,
            "readiness_probe_exact": true,
            "ready_region": {
              "local_ms": 0.12809599936008453,
              "rank_max_ms": 0.12809599936008453,
              "rank_ms": [
                0.12809599936008453,
                0.12383999675512314,
                0.11308799684047699,
                0.11315199732780457
              ]
            },
            "sample_index": 51,
            "scheduled_start_arrival_ns_by_rank": [
              744693764567096,
              744693764703009,
              744693764246296,
              744693764322691
            ],
            "scheduled_start_target_ns_by_rank": [
              744693769703009,
              744693769703009,
              744693769703009,
              744693769703009
            ],
            "start_record_bracket_ns_by_rank": [
              [
                744693769703700,
                744693769730119
              ],
              [
                744693769703902,
                744693769728513
              ],
              [
                744693769703549,
                744693769721600
              ],
              [
                744693769703496,
                744693769720214
              ]
            ],
            "start_record_envelope_span_ns": 26623,
            "variant": 0
          }
        },
        "variant": 0
      },
      {
        "accepted": true,
        "attempt_id": 52,
        "logical_pair_index": 52,
        "order": [
          "reference",
          "candidate"
        ],
        "rejection_reasons": [],
        "retry_ordinal": 0,
        "samples": {
          "candidate": {
            "collective_only": {
              "local_ms": 0.04153599962592125,
              "rank_max_ms": 0.05353600159287453,
              "rank_ms": [
                0.04153599962592125,
                0.042208001017570496,
                0.05353600159287453,
                0.05135999992489815
              ]
            },
            "pair_attempt_id": 52,
            "pair_retry_ordinal": 0,
            "position": 1,
            "readiness_probe_exact": true,
            "ready_region": {
              "local_ms": 0.13260799646377563,
              "rank_max_ms": 0.13260799646377563,
              "rank_ms": [
                0.13260799646377563,
                0.12585599720478058,
                0.10995200276374817,
                0.10784000158309937
              ]
            },
            "sample_index": 52,
            "scheduled_start_arrival_ns_by_rank": [
              744693782567913,
              744693782457625,
              744693782340619,
              744693782365440
            ],
            "scheduled_start_target_ns_by_rank": [
              744693787567913,
              744693787567913,
              744693787567913,
              744693787567913
            ],
            "start_record_bracket_ns_by_rank": [
              [
                744693787569190,
                744693787596838
              ],
              [
                744693787568592,
                744693787593399
              ],
              [
                744693787568442,
                744693787585268
              ],
              [
                744693787568440,
                744693787587379
              ]
            ],
            "start_record_envelope_span_ns": 28398,
            "variant": 1
          },
          "reference": {
            "collective_only": {
              "local_ms": 0.2742080092430115,
              "rank_max_ms": 0.40326398611068726,
              "rank_ms": [
                0.2742080092430115,
                0.027775999158620834,
                0.40064001083374023,
                0.40326398611068726
              ]
            },
            "pair_attempt_id": 52,
            "pair_retry_ordinal": 0,
            "position": 0,
            "readiness_probe_exact": true,
            "ready_region": {
              "local_ms": 0.2834559977054596,
              "rank_max_ms": 0.4134399890899658,
              "rank_ms": [
                0.2834559977054596,
                0.12774400413036346,
                0.41065600514411926,
                0.4134399890899658
              ]
            },
            "sample_index": 52,
            "scheduled_start_arrival_ns_by_rank": [
              744693773931992,
              744693773737333,
              744693773706917,
              744693773519208
            ],
            "scheduled_start_target_ns_by_rank": [
              744693778931992,
              744693778931992,
              744693778931992,
              744693778931992
            ],
            "start_record_bracket_ns_by_rank": [
              [
                744693779047761,
                744693779075011
              ],
              [
                744693779294245,
                744693779320861
              ],
              [
                744693778932354,
                744693778949641
              ],
              [
                744693778932395,
                744693778947211
              ]
            ],
            "start_record_envelope_span_ns": 388507,
            "variant": 1
          }
        },
        "variant": 1
      },
      {
        "accepted": false,
        "attempt_id": 53,
        "logical_pair_index": 53,
        "order": [
          "candidate",
          "reference"
        ],
        "rejection_reasons": [
          {
            "limit_ns": 500000,
            "side": "reference",
            "start_record_envelope_span_ns": 513466
          }
        ],
        "retry_ordinal": 0,
        "samples": {
          "candidate": {
            "collective_only": {
              "local_ms": 0.046431999653577805,
              "rank_max_ms": 0.0629120022058487,
              "rank_ms": [
                0.046431999653577805,
                0.05385600030422211,
                0.06092799827456474,
                0.0629120022058487
              ]
            },
            "pair_attempt_id": 53,
            "pair_retry_ordinal": 0,
            "position": 0,
            "readiness_probe_exact": true,
            "ready_region": {
              "local_ms": 0.15007999539375305,
              "rank_max_ms": 0.15007999539375305,
              "rank_ms": [
                0.15007999539375305,
                0.11353600025177002,
                0.11264000087976456,
                0.11366400122642517
              ]
            },
            "sample_index": 53,
            "scheduled_start_arrival_ns_by_rank": [
              744693791170956,
              744693791420911,
              744693791142685,
              744693791160259
            ],
            "scheduled_start_target_ns_by_rank": [
              744693796420911,
              744693796420911,
              744693796420911,
              744693796420911
            ],
            "start_record_bracket_ns_by_rank": [
              [
                744693796422720,
                744693796455292
              ],
              [
                744693796421452,
                744693796444754
              ],
              [
                744693796421422,
                744693796440086
              ],
              [
                744693796421343,
                744693796437778
              ]
            ],
            "start_record_envelope_span_ns": 33949,
            "variant": 0
          },
          "reference": {
            "collective_only": {
              "local_ms": 0.5170239806175232,
              "rank_max_ms": 0.5259519815444946,
              "rank_ms": [
                0.5170239806175232,
                0.026496000587940216,
                0.5259519815444946,
                0.45337599515914917
              ]
            },
            "pair_attempt_id": 53,
            "pair_retry_ordinal": 0,
            "position": 1,
            "readiness_probe_exact": true,
            "ready_region": {
              "local_ms": 0.5262399911880493,
              "rank_max_ms": 0.5352320075035095,
              "rank_ms": [
                0.5262399911880493,
                0.1189119964838028,
                0.5352320075035095,
                0.4626559913158417
              ]
            },
            "sample_index": 53,
            "scheduled_start_arrival_ns_by_rank": [
              744693799340021,
              744693799101658,
              744693798866626,
              744693798967217
            ],
            "scheduled_start_target_ns_by_rank": [
              744693804340021,
              744693804340021,
              744693804340021,
              744693804340021
            ],
            "start_record_bracket_ns_by_rank": [
              [
                744693804340467,
                744693804365371
              ],
              [
                744693804829146,
                744693804853839
              ],
              [
                744693804340373,
                744693804356420
              ],
              [
                744693804412565,
                744693804428336
              ]
            ],
            "start_record_envelope_span_ns": 513466,
            "variant": 0
          }
        },
        "variant": 0
      },
      {
        "accepted": true,
        "attempt_id": 54,
        "logical_pair_index": 53,
        "order": [
          "candidate",
          "reference"
        ],
        "rejection_reasons": [],
        "retry_ordinal": 1,
        "samples": {
          "candidate": {
            "collective_only": {
              "local_ms": 0.04278400167822838,
              "rank_max_ms": 0.05430399999022484,
              "rank_ms": [
                0.04278400167822838,
                0.04047999903559685,
                0.05430399999022484,
                0.05289600044488907
              ]
            },
            "pair_attempt_id": 54,
            "pair_retry_ordinal": 1,
            "position": 0,
            "readiness_probe_exact": true,
            "ready_region": {
              "local_ms": 0.13939200341701508,
              "rank_max_ms": 0.13939200341701508,
              "rank_ms": [
                0.13939200341701508,
                0.1318719983100891,
                0.1204800009727478,
                0.11350400000810623
              ]
            },
            "sample_index": 53,
            "scheduled_start_arrival_ns_by_rank": [
              744693810390521,
              744693810448609,
              744693810251176,
              744693810288033
            ],
            "scheduled_start_target_ns_by_rank": [
              744693815448609,
              744693815448609,
              744693815448609,
              744693815448609
            ],
            "start_record_bracket_ns_by_rank": [
              [
                744693815449353,
                744693815477702
              ],
              [
                744693815449355,
                744693815476655
              ],
              [
                744693815449156,
                744693815468420
              ],
              [
                744693815449125,
                744693815466042
              ]
            ],
            "start_record_envelope_span_ns": 28577,
            "variant": 1
          },
          "reference": {
            "collective_only": {
              "local_ms": 0.028031999245285988,
              "rank_max_ms": 0.0541439987719059,
              "rank_ms": [
                0.028031999245285988,
                0.04560000076889992,
                0.05116799846291542,
                0.0541439987719059
              ]
            },
            "pair_attempt_id": 54,
            "pair_retry_ordinal": 1,
            "position": 1,
            "readiness_probe_exact": true,
            "ready_region": {
              "local_ms": 0.12937599420547485,
              "rank_max_ms": 0.12937599420547485,
              "rank_ms": [
                0.12937599420547485,
                0.12563200294971466,
                0.11718399822711945,
                0.11327999830245972
              ]
            },
            "sample_index": 53,
            "scheduled_start_arrival_ns_by_rank": [
              744693820716594,
              744693820605958,
              744693820466030,
              744693820543644
            ],
            "scheduled_start_target_ns_by_rank": [
              744693825716594,
              744693825716594,
              744693825716594,
              744693825716594
            ],
            "start_record_bracket_ns_by_rank": [
              [
                744693825730139,
                744693825758578
              ],
              [
                744693825717380,
                744693825741972
              ],
              [
                744693825717184,
                744693825737176
              ],
              [
                744693825717122,
                744693825734696
              ]
            ],
            "start_record_envelope_span_ns": 41456,
            "variant": 1
          }
        },
        "variant": 1
      },
      {
        "accepted": true,
        "attempt_id": 55,
        "logical_pair_index": 54,
        "order": [
          "reference",
          "candidate"
        ],
        "rejection_reasons": [],
        "retry_ordinal": 0,
        "samples": {
          "candidate": {
            "collective_only": {
              "local_ms": 0.04339199885725975,
              "rank_max_ms": 0.049536000937223434,
              "rank_ms": [
                0.04339199885725975,
                0.03872000053524971,
                0.049056001007556915,
                0.049536000937223434
              ]
            },
            "pair_attempt_id": 55,
            "pair_retry_ordinal": 0,
            "position": 1,
            "readiness_probe_exact": true,
            "ready_region": {
              "local_ms": 0.11215999722480774,
              "rank_max_ms": 0.1186240017414093,
              "rank_ms": [
                0.11215999722480774,
                0.1186240017414093,
                0.10873600095510483,
                0.11577600240707397
              ]
            },
            "sample_index": 54,
            "scheduled_start_arrival_ns_by_rank": [
              744693837170172,
              744693837226757,
              744693837121123,
              744693837483009
            ],
            "scheduled_start_target_ns_by_rank": [
              744693842483009,
              744693842483009,
              744693842483009,
              744693842483009
            ],
            "start_record_bracket_ns_by_rank": [
              [
                744693842483740,
                744693842503328
              ],
              [
                744693842483662,
                744693842507693
              ],
              [
                744693842483463,
                744693842499475
              ],
              [
                744693842483526,
                744693842500885
              ]
            ],
            "start_record_envelope_span_ns": 24230,
            "variant": 0
          },
          "reference": {
            "collective_only": {
              "local_ms": 0.026016000658273697,
              "rank_max_ms": 0.03577600046992302,
              "rank_ms": [
                0.026016000658273697,
                0.028063999488949776,
                0.03577600046992302,
                0.03270399942994118
              ]
            },
            "pair_attempt_id": 55,
            "pair_retry_ordinal": 0,
            "position": 0,
            "readiness_probe_exact": true,
            "ready_region": {
              "local_ms": 0.11084800213575363,
              "rank_max_ms": 0.11273600161075592,
              "rank_ms": [
                0.11084800213575363,
                0.11273600161075592,
                0.10620799660682678,
                0.10339199751615524
              ]
            },
            "sample_index": 54,
            "scheduled_start_arrival_ns_by_rank": [
              744693829873529,
              744693830018161,
              744693829608323,
              744693829583909
            ],
            "scheduled_start_target_ns_by_rank": [
              744693835018161,
              744693835018161,
              744693835018161,
              744693835018161
            ],
            "start_record_bracket_ns_by_rank": [
              [
                744693835018849,
                744693835042966
              ],
              [
                744693835018887,
                744693835041521
              ],
              [
                744693835018608,
                744693835035212
              ],
              [
                744693835018589,
                744693835034902
              ]
            ],
            "start_record_envelope_span_ns": 24377,
            "variant": 0
          }
        },
        "variant": 0
      },
      {
        "accepted": true,
        "attempt_id": 56,
        "logical_pair_index": 55,
        "order": [
          "candidate",
          "reference"
        ],
        "rejection_reasons": [],
        "retry_ordinal": 0,
        "samples": {
          "candidate": {
            "collective_only": {
              "local_ms": 0.04188799858093262,
              "rank_max_ms": 0.05395200103521347,
              "rank_ms": [
                0.04188799858093262,
                0.0453759990632534,
                0.05302400141954422,
                0.05395200103521347
              ]
            },
            "pair_attempt_id": 56,
            "pair_retry_ordinal": 0,
            "position": 0,
            "readiness_probe_exact": true,
            "ready_region": {
              "local_ms": 0.1401599943637848,
              "rank_max_ms": 0.1401599943637848,
              "rank_ms": [
                0.1401599943637848,
                0.12144000083208084,
                0.11664000153541565,
                0.11657600104808807
              ]
            },
            "sample_index": 55,
            "scheduled_start_arrival_ns_by_rank": [
              744693845291393,
              744693844887291,
              744693844854237,
              744693844833025
            ],
            "scheduled_start_target_ns_by_rank": [
              744693850291393,
              744693850291393,
              744693850291393,
              744693850291393
            ],
            "start_record_bracket_ns_by_rank": [
              [
                744693850292183,
                744693850320413
              ],
              [
                744693850291994,
                744693850315654
              ],
              [
                744693850291894,
                744693850310715
              ],
              [
                744693850291842,
                744693850308943
              ]
            ],
            "start_record_envelope_span_ns": 28571,
            "variant": 1
          },
          "reference": {
            "collective_only": {
              "local_ms": 0.031072000041604042,
              "rank_max_ms": 0.041760001331567764,
              "rank_ms": [
                0.031072000041604042,
                0.02844800055027008,
                0.041760001331567764,
                0.04150399938225746
              ]
            },
            "pair_attempt_id": 56,
            "pair_retry_ordinal": 0,
            "position": 1,
            "readiness_probe_exact": true,
            "ready_region": {
              "local_ms": 0.11795199662446976,
              "rank_max_ms": 0.14326399564743042,
              "rank_ms": [
                0.11795199662446976,
                0.14326399564743042,
                0.10857599973678589,
                0.11219199746847153
              ]
            },
            "sample_index": 55,
            "scheduled_start_arrival_ns_by_rank": [
              744693854064375,
              744693854300210,
              744693853930997,
              744693853810575
            ],
            "scheduled_start_target_ns_by_rank": [
              744693859300210,
              744693859300210,
              744693859300210,
              744693859300210
            ],
            "start_record_bracket_ns_by_rank": [
              [
                744693859300716,
                744693859327773
              ],
              [
                744693859300962,
                744693859329220
              ],
              [
                744693859300737,
                744693859318082
              ],
              [
                744693859300754,
                744693859317886
              ]
            ],
            "start_record_envelope_span_ns": 28504,
            "variant": 1
          }
        },
        "variant": 1
      },
      {
        "accepted": true,
        "attempt_id": 57,
        "logical_pair_index": 56,
        "order": [
          "reference",
          "candidate"
        ],
        "rejection_reasons": [],
        "retry_ordinal": 0,
        "samples": {
          "candidate": {
            "collective_only": {
              "local_ms": 0.04131200164556503,
              "rank_max_ms": 0.05270399898290634,
              "rank_ms": [
                0.04131200164556503,
                0.039103999733924866,
                0.051231998950242996,
                0.05270399898290634
              ]
            },
            "pair_attempt_id": 57,
            "pair_retry_ordinal": 0,
            "position": 1,
            "readiness_probe_exact": true,
            "ready_region": {
              "local_ms": 0.1300159990787506,
              "rank_max_ms": 0.1300159990787506,
              "rank_ms": [
                0.1300159990787506,
                0.12223999947309494,
                0.10547199845314026,
                0.10358399897813797
              ]
            },
            "sample_index": 56,
            "scheduled_start_arrival_ns_by_rank": [
              744693871838315,
              744693871340528,
              744693871485316,
              744693871520057
            ],
            "scheduled_start_target_ns_by_rank": [
              744693876838315,
              744693876838315,
              744693876838315,
              744693876838315
            ],
            "start_record_bracket_ns_by_rank": [
              [
                744693876838942,
                744693876864236
              ],
              [
                744693876838928,
                744693876863702
              ],
              [
                744693876838725,
                744693876854917
              ],
              [
                744693876838704,
                744693876853152
              ]
            ],
            "start_record_envelope_span_ns": 25532,
            "variant": 0
          },
          "reference": {
            "collective_only": {
              "local_ms": 0.026847999542951584,
              "rank_max_ms": 0.03855999931693077,
              "rank_ms": [
                0.026847999542951584,
                0.028351999819278717,
                0.03788800165057182,
                0.03855999931693077
              ]
            },
            "pair_attempt_id": 57,
            "pair_retry_ordinal": 0,
            "position": 0,
            "readiness_probe_exact": true,
            "ready_region": {
              "local_ms": 0.12300799787044525,
              "rank_max_ms": 0.12300799787044525,
              "rank_ms": [
                0.12300799787044525,
                0.11615999788045883,
                0.11343999952077866,
                0.10710400342941284
              ]
            },
            "sample_index": 56,
            "scheduled_start_arrival_ns_by_rank": [
              744693863297881,
              744693863037632,
              744693862870796,
              744693863285116
            ],
            "scheduled_start_target_ns_by_rank": [
              744693868297881,
              744693868297881,
              744693868297881,
              744693868297881
            ],
            "start_record_bracket_ns_by_rank": [
              [
                744693868298608,
                744693868324415
              ],
              [
                744693868298701,
                744693868324506
              ],
              [
                744693868298368,
                744693868315843
              ],
              [
                744693868298341,
                744693868314612
              ]
            ],
            "start_record_envelope_span_ns": 26165,
            "variant": 0
          }
        },
        "variant": 0
      },
      {
        "accepted": true,
        "attempt_id": 58,
        "logical_pair_index": 57,
        "order": [
          "candidate",
          "reference"
        ],
        "rejection_reasons": [],
        "retry_ordinal": 0,
        "samples": {
          "candidate": {
            "collective_only": {
              "local_ms": 0.038495998829603195,
              "rank_max_ms": 0.05100800096988678,
              "rank_ms": [
                0.038495998829603195,
                0.04249599948525429,
                0.05100800096988678,
                0.04870399832725525
              ]
            },
            "pair_attempt_id": 58,
            "pair_retry_ordinal": 0,
            "position": 0,
            "readiness_probe_exact": true,
            "ready_region": {
              "local_ms": 0.12460800260305405,
              "rank_max_ms": 0.12460800260305405,
              "rank_ms": [
                0.12460800260305405,
                0.10918399691581726,
                0.10921599715948105,
                0.10790400207042694
              ]
            },
            "sample_index": 57,
            "scheduled_start_arrival_ns_by_rank": [
              744693880526778,
              744693880413941,
              744693880454098,
              744693880505138
            ],
            "scheduled_start_target_ns_by_rank": [
              744693885526778,
              744693885526778,
              744693885526778,
              744693885526778
            ],
            "start_record_bracket_ns_by_rank": [
              [
                744693885527500,
                744693885552929
              ],
              [
                744693885527350,
                744693885547597
              ],
              [
                744693885527255,
                744693885542628
              ],
              [
                744693885527254,
                744693885543475
              ]
            ],
            "start_record_envelope_span_ns": 25675,
            "variant": 1
          },
          "reference": {
            "collective_only": {
              "local_ms": 0.02816000021994114,
              "rank_max_ms": 0.04032000154256821,
              "rank_ms": [
                0.02816000021994114,
                0.033695999532938004,
                0.03961599990725517,
                0.04032000154256821
              ]
            },
            "pair_attempt_id": 58,
            "pair_retry_ordinal": 0,
            "position": 1,
            "readiness_probe_exact": true,
            "ready_region": {
              "local_ms": 0.1499200016260147,
              "rank_max_ms": 0.1499200016260147,
              "rank_ms": [
                0.1499200016260147,
                0.10688000172376633,
                0.10771200060844421,
                0.10406400263309479
              ]
            },
            "sample_index": 57,
            "scheduled_start_arrival_ns_by_rank": [
              744693889033327,
              744693888789011,
              744693888548282,
              744693889033427
            ],
            "scheduled_start_target_ns_by_rank": [
              744693894033427,
              744693894033427,
              744693894033427,
              744693894033427
            ],
            "start_record_bracket_ns_by_rank": [
              [
                744693894034186,
                744693894060683
              ],
              [
                744693894033918,
                744693894055401
              ],
              [
                744693894033932,
                744693894051340
              ],
              [
                744693894033958,
                744693894049437
              ]
            ],
            "start_record_envelope_span_ns": 26765,
            "variant": 1
          }
        },
        "variant": 1
      },
      {
        "accepted": true,
        "attempt_id": 59,
        "logical_pair_index": 58,
        "order": [
          "reference",
          "candidate"
        ],
        "rejection_reasons": [],
        "retry_ordinal": 0,
        "samples": {
          "candidate": {
            "collective_only": {
              "local_ms": 0.05084799975156784,
              "rank_max_ms": 0.0551999993622303,
              "rank_ms": [
                0.05084799975156784,
                0.03996799886226654,
                0.0551999993622303,
                0.053727999329566956
              ]
            },
            "pair_attempt_id": 59,
            "pair_retry_ordinal": 0,
            "position": 1,
            "readiness_probe_exact": true,
            "ready_region": {
              "local_ms": 0.13007999956607819,
              "rank_max_ms": 0.15558399260044098,
              "rank_ms": [
                0.13007999956607819,
                0.15558399260044098,
                0.13100799918174744,
                0.14582400023937225
              ]
            },
            "sample_index": 58,
            "scheduled_start_arrival_ns_by_rank": [
              744693909099770,
              744693908834060,
              744693909054016,
              744693909095583
            ],
            "scheduled_start_target_ns_by_rank": [
              744693914099770,
              744693914099770,
              744693914099770,
              744693914099770
            ],
            "start_record_bracket_ns_by_rank": [
              [
                744693914100178,
                744693914115765
              ],
              [
                744693914100514,
                744693914128979
              ],
              [
                744693914100326,
                744693914118121
              ],
              [
                744693914100270,
                744693914118630
              ]
            ],
            "start_record_envelope_span_ns": 28801,
            "variant": 0
          },
          "reference": {
            "collective_only": {
              "local_ms": 0.03779200091958046,
              "rank_max_ms": 0.03779200091958046,
              "rank_ms": [
                0.03779200091958046,
                0.027775999158620834,
                0.03580800071358681,
                0.035999998450279236
              ]
            },
            "pair_attempt_id": 59,
            "pair_retry_ordinal": 0,
            "position": 0,
            "readiness_probe_exact": true,
            "ready_region": {
              "local_ms": 0.1066880002617836,
              "rank_max_ms": 0.12243200093507767,
              "rank_ms": [
                0.1066880002617836,
                0.12243200093507767,
                0.11430399864912033,
                0.11481600254774094
              ]
            },
            "sample_index": 58,
            "scheduled_start_arrival_ns_by_rank": [
              744693897750777,
              744693897698156,
              744693897500747,
              744693897692030
            ],
            "scheduled_start_target_ns_by_rank": [
              744693902750777,
              744693902750777,
              744693902750777,
              744693902750777
            ],
            "start_record_bracket_ns_by_rank": [
              [
                744693902751263,
                744693902767421
              ],
              [
                744693902751378,
                744693902775759
              ],
              [
                744693902751192,
                744693902769241
              ],
              [
                744693902751132,
                744693902769016
              ]
            ],
            "start_record_envelope_span_ns": 24627,
            "variant": 0
          }
        },
        "variant": 0
      },
      {
        "accepted": true,
        "attempt_id": 60,
        "logical_pair_index": 59,
        "order": [
          "candidate",
          "reference"
        ],
        "rejection_reasons": [],
        "retry_ordinal": 0,
        "samples": {
          "candidate": {
            "collective_only": {
              "local_ms": 0.04032000154256821,
              "rank_max_ms": 0.060416001826524734,
              "rank_ms": [
                0.04032000154256821,
                0.04681599885225296,
                0.060416001826524734,
                0.060416001826524734
              ]
            },
            "pair_attempt_id": 60,
            "pair_retry_ordinal": 0,
            "position": 0,
            "readiness_probe_exact": true,
            "ready_region": {
              "local_ms": 0.15078400075435638,
              "rank_max_ms": 0.15078400075435638,
              "rank_ms": [
                0.15078400075435638,
                0.12015999853610992,
                0.12099199742078781,
                0.12188799679279327
              ]
            },
            "sample_index": 59,
            "scheduled_start_arrival_ns_by_rank": [
              744693918396472,
              744693918169519,
              744693918154293,
              744693918561686
            ],
            "scheduled_start_target_ns_by_rank": [
              744693923561686,
              744693923561686,
              744693923561686,
              744693923561686
            ],
            "start_record_bracket_ns_by_rank": [
              [
                744693923562841,
                744693923596135
              ],
              [
                744693923562141,
                744693923592346
              ],
              [
                744693923562196,
                744693923581890
              ],
              [
                744693923562130,
                744693923580860
              ]
            ],
            "start_record_envelope_span_ns": 34005,
            "variant": 1
          },
          "reference": {
            "collective_only": {
              "local_ms": 0.027008000761270523,
              "rank_max_ms": 0.040608000010252,
              "rank_ms": [
                0.027008000761270523,
                0.0297279991209507,
                0.03888000175356865,
                0.040608000010252
              ]
            },
            "pair_attempt_id": 60,
            "pair_retry_ordinal": 0,
            "position": 1,
            "readiness_probe_exact": true,
            "ready_region": {
              "local_ms": 0.12806400656700134,
              "rank_max_ms": 0.12806400656700134,
              "rank_ms": [
                0.12806400656700134,
                0.1271039992570877,
                0.10710400342941284,
                0.10979200154542923
              ]
            },
            "sample_index": 59,
            "scheduled_start_arrival_ns_by_rank": [
              744693933317034,
              744693933115757,
              744693933027566,
              744693933240579
            ],
            "scheduled_start_target_ns_by_rank": [
              744693938317034,
              744693938317034,
              744693938317034,
              744693938317034
            ],
            "start_record_bracket_ns_by_rank": [
              [
                744693938318109,
                744693938345127
              ],
              [
                744693938317691,
                744693938343587
              ],
              [
                744693938317597,
                744693938334589
              ],
              [
                744693938317485,
                744693938333815
              ]
            ],
            "start_record_envelope_span_ns": 27642,
            "variant": 1
          }
        },
        "variant": 1
      },
      {
        "accepted": true,
        "attempt_id": 61,
        "logical_pair_index": 60,
        "order": [
          "reference",
          "candidate"
        ],
        "rejection_reasons": [],
        "retry_ordinal": 0,
        "samples": {
          "candidate": {
            "collective_only": {
              "local_ms": 0.04012800008058548,
              "rank_max_ms": 0.047359999269247055,
              "rank_ms": [
                0.04012800008058548,
                0.04009599983692169,
                0.047359999269247055,
                0.04732799902558327
              ]
            },
            "pair_attempt_id": 61,
            "pair_retry_ordinal": 0,
            "position": 1,
            "readiness_probe_exact": true,
            "ready_region": {
              "local_ms": 0.14396800100803375,
              "rank_max_ms": 0.14396800100803375,
              "rank_ms": [
                0.14396800100803375,
                0.1305599957704544,
                0.12505599856376648,
                0.1412159949541092
              ]
            },
            "sample_index": 60,
            "scheduled_start_arrival_ns_by_rank": [
              744693950917620,
              744693950215593,
              744693950175161,
              744693950212981
            ],
            "scheduled_start_target_ns_by_rank": [
              744693955917620,
              744693955917620,
              744693955917620,
              744693955917620
            ],
            "start_record_bracket_ns_by_rank": [
              [
                744693955918297,
                744693955942008
              ],
              [
                744693955918217,
                744693955939697
              ],
              [
                744693955918126,
                744693955934338
              ],
              [
                744693955918118,
                744693955932936
              ]
            ],
            "start_record_envelope_span_ns": 23890,
            "variant": 0
          },
          "reference": {
            "collective_only": {
              "local_ms": 0.02796800062060356,
              "rank_max_ms": 0.0416640006005764,
              "rank_ms": [
                0.02796800062060356,
                0.029823999851942062,
                0.0416640006005764,
                0.041280001401901245
              ]
            },
            "pair_attempt_id": 61,
            "pair_retry_ordinal": 0,
            "position": 0,
            "readiness_probe_exact": true,
            "ready_region": {
              "local_ms": 0.13129599392414093,
              "rank_max_ms": 0.13129599392414093,
              "rank_ms": [
                0.13129599392414093,
                0.11139199882745743,
                0.1082879975438118,
                0.10665600001811981
              ]
            },
            "sample_index": 60,
            "scheduled_start_arrival_ns_by_rank": [
              744693941526043,
              744693941358716,
              744693941359242,
              744693941613815
            ],
            "scheduled_start_target_ns_by_rank": [
              744693946613815,
              744693946613815,
              744693946613815,
              744693946613815
            ],
            "start_record_bracket_ns_by_rank": [
              [
                744693946615215,
                744693946642782
              ],
              [
                744693946614824,
                744693946642917
              ],
              [
                744693946614293,
                744693946631436
              ],
              [
                744693946614298,
                744693946630922
              ]
            ],
            "start_record_envelope_span_ns": 28624,
            "variant": 0
          }
        },
        "variant": 0
      },
      {
        "accepted": true,
        "attempt_id": 62,
        "logical_pair_index": 61,
        "order": [
          "candidate",
          "reference"
        ],
        "rejection_reasons": [],
        "retry_ordinal": 0,
        "samples": {
          "candidate": {
            "collective_only": {
              "local_ms": 0.04089599847793579,
              "rank_max_ms": 0.05011200159788132,
              "rank_ms": [
                0.04089599847793579,
                0.039583999663591385,
                0.05008000135421753,
                0.05011200159788132
              ]
            },
            "pair_attempt_id": 62,
            "pair_retry_ordinal": 0,
            "position": 0,
            "readiness_probe_exact": true,
            "ready_region": {
              "local_ms": 0.1281919926404953,
              "rank_max_ms": 0.14486399292945862,
              "rank_ms": [
                0.1281919926404953,
                0.14486399292945862,
                0.11356800049543381,
                0.11369600147008896
              ]
            },
            "sample_index": 61,
            "scheduled_start_arrival_ns_by_rank": [
              744693960268663,
              744693960347354,
              744693959981954,
              744693960051540
            ],
            "scheduled_start_target_ns_by_rank": [
              744693965347354,
              744693965347354,
              744693965347354,
              744693965347354
            ],
            "start_record_bracket_ns_by_rank": [
              [
                744693965348126,
                744693965373491
              ],
              [
                744693965348082,
                744693965374527
              ],
              [
                744693965347837,
                744693965365833
              ],
              [
                744693965347890,
                744693965365516
              ]
            ],
            "start_record_envelope_span_ns": 26690,
            "variant": 1
          },
          "reference": {
            "collective_only": {
              "local_ms": 0.03206399828195572,
              "rank_max_ms": 0.047839999198913574,
              "rank_ms": [
                0.03206399828195572,
                0.036896001547575,
                0.043776001781225204,
                0.047839999198913574
              ]
            },
            "pair_attempt_id": 62,
            "pair_retry_ordinal": 0,
            "position": 1,
            "readiness_probe_exact": true,
            "ready_region": {
              "local_ms": 0.1629440039396286,
              "rank_max_ms": 0.1629440039396286,
              "rank_ms": [
                0.1629440039396286,
                0.13420799374580383,
                0.12748800218105316,
                0.11407999694347382
              ]
            },
            "sample_index": 61,
            "scheduled_start_arrival_ns_by_rank": [
              744693969433661,
              744693969533042,
              744693968742108,
              744693969317913
            ],
            "scheduled_start_target_ns_by_rank": [
              744693974533042,
              744693974533042,
              744693974533042,
              744693974533042
            ],
            "start_record_bracket_ns_by_rank": [
              [
                744693974534507,
                744693974566683
              ],
              [
                744693974533900,
                744693974562609
              ],
              [
                744693974533855,
                744693974556678
              ],
              [
                744693974533627,
                744693974551739
              ]
            ],
            "start_record_envelope_span_ns": 33056,
            "variant": 1
          }
        },
        "variant": 1
      },
      {
        "accepted": true,
        "attempt_id": 63,
        "logical_pair_index": 62,
        "order": [
          "reference",
          "candidate"
        ],
        "rejection_reasons": [],
        "retry_ordinal": 0,
        "samples": {
          "candidate": {
            "collective_only": {
              "local_ms": 0.03711999952793121,
              "rank_max_ms": 0.044863998889923096,
              "rank_ms": [
                0.03711999952793121,
                0.03619199991226196,
                0.044863998889923096,
                0.04396799951791763
              ]
            },
            "pair_attempt_id": 63,
            "pair_retry_ordinal": 0,
            "position": 1,
            "readiness_probe_exact": true,
            "ready_region": {
              "local_ms": 0.10608000308275223,
              "rank_max_ms": 0.10608000308275223,
              "rank_ms": [
                0.10608000308275223,
                0.10329599678516388,
                0.09737599641084671,
                0.10262399911880493
              ]
            },
            "sample_index": 62,
            "scheduled_start_arrival_ns_by_rank": [
              744693991245441,
              744693991086120,
              744693991072997,
              744693991203948
            ],
            "scheduled_start_target_ns_by_rank": [
              744693996245441,
              744693996245441,
              744693996245441,
              744693996245441
            ],
            "start_record_bracket_ns_by_rank": [
              [
                744693996246154,
                744693996266724
              ],
              [
                744693996246058,
                744693996265475
              ],
              [
                744693996245963,
                744693996260932
              ],
              [
                744693996245960,
                744693996261690
              ]
            ],
            "start_record_envelope_span_ns": 20764,
            "variant": 0
          },
          "reference": {
            "collective_only": {
              "local_ms": 0.034432001411914825,
              "rank_max_ms": 0.034432001411914825,
              "rank_ms": [
                0.034432001411914825,
                0.02502400055527687,
                0.033695999532938004,
                0.0342399999499321
              ]
            },
            "pair_attempt_id": 63,
            "pair_retry_ordinal": 0,
            "position": 0,
            "readiness_probe_exact": true,
            "ready_region": {
              "local_ms": 0.09430400282144547,
              "rank_max_ms": 0.10601600259542465,
              "rank_ms": [
                0.09430400282144547,
                0.10601600259542465,
                0.10342399775981903,
                0.10246399790048599
              ]
            },
            "sample_index": 62,
            "scheduled_start_arrival_ns_by_rank": [
              744693980981891,
              744693981472028,
              744693980396400,
              744693980916899
            ],
            "scheduled_start_target_ns_by_rank": [
              744693986472028,
              744693986472028,
              744693986472028,
              744693986472028
            ],
            "start_record_bracket_ns_by_rank": [
              [
                744693986472462,
                744693986487832
              ],
              [
                744693986472578,
                744693986495484
              ],
              [
                744693986472471,
                744693986488470
              ],
              [
                744693986472501,
                744693986489092
              ]
            ],
            "start_record_envelope_span_ns": 23022,
            "variant": 0
          }
        },
        "variant": 0
      },
      {
        "accepted": true,
        "attempt_id": 64,
        "logical_pair_index": 63,
        "order": [
          "candidate",
          "reference"
        ],
        "rejection_reasons": [],
        "retry_ordinal": 0,
        "samples": {
          "candidate": {
            "collective_only": {
              "local_ms": 0.039135999977588654,
              "rank_max_ms": 0.04879999905824661,
              "rank_ms": [
                0.039135999977588654,
                0.039455998688936234,
                0.04879999905824661,
                0.046431999653577805
              ]
            },
            "pair_attempt_id": 64,
            "pair_retry_ordinal": 0,
            "position": 0,
            "readiness_probe_exact": true,
            "ready_region": {
              "local_ms": 0.11846400052309036,
              "rank_max_ms": 0.11846400052309036,
              "rank_ms": [
                0.11846400052309036,
                0.1042879968881607,
                0.10550399869680405,
                0.10857599973678589
              ]
            },
            "sample_index": 63,
            "scheduled_start_arrival_ns_by_rank": [
              744693999397718,
              744693999239402,
              744693999321819,
              744693999366181
            ],
            "scheduled_start_target_ns_by_rank": [
              744694004397718,
              744694004397718,
              744694004397718,
              744694004397718
            ],
            "start_record_bracket_ns_by_rank": [
              [
                744694004398356,
                744694004422034
              ],
              [
                744694004398232,
                744694004418762
              ],
              [
                744694004398190,
                744694004414333
              ],
              [
                744694004398189,
                744694004414083
              ]
            ],
            "start_record_envelope_span_ns": 23845,
            "variant": 1
          },
          "reference": {
            "collective_only": {
              "local_ms": 0.028384000062942505,
              "rank_max_ms": 0.03177599981427193,
              "rank_ms": [
                0.028384000062942505,
                0.023135999217629433,
                0.03177599981427193,
                0.030912000685930252
              ]
            },
            "pair_attempt_id": 64,
            "pair_retry_ordinal": 0,
            "position": 1,
            "readiness_probe_exact": true,
            "ready_region": {
              "local_ms": 0.08848000317811966,
              "rank_max_ms": 0.100832000374794,
              "rank_ms": [
                0.08848000317811966,
                0.100832000374794,
                0.09504000097513199,
                0.09564799815416336
              ]
            },
            "sample_index": 63,
            "scheduled_start_arrival_ns_by_rank": [
              744694008371412,
              744694007854274,
              744694008126889,
              744694008603624
            ],
            "scheduled_start_target_ns_by_rank": [
              744694013603624,
              744694013603624,
              744694013603624,
              744694013603624
            ],
            "start_record_bracket_ns_by_rank": [
              [
                744694013604111,
                744694013619515
              ],
              [
                744694013604191,
                744694013624247
              ],
              [
                744694013604166,
                744694013618671
              ],
              [
                744694013604063,
                744694013618466
              ]
            ],
            "start_record_envelope_span_ns": 20184,
            "variant": 1
          }
        },
        "variant": 1
      },
      {
        "accepted": true,
        "attempt_id": 65,
        "logical_pair_index": 64,
        "order": [
          "reference",
          "candidate"
        ],
        "rejection_reasons": [],
        "retry_ordinal": 0,
        "samples": {
          "candidate": {
            "collective_only": {
              "local_ms": 0.042399998754262924,
              "rank_max_ms": 0.05331199988722801,
              "rank_ms": [
                0.042399998754262924,
                0.040991999208927155,
                0.05331199988722801,
                0.05196800082921982
              ]
            },
            "pair_attempt_id": 65,
            "pair_retry_ordinal": 0,
            "position": 1,
            "readiness_probe_exact": true,
            "ready_region": {
              "local_ms": 0.1375039964914322,
              "rank_max_ms": 0.1375039964914322,
              "rank_ms": [
                0.1375039964914322,
                0.12707200646400452,
                0.10943999886512756,
                0.11020799726247787
              ]
            },
            "sample_index": 64,
            "scheduled_start_arrival_ns_by_rank": [
              744694031434154,
              744694031244804,
              744694031043789,
              744694031104198
            ],
            "scheduled_start_target_ns_by_rank": [
              744694036434154,
              744694036434154,
              744694036434154,
              744694036434154
            ],
            "start_record_bracket_ns_by_rank": [
              [
                744694036434894,
                744694036463692
              ],
              [
                744694036435050,
                744694036463512
              ],
              [
                744694036434670,
                744694036452688
              ],
              [
                744694036434629,
                744694036453402
              ]
            ],
            "start_record_envelope_span_ns": 29063,
            "variant": 0
          },
          "reference": {
            "collective_only": {
              "local_ms": 0.026399999856948853,
              "rank_max_ms": 0.03929600119590759,
              "rank_ms": [
                0.026399999856948853,
                0.03139200061559677,
                0.03916800022125244,
                0.03929600119590759
              ]
            },
            "pair_attempt_id": 65,
            "pair_retry_ordinal": 0,
            "position": 0,
            "readiness_probe_exact": true,
            "ready_region": {
              "local_ms": 0.12198399752378464,
              "rank_max_ms": 0.12198399752378464,
              "rank_ms": [
                0.12198399752378464,
                0.10300800204277039,
                0.0947519987821579,
                0.09455999732017517
              ]
            },
            "sample_index": 64,
            "scheduled_start_arrival_ns_by_rank": [
              744694019840137,
              744694019619363,
              744694019561908,
              744694019615542
            ],
            "scheduled_start_target_ns_by_rank": [
              744694024840137,
              744694024840137,
              744694024840137,
              744694024840137
            ],
            "start_record_bracket_ns_by_rank": [
              [
                744694024841076,
                744694024865636
              ],
              [
                744694024840803,
                744694024862392
              ],
              [
                744694024840645,
                744694024855978
              ],
              [
                744694024840622,
                744694024855499
              ]
            ],
            "start_record_envelope_span_ns": 25014,
            "variant": 0
          }
        },
        "variant": 0
      },
      {
        "accepted": false,
        "attempt_id": 66,
        "logical_pair_index": 65,
        "order": [
          "candidate",
          "reference"
        ],
        "rejection_reasons": [
          {
            "limit_ns": 500000,
            "side": "candidate",
            "start_record_envelope_span_ns": 647076
          }
        ],
        "retry_ordinal": 0,
        "samples": {
          "candidate": {
            "collective_only": {
              "local_ms": 0.03996799886226654,
              "rank_max_ms": 0.6716480255126953,
              "rank_ms": [
                0.03996799886226654,
                0.4657920002937317,
                0.6716480255126953,
                0.5275520086288452
              ]
            },
            "pair_attempt_id": 66,
            "pair_retry_ordinal": 0,
            "position": 0,
            "readiness_probe_exact": true,
            "ready_region": {
              "local_ms": 0.14368000626564026,
              "rank_max_ms": 0.6810240149497986,
              "rank_ms": [
                0.14368000626564026,
                0.4751040041446686,
                0.6810240149497986,
                0.53711998462677
              ]
            },
            "sample_index": 65,
            "scheduled_start_arrival_ns_by_rank": [
              744694042597518,
              744694042341387,
              744694042084266,
              744694042422363
            ],
            "scheduled_start_target_ns_by_rank": [
              744694047597518,
              744694047597518,
              744694047597518,
              744694047597518
            ],
            "start_record_bracket_ns_by_rank": [
              [
                744694048216160,
                744694048244962
              ],
              [
                744694047792200,
                744694047821908
              ],
              [
                744694047597886,
                744694047617635
              ],
              [
                744694047741196,
                744694047759191
              ]
            ],
            "start_record_envelope_span_ns": 647076,
            "variant": 1
          },
          "reference": {
            "collective_only": {
              "local_ms": 0.029823999851942062,
              "rank_max_ms": 0.045823998749256134,
              "rank_ms": [
                0.029823999851942062,
                0.0398080013692379,
                0.045823998749256134,
                0.04428799822926521
              ]
            },
            "pair_attempt_id": 66,
            "pair_retry_ordinal": 0,
            "position": 1,
            "readiness_probe_exact": true,
            "ready_region": {
              "local_ms": 0.16441600024700165,
              "rank_max_ms": 0.16441600024700165,
              "rank_ms": [
                0.16441600024700165,
                0.11088000237941742,
                0.11452800035476685,
                0.11088000237941742
              ]
            },
            "sample_index": 65,
            "scheduled_start_arrival_ns_by_rank": [
              744694053774295,
              744694053517888,
              744694053573178,
              744694054096778
            ],
            "scheduled_start_target_ns_by_rank": [
              744694059096778,
              744694059096778,
              744694059096778,
              744694059096778
            ],
            "start_record_bracket_ns_by_rank": [
              [
                744694059098409,
                744694059127200
              ],
              [
                744694059097436,
                744694059118198
              ],
              [
                744694059097292,
                744694059112190
              ],
              [
                744694059097320,
                744694059112392
              ]
            ],
            "start_record_envelope_span_ns": 29908,
            "variant": 1
          }
        },
        "variant": 1
      },
      {
        "accepted": true,
        "attempt_id": 67,
        "logical_pair_index": 65,
        "order": [
          "candidate",
          "reference"
        ],
        "rejection_reasons": [],
        "retry_ordinal": 1,
        "samples": {
          "candidate": {
            "collective_only": {
              "local_ms": 0.038495998829603195,
              "rank_max_ms": 0.0480320006608963,
              "rank_ms": [
                0.038495998829603195,
                0.036959998309612274,
                0.046879999339580536,
                0.0480320006608963
              ]
            },
            "pair_attempt_id": 67,
            "pair_retry_ordinal": 1,
            "position": 0,
            "readiness_probe_exact": true,
            "ready_region": {
              "local_ms": 0.10233599692583084,
              "rank_max_ms": 0.11500799655914307,
              "rank_ms": [
                0.10233599692583084,
                0.11500799655914307,
                0.11017599701881409,
                0.1027199998497963
              ]
            },
            "sample_index": 65,
            "scheduled_start_arrival_ns_by_rank": [
              744694062855461,
              744694062934767,
              744694062843739,
              744694063224051
            ],
            "scheduled_start_target_ns_by_rank": [
              744694068224051,
              744694068224051,
              744694068224051,
              744694068224051
            ],
            "start_record_bracket_ns_by_rank": [
              [
                744694068224663,
                744694068242720
              ],
              [
                744694068224900,
                744694068247876
              ],
              [
                744694068224509,
                744694068240397
              ],
              [
                744694068224550,
                744694068239172
              ]
            ],
            "start_record_envelope_span_ns": 23367,
            "variant": 0
          },
          "reference": {
            "collective_only": {
              "local_ms": 0.02940800040960312,
              "rank_max_ms": 0.03206399828195572,
              "rank_ms": [
                0.02940800040960312,
                0.025151999667286873,
                0.03206399828195572,
                0.0318400003015995
              ]
            },
            "pair_attempt_id": 67,
            "pair_retry_ordinal": 1,
            "position": 1,
            "readiness_probe_exact": true,
            "ready_region": {
              "local_ms": 0.09398400038480759,
              "rank_max_ms": 0.10470400005578995,
              "rank_ms": [
                0.09398400038480759,
                0.10470400005578995,
                0.09862399846315384,
                0.10294400155544281
              ]
            },
            "sample_index": 65,
            "scheduled_start_arrival_ns_by_rank": [
              744694072137377,
              744694072430531,
              744694072118552,
              744694071979617
            ],
            "scheduled_start_target_ns_by_rank": [
              744694077430531,
              744694077430531,
              744694077430531,
              744694077430531
            ],
            "start_record_bracket_ns_by_rank": [
              [
                744694077431185,
                744694077447408
              ],
              [
                744694077431208,
                744694077451999
              ],
              [
                744694077431068,
                744694077446372
              ],
              [
                744694077431014,
                744694077445673
              ]
            ],
            "start_record_envelope_span_ns": 20985,
            "variant": 0
          }
        },
        "variant": 0
      },
      {
        "accepted": true,
        "attempt_id": 68,
        "logical_pair_index": 66,
        "order": [
          "reference",
          "candidate"
        ],
        "rejection_reasons": [],
        "retry_ordinal": 0,
        "samples": {
          "candidate": {
            "collective_only": {
              "local_ms": 0.03683200106024742,
              "rank_max_ms": 0.04681599885225296,
              "rank_ms": [
                0.03683200106024742,
                0.03747199848294258,
                0.04681599885225296,
                0.0459199994802475
              ]
            },
            "pair_attempt_id": 68,
            "pair_retry_ordinal": 0,
            "position": 1,
            "readiness_probe_exact": true,
            "ready_region": {
              "local_ms": 0.10838399827480316,
              "rank_max_ms": 0.10838399827480316,
              "rank_ms": [
                0.10838399827480316,
                0.09958399832248688,
                0.09734400361776352,
                0.0963520035147667
              ]
            },
            "sample_index": 66,
            "scheduled_start_arrival_ns_by_rank": [
              744694089770687,
              744694089805914,
              744694089369127,
              744694089358946
            ],
            "scheduled_start_target_ns_by_rank": [
              744694094805914,
              744694094805914,
              744694094805914,
              744694094805914
            ],
            "start_record_bracket_ns_by_rank": [
              [
                744694094806665,
                744694094828406
              ],
              [
                744694094806413,
                744694094827180
              ],
              [
                744694094806431,
                744694094820956
              ],
              [
                744694094806505,
                744694094820441
              ]
            ],
            "start_record_envelope_span_ns": 21993,
            "variant": 1
          },
          "reference": {
            "collective_only": {
              "local_ms": 0.0306560005992651,
              "rank_max_ms": 0.035679999738931656,
              "rank_ms": [
                0.0306560005992651,
                0.029343999922275543,
                0.035071998834609985,
                0.035679999738931656
              ]
            },
            "pair_attempt_id": 68,
            "pair_retry_ordinal": 0,
            "position": 0,
            "readiness_probe_exact": true,
            "ready_region": {
              "local_ms": 0.10073599964380264,
              "rank_max_ms": 0.10531199723482132,
              "rank_ms": [
                0.10073599964380264,
                0.10374400019645691,
                0.10531199723482132,
                0.1045759990811348
              ]
            },
            "sample_index": 66,
            "scheduled_start_arrival_ns_by_rank": [
              744694080969908,
              744694080691092,
              744694080650922,
              744694080708883
            ],
            "scheduled_start_target_ns_by_rank": [
              744694085969908,
              744694085969908,
              744694085969908,
              744694085969908
            ],
            "start_record_bracket_ns_by_rank": [
              [
                744694085970515,
                744694085985152
              ],
              [
                744694085970492,
                744694085987991
              ],
              [
                744694085970377,
                744694085985921
              ],
              [
                744694085970370,
                744694085984500
              ]
            ],
            "start_record_envelope_span_ns": 17621,
            "variant": 1
          }
        },
        "variant": 1
      },
      {
        "accepted": true,
        "attempt_id": 69,
        "logical_pair_index": 67,
        "order": [
          "candidate",
          "reference"
        ],
        "rejection_reasons": [],
        "retry_ordinal": 0,
        "samples": {
          "candidate": {
            "collective_only": {
              "local_ms": 0.038816001266241074,
              "rank_max_ms": 0.04867200180888176,
              "rank_ms": [
                0.038816001266241074,
                0.0379519984126091,
                0.04867200180888176,
                0.047200001776218414
              ]
            },
            "pair_attempt_id": 69,
            "pair_retry_ordinal": 0,
            "position": 0,
            "readiness_probe_exact": true,
            "ready_region": {
              "local_ms": 0.1189119964838028,
              "rank_max_ms": 0.1189119964838028,
              "rank_ms": [
                0.1189119964838028,
                0.1162559986114502,
                0.10172799974679947,
                0.10367999970912933
              ]
            },
            "sample_index": 67,
            "scheduled_start_arrival_ns_by_rank": [
              744694098407642,
              744694098170786,
              744694097353457,
              744694097798862
            ],
            "scheduled_start_target_ns_by_rank": [
              744694103407642,
              744694103407642,
              744694103407642,
              744694103407642
            ],
            "start_record_bracket_ns_by_rank": [
              [
                744694103408240,
                744694103432380
              ],
              [
                744694103408427,
                744694103432052
              ],
              [
                744694103408099,
                744694103424492
              ],
              [
                744694103408179,
                744694103424183
              ]
            ],
            "start_record_envelope_span_ns": 24281,
            "variant": 0
          },
          "reference": {
            "collective_only": {
              "local_ms": 0.03446400165557861,
              "rank_max_ms": 0.05475199967622757,
              "rank_ms": [
                0.03446400165557861,
                0.04684799909591675,
                0.054368000477552414,
                0.05475199967622757
              ]
            },
            "pair_attempt_id": 69,
            "pair_retry_ordinal": 0,
            "position": 1,
            "readiness_probe_exact": true,
            "ready_region": {
              "local_ms": 0.16448000073432922,
              "rank_max_ms": 0.16448000073432922,
              "rank_ms": [
                0.16448000073432922,
                0.11875200271606445,
                0.1043199971318245,
                0.10876800119876862
              ]
            },
            "sample_index": 67,
            "scheduled_start_arrival_ns_by_rank": [
              744694107529998,
              744694107143651,
              744694107107462,
              744694107178419
            ],
            "scheduled_start_target_ns_by_rank": [
              744694112529998,
              744694112529998,
              744694112529998,
              744694112529998
            ],
            "start_record_bracket_ns_by_rank": [
              [
                744694112532243,
                744694112567215
              ],
              [
                744694112530776,
                744694112554201
              ],
              [
                744694112530504,
                744694112547386
              ],
              [
                744694112530531,
                744694112548386
              ]
            ],
            "start_record_envelope_span_ns": 36711,
            "variant": 0
          }
        },
        "variant": 0
      },
      {
        "accepted": false,
        "attempt_id": 70,
        "logical_pair_index": 68,
        "order": [
          "reference",
          "candidate"
        ],
        "rejection_reasons": [
          {
            "limit_ns": 500000,
            "side": "candidate",
            "start_record_envelope_span_ns": 513577
          }
        ],
        "retry_ordinal": 0,
        "samples": {
          "candidate": {
            "collective_only": {
              "local_ms": 0.03961599990725517,
              "rank_max_ms": 0.5392640233039856,
              "rank_ms": [
                0.03961599990725517,
                0.19888000190258026,
                0.3680320084095001,
                0.5392640233039856
              ]
            },
            "pair_attempt_id": 70,
            "pair_retry_ordinal": 0,
            "position": 1,
            "readiness_probe_exact": true,
            "ready_region": {
              "local_ms": 0.1364160031080246,
              "rank_max_ms": 0.5487679839134216,
              "rank_ms": [
                0.1364160031080246,
                0.2085759937763214,
                0.377344012260437,
                0.5487679839134216
              ]
            },
            "sample_index": 68,
            "scheduled_start_arrival_ns_by_rank": [
              744694127615223,
              744694127571397,
              744694127282250,
              744694127108893
            ],
            "scheduled_start_target_ns_by_rank": [
              744694132615223,
              744694132615223,
              744694132615223,
              744694132615223
            ],
            "start_record_bracket_ns_by_rank": [
              [
                744694133771840,
                744694133799134
              ],
              [
                744694133613571,
                744694133639571
              ],
              [
                744694133454989,
                744694133473154
              ],
              [
                744694133285557,
                744694133301770
              ]
            ],
            "start_record_envelope_span_ns": 513577,
            "variant": 1
          },
          "reference": {
            "collective_only": {
              "local_ms": 0.026944000273942947,
              "rank_max_ms": 0.03916800022125244,
              "rank_ms": [
                0.026944000273942947,
                0.030079999938607216,
                0.03750399872660637,
                0.03916800022125244
              ]
            },
            "pair_attempt_id": 70,
            "pair_retry_ordinal": 0,
            "position": 0,
            "readiness_probe_exact": true,
            "ready_region": {
              "local_ms": 0.1268800050020218,
              "rank_max_ms": 0.1268800050020218,
              "rank_ms": [
                0.1268800050020218,
                0.11324799805879593,
                0.10768000036478043,
                0.10793600231409073
              ]
            },
            "sample_index": 68,
            "scheduled_start_arrival_ns_by_rank": [
              744694118796491,
              744694118293089,
              744694118633612,
              744694119011743
            ],
            "scheduled_start_target_ns_by_rank": [
              744694124011743,
              744694124011743,
              744694124011743,
              744694124011743
            ],
            "start_record_bracket_ns_by_rank": [
              [
                744694124012449,
                744694124038428
              ],
              [
                744694124012429,
                744694124035516
              ],
              [
                744694124012326,
                744694124029614
              ],
              [
                744694124012225,
                744694124028595
              ]
            ],
            "start_record_envelope_span_ns": 26203,
            "variant": 1
          }
        },
        "variant": 1
      },
      {
        "accepted": false,
        "attempt_id": 71,
        "logical_pair_index": 68,
        "order": [
          "reference",
          "candidate"
        ],
        "rejection_reasons": [
          {
            "limit_ns": 500000,
            "side": "reference",
            "start_record_envelope_span_ns": 710707
          }
        ],
        "retry_ordinal": 1,
        "samples": {
          "candidate": {
            "collective_only": {
              "local_ms": 0.04355200007557869,
              "rank_max_ms": 0.05564799904823303,
              "rank_ms": [
                0.04355200007557869,
                0.04588799923658371,
                0.05532800033688545,
                0.05564799904823303
              ]
            },
            "pair_attempt_id": 71,
            "pair_retry_ordinal": 1,
            "position": 1,
            "readiness_probe_exact": true,
            "ready_region": {
              "local_ms": 0.1751679927110672,
              "rank_max_ms": 0.1751679927110672,
              "rank_ms": [
                0.1751679927110672,
                0.14588800072669983,
                0.122079998254776,
                0.12399999797344208
              ]
            },
            "sample_index": 68,
            "scheduled_start_arrival_ns_by_rank": [
              744694147868263,
              744694147615817,
              744694147233914,
              744694147215824
            ],
            "scheduled_start_target_ns_by_rank": [
              744694152868263,
              744694152868263,
              744694152868263,
              744694152868263
            ],
            "start_record_bracket_ns_by_rank": [
              [
                744694152869211,
                744694152898177
              ],
              [
                744694152868902,
                744694152893158
              ],
              [
                744694152868782,
                744694152886467
              ],
              [
                744694152868978,
                744694152885942
              ]
            ],
            "start_record_envelope_span_ns": 29395,
            "variant": 0
          },
          "reference": {
            "collective_only": {
              "local_ms": 0.3460479974746704,
              "rank_max_ms": 0.7196800112724304,
              "rank_ms": [
                0.3460479974746704,
                0.026176000013947487,
                0.6509760022163391,
                0.7196800112724304
              ]
            },
            "pair_attempt_id": 71,
            "pair_retry_ordinal": 1,
            "position": 0,
            "readiness_probe_exact": true,
            "ready_region": {
              "local_ms": 0.35500800609588623,
              "rank_max_ms": 0.7296320199966431,
              "rank_ms": [
                0.35500800609588623,
                0.11654400080442429,
                0.6603519916534424,
                0.7296320199966431
              ]
            },
            "sample_index": 68,
            "scheduled_start_arrival_ns_by_rank": [
              744694137396256,
              744694137369401,
              744694137116857,
              744694137128451
            ],
            "scheduled_start_target_ns_by_rank": [
              744694142396256,
              744694142396256,
              744694142396256,
              744694142396256
            ],
            "start_record_bracket_ns_by_rank": [
              [
                744694143421164,
                744694143451009
              ],
              [
                744694143748757,
                744694143772387
              ],
              [
                744694143132152,
                744694143150181
              ],
              [
                744694143061680,
                744694143080806
              ]
            ],
            "start_record_envelope_span_ns": 710707,
            "variant": 0
          }
        },
        "variant": 0
      },
      {
        "accepted": true,
        "attempt_id": 72,
        "logical_pair_index": 68,
        "order": [
          "reference",
          "candidate"
        ],
        "rejection_reasons": [],
        "retry_ordinal": 2,
        "samples": {
          "candidate": {
            "collective_only": {
              "local_ms": 0.043935999274253845,
              "rank_max_ms": 0.050175998359918594,
              "rank_ms": [
                0.043935999274253845,
                0.037087999284267426,
                0.049375999718904495,
                0.050175998359918594
              ]
            },
            "pair_attempt_id": 72,
            "pair_retry_ordinal": 2,
            "position": 1,
            "readiness_probe_exact": true,
            "ready_region": {
              "local_ms": 0.12374400347471237,
              "rank_max_ms": 0.14880000054836273,
              "rank_ms": [
                0.12374400347471237,
                0.14880000054836273,
                0.12364800274372101,
                0.1265600025653839
              ]
            },
            "sample_index": 68,
            "scheduled_start_arrival_ns_by_rank": [
              744694166610151,
              744694166929999,
              744694166480140,
              744694166416931
            ],
            "scheduled_start_target_ns_by_rank": [
              744694171929999,
              744694171929999,
              744694171929999,
              744694171929999
            ],
            "start_record_bracket_ns_by_rank": [
              [
                744694171930555,
                744694171951058
              ],
              [
                744694171930618,
                744694171956058
              ],
              [
                744694171930521,
                744694171948055
              ],
              [
                744694171930488,
                744694171946879
              ]
            ],
            "start_record_envelope_span_ns": 25570,
            "variant": 1
          },
          "reference": {
            "collective_only": {
              "local_ms": 0.03843199834227562,
              "rank_max_ms": 0.062111999839544296,
              "rank_ms": [
                0.03843199834227562,
                0.05251200124621391,
                0.062111999839544296,
                0.05929600074887276
              ]
            },
            "pair_attempt_id": 72,
            "pair_retry_ordinal": 2,
            "position": 0,
            "readiness_probe_exact": true,
            "ready_region": {
              "local_ms": 0.1908160001039505,
              "rank_max_ms": 0.1908160001039505,
              "rank_ms": [
                0.1908160001039505,
                0.13619199395179749,
                0.12355200201272964,
                0.11692799627780914
              ]
            },
            "sample_index": 68,
            "scheduled_start_arrival_ns_by_rank": [
              744694157348767,
              744694156960183,
              744694156843559,
              744694156864616
            ],
            "scheduled_start_target_ns_by_rank": [
              744694162348767,
              744694162348767,
              744694162348767,
              744694162348767
            ],
            "start_record_bracket_ns_by_rank": [
              [
                744694162351134,
                744694162391593
              ],
              [
                744694162349651,
                744694162377642
              ],
              [
                744694162349271,
                744694162368099
              ],
              [
                744694162349277,
                744694162368342
              ]
            ],
            "start_record_envelope_span_ns": 42322,
            "variant": 1
          }
        },
        "variant": 1
      },
      {
        "accepted": true,
        "attempt_id": 73,
        "logical_pair_index": 69,
        "order": [
          "candidate",
          "reference"
        ],
        "rejection_reasons": [],
        "retry_ordinal": 0,
        "samples": {
          "candidate": {
            "collective_only": {
              "local_ms": 0.047168001532554626,
              "rank_max_ms": 0.0575999990105629,
              "rank_ms": [
                0.047168001532554626,
                0.04867200180888176,
                0.0575999990105629,
                0.055456001311540604
              ]
            },
            "pair_attempt_id": 73,
            "pair_retry_ordinal": 0,
            "position": 0,
            "readiness_probe_exact": true,
            "ready_region": {
              "local_ms": 0.16396799683570862,
              "rank_max_ms": 0.16396799683570862,
              "rank_ms": [
                0.16396799683570862,
                0.10876800119876862,
                0.11523199826478958,
                0.12220799922943115
              ]
            },
            "sample_index": 69,
            "scheduled_start_arrival_ns_by_rank": [
              744694175822779,
              744694175822076,
              744694175602902,
              744694175421101
            ],
            "scheduled_start_target_ns_by_rank": [
              744694180822779,
              744694180822779,
              744694180822779,
              744694180822779
            ],
            "start_record_bracket_ns_by_rank": [
              [
                744694180823798,
                744694180852476
              ],
              [
                744694180823271,
                744694180847688
              ],
              [
                744694180823233,
                744694180842325
              ],
              [
                744694180823300,
                744694180842348
              ]
            ],
            "start_record_envelope_span_ns": 29243,
            "variant": 0
          },
          "reference": {
            "collective_only": {
              "local_ms": 0.023840000852942467,
              "rank_max_ms": 0.03359999880194664,
              "rank_ms": [
                0.023840000852942467,
                0.02755199931561947,
                0.03359999880194664,
                0.03145600110292435
              ]
            },
            "pair_attempt_id": 73,
            "pair_retry_ordinal": 0,
            "position": 1,
            "readiness_probe_exact": true,
            "ready_region": {
              "local_ms": 0.11206399649381638,
              "rank_max_ms": 0.11206399649381638,
              "rank_ms": [
                0.11206399649381638,
                0.09385599941015244,
                0.09647999703884125,
                0.09558399766683578
              ]
            },
            "sample_index": 69,
            "scheduled_start_arrival_ns_by_rank": [
              744694185275047,
              744694185049982,
              744694184391834,
              744694184829421
            ],
            "scheduled_start_target_ns_by_rank": [
              744694190275047,
              744694190275047,
              744694190275047,
              744694190275047
            ],
            "start_record_bracket_ns_by_rank": [
              [
                744694190275829,
                744694190298615
              ],
              [
                744694190275530,
                744694190296855
              ],
              [
                744694190275581,
                744694190291096
              ],
              [
                744694190275635,
                744694190289190
              ]
            ],
            "start_record_envelope_span_ns": 23085,
            "variant": 0
          }
        },
        "variant": 0
      },
      {
        "accepted": true,
        "attempt_id": 74,
        "logical_pair_index": 70,
        "order": [
          "reference",
          "candidate"
        ],
        "rejection_reasons": [],
        "retry_ordinal": 0,
        "samples": {
          "candidate": {
            "collective_only": {
              "local_ms": 0.04358400031924248,
              "rank_max_ms": 0.061664000153541565,
              "rank_ms": [
                0.04358400031924248,
                0.04838399961590767,
                0.061664000153541565,
                0.06137600168585777
              ]
            },
            "pair_attempt_id": 74,
            "pair_retry_ordinal": 0,
            "position": 1,
            "readiness_probe_exact": true,
            "ready_region": {
              "local_ms": 0.14345599710941315,
              "rank_max_ms": 0.1592639982700348,
              "rank_ms": [
                0.14345599710941315,
                0.1592639982700348,
                0.12028799951076508,
                0.11584000289440155
              ]
            },
            "sample_index": 70,
            "scheduled_start_arrival_ns_by_rank": [
              744694202726825,
              744694202958456,
              744694202638698,
              744694202488150
            ],
            "scheduled_start_target_ns_by_rank": [
              744694207958456,
              744694207958456,
              744694207958456,
              744694207958456
            ],
            "start_record_bracket_ns_by_rank": [
              [
                744694207959516,
                744694207987407
              ],
              [
                744694207959220,
                744694207983737
              ],
              [
                744694207958975,
                744694207975345
              ],
              [
                744694207959045,
                744694207973648
              ]
            ],
            "start_record_envelope_span_ns": 28432,
            "variant": 1
          },
          "reference": {
            "collective_only": {
              "local_ms": 0.028960000723600388,
              "rank_max_ms": 0.04131200164556503,
              "rank_ms": [
                0.028960000723600388,
                0.031231999397277832,
                0.04131200164556503,
                0.040672000497579575
              ]
            },
            "pair_attempt_id": 74,
            "pair_retry_ordinal": 0,
            "position": 0,
            "readiness_probe_exact": true,
            "ready_region": {
              "local_ms": 0.1289920061826706,
              "rank_max_ms": 0.1289920061826706,
              "rank_ms": [
                0.1289920061826706,
                0.1117120012640953,
                0.10150399804115295,
                0.10063999891281128
              ]
            },
            "sample_index": 70,
            "scheduled_start_arrival_ns_by_rank": [
              744694193598952,
              744694193994433,
              744694193386831,
              744694193426741
            ],
            "scheduled_start_target_ns_by_rank": [
              744694198994433,
              744694198994433,
              744694198994433,
              744694198994433
            ],
            "start_record_bracket_ns_by_rank": [
              [
                744694198995753,
                744694199029100
              ],
              [
                744694198995109,
                744694199026433
              ],
              [
                744694198994840,
                744694199017801
              ],
              [
                744694198994922,
                744694199018111
              ]
            ],
            "start_record_envelope_span_ns": 34260,
            "variant": 1
          }
        },
        "variant": 1
      },
      {
        "accepted": true,
        "attempt_id": 75,
        "logical_pair_index": 71,
        "order": [
          "candidate",
          "reference"
        ],
        "rejection_reasons": [],
        "retry_ordinal": 0,
        "samples": {
          "candidate": {
            "collective_only": {
              "local_ms": 0.040511999279260635,
              "rank_max_ms": 0.05257600173354149,
              "rank_ms": [
                0.040511999279260635,
                0.046751998364925385,
                0.05190400034189224,
                0.05257600173354149
              ]
            },
            "pair_attempt_id": 75,
            "pair_retry_ordinal": 0,
            "position": 0,
            "readiness_probe_exact": true,
            "ready_region": {
              "local_ms": 0.13436800241470337,
              "rank_max_ms": 0.13436800241470337,
              "rank_ms": [
                0.13436800241470337,
                0.10639999806880951,
                0.11177600175142288,
                0.11267200112342834
              ]
            },
            "sample_index": 71,
            "scheduled_start_arrival_ns_by_rank": [
              744694212336780,
              744694212117493,
              744694211866458,
              744694211937665
            ],
            "scheduled_start_target_ns_by_rank": [
              744694217336780,
              744694217336780,
              744694217336780,
              744694217336780
            ],
            "start_record_bracket_ns_by_rank": [
              [
                744694217337531,
                744694217365400
              ],
              [
                744694217337305,
                744694217357846
              ],
              [
                744694217337220,
                744694217355698
              ],
              [
                744694217337304,
                744694217354378
              ]
            ],
            "start_record_envelope_span_ns": 28180,
            "variant": 0
          },
          "reference": {
            "collective_only": {
              "local_ms": 0.026079999282956123,
              "rank_max_ms": 0.04025600105524063,
              "rank_ms": [
                0.026079999282956123,
                0.0326399989426136,
                0.04025600105524063,
                0.039872001856565475
              ]
            },
            "pair_attempt_id": 75,
            "pair_retry_ordinal": 0,
            "position": 1,
            "readiness_probe_exact": true,
            "ready_region": {
              "local_ms": 0.13052800297737122,
              "rank_max_ms": 0.13052800297737122,
              "rank_ms": [
                0.13052800297737122,
                0.11459200084209442,
                0.10390400141477585,
                0.10726399719715118
              ]
            },
            "sample_index": 71,
            "scheduled_start_arrival_ns_by_rank": [
              744694221478767,
              744694221406480,
              744694220947537,
              744694221387777
            ],
            "scheduled_start_target_ns_by_rank": [
              744694226478767,
              744694226478767,
              744694226478767,
              744694226478767
            ],
            "start_record_bracket_ns_by_rank": [
              [
                744694226479670,
                744694226507155
              ],
              [
                744694226479446,
                744694226502759
              ],
              [
                744694226479283,
                744694226495794
              ],
              [
                744694226479315,
                744694226495659
              ]
            ],
            "start_record_envelope_span_ns": 27872,
            "variant": 0
          }
        },
        "variant": 0
      },
      {
        "accepted": true,
        "attempt_id": 76,
        "logical_pair_index": 72,
        "order": [
          "reference",
          "candidate"
        ],
        "rejection_reasons": [],
        "retry_ordinal": 0,
        "samples": {
          "candidate": {
            "collective_only": {
              "local_ms": 0.03766399994492531,
              "rank_max_ms": 0.05686400085687637,
              "rank_ms": [
                0.03766399994492531,
                0.043168000876903534,
                0.05686400085687637,
                0.055456001311540604
              ]
            },
            "pair_attempt_id": 76,
            "pair_retry_ordinal": 0,
            "position": 1,
            "readiness_probe_exact": true,
            "ready_region": {
              "local_ms": 0.14291200041770935,
              "rank_max_ms": 0.14291200041770935,
              "rank_ms": [
                0.14291200041770935,
                0.12691199779510498,
                0.11126399785280228,
                0.11068800091743469
              ]
            },
            "sample_index": 72,
            "scheduled_start_arrival_ns_by_rank": [
              744694238618723,
              744694238388390,
              744694238318311,
              744694238342950
            ],
            "scheduled_start_target_ns_by_rank": [
              744694243618723,
              744694243618723,
              744694243618723,
              744694243618723
            ],
            "start_record_bracket_ns_by_rank": [
              [
                744694243619513,
                744694243649160
              ],
              [
                744694243619651,
                744694243644925
              ],
              [
                744694243619289,
                744694243636299
              ],
              [
                744694243619167,
                744694243634669
              ]
            ],
            "start_record_envelope_span_ns": 29993,
            "variant": 1
          },
          "reference": {
            "collective_only": {
              "local_ms": 0.025919999927282333,
              "rank_max_ms": 0.04092799872159958,
              "rank_ms": [
                0.025919999927282333,
                0.03388800099492073,
                0.039455998688936234,
                0.04092799872159958
              ]
            },
            "pair_attempt_id": 76,
            "pair_retry_ordinal": 0,
            "position": 0,
            "readiness_probe_exact": true,
            "ready_region": {
              "local_ms": 0.13833600282669067,
              "rank_max_ms": 0.13833600282669067,
              "rank_ms": [
                0.13833600282669067,
                0.10742399841547012,
                0.10224000364542007,
                0.10159999877214432
              ]
            },
            "sample_index": 72,
            "scheduled_start_arrival_ns_by_rank": [
              744694229860914,
              744694229632822,
              744694229577228,
              744694229617336
            ],
            "scheduled_start_target_ns_by_rank": [
              744694234860914,
              744694234860914,
              744694234860914,
              744694234860914
            ],
            "start_record_bracket_ns_by_rank": [
              [
                744694234861741,
                744694234888927
              ],
              [
                744694234861485,
                744694234882940
              ],
              [
                744694234861324,
                744694234877462
              ],
              [
                744694234861332,
                744694234876841
              ]
            ],
            "start_record_envelope_span_ns": 27603,
            "variant": 1
          }
        },
        "variant": 1
      },
      {
        "accepted": true,
        "attempt_id": 77,
        "logical_pair_index": 73,
        "order": [
          "candidate",
          "reference"
        ],
        "rejection_reasons": [],
        "retry_ordinal": 0,
        "samples": {
          "candidate": {
            "collective_only": {
              "local_ms": 0.03939199820160866,
              "rank_max_ms": 0.048928000032901764,
              "rank_ms": [
                0.03939199820160866,
                0.03667199984192848,
                0.048928000032901764,
                0.04790399968624115
              ]
            },
            "pair_attempt_id": 77,
            "pair_retry_ordinal": 0,
            "position": 0,
            "readiness_probe_exact": true,
            "ready_region": {
              "local_ms": 0.115167997777462,
              "rank_max_ms": 0.115167997777462,
              "rank_ms": [
                0.115167997777462,
                0.1111999973654747,
                0.10038399696350098,
                0.0984639972448349
              ]
            },
            "sample_index": 73,
            "scheduled_start_arrival_ns_by_rank": [
              744694248389785,
              744694248345570,
              744694247659386,
              744694247869092
            ],
            "scheduled_start_target_ns_by_rank": [
              744694253389785,
              744694253389785,
              744694253389785,
              744694253389785
            ],
            "start_record_bracket_ns_by_rank": [
              [
                744694253390504,
                744694253413460
              ],
              [
                744694253390606,
                744694253413248
              ],
              [
                744694253390272,
                744694253405320
              ],
              [
                744694253390209,
                744694253404730
              ]
            ],
            "start_record_envelope_span_ns": 23251,
            "variant": 0
          },
          "reference": {
            "collective_only": {
              "local_ms": 0.025760000571608543,
              "rank_max_ms": 0.038656000047922134,
              "rank_ms": [
                0.025760000571608543,
                0.03446400165557861,
                0.037696000188589096,
                0.038656000047922134
              ]
            },
            "pair_attempt_id": 77,
            "pair_retry_ordinal": 0,
            "position": 1,
            "readiness_probe_exact": true,
            "ready_region": {
              "local_ms": 0.11670400202274323,
              "rank_max_ms": 0.11670400202274323,
              "rank_ms": [
                0.11670400202274323,
                0.0912960022687912,
                0.09212800115346909,
                0.09391999989748001
              ]
            },
            "sample_index": 73,
            "scheduled_start_arrival_ns_by_rank": [
              744694257234628,
              744694257146268,
              744694256825382,
              744694257102256
            ],
            "scheduled_start_target_ns_by_rank": [
              744694262234628,
              744694262234628,
              744694262234628,
              744694262234628
            ],
            "start_record_bracket_ns_by_rank": [
              [
                744694262235606,
                744694262260646
              ],
              [
                744694262235051,
                744694262254399
              ],
              [
                744694262235128,
                744694262249598
              ],
              [
                744694262235156,
                744694262249395
              ]
            ],
            "start_record_envelope_span_ns": 25595,
            "variant": 0
          }
        },
        "variant": 0
      },
      {
        "accepted": true,
        "attempt_id": 78,
        "logical_pair_index": 74,
        "order": [
          "reference",
          "candidate"
        ],
        "rejection_reasons": [],
        "retry_ordinal": 0,
        "samples": {
          "candidate": {
            "collective_only": {
              "local_ms": 0.06070400029420853,
              "rank_max_ms": 0.0764480009675026,
              "rank_ms": [
                0.06070400029420853,
                0.06726399809122086,
                0.07462400197982788,
                0.0764480009675026
              ]
            },
            "pair_attempt_id": 78,
            "pair_retry_ordinal": 0,
            "position": 1,
            "readiness_probe_exact": true,
            "ready_region": {
              "local_ms": 0.16927999258041382,
              "rank_max_ms": 0.16927999258041382,
              "rank_ms": [
                0.16927999258041382,
                0.100832000374794,
                0.107744000852108,
                0.10755199939012527
              ]
            },
            "sample_index": 74,
            "scheduled_start_arrival_ns_by_rank": [
              744694275970550,
              744694275732964,
              744694275603787,
              744694275876604
            ],
            "scheduled_start_target_ns_by_rank": [
              744694280970550,
              744694280970550,
              744694280970550,
              744694280970550
            ],
            "start_record_bracket_ns_by_rank": [
              [
                744694280972277,
                744694281016678
              ],
              [
                744694280971056,
                744694280990555
              ],
              [
                744694280971052,
                744694280986105
              ],
              [
                744694280971023,
                744694280984575
              ]
            ],
            "start_record_envelope_span_ns": 45655,
            "variant": 1
          },
          "reference": {
            "collective_only": {
              "local_ms": 0.024927999824285507,
              "rank_max_ms": 0.035392001271247864,
              "rank_ms": [
                0.024927999824285507,
                0.029120000079274178,
                0.034015998244285583,
                0.035392001271247864
              ]
            },
            "pair_attempt_id": 78,
            "pair_retry_ordinal": 0,
            "position": 0,
            "readiness_probe_exact": true,
            "ready_region": {
              "local_ms": 0.11187200248241425,
              "rank_max_ms": 0.11187200248241425,
              "rank_ms": [
                0.11187200248241425,
                0.09923200309276581,
                0.09283199906349182,
                0.09180799871683121
              ]
            },
            "sample_index": 74,
            "scheduled_start_arrival_ns_by_rank": [
              744694267033232,
              744694266648664,
              744694266658277,
              744694266682563
            ],
            "scheduled_start_target_ns_by_rank": [
              744694272033232,
              744694272033232,
              744694272033232,
              744694272033232
            ],
            "start_record_bracket_ns_by_rank": [
              [
                744694272033914,
                744694272056623
              ],
              [
                744694272033843,
                744694272053609
              ],
              [
                744694272033738,
                744694272048385
              ],
              [
                744694272033777,
                744694272047187
              ]
            ],
            "start_record_envelope_span_ns": 22885,
            "variant": 1
          }
        },
        "variant": 1
      },
      {
        "accepted": true,
        "attempt_id": 79,
        "logical_pair_index": 75,
        "order": [
          "candidate",
          "reference"
        ],
        "rejection_reasons": [],
        "retry_ordinal": 0,
        "samples": {
          "candidate": {
            "collective_only": {
              "local_ms": 0.03577600046992302,
              "rank_max_ms": 0.04291199892759323,
              "rank_ms": [
                0.03577600046992302,
                0.03641600161790848,
                0.041760001331567764,
                0.04291199892759323
              ]
            },
            "pair_attempt_id": 79,
            "pair_retry_ordinal": 0,
            "position": 0,
            "readiness_probe_exact": true,
            "ready_region": {
              "local_ms": 0.10153599828481674,
              "rank_max_ms": 0.10883200168609619,
              "rank_ms": [
                0.10153599828481674,
                0.10713600367307663,
                0.10787200182676315,
                0.10883200168609619
              ]
            },
            "sample_index": 75,
            "scheduled_start_arrival_ns_by_rank": [
              744694284610468,
              744694284646270,
              744694284584904,
              744694284682313
            ],
            "scheduled_start_target_ns_by_rank": [
              744694289682313,
              744694289682313,
              744694289682313,
              744694289682313
            ],
            "start_record_bracket_ns_by_rank": [
              [
                744694289682919,
                744694289700068
              ],
              [
                744694289683018,
                744694289703099
              ],
              [
                744694289682872,
                744694289700023
              ],
              [
                744694289682779,
                744694289697919
              ]
            ],
            "start_record_envelope_span_ns": 20320,
            "variant": 0
          },
          "reference": {
            "collective_only": {
              "local_ms": 0.029791999608278275,
              "rank_max_ms": 0.033952001482248306,
              "rank_ms": [
                0.029791999608278275,
                0.025631999596953392,
                0.03174399957060814,
                0.033952001482248306
              ]
            },
            "pair_attempt_id": 79,
            "pair_retry_ordinal": 0,
            "position": 1,
            "readiness_probe_exact": true,
            "ready_region": {
              "local_ms": 0.11910399794578552,
              "rank_max_ms": 0.11910399794578552,
              "rank_ms": [
                0.11910399794578552,
                0.1175680011510849,
                0.11599999666213989,
                0.11507199704647064
              ]
            },
            "sample_index": 75,
            "scheduled_start_arrival_ns_by_rank": [
              744694291851709,
              744694291904326,
              744694291877070,
              744694291816465
            ],
            "scheduled_start_target_ns_by_rank": [
              744694296904326,
              744694296904326,
              744694296904326,
              744694296904326
            ],
            "start_record_bracket_ns_by_rank": [
              [
                744694296904998,
                744694296922380
              ],
              [
                744694296905055,
                744694296926047
              ],
              [
                744694296904902,
                744694296921561
              ],
              [
                744694296904891,
                744694296919509
              ]
            ],
            "start_record_envelope_span_ns": 21156,
            "variant": 0
          }
        },
        "variant": 0
      },
      {
        "accepted": true,
        "attempt_id": 80,
        "logical_pair_index": 76,
        "order": [
          "reference",
          "candidate"
        ],
        "rejection_reasons": [],
        "retry_ordinal": 0,
        "samples": {
          "candidate": {
            "collective_only": {
              "local_ms": 0.04255999997258186,
              "rank_max_ms": 0.05455999821424484,
              "rank_ms": [
                0.04255999997258186,
                0.045791998505592346,
                0.05455999821424484,
                0.05446400120854378
              ]
            },
            "pair_attempt_id": 80,
            "pair_retry_ordinal": 0,
            "position": 1,
            "readiness_probe_exact": true,
            "ready_region": {
              "local_ms": 0.13811199367046356,
              "rank_max_ms": 0.13811199367046356,
              "rank_ms": [
                0.13811199367046356,
                0.1337279975414276,
                0.10131199657917023,
                0.11206399649381638
              ]
            },
            "sample_index": 76,
            "scheduled_start_arrival_ns_by_rank": [
              744694310068915,
              744694309937931,
              744694309801408,
              744694309844475
            ],
            "scheduled_start_target_ns_by_rank": [
              744694315068915,
              744694315068915,
              744694315068915,
              744694315068915
            ],
            "start_record_bracket_ns_by_rank": [
              [
                744694315069956,
                744694315096983
              ],
              [
                744694315069366,
                744694315091652
              ],
              [
                744694315069520,
                744694315084885
              ],
              [
                744694315069423,
                744694315083660
              ]
            ],
            "start_record_envelope_span_ns": 27617,
            "variant": 1
          },
          "reference": {
            "collective_only": {
              "local_ms": 0.02659199945628643,
              "rank_max_ms": 0.03872000053524971,
              "rank_ms": [
                0.02659199945628643,
                0.028863999992609024,
                0.03872000053524971,
                0.03516799956560135
              ]
            },
            "pair_attempt_id": 80,
            "pair_retry_ordinal": 0,
            "position": 0,
            "readiness_probe_exact": true,
            "ready_region": {
              "local_ms": 0.12227199971675873,
              "rank_max_ms": 0.12227199971675873,
              "rank_ms": [
                0.12227199971675873,
                0.11961600184440613,
                0.10355199873447418,
                0.10704000294208527
              ]
            },
            "sample_index": 76,
            "scheduled_start_arrival_ns_by_rank": [
              744694300771653,
              744694300594610,
              744694300318387,
              744694300399555
            ],
            "scheduled_start_target_ns_by_rank": [
              744694305771653,
              744694305771653,
              744694305771653,
              744694305771653
            ],
            "start_record_bracket_ns_by_rank": [
              [
                744694305772437,
                744694305798820
              ],
              [
                744694305772426,
                744694305797293
              ],
              [
                744694305772139,
                744694305788863
              ],
              [
                744694305772132,
                744694305788219
              ]
            ],
            "start_record_envelope_span_ns": 26688,
            "variant": 1
          }
        },
        "variant": 1
      },
      {
        "accepted": true,
        "attempt_id": 81,
        "logical_pair_index": 77,
        "order": [
          "candidate",
          "reference"
        ],
        "rejection_reasons": [],
        "retry_ordinal": 0,
        "samples": {
          "candidate": {
            "collective_only": {
              "local_ms": 0.04102399945259094,
              "rank_max_ms": 0.053279999643564224,
              "rank_ms": [
                0.04102399945259094,
                0.04265600070357323,
                0.053279999643564224,
                0.053119998425245285
              ]
            },
            "pair_attempt_id": 81,
            "pair_retry_ordinal": 0,
            "position": 0,
            "readiness_probe_exact": true,
            "ready_region": {
              "local_ms": 0.14655999839305878,
              "rank_max_ms": 0.14655999839305878,
              "rank_ms": [
                0.14655999839305878,
                0.1364479959011078,
                0.12787200510501862,
                0.13184000551700592
              ]
            },
            "sample_index": 77,
            "scheduled_start_arrival_ns_by_rank": [
              744694320103286,
              744694319528731,
              744694319627839,
              744694319689403
            ],
            "scheduled_start_target_ns_by_rank": [
              744694325103286,
              744694325103286,
              744694325103286,
              744694325103286
            ],
            "start_record_bracket_ns_by_rank": [
              [
                744694325104018,
                744694325131833
              ],
              [
                744694325103953,
                744694325127861
              ],
              [
                744694325103841,
                744694325121387
              ],
              [
                744694325103766,
                744694325119954
              ]
            ],
            "start_record_envelope_span_ns": 28067,
            "variant": 0
          },
          "reference": {
            "collective_only": {
              "local_ms": 0.025567999109625816,
              "rank_max_ms": 0.03932800143957138,
              "rank_ms": [
                0.025567999109625816,
                0.03526400029659271,
                0.03830400109291077,
                0.03932800143957138
              ]
            },
            "pair_attempt_id": 81,
            "pair_retry_ordinal": 0,
            "position": 1,
            "readiness_probe_exact": true,
            "ready_region": {
              "local_ms": 0.12172800302505493,
              "rank_max_ms": 0.12172800302505493,
              "rank_ms": [
                0.12172800302505493,
                0.10047999769449234,
                0.1008640006184578,
                0.10255999863147736
              ]
            },
            "sample_index": 77,
            "scheduled_start_arrival_ns_by_rank": [
              744694328799127,
              744694328563299,
              744694328453724,
              744694328506366
            ],
            "scheduled_start_target_ns_by_rank": [
              744694333799127,
              744694333799127,
              744694333799127,
              744694333799127
            ],
            "start_record_bracket_ns_by_rank": [
              [
                744694333799980,
                744694333827384
              ],
              [
                744694333799561,
                744694333820397
              ],
              [
                744694333799678,
                744694333815611
              ],
              [
                744694333799650,
                744694333814810
              ]
            ],
            "start_record_envelope_span_ns": 27823,
            "variant": 0
          }
        },
        "variant": 0
      },
      {
        "accepted": true,
        "attempt_id": 82,
        "logical_pair_index": 78,
        "order": [
          "reference",
          "candidate"
        ],
        "rejection_reasons": [],
        "retry_ordinal": 0,
        "samples": {
          "candidate": {
            "collective_only": {
              "local_ms": 0.03622400015592575,
              "rank_max_ms": 0.05145600065588951,
              "rank_ms": [
                0.03622400015592575,
                0.038047999143600464,
                0.05145600065588951,
                0.050592001527547836
              ]
            },
            "pair_attempt_id": 82,
            "pair_retry_ordinal": 0,
            "position": 1,
            "readiness_probe_exact": true,
            "ready_region": {
              "local_ms": 0.12140800058841705,
              "rank_max_ms": 0.12985600531101227,
              "rank_ms": [
                0.12140800058841705,
                0.12985600531101227,
                0.10963200032711029,
                0.11088000237941742
              ]
            },
            "sample_index": 78,
            "scheduled_start_arrival_ns_by_rank": [
              744694346816510,
              744694346628547,
              744694346493636,
              744694346572532
            ],
            "scheduled_start_target_ns_by_rank": [
              744694351816510,
              744694351816510,
              744694351816510,
              744694351816510
            ],
            "start_record_bracket_ns_by_rank": [
              [
                744694351817028,
                744694351843262
              ],
              [
                744694351817290,
                744694351843561
              ],
              [
                744694351817080,
                744694351833466
              ],
              [
                744694351817103,
                744694351833524
              ]
            ],
            "start_record_envelope_span_ns": 26533,
            "variant": 1
          },
          "reference": {
            "collective_only": {
              "local_ms": 0.038336001336574554,
              "rank_max_ms": 0.05222399905323982,
              "rank_ms": [
                0.038336001336574554,
                0.04575999826192856,
                0.0496320016682148,
                0.05222399905323982
              ]
            },
            "pair_attempt_id": 82,
            "pair_retry_ordinal": 0,
            "position": 0,
            "readiness_probe_exact": true,
            "ready_region": {
              "local_ms": 0.15593600273132324,
              "rank_max_ms": 0.15593600273132324,
              "rank_ms": [
                0.15593600273132324,
                0.11673600226640701,
                0.11785600334405899,
                0.11574400216341019
              ]
            },
            "sample_index": 78,
            "scheduled_start_arrival_ns_by_rank": [
              744694337951824,
              744694337752420,
              744694337690048,
              744694337951481
            ],
            "scheduled_start_target_ns_by_rank": [
              744694342951824,
              744694342951824,
              744694342951824,
              744694342951824
            ],
            "start_record_bracket_ns_by_rank": [
              [
                744694342953004,
                744694342981167
              ],
              [
                744694342952326,
                744694342975358
              ],
              [
                744694342952297,
                744694342970666
              ],
              [
                744694342952310,
                744694342968960
              ]
            ],
            "start_record_envelope_span_ns": 28870,
            "variant": 1
          }
        },
        "variant": 1
      },
      {
        "accepted": true,
        "attempt_id": 83,
        "logical_pair_index": 79,
        "order": [
          "candidate",
          "reference"
        ],
        "rejection_reasons": [],
        "retry_ordinal": 0,
        "samples": {
          "candidate": {
            "collective_only": {
              "local_ms": 0.043168000876903534,
              "rank_max_ms": 0.06163199990987778,
              "rank_ms": [
                0.043168000876903534,
                0.048767998814582825,
                0.06163199990987778,
                0.05567999929189682
              ]
            },
            "pair_attempt_id": 83,
            "pair_retry_ordinal": 0,
            "position": 0,
            "readiness_probe_exact": true,
            "ready_region": {
              "local_ms": 0.14528000354766846,
              "rank_max_ms": 0.14528000354766846,
              "rank_ms": [
                0.14528000354766846,
                0.12185599654912949,
                0.1128000020980835,
                0.12617599964141846
              ]
            },
            "sample_index": 79,
            "scheduled_start_arrival_ns_by_rank": [
              744694360781163,
              744694360813325,
              744694359891903,
              744694360198793
            ],
            "scheduled_start_target_ns_by_rank": [
              744694365813325,
              744694365813325,
              744694365813325,
              744694365813325
            ],
            "start_record_bracket_ns_by_rank": [
              [
                744694365814458,
                744694365847362
              ],
              [
                744694365814181,
                744694365840101
              ],
              [
                744694365813819,
                744694365831613
              ],
              [
                744694365813889,
                744694365836186
              ]
            ],
            "start_record_envelope_span_ns": 33543,
            "variant": 0
          },
          "reference": {
            "collective_only": {
              "local_ms": 0.02768000029027462,
              "rank_max_ms": 0.042367998510599136,
              "rank_ms": [
                0.02768000029027462,
                0.029920000582933426,
                0.042367998510599136,
                0.038943998515605927
              ]
            },
            "pair_attempt_id": 83,
            "pair_retry_ordinal": 0,
            "position": 1,
            "readiness_probe_exact": true,
            "ready_region": {
              "local_ms": 0.13007999956607819,
              "rank_max_ms": 0.13007999956607819,
              "rank_ms": [
                0.13007999956607819,
                0.12867200374603271,
                0.11052799969911575,
                0.10278400033712387
              ]
            },
            "sample_index": 79,
            "scheduled_start_arrival_ns_by_rank": [
              744694370710496,
              744694370477060,
              744694370383941,
              744694370822197
            ],
            "scheduled_start_target_ns_by_rank": [
              744694375822197,
              744694375822197,
              744694375822197,
              744694375822197
            ],
            "start_record_bracket_ns_by_rank": [
              [
                744694375823567,
                744694375851691
              ],
              [
                744694375823089,
                744694375850411
              ],
              [
                744694375822690,
                744694375839801
              ],
              [
                744694375822733,
                744694375838032
              ]
            ],
            "start_record_envelope_span_ns": 29001,
            "variant": 0
          }
        },
        "variant": 0
      },
      {
        "accepted": true,
        "attempt_id": 84,
        "logical_pair_index": 80,
        "order": [
          "reference",
          "candidate"
        ],
        "rejection_reasons": [],
        "retry_ordinal": 0,
        "samples": {
          "candidate": {
            "collective_only": {
              "local_ms": 0.04444799944758415,
              "rank_max_ms": 0.16777600347995758,
              "rank_ms": [
                0.04444799944758415,
                0.14336000382900238,
                0.16521599888801575,
                0.16777600347995758
              ]
            },
            "pair_attempt_id": 84,
            "pair_retry_ordinal": 0,
            "position": 1,
            "readiness_probe_exact": true,
            "ready_region": {
              "local_ms": 0.16448000073432922,
              "rank_max_ms": 0.17705599963665009,
              "rank_ms": [
                0.16448000073432922,
                0.1531199961900711,
                0.17452800273895264,
                0.17705599963665009
              ]
            },
            "sample_index": 80,
            "scheduled_start_arrival_ns_by_rank": [
              744694390180407,
              744694389690365,
              744694389656200,
              744694389747216
            ],
            "scheduled_start_target_ns_by_rank": [
              744694395180407,
              744694395180407,
              744694395180407,
              744694395180407
            ],
            "start_record_bracket_ns_by_rank": [
              [
                744694395295812,
                744694395328059
              ],
              [
                744694395181061,
                744694395227583
              ],
              [
                744694395181029,
                744694395208469
              ],
              [
                744694395180772,
                744694395206529
              ]
            ],
            "start_record_envelope_span_ns": 147287,
            "variant": 1
          },
          "reference": {
            "collective_only": {
              "local_ms": 0.02831999957561493,
              "rank_max_ms": 0.04287999868392944,
              "rank_ms": [
                0.02831999957561493,
                0.034752000123262405,
                0.04287999868392944,
                0.03984000161290169
              ]
            },
            "pair_attempt_id": 84,
            "pair_retry_ordinal": 0,
            "position": 0,
            "readiness_probe_exact": true,
            "ready_region": {
              "local_ms": 0.1435839980840683,
              "rank_max_ms": 0.1435839980840683,
              "rank_ms": [
                0.1435839980840683,
                0.1279360055923462,
                0.11628799885511398,
                0.11766400188207626
              ]
            },
            "sample_index": 80,
            "scheduled_start_arrival_ns_by_rank": [
              744694380208195,
              744694380380361,
              744694379720445,
              744694380078352
            ],
            "scheduled_start_target_ns_by_rank": [
              744694385380361,
              744694385380361,
              744694385380361,
              744694385380361
            ],
            "start_record_bracket_ns_by_rank": [
              [
                744694385381163,
                744694385411476
              ],
              [
                744694385381048,
                744694385410128
              ],
              [
                744694385380881,
                744694385400167
              ],
              [
                744694385380880,
                744694385398411
              ]
            ],
            "start_record_envelope_span_ns": 30596,
            "variant": 1
          }
        },
        "variant": 1
      },
      {
        "accepted": true,
        "attempt_id": 85,
        "logical_pair_index": 81,
        "order": [
          "candidate",
          "reference"
        ],
        "rejection_reasons": [],
        "retry_ordinal": 0,
        "samples": {
          "candidate": {
            "collective_only": {
              "local_ms": 0.048895999789237976,
              "rank_max_ms": 0.052671998739242554,
              "rank_ms": [
                0.048895999789237976,
                0.038816001266241074,
                0.05241600051522255,
                0.052671998739242554
              ]
            },
            "pair_attempt_id": 85,
            "pair_retry_ordinal": 0,
            "position": 0,
            "readiness_probe_exact": true,
            "ready_region": {
              "local_ms": 0.11260800063610077,
              "rank_max_ms": 0.13318400084972382,
              "rank_ms": [
                0.11260800063610077,
                0.13318400084972382,
                0.11372800171375275,
                0.1136000007390976
              ]
            },
            "sample_index": 81,
            "scheduled_start_arrival_ns_by_rank": [
              744694398739135,
              744694399221384,
              744694398422222,
              744694398914969
            ],
            "scheduled_start_target_ns_by_rank": [
              744694404221384,
              744694404221384,
              744694404221384,
              744694404221384
            ],
            "start_record_bracket_ns_by_rank": [
              [
                744694404221934,
                744694404241727
              ],
              [
                744694404222133,
                744694404249152
              ],
              [
                744694404221878,
                744694404240133
              ],
              [
                744694404221811,
                744694404238972
              ]
            ],
            "start_record_envelope_span_ns": 27341,
            "variant": 0
          },
          "reference": {
            "collective_only": {
              "local_ms": 0.03359999880194664,
              "rank_max_ms": 0.055135998874902725,
              "rank_ms": [
                0.03359999880194664,
                0.04684799909591675,
                0.055135998874902725,
                0.05500800162553787
              ]
            },
            "pair_attempt_id": 85,
            "pair_retry_ordinal": 0,
            "position": 1,
            "readiness_probe_exact": true,
            "ready_region": {
              "local_ms": 0.16953599452972412,
              "rank_max_ms": 0.16953599452972412,
              "rank_ms": [
                0.16953599452972412,
                0.11139199882745743,
                0.10915199667215347,
                0.10572800040245056
              ]
            },
            "sample_index": 81,
            "scheduled_start_arrival_ns_by_rank": [
              744694408612144,
              744694408273436,
              744694408182582,
              744694408014129
            ],
            "scheduled_start_target_ns_by_rank": [
              744694413612144,
              744694413612144,
              744694413612144,
              744694413612144
            ],
            "start_record_bracket_ns_by_rank": [
              [
                744694413614022,
                744694413649287
              ],
              [
                744694413612800,
                744694413635180
              ],
              [
                744694413612679,
                744694413629516
              ],
              [
                744694413612691,
                744694413629296
              ]
            ],
            "start_record_envelope_span_ns": 36608,
            "variant": 0
          }
        },
        "variant": 0
      },
      {
        "accepted": true,
        "attempt_id": 86,
        "logical_pair_index": 82,
        "order": [
          "reference",
          "candidate"
        ],
        "rejection_reasons": [],
        "retry_ordinal": 0,
        "samples": {
          "candidate": {
            "collective_only": {
              "local_ms": 0.04387199878692627,
              "rank_max_ms": 0.05756799876689911,
              "rank_ms": [
                0.04387199878692627,
                0.05104000121355057,
                0.05756799876689911,
                0.056671999394893646
              ]
            },
            "pair_attempt_id": 86,
            "pair_retry_ordinal": 0,
            "position": 1,
            "readiness_probe_exact": true,
            "ready_region": {
              "local_ms": 0.13913600146770477,
              "rank_max_ms": 0.13913600146770477,
              "rank_ms": [
                0.13913600146770477,
                0.10262399911880493,
                0.11558400094509125,
                0.1128000020980835
              ]
            },
            "sample_index": 82,
            "scheduled_start_arrival_ns_by_rank": [
              744694426171430,
              744694425884694,
              744694425998157,
              744694426059493
            ],
            "scheduled_start_target_ns_by_rank": [
              744694431171430,
              744694431171430,
              744694431171430,
              744694431171430
            ],
            "start_record_bracket_ns_by_rank": [
              [
                744694431173258,
                744694431209792
              ],
              [
                744694431171885,
                744694431199588
              ],
              [
                744694431171977,
                744694431198245
              ],
              [
                744694431171937,
                744694431197577
              ]
            ],
            "start_record_envelope_span_ns": 37907,
            "variant": 1
          },
          "reference": {
            "collective_only": {
              "local_ms": 0.028896000236272812,
              "rank_max_ms": 0.037728000432252884,
              "rank_ms": [
                0.028896000236272812,
                0.030208000913262367,
                0.03728000074625015,
                0.037728000432252884
              ]
            },
            "pair_attempt_id": 86,
            "pair_retry_ordinal": 0,
            "position": 0,
            "readiness_probe_exact": true,
            "ready_region": {
              "local_ms": 0.11580800265073776,
              "rank_max_ms": 0.11580800265073776,
              "rank_ms": [
                0.11580800265073776,
                0.11334399878978729,
                0.09961599856615067,
                0.09868799895048141
              ]
            },
            "sample_index": 82,
            "scheduled_start_arrival_ns_by_rank": [
              744694418081345,
              744694418229351,
              744694417630753,
              744694417995351
            ],
            "scheduled_start_target_ns_by_rank": [
              744694423229351,
              744694423229351,
              744694423229351,
              744694423229351
            ],
            "start_record_bracket_ns_by_rank": [
              [
                744694423229957,
                744694423253803
              ],
              [
                744694423230210,
                744694423253334
              ],
              [
                744694423229867,
                744694423245407
              ],
              [
                744694423229798,
                744694423244824
              ]
            ],
            "start_record_envelope_span_ns": 24005,
            "variant": 1
          }
        },
        "variant": 1
      },
      {
        "accepted": true,
        "attempt_id": 87,
        "logical_pair_index": 83,
        "order": [
          "candidate",
          "reference"
        ],
        "rejection_reasons": [],
        "retry_ordinal": 0,
        "samples": {
          "candidate": {
            "collective_only": {
              "local_ms": 0.041919998824596405,
              "rank_max_ms": 0.055296000093221664,
              "rank_ms": [
                0.041919998824596405,
                0.04307200014591217,
                0.05427199974656105,
                0.055296000093221664
              ]
            },
            "pair_attempt_id": 87,
            "pair_retry_ordinal": 0,
            "position": 0,
            "readiness_probe_exact": true,
            "ready_region": {
              "local_ms": 0.14361600577831268,
              "rank_max_ms": 0.14361600577831268,
              "rank_ms": [
                0.14361600577831268,
                0.1308480054140091,
                0.11680000275373459,
                0.11180800199508667
              ]
            },
            "sample_index": 83,
            "scheduled_start_arrival_ns_by_rank": [
              744694435452577,
              744694435559301,
              744694435175595,
              744694435225510
            ],
            "scheduled_start_target_ns_by_rank": [
              744694440559301,
              744694440559301,
              744694440559301,
              744694440559301
            ],
            "start_record_bracket_ns_by_rank": [
              [
                744694440560024,
                744694440588848
              ],
              [
                744694440560418,
                744694440586607
              ],
              [
                744694440559709,
                744694440577633
              ],
              [
                744694440559739,
                744694440575945
              ]
            ],
            "start_record_envelope_span_ns": 29139,
            "variant": 0
          },
          "reference": {
            "collective_only": {
              "local_ms": 0.030880000442266464,
              "rank_max_ms": 0.04662400111556053,
              "rank_ms": [
                0.030880000442266464,
                0.03884800150990486,
                0.04636799916625023,
                0.04662400111556053
              ]
            },
            "pair_attempt_id": 87,
            "pair_retry_ordinal": 0,
            "position": 1,
            "readiness_probe_exact": true,
            "ready_region": {
              "local_ms": 0.14745600521564484,
              "rank_max_ms": 0.14745600521564484,
              "rank_ms": [
                0.14745600521564484,
                0.13411200046539307,
                0.11939200013875961,
                0.12003199756145477
              ]
            },
            "sample_index": 83,
            "scheduled_start_arrival_ns_by_rank": [
              744694444367726,
              744694444284517,
              744694443689312,
              744694444267328
            ],
            "scheduled_start_target_ns_by_rank": [
              744694449367726,
              744694449367726,
              744694449367726,
              744694449367726
            ],
            "start_record_bracket_ns_by_rank": [
              [
                744694449369056,
                744694449400575
              ],
              [
                744694449368645,
                744694449394825
              ],
              [
                744694449368140,
                744694449387857
              ],
              [
                744694449368270,
                744694449386145
              ]
            ],
            "start_record_envelope_span_ns": 32435,
            "variant": 0
          }
        },
        "variant": 0
      },
      {
        "accepted": true,
        "attempt_id": 88,
        "logical_pair_index": 84,
        "order": [
          "reference",
          "candidate"
        ],
        "rejection_reasons": [],
        "retry_ordinal": 0,
        "samples": {
          "candidate": {
            "collective_only": {
              "local_ms": 0.047680001705884933,
              "rank_max_ms": 0.05990400165319443,
              "rank_ms": [
                0.047680001705884933,
                0.04825599864125252,
                0.05990400165319443,
                0.059808000922203064
              ]
            },
            "pair_attempt_id": 88,
            "pair_retry_ordinal": 0,
            "position": 1,
            "readiness_probe_exact": true,
            "ready_region": {
              "local_ms": 0.14259199798107147,
              "rank_max_ms": 0.14422400295734406,
              "rank_ms": [
                0.14259199798107147,
                0.14422400295734406,
                0.12156800180673599,
                0.12060800194740295
              ]
            },
            "sample_index": 84,
            "scheduled_start_arrival_ns_by_rank": [
              744694465143798,
              744694464554518,
              744694464532264,
              744694464463855
            ],
            "scheduled_start_target_ns_by_rank": [
              744694470143798,
              744694470143798,
              744694470143798,
              744694470143798
            ],
            "start_record_bracket_ns_by_rank": [
              [
                744694470144593,
                744694470171106
              ],
              [
                744694470144526,
                744694470170265
              ],
              [
                744694470144379,
                744694470161810
              ],
              [
                744694470144269,
                744694470160131
              ]
            ],
            "start_record_envelope_span_ns": 26837,
            "variant": 1
          },
          "reference": {
            "collective_only": {
              "local_ms": 0.02537599951028824,
              "rank_max_ms": 0.04230400174856186,
              "rank_ms": [
                0.02537599951028824,
                0.03728000074625015,
                0.04230400174856186,
                0.039744000881910324
              ]
            },
            "pair_attempt_id": 88,
            "pair_retry_ordinal": 0,
            "position": 0,
            "readiness_probe_exact": true,
            "ready_region": {
              "local_ms": 0.1353279948234558,
              "rank_max_ms": 0.1353279948234558,
              "rank_ms": [
                0.1353279948234558,
                0.1013759970664978,
                0.10540799796581268,
                0.10585600137710571
              ]
            },
            "sample_index": 84,
            "scheduled_start_arrival_ns_by_rank": [
              744694454158625,
              744694454267323,
              744694453552642,
              744694453147496
            ],
            "scheduled_start_target_ns_by_rank": [
              744694459267323,
              744694459267323,
              744694459267323,
              744694459267323
            ],
            "start_record_bracket_ns_by_rank": [
              [
                744694459268127,
                744694459295941
              ],
              [
                744694459267783,
                744694459287387
              ],
              [
                744694459267796,
                744694459283935
              ],
              [
                744694459267832,
                744694459284589
              ]
            ],
            "start_record_envelope_span_ns": 28158,
            "variant": 1
          }
        },
        "variant": 1
      },
      {
        "accepted": false,
        "attempt_id": 89,
        "logical_pair_index": 85,
        "order": [
          "candidate",
          "reference"
        ],
        "rejection_reasons": [
          {
            "limit_ns": 500000,
            "side": "reference",
            "start_record_envelope_span_ns": 571208
          }
        ],
        "retry_ordinal": 0,
        "samples": {
          "candidate": {
            "collective_only": {
              "local_ms": 0.04016000032424927,
              "rank_max_ms": 0.05407999828457832,
              "rank_ms": [
                0.04016000032424927,
                0.040352001786231995,
                0.052352000027894974,
                0.05407999828457832
              ]
            },
            "pair_attempt_id": 89,
            "pair_retry_ordinal": 0,
            "position": 0,
            "readiness_probe_exact": true,
            "ready_region": {
              "local_ms": 0.13635200262069702,
              "rank_max_ms": 0.13635200262069702,
              "rank_ms": [
                0.13635200262069702,
                0.13171200454235077,
                0.11859200149774551,
                0.11456000059843063
              ]
            },
            "sample_index": 85,
            "scheduled_start_arrival_ns_by_rank": [
              744694474768181,
              744694474679879,
              744694474450904,
              744694474407759
            ],
            "scheduled_start_target_ns_by_rank": [
              744694479768181,
              744694479768181,
              744694479768181,
              744694479768181
            ],
            "start_record_bracket_ns_by_rank": [
              [
                744694479768957,
                744694479797061
              ],
              [
                744694479769007,
                744694479795697
              ],
              [
                744694479768713,
                744694479786781
              ],
              [
                744694479768689,
                744694479785753
              ]
            ],
            "start_record_envelope_span_ns": 28372,
            "variant": 0
          },
          "reference": {
            "collective_only": {
              "local_ms": 0.33209601044654846,
              "rank_max_ms": 0.5828800201416016,
              "rank_ms": [
                0.33209601044654846,
                0.2704640030860901,
                0.5828800201416016,
                0.027775999158620834
              ]
            },
            "pair_attempt_id": 89,
            "pair_retry_ordinal": 0,
            "position": 1,
            "readiness_probe_exact": true,
            "ready_region": {
              "local_ms": 0.3413119912147522,
              "rank_max_ms": 0.5920959711074829,
              "rank_ms": [
                0.3413119912147522,
                0.2796800136566162,
                0.5920959711074829,
                0.12185599654912949
              ]
            },
            "sample_index": 85,
            "scheduled_start_arrival_ns_by_rank": [
              744694485022855,
              744694484588391,
              744694484532659,
              744694484561059
            ],
            "scheduled_start_target_ns_by_rank": [
              744694490022855,
              744694490022855,
              744694490022855,
              744694490022855
            ],
            "start_record_bracket_ns_by_rank": [
              [
                744694491067072,
                744694491099892
              ],
              [
                744694491132996,
                744694491162561
              ],
              [
                744694490831750,
                744694490850454
              ],
              [
                744694491386131,
                744694491402958
              ]
            ],
            "start_record_envelope_span_ns": 571208,
            "variant": 0
          }
        },
        "variant": 0
      },
      {
        "accepted": true,
        "attempt_id": 90,
        "logical_pair_index": 85,
        "order": [
          "candidate",
          "reference"
        ],
        "rejection_reasons": [],
        "retry_ordinal": 1,
        "samples": {
          "candidate": {
            "collective_only": {
              "local_ms": 0.05104000121355057,
              "rank_max_ms": 0.06611199676990509,
              "rank_ms": [
                0.05104000121355057,
                0.0544000007212162,
                0.06508799642324448,
                0.06611199676990509
              ]
            },
            "pair_attempt_id": 90,
            "pair_retry_ordinal": 1,
            "position": 0,
            "readiness_probe_exact": true,
            "ready_region": {
              "local_ms": 0.1698240041732788,
              "rank_max_ms": 0.1698240041732788,
              "rank_ms": [
                0.1698240041732788,
                0.14176000654697418,
                0.12438400089740753,
                0.12035199999809265
              ]
            },
            "sample_index": 85,
            "scheduled_start_arrival_ns_by_rank": [
              744694495590922,
              744694495332280,
              744694495052002,
              744694495130780
            ],
            "scheduled_start_target_ns_by_rank": [
              744694500590922,
              744694500590922,
              744694500590922,
              744694500590922
            ],
            "start_record_bracket_ns_by_rank": [
              [
                744694500592932,
                744694500625124
              ],
              [
                744694500591897,
                744694500618426
              ],
              [
                744694500591478,
                744694500611054
              ],
              [
                744694500591390,
                744694500607347
              ]
            ],
            "start_record_envelope_span_ns": 33734,
            "variant": 1
          },
          "reference": {
            "collective_only": {
              "local_ms": 0.038336001336574554,
              "rank_max_ms": 0.04303999990224838,
              "rank_ms": [
                0.038336001336574554,
                0.029279999434947968,
                0.04249599948525429,
                0.04303999990224838
              ]
            },
            "pair_attempt_id": 90,
            "pair_retry_ordinal": 1,
            "position": 1,
            "readiness_probe_exact": true,
            "ready_region": {
              "local_ms": 0.14732800424098969,
              "rank_max_ms": 0.14732800424098969,
              "rank_ms": [
                0.14732800424098969,
                0.14287999272346497,
                0.12009599804878235,
                0.1188800036907196
              ]
            },
            "sample_index": 85,
            "scheduled_start_arrival_ns_by_rank": [
              744694504599176,
              744694504551593,
              744694504406609,
              744694504237224
            ],
            "scheduled_start_target_ns_by_rank": [
              744694509599176,
              744694509599176,
              744694509599176,
              744694509599176
            ],
            "start_record_bracket_ns_by_rank": [
              [
                744694509599924,
                744694509621233
              ],
              [
                744694509600047,
                744694509629634
              ],
              [
                744694509599747,
                744694509619439
              ],
              [
                744694509599703,
                744694509616682
              ]
            ],
            "start_record_envelope_span_ns": 29931,
            "variant": 1
          }
        },
        "variant": 1
      },
      {
        "accepted": true,
        "attempt_id": 91,
        "logical_pair_index": 86,
        "order": [
          "reference",
          "candidate"
        ],
        "rejection_reasons": [],
        "retry_ordinal": 0,
        "samples": {
          "candidate": {
            "collective_only": {
              "local_ms": 0.039744000881910324,
              "rank_max_ms": 0.052000001072883606,
              "rank_ms": [
                0.039744000881910324,
                0.041600000113248825,
                0.052000001072883606,
                0.05158400163054466
              ]
            },
            "pair_attempt_id": 91,
            "pair_retry_ordinal": 0,
            "position": 1,
            "readiness_probe_exact": true,
            "ready_region": {
              "local_ms": 0.13315199315547943,
              "rank_max_ms": 0.13315199315547943,
              "rank_ms": [
                0.13315199315547943,
                0.12240000069141388,
                0.10918399691581726,
                0.1090560033917427
              ]
            },
            "sample_index": 86,
            "scheduled_start_arrival_ns_by_rank": [
              744694522092418,
              744694521692251,
              744694521516480,
              744694521869225
            ],
            "scheduled_start_target_ns_by_rank": [
              744694527092418,
              744694527092418,
              744694527092418,
              744694527092418
            ],
            "start_record_bracket_ns_by_rank": [
              [
                744694527093893,
                744694527118782
              ],
              [
                744694527093106,
                744694527115561
              ],
              [
                744694527092984,
                744694527108149
              ],
              [
                744694527092914,
                744694527107229
              ]
            ],
            "start_record_envelope_span_ns": 25868,
            "variant": 0
          },
          "reference": {
            "collective_only": {
              "local_ms": 0.028031999245285988,
              "rank_max_ms": 0.0306560005992651,
              "rank_ms": [
                0.028031999245285988,
                0.024480000138282776,
                0.03046399913728237,
                0.0306560005992651
              ]
            },
            "pair_attempt_id": 91,
            "pair_retry_ordinal": 0,
            "position": 0,
            "readiness_probe_exact": true,
            "ready_region": {
              "local_ms": 0.09356799721717834,
              "rank_max_ms": 0.10073599964380264,
              "rank_ms": [
                0.09356799721717834,
                0.0947519987821579,
                0.10073599964380264,
                0.09769599884748459
              ]
            },
            "sample_index": 86,
            "scheduled_start_arrival_ns_by_rank": [
              744694512445857,
              744694512418262,
              744694512438945,
              744694512569963
            ],
            "scheduled_start_target_ns_by_rank": [
              744694517569963,
              744694517569963,
              744694517569963,
              744694517569963
            ],
            "start_record_bracket_ns_by_rank": [
              [
                744694517570465,
                744694517586124
              ],
              [
                744694517570494,
                744694517590431
              ],
              [
                744694517570528,
                744694517586920
              ],
              [
                744694517570414,
                744694517584754
              ]
            ],
            "start_record_envelope_span_ns": 20017,
            "variant": 0
          }
        },
        "variant": 0
      },
      {
        "accepted": false,
        "attempt_id": 92,
        "logical_pair_index": 87,
        "order": [
          "candidate",
          "reference"
        ],
        "rejection_reasons": [
          {
            "limit_ns": 500000,
            "side": "candidate",
            "start_record_envelope_span_ns": 901278
          }
        ],
        "retry_ordinal": 0,
        "samples": {
          "candidate": {
            "collective_only": {
              "local_ms": 0.03939199820160866,
              "rank_max_ms": 0.9264000058174133,
              "rank_ms": [
                0.03939199820160866,
                0.9163519740104675,
                0.9264000058174133,
                0.53193598985672
              ]
            },
            "pair_attempt_id": 92,
            "pair_retry_ordinal": 0,
            "position": 0,
            "readiness_probe_exact": true,
            "ready_region": {
              "local_ms": 0.12934400141239166,
              "rank_max_ms": 0.9360319972038269,
              "rank_ms": [
                0.12934400141239166,
                0.9242240190505981,
                0.9360319972038269,
                0.5416960120201111
              ]
            },
            "sample_index": 87,
            "scheduled_start_arrival_ns_by_rank": [
              744694529240625,
              744694529232109,
              744694529214972,
              744694529232945
            ],
            "scheduled_start_target_ns_by_rank": [
              744694534240625,
              744694534240625,
              744694534240625,
              744694534240625
            ],
            "start_record_bracket_ns_by_rank": [
              [
                744694535119844,
                744694535142447
              ],
              [
                744694534241227,
                744694534263106
              ],
              [
                744694534241169,
                744694534256134
              ],
              [
                744694534634026,
                744694534647469
              ]
            ],
            "start_record_envelope_span_ns": 901278,
            "variant": 1
          },
          "reference": {
            "collective_only": {
              "local_ms": 0.030432000756263733,
              "rank_max_ms": 0.034432001411914825,
              "rank_ms": [
                0.030432000756263733,
                0.02470399998128414,
                0.03376000002026558,
                0.034432001411914825
              ]
            },
            "pair_attempt_id": 92,
            "pair_retry_ordinal": 0,
            "position": 1,
            "readiness_probe_exact": true,
            "ready_region": {
              "local_ms": 0.10016000270843506,
              "rank_max_ms": 0.11475200206041336,
              "rank_ms": [
                0.10016000270843506,
                0.11475200206041336,
                0.10543999820947647,
                0.10540799796581268
              ]
            },
            "sample_index": 87,
            "scheduled_start_arrival_ns_by_rank": [
              744694537907166,
              744694537638606,
              744694537588140,
              744694537651972
            ],
            "scheduled_start_target_ns_by_rank": [
              744694542907166,
              744694542907166,
              744694542907166,
              744694542907166
            ],
            "start_record_bracket_ns_by_rank": [
              [
                744694542907564,
                744694542923345
              ],
              [
                744694542907862,
                744694542929011
              ],
              [
                744694542907708,
                744694542922234
              ],
              [
                744694542907758,
                744694542921810
              ]
            ],
            "start_record_envelope_span_ns": 21447,
            "variant": 1
          }
        },
        "variant": 1
      },
      {
        "accepted": true,
        "attempt_id": 93,
        "logical_pair_index": 87,
        "order": [
          "candidate",
          "reference"
        ],
        "rejection_reasons": [],
        "retry_ordinal": 1,
        "samples": {
          "candidate": {
            "collective_only": {
              "local_ms": 0.040608000010252,
              "rank_max_ms": 0.04979199916124344,
              "rank_ms": [
                0.040608000010252,
                0.04028800129890442,
                0.04979199916124344,
                0.04755200073122978
              ]
            },
            "pair_attempt_id": 93,
            "pair_retry_ordinal": 1,
            "position": 0,
            "readiness_probe_exact": true,
            "ready_region": {
              "local_ms": 0.12080000340938568,
              "rank_max_ms": 0.12080000340938568,
              "rank_ms": [
                0.12080000340938568,
                0.10899200290441513,
                0.10672000050544739,
                0.10467199981212616
              ]
            },
            "sample_index": 87,
            "scheduled_start_arrival_ns_by_rank": [
              744694546487930,
              744694546055417,
              744694545926586,
              744694546007423
            ],
            "scheduled_start_target_ns_by_rank": [
              744694551487930,
              744694551487930,
              744694551487930,
              744694551487930
            ],
            "start_record_bracket_ns_by_rank": [
              [
                744694551488795,
                744694551512588
              ],
              [
                744694551488737,
                744694551509718
              ],
              [
                744694551488477,
                744694551503499
              ],
              [
                744694551488362,
                744694551503935
              ]
            ],
            "start_record_envelope_span_ns": 24226,
            "variant": 0
          },
          "reference": {
            "collective_only": {
              "local_ms": 0.025760000571608543,
              "rank_max_ms": 0.04233599826693535,
              "rank_ms": [
                0.025760000571608543,
                0.03129599988460541,
                0.03811199963092804,
                0.04233599826693535
              ]
            },
            "pair_attempt_id": 93,
            "pair_retry_ordinal": 1,
            "position": 1,
            "readiness_probe_exact": true,
            "ready_region": {
              "local_ms": 0.11244799941778183,
              "rank_max_ms": 0.1130559965968132,
              "rank_ms": [
                0.11244799941778183,
                0.10518400371074677,
                0.10931199789047241,
                0.1130559965968132
              ]
            },
            "sample_index": 87,
            "scheduled_start_arrival_ns_by_rank": [
              744694554169852,
              744694553925395,
              744694553861015,
              744694553930385
            ],
            "scheduled_start_target_ns_by_rank": [
              744694559169852,
              744694559169852,
              744694559169852,
              744694559169852
            ],
            "start_record_bracket_ns_by_rank": [
              [
                744694559170429,
                744694559204163
              ],
              [
                744694559170505,
                744694559200930
              ],
              [
                744694559170392,
                744694559195793
              ],
              [
                744694559170365,
                744694559195908
              ]
            ],
            "start_record_envelope_span_ns": 33798,
            "variant": 0
          }
        },
        "variant": 0
      },
      {
        "accepted": true,
        "attempt_id": 94,
        "logical_pair_index": 88,
        "order": [
          "reference",
          "candidate"
        ],
        "rejection_reasons": [],
        "retry_ordinal": 0,
        "samples": {
          "candidate": {
            "collective_only": {
              "local_ms": 0.04016000032424927,
              "rank_max_ms": 0.05475199967622757,
              "rank_ms": [
                0.04016000032424927,
                0.04527999833226204,
                0.05475199967622757,
                0.05276799947023392
              ]
            },
            "pair_attempt_id": 94,
            "pair_retry_ordinal": 0,
            "position": 1,
            "readiness_probe_exact": true,
            "ready_region": {
              "local_ms": 0.12809599936008453,
              "rank_max_ms": 0.12809599936008453,
              "rank_ms": [
                0.12809599936008453,
                0.10972800105810165,
                0.1090560033917427,
                0.10992000252008438
              ]
            },
            "sample_index": 88,
            "scheduled_start_arrival_ns_by_rank": [
              744694572128473,
              744694572316620,
              744694571709094,
              744694572055989
            ],
            "scheduled_start_target_ns_by_rank": [
              744694577316620,
              744694577316620,
              744694577316620,
              744694577316620
            ],
            "start_record_bracket_ns_by_rank": [
              [
                744694577317419,
                744694577346053
              ],
              [
                744694577317042,
                744694577339225
              ],
              [
                744694577317153,
                744694577333712
              ],
              [
                744694577317102,
                744694577333078
              ]
            ],
            "start_record_envelope_span_ns": 29011,
            "variant": 1
          },
          "reference": {
            "collective_only": {
              "local_ms": 0.029823999851942062,
              "rank_max_ms": 0.043487999588251114,
              "rank_ms": [
                0.029823999851942062,
                0.04012800008058548,
                0.043487999588251114,
                0.04249599948525429
              ]
            },
            "pair_attempt_id": 94,
            "pair_retry_ordinal": 0,
            "position": 0,
            "readiness_probe_exact": true,
            "ready_region": {
              "local_ms": 0.13436800241470337,
              "rank_max_ms": 0.13436800241470337,
              "rank_ms": [
                0.13436800241470337,
                0.09699200093746185,
                0.10038399696350098,
                0.10288000106811523
              ]
            },
            "sample_index": 88,
            "scheduled_start_arrival_ns_by_rank": [
              744694561550833,
              744694561460017,
              744694561411997,
              744694561429877
            ],
            "scheduled_start_target_ns_by_rank": [
              744694566550833,
              744694566550833,
              744694566550833,
              744694566550833
            ],
            "start_record_bracket_ns_by_rank": [
              [
                744694566552158,
                744694566579347
              ],
              [
                744694566551319,
                744694566570029
              ],
              [
                744694566551365,
                744694566566778
              ],
              [
                744694566551339,
                744694566567223
              ]
            ],
            "start_record_envelope_span_ns": 28028,
            "variant": 1
          }
        },
        "variant": 1
      },
      {
        "accepted": true,
        "attempt_id": 95,
        "logical_pair_index": 89,
        "order": [
          "candidate",
          "reference"
        ],
        "rejection_reasons": [],
        "retry_ordinal": 0,
        "samples": {
          "candidate": {
            "collective_only": {
              "local_ms": 0.04243199899792671,
              "rank_max_ms": 0.0568000003695488,
              "rank_ms": [
                0.04243199899792671,
                0.04649600014090538,
                0.0568000003695488,
                0.05503999814391136
              ]
            },
            "pair_attempt_id": 95,
            "pair_retry_ordinal": 0,
            "position": 0,
            "readiness_probe_exact": true,
            "ready_region": {
              "local_ms": 0.14560000598430634,
              "rank_max_ms": 0.14560000598430634,
              "rank_ms": [
                0.14560000598430634,
                0.12332800030708313,
                0.11446399986743927,
                0.11772800236940384
              ]
            },
            "sample_index": 89,
            "scheduled_start_arrival_ns_by_rank": [
              744694585640921,
              744694585679384,
              744694584996465,
              744694585109384
            ],
            "scheduled_start_target_ns_by_rank": [
              744694590679384,
              744694590679384,
              744694590679384,
              744694590679384
            ],
            "start_record_bracket_ns_by_rank": [
              [
                744694590680292,
                744694590710229
              ],
              [
                744694590680129,
                744694590704107
              ],
              [
                744694590679924,
                744694590697594
              ],
              [
                744694590679849,
                744694590697150
              ]
            ],
            "start_record_envelope_span_ns": 30380,
            "variant": 0
          },
          "reference": {
            "collective_only": {
              "local_ms": 0.027583999559283257,
              "rank_max_ms": 0.04508800059556961,
              "rank_ms": [
                0.027583999559283257,
                0.04022400081157684,
                0.042208001017570496,
                0.04508800059556961
              ]
            },
            "pair_attempt_id": 95,
            "pair_retry_ordinal": 0,
            "position": 1,
            "readiness_probe_exact": true,
            "ready_region": {
              "local_ms": 0.14371199905872345,
              "rank_max_ms": 0.14371199905872345,
              "rank_ms": [
                0.14371199905872345,
                0.11027199774980545,
                0.11308799684047699,
                0.11494400352239609
              ]
            },
            "sample_index": 89,
            "scheduled_start_arrival_ns_by_rank": [
              744694597287203,
              744694597253874,
              744694597075832,
              744694597303733
            ],
            "scheduled_start_target_ns_by_rank": [
              744694602303733,
              744694602303733,
              744694602303733,
              744694602303733
            ],
            "start_record_bracket_ns_by_rank": [
              [
                744694602304706,
                744694602334709
              ],
              [
                744694602304180,
                744694602324646
              ],
              [
                744694602304248,
                744694602322132
              ],
              [
                744694602304277,
                744694602320347
              ]
            ],
            "start_record_envelope_span_ns": 30529,
            "variant": 0
          }
        },
        "variant": 0
      },
      {
        "accepted": true,
        "attempt_id": 96,
        "logical_pair_index": 90,
        "order": [
          "reference",
          "candidate"
        ],
        "rejection_reasons": [],
        "retry_ordinal": 0,
        "samples": {
          "candidate": {
            "collective_only": {
              "local_ms": 0.04303999990224838,
              "rank_max_ms": 0.05193600058555603,
              "rank_ms": [
                0.04303999990224838,
                0.04047999903559685,
                0.050335999578237534,
                0.05193600058555603
              ]
            },
            "pair_attempt_id": 96,
            "pair_retry_ordinal": 0,
            "position": 1,
            "readiness_probe_exact": true,
            "ready_region": {
              "local_ms": 0.11327999830245972,
              "rank_max_ms": 0.12838399410247803,
              "rank_ms": [
                0.11327999830245972,
                0.12838399410247803,
                0.10902400314807892,
                0.11011199653148651
              ]
            },
            "sample_index": 90,
            "scheduled_start_arrival_ns_by_rank": [
              744694616674338,
              744694616703599,
              744694616553235,
              744694616602470
            ],
            "scheduled_start_target_ns_by_rank": [
              744694621703599,
              744694621703599,
              744694621703599,
              744694621703599
            ],
            "start_record_bracket_ns_by_rank": [
              [
                744694621704097,
                744694621723146
              ],
              [
                744694621704358,
                744694621729265
              ],
              [
                744694621704157,
                744694621720503
              ],
              [
                744694621704132,
                744694621719586
              ]
            ],
            "start_record_envelope_span_ns": 25168,
            "variant": 1
          },
          "reference": {
            "collective_only": {
              "local_ms": 0.02550400048494339,
              "rank_max_ms": 0.03782400116324425,
              "rank_ms": [
                0.02550400048494339,
                0.027424000203609467,
                0.035551998764276505,
                0.03782400116324425
              ]
            },
            "pair_attempt_id": 96,
            "pair_retry_ordinal": 0,
            "position": 0,
            "readiness_probe_exact": true,
            "ready_region": {
              "local_ms": 0.11430399864912033,
              "rank_max_ms": 0.11497599631547928,
              "rank_ms": [
                0.11430399864912033,
                0.11497599631547928,
                0.10265599936246872,
                0.10275200009346008
              ]
            },
            "sample_index": 90,
            "scheduled_start_arrival_ns_by_rank": [
              744694607416844,
              744694606868479,
              744694606981213,
              744694607386868
            ],
            "scheduled_start_target_ns_by_rank": [
              744694612416844,
              744694612416844,
              744694612416844,
              744694612416844
            ],
            "start_record_bracket_ns_by_rank": [
              [
                744694612417378,
                744694612441534
              ],
              [
                744694612417654,
                744694612440788
              ],
              [
                744694612417307,
                744694612433592
              ],
              [
                744694612417323,
                744694612431698
              ]
            ],
            "start_record_envelope_span_ns": 24227,
            "variant": 1
          }
        },
        "variant": 1
      },
      {
        "accepted": true,
        "attempt_id": 97,
        "logical_pair_index": 91,
        "order": [
          "candidate",
          "reference"
        ],
        "rejection_reasons": [],
        "retry_ordinal": 0,
        "samples": {
          "candidate": {
            "collective_only": {
              "local_ms": 0.0427200011909008,
              "rank_max_ms": 0.04854400083422661,
              "rank_ms": [
                0.0427200011909008,
                0.04016000032424927,
                0.04854400083422661,
                0.04774399846792221
              ]
            },
            "pair_attempt_id": 97,
            "pair_retry_ordinal": 0,
            "position": 0,
            "readiness_probe_exact": true,
            "ready_region": {
              "local_ms": 0.12147200107574463,
              "rank_max_ms": 0.12387199699878693,
              "rank_ms": [
                0.12147200107574463,
                0.12387199699878693,
                0.11760000139474869,
                0.11404799669981003
              ]
            },
            "sample_index": 91,
            "scheduled_start_arrival_ns_by_rank": [
              744694626462285,
              744694626585692,
              744694626253394,
              744694626276070
            ],
            "scheduled_start_target_ns_by_rank": [
              744694631585692,
              744694631585692,
              744694631585692,
              744694631585692
            ],
            "start_record_bracket_ns_by_rank": [
              [
                744694631586282,
                744694631609784
              ],
              [
                744694631586325,
                744694631609993
              ],
              [
                744694631586190,
                744694631604235
              ],
              [
                744694631586202,
                744694631603128
              ]
            ],
            "start_record_envelope_span_ns": 23803,
            "variant": 0
          },
          "reference": {
            "collective_only": {
              "local_ms": 0.029023999348282814,
              "rank_max_ms": 0.046879999339580536,
              "rank_ms": [
                0.029023999348282814,
                0.033695999532938004,
                0.046879999339580536,
                0.0435199998319149
              ]
            },
            "pair_attempt_id": 97,
            "pair_retry_ordinal": 0,
            "position": 1,
            "readiness_probe_exact": true,
            "ready_region": {
              "local_ms": 0.15267199277877808,
              "rank_max_ms": 0.15267199277877808,
              "rank_ms": [
                0.15267199277877808,
                0.14105600118637085,
                0.11673600226640701,
                0.12508800625801086
              ]
            },
            "sample_index": 91,
            "scheduled_start_arrival_ns_by_rank": [
              744694635645972,
              744694635258242,
              744694635152485,
              744694635337210
            ],
            "scheduled_start_target_ns_by_rank": [
              744694640645972,
              744694640645972,
              744694640645972,
              744694640645972
            ],
            "start_record_bracket_ns_by_rank": [
              [
                744694640646952,
                744694640679026
              ],
              [
                744694640646784,
                744694640676102
              ],
              [
                744694640646464,
                744694640665473
              ],
              [
                744694640646452,
                744694640665504
              ]
            ],
            "start_record_envelope_span_ns": 32574,
            "variant": 0
          }
        },
        "variant": 0
      },
      {
        "accepted": true,
        "attempt_id": 98,
        "logical_pair_index": 92,
        "order": [
          "reference",
          "candidate"
        ],
        "rejection_reasons": [],
        "retry_ordinal": 0,
        "samples": {
          "candidate": {
            "collective_only": {
              "local_ms": 0.04227200150489807,
              "rank_max_ms": 0.05859199911355972,
              "rank_ms": [
                0.04227200150489807,
                0.05004800111055374,
                0.057472001761198044,
                0.05859199911355972
              ]
            },
            "pair_attempt_id": 98,
            "pair_retry_ordinal": 0,
            "position": 1,
            "readiness_probe_exact": true,
            "ready_region": {
              "local_ms": 0.14953599870204926,
              "rank_max_ms": 0.14953599870204926,
              "rank_ms": [
                0.14953599870204926,
                0.11452800035476685,
                0.12003199756145477,
                0.11932799965143204
              ]
            },
            "sample_index": 92,
            "scheduled_start_arrival_ns_by_rank": [
              744694654657343,
              744694654606979,
              744694654405305,
              744694654470936
            ],
            "scheduled_start_target_ns_by_rank": [
              744694659657343,
              744694659657343,
              744694659657343,
              744694659657343
            ],
            "start_record_bracket_ns_by_rank": [
              [
                744694659658487,
                744694659689259
              ],
              [
                744694659657800,
                744694659680089
              ],
              [
                744694659657788,
                744694659674786
              ],
              [
                744694659657776,
                744694659674966
              ]
            ],
            "start_record_envelope_span_ns": 31483,
            "variant": 1
          },
          "reference": {
            "collective_only": {
              "local_ms": 0.028863999992609024,
              "rank_max_ms": 0.0432640016078949,
              "rank_ms": [
                0.028863999992609024,
                0.031231999397277832,
                0.0432640016078949,
                0.04249599948525429
              ]
            },
            "pair_attempt_id": 98,
            "pair_retry_ordinal": 0,
            "position": 0,
            "readiness_probe_exact": true,
            "ready_region": {
              "local_ms": 0.15078400075435638,
              "rank_max_ms": 0.15478399395942688,
              "rank_ms": [
                0.15078400075435638,
                0.15478399395942688,
                0.13036799430847168,
                0.12643200159072876
              ]
            },
            "sample_index": 92,
            "scheduled_start_arrival_ns_by_rank": [
              744694645722045,
              744694646064869,
              744694645374907,
              744694645284228
            ],
            "scheduled_start_target_ns_by_rank": [
              744694651064869,
              744694651064869,
              744694651064869,
              744694651064869
            ],
            "start_record_bracket_ns_by_rank": [
              [
                744694651065773,
                744694651095760
              ],
              [
                744694651065667,
                744694651095278
              ],
              [
                744694651065356,
                744694651083893
              ],
              [
                744694651065328,
                744694651083006
              ]
            ],
            "start_record_envelope_span_ns": 30432,
            "variant": 1
          }
        },
        "variant": 1
      },
      {
        "accepted": true,
        "attempt_id": 99,
        "logical_pair_index": 93,
        "order": [
          "candidate",
          "reference"
        ],
        "rejection_reasons": [],
        "retry_ordinal": 0,
        "samples": {
          "candidate": {
            "collective_only": {
              "local_ms": 0.04230400174856186,
              "rank_max_ms": 0.05382400006055832,
              "rank_ms": [
                0.04230400174856186,
                0.039872001856565475,
                0.05382400006055832,
                0.05305600166320801
              ]
            },
            "pair_attempt_id": 99,
            "pair_retry_ordinal": 0,
            "position": 0,
            "readiness_probe_exact": true,
            "ready_region": {
              "local_ms": 0.14640000462532043,
              "rank_max_ms": 0.16099199652671814,
              "rank_ms": [
                0.14640000462532043,
                0.16099199652671814,
                0.12275200337171555,
                0.12665599584579468
              ]
            },
            "sample_index": 93,
            "scheduled_start_arrival_ns_by_rank": [
              744694665894439,
              744694665736186,
              744694665439992,
              744694665404889
            ],
            "scheduled_start_target_ns_by_rank": [
              744694670894439,
              744694670894439,
              744694670894439,
              744694670894439
            ],
            "start_record_bracket_ns_by_rank": [
              [
                744694670895381,
                744694670923689
              ],
              [
                744694670895112,
                744694670922223
              ],
              [
                744694670894940,
                744694670912191
              ],
              [
                744694670895060,
                744694670910947
              ]
            ],
            "start_record_envelope_span_ns": 28749,
            "variant": 0
          },
          "reference": {
            "collective_only": {
              "local_ms": 0.026016000658273697,
              "rank_max_ms": 0.11302399635314941,
              "rank_ms": [
                0.026016000658273697,
                0.04800000041723251,
                0.11302399635314941,
                0.11289600282907486
              ]
            },
            "pair_attempt_id": 99,
            "pair_retry_ordinal": 0,
            "position": 1,
            "readiness_probe_exact": true,
            "ready_region": {
              "local_ms": 0.1353279948234558,
              "rank_max_ms": 0.1353279948234558,
              "rank_ms": [
                0.1353279948234558,
                0.12876799702644348,
                0.1223360002040863,
                0.12268800288438797
              ]
            },
            "sample_index": 93,
            "scheduled_start_arrival_ns_by_rank": [
              744694674492766,
              744694674723123,
              744694673967733,
              744694674207097
            ],
            "scheduled_start_target_ns_by_rank": [
              744694679723123,
              744694679723123,
              744694679723123,
              744694679723123
            ],
            "start_record_bracket_ns_by_rank": [
              [
                744694679797980,
                744694679825779
              ],
              [
                744694679781591,
                744694679808953
              ],
              [
                744694679723496,
                744694679742230
              ],
              [
                744694679726445,
                744694679742099
              ]
            ],
            "start_record_envelope_span_ns": 102283,
            "variant": 0
          }
        },
        "variant": 0
      },
      {
        "accepted": true,
        "attempt_id": 100,
        "logical_pair_index": 94,
        "order": [
          "reference",
          "candidate"
        ],
        "rejection_reasons": [],
        "retry_ordinal": 0,
        "samples": {
          "candidate": {
            "collective_only": {
              "local_ms": 0.0660799965262413,
              "rank_max_ms": 0.08777599781751633,
              "rank_ms": [
                0.0660799965262413,
                0.07619199901819229,
                0.08777599781751633,
                0.0865280032157898
              ]
            },
            "pair_attempt_id": 100,
            "pair_retry_ordinal": 0,
            "position": 1,
            "readiness_probe_exact": true,
            "ready_region": {
              "local_ms": 0.20099200308322906,
              "rank_max_ms": 0.20099200308322906,
              "rank_ms": [
                0.20099200308322906,
                0.14374400675296783,
                0.1250240057706833,
                0.12729600071907043
              ]
            },
            "sample_index": 94,
            "scheduled_start_arrival_ns_by_rank": [
              744694692902866,
              744694692946912,
              744694692542568,
              744694692455183
            ],
            "scheduled_start_target_ns_by_rank": [
              744694697946912,
              744694697946912,
              744694697946912,
              744694697946912
            ],
            "start_record_bracket_ns_by_rank": [
              [
                744694697948702,
                744694697985893
              ],
              [
                744694697947589,
                744694697973324
              ],
              [
                744694697947441,
                744694697965043
              ],
              [
                744694697947384,
                744694697964597
              ]
            ],
            "start_record_envelope_span_ns": 38509,
            "variant": 1
          },
          "reference": {
            "collective_only": {
              "local_ms": 0.026048000901937485,
              "rank_max_ms": 0.039423998445272446,
              "rank_ms": [
                0.026048000901937485,
                0.0344959981739521,
                0.03836800158023834,
                0.039423998445272446
              ]
            },
            "pair_attempt_id": 100,
            "pair_retry_ordinal": 0,
            "position": 0,
            "readiness_probe_exact": true,
            "ready_region": {
              "local_ms": 0.1287360042333603,
              "rank_max_ms": 0.1287360042333603,
              "rank_ms": [
                0.1287360042333603,
                0.10422399640083313,
                0.11046399921178818,
                0.11148799955844879
              ]
            },
            "sample_index": 94,
            "scheduled_start_arrival_ns_by_rank": [
              744694684177722,
              744694684241926,
              744694683562274,
              744694683970639
            ],
            "scheduled_start_target_ns_by_rank": [
              744694689241926,
              744694689241926,
              744694689241926,
              744694689241926
            ],
            "start_record_bracket_ns_by_rank": [
              [
                744694689242741,
                744694689269270
              ],
              [
                744694689242482,
                744694689263594
              ],
              [
                744694689242412,
                744694689259263
              ],
              [
                744694689242400,
                744694689258514
              ]
            ],
            "start_record_envelope_span_ns": 26870,
            "variant": 1
          }
        },
        "variant": 1
      },
      {
        "accepted": true,
        "attempt_id": 101,
        "logical_pair_index": 95,
        "order": [
          "candidate",
          "reference"
        ],
        "rejection_reasons": [],
        "retry_ordinal": 0,
        "samples": {
          "candidate": {
            "collective_only": {
              "local_ms": 0.04182400181889534,
              "rank_max_ms": 0.3128640055656433,
              "rank_ms": [
                0.04182400181889534,
                0.07705599814653397,
                0.3128640055656433,
                0.07651200145483017
              ]
            },
            "pair_attempt_id": 101,
            "pair_retry_ordinal": 0,
            "position": 0,
            "readiness_probe_exact": true,
            "ready_region": {
              "local_ms": 0.14665600657463074,
              "rank_max_ms": 0.32284799218177795,
              "rank_ms": [
                0.14665600657463074,
                0.13654400408267975,
                0.32284799218177795,
                0.11881600320339203
              ]
            },
            "sample_index": 95,
            "scheduled_start_arrival_ns_by_rank": [
              744694701858147,
              744694702141874,
              744694701648435,
              744694702028484
            ],
            "scheduled_start_target_ns_by_rank": [
              744694707141874,
              744694707141874,
              744694707141874,
              744694707141874
            ],
            "start_record_bracket_ns_by_rank": [
              [
                744694707399609,
                744694707429096
              ],
              [
                744694707365438,
                744694707393208
              ],
              [
                744694707142356,
                744694707161734
              ],
              [
                744694707378414,
                744694707395522
              ]
            ],
            "start_record_envelope_span_ns": 286740,
            "variant": 0
          },
          "reference": {
            "collective_only": {
              "local_ms": 0.035679999738931656,
              "rank_max_ms": 0.058111999183893204,
              "rank_ms": [
                0.035679999738931656,
                0.04713600128889084,
                0.05612799897789955,
                0.058111999183893204
              ]
            },
            "pair_attempt_id": 101,
            "pair_retry_ordinal": 0,
            "position": 1,
            "readiness_probe_exact": true,
            "ready_region": {
              "local_ms": 0.16911999881267548,
              "rank_max_ms": 0.16911999881267548,
              "rank_ms": [
                0.16911999881267548,
                0.11830399930477142,
                0.10796800255775452,
                0.11088000237941742
              ]
            },
            "sample_index": 95,
            "scheduled_start_arrival_ns_by_rank": [
              744694710739827,
              744694710413546,
              744694710422599,
              744694710499996
            ],
            "scheduled_start_target_ns_by_rank": [
              744694715739827,
              744694715739827,
              744694715739827,
              744694715739827
            ],
            "start_record_bracket_ns_by_rank": [
              [
                744694715742455,
                744694715778361
              ],
              [
                744694715740445,
                744694715766288
              ],
              [
                744694715740401,
                744694715758112
              ],
              [
                744694715740413,
                744694715756818
              ]
            ],
            "start_record_envelope_span_ns": 37960,
            "variant": 0
          }
        },
        "variant": 0
      },
      {
        "accepted": false,
        "attempt_id": 102,
        "logical_pair_index": 96,
        "order": [
          "reference",
          "candidate"
        ],
        "rejection_reasons": [
          {
            "limit_ns": 500000,
            "side": "candidate",
            "start_record_envelope_span_ns": 673496
          }
        ],
        "retry_ordinal": 0,
        "samples": {
          "candidate": {
            "collective_only": {
              "local_ms": 0.11257600039243698,
              "rank_max_ms": 0.7000960111618042,
              "rank_ms": [
                0.11257600039243698,
                0.0432640016078949,
                0.7000960111618042,
                0.583296000957489
              ]
            },
            "pair_attempt_id": 102,
            "pair_retry_ordinal": 0,
            "position": 1,
            "readiness_probe_exact": true,
            "ready_region": {
              "local_ms": 0.1812800019979477,
              "rank_max_ms": 0.7094720005989075,
              "rank_ms": [
                0.1812800019979477,
                0.13711999356746674,
                0.7094720005989075,
                0.5926079750061035
              ]
            },
            "sample_index": 96,
            "scheduled_start_arrival_ns_by_rank": [
              744694729530954,
              744694728791096,
              744694729014830,
              744694729084654
            ],
            "scheduled_start_target_ns_by_rank": [
              744694734530954,
              744694734530954,
              744694734530954,
              744694734530954
            ],
            "start_record_bracket_ns_by_rank": [
              [
                744694735100260,
                744694735131661
              ],
              [
                744694735159362,
                744694735204853
              ],
              [
                744694734531357,
                744694734549262
              ],
              [
                744694734648930,
                744694734664897
              ]
            ],
            "start_record_envelope_span_ns": 673496,
            "variant": 1
          },
          "reference": {
            "collective_only": {
              "local_ms": 0.028543999418616295,
              "rank_max_ms": 0.043807998299598694,
              "rank_ms": [
                0.028543999418616295,
                0.03619199991226196,
                0.043807998299598694,
                0.04224000126123428
              ]
            },
            "pair_attempt_id": 102,
            "pair_retry_ordinal": 0,
            "position": 0,
            "readiness_probe_exact": true,
            "ready_region": {
              "local_ms": 0.14326399564743042,
              "rank_max_ms": 0.14326399564743042,
              "rank_ms": [
                0.14326399564743042,
                0.12051200121641159,
                0.11606399714946747,
                0.11350400000810623
              ]
            },
            "sample_index": 96,
            "scheduled_start_arrival_ns_by_rank": [
              744694720116141,
              744694720283615,
              744694719859512,
              744694720020586
            ],
            "scheduled_start_target_ns_by_rank": [
              744694725283615,
              744694725283615,
              744694725283615,
              744694725283615
            ],
            "start_record_bracket_ns_by_rank": [
              [
                744694725284760,
                744694725315277
              ],
              [
                744694725284275,
                744694725308226
              ],
              [
                744694725284086,
                744694725302321
              ],
              [
                744694725284061,
                744694725300333
              ]
            ],
            "start_record_envelope_span_ns": 31216,
            "variant": 1
          }
        },
        "variant": 1
      },
      {
        "accepted": true,
        "attempt_id": 103,
        "logical_pair_index": 96,
        "order": [
          "reference",
          "candidate"
        ],
        "rejection_reasons": [],
        "retry_ordinal": 1,
        "samples": {
          "candidate": {
            "collective_only": {
              "local_ms": 0.04816000163555145,
              "rank_max_ms": 0.0660799965262413,
              "rank_ms": [
                0.04816000163555145,
                0.051392000168561935,
                0.0660799965262413,
                0.06204799935221672
              ]
            },
            "pair_attempt_id": 103,
            "pair_retry_ordinal": 1,
            "position": 1,
            "readiness_probe_exact": true,
            "ready_region": {
              "local_ms": 0.16172799468040466,
              "rank_max_ms": 0.16172799468040466,
              "rank_ms": [
                0.16172799468040466,
                0.14342400431632996,
                0.12937599420547485,
                0.12598399817943573
              ]
            },
            "sample_index": 96,
            "scheduled_start_arrival_ns_by_rank": [
              744694750476706,
              744694750873308,
              744694750245446,
              744694750419920
            ],
            "scheduled_start_target_ns_by_rank": [
              744694755873308,
              744694755873308,
              744694755873308,
              744694755873308
            ],
            "start_record_bracket_ns_by_rank": [
              [
                744694755875276,
                744694755906088
              ],
              [
                744694755874248,
                744694755899752
              ],
              [
                744694755873834,
                744694755890603
              ],
              [
                744694755873786,
                744694755890810
              ]
            ],
            "start_record_envelope_span_ns": 32302,
            "variant": 0
          },
          "reference": {
            "collective_only": {
              "local_ms": 0.03251200169324875,
              "rank_max_ms": 0.036031998693943024,
              "rank_ms": [
                0.03251200169324875,
                0.026944000273942947,
                0.036031998693943024,
                0.03548799827694893
              ]
            },
            "pair_attempt_id": 103,
            "pair_retry_ordinal": 1,
            "position": 0,
            "readiness_probe_exact": true,
            "ready_region": {
              "local_ms": 0.11350400000810623,
              "rank_max_ms": 0.12249600142240524,
              "rank_ms": [
                0.11350400000810623,
                0.12249600142240524,
                0.11395200341939926,
                0.10998400300741196
              ]
            },
            "sample_index": 96,
            "scheduled_start_arrival_ns_by_rank": [
              744694741387504,
              744694741361505,
              744694740578410,
              744694741133113
            ],
            "scheduled_start_target_ns_by_rank": [
              744694746387504,
              744694746387504,
              744694746387504,
              744694746387504
            ],
            "start_record_bracket_ns_by_rank": [
              [
                744694746387920,
                744694746407282
              ],
              [
                744694746388256,
                744694746413104
              ],
              [
                744694746387979,
                744694746406065
              ],
              [
                744694746387962,
                744694746403825
              ]
            ],
            "start_record_envelope_span_ns": 25184,
            "variant": 0
          }
        },
        "variant": 0
      },
      {
        "accepted": true,
        "attempt_id": 104,
        "logical_pair_index": 97,
        "order": [
          "candidate",
          "reference"
        ],
        "rejection_reasons": [],
        "retry_ordinal": 0,
        "samples": {
          "candidate": {
            "collective_only": {
              "local_ms": 0.04095999896526337,
              "rank_max_ms": 0.05206400156021118,
              "rank_ms": [
                0.04095999896526337,
                0.04032000154256821,
                0.05206400156021118,
                0.050912000238895416
              ]
            },
            "pair_attempt_id": 104,
            "pair_retry_ordinal": 0,
            "position": 0,
            "readiness_probe_exact": true,
            "ready_region": {
              "local_ms": 0.1302720010280609,
              "rank_max_ms": 0.1302720010280609,
              "rank_ms": [
                0.1302720010280609,
                0.12303999811410904,
                0.11414399743080139,
                0.10806400328874588
              ]
            },
            "sample_index": 97,
            "scheduled_start_arrival_ns_by_rank": [
              744694760526396,
              744694760202074,
              744694759832985,
              744694760145786
            ],
            "scheduled_start_target_ns_by_rank": [
              744694765526396,
              744694765526396,
              744694765526396,
              744694765526396
            ],
            "start_record_bracket_ns_by_rank": [
              [
                744694765527094,
                744694765552859
              ],
              [
                744694765527100,
                744694765550898
              ],
              [
                744694765526845,
                744694765543775
              ],
              [
                744694765526842,
                744694765542407
              ]
            ],
            "start_record_envelope_span_ns": 26017,
            "variant": 1
          },
          "reference": {
            "collective_only": {
              "local_ms": 0.03046399913728237,
              "rank_max_ms": 0.036288000643253326,
              "rank_ms": [
                0.03046399913728237,
                0.02687999978661537,
                0.03596799820661545,
                0.036288000643253326
              ]
            },
            "pair_attempt_id": 104,
            "pair_retry_ordinal": 0,
            "position": 1,
            "readiness_probe_exact": true,
            "ready_region": {
              "local_ms": 0.11299200356006622,
              "rank_max_ms": 0.11564800143241882,
              "rank_ms": [
                0.11299200356006622,
                0.11564800143241882,
                0.10611200332641602,
                0.10953599959611893
              ]
            },
            "sample_index": 97,
            "scheduled_start_arrival_ns_by_rank": [
              744694770084612,
              744694770280531,
              744694769728879,
              744694769513216
            ],
            "scheduled_start_target_ns_by_rank": [
              744694775280531,
              744694775280531,
              744694775280531,
              744694775280531
            ],
            "start_record_bracket_ns_by_rank": [
              [
                744694775281198,
                744694775302173
              ],
              [
                744694775281149,
                744694775304539
              ],
              [
                744694775280976,
                744694775297515
              ],
              [
                744694775280994,
                744694775297327
              ]
            ],
            "start_record_envelope_span_ns": 23563,
            "variant": 1
          }
        },
        "variant": 1
      },
      {
        "accepted": true,
        "attempt_id": 105,
        "logical_pair_index": 98,
        "order": [
          "reference",
          "candidate"
        ],
        "rejection_reasons": [],
        "retry_ordinal": 0,
        "samples": {
          "candidate": {
            "collective_only": {
              "local_ms": 0.04009599983692169,
              "rank_max_ms": 0.05353600159287453,
              "rank_ms": [
                0.04009599983692169,
                0.04307200014591217,
                0.05353600159287453,
                0.05206400156021118
              ]
            },
            "pair_attempt_id": 105,
            "pair_retry_ordinal": 0,
            "position": 1,
            "readiness_probe_exact": true,
            "ready_region": {
              "local_ms": 0.13065600395202637,
              "rank_max_ms": 0.13065600395202637,
              "rank_ms": [
                0.13065600395202637,
                0.1151999980211258,
                0.1037760004401207,
                0.10304000228643417
              ]
            },
            "sample_index": 98,
            "scheduled_start_arrival_ns_by_rank": [
              744694790333297,
              744694790468459,
              744694790125699,
              744694790184160
            ],
            "scheduled_start_target_ns_by_rank": [
              744694795468459,
              744694795468459,
              744694795468459,
              744694795468459
            ],
            "start_record_bracket_ns_by_rank": [
              [
                744694795469335,
                744694795494953
              ],
              [
                744694795469227,
                744694795491444
              ],
              [
                744694795468973,
                744694795484119
              ],
              [
                744694795468958,
                744694795482815
              ]
            ],
            "start_record_envelope_span_ns": 25995,
            "variant": 0
          },
          "reference": {
            "collective_only": {
              "local_ms": 0.0360959991812706,
              "rank_max_ms": 0.060095999389886856,
              "rank_ms": [
                0.0360959991812706,
                0.04918399825692177,
                0.05990400165319443,
                0.060095999389886856
              ]
            },
            "pair_attempt_id": 105,
            "pair_retry_ordinal": 0,
            "position": 0,
            "readiness_probe_exact": true,
            "ready_region": {
              "local_ms": 0.1693120002746582,
              "rank_max_ms": 0.1693120002746582,
              "rank_ms": [
                0.1693120002746582,
                0.1268160045146942,
                0.10956799983978271,
                0.10684800148010254
              ]
            },
            "sample_index": 98,
            "scheduled_start_arrival_ns_by_rank": [
              744694780511704,
              744694780339852,
              744694779789932,
              744694780157745
            ],
            "scheduled_start_target_ns_by_rank": [
              744694785511704,
              744694785511704,
              744694785511704,
              744694785511704
            ],
            "start_record_bracket_ns_by_rank": [
              [
                744694785514286,
                744694785551741
              ],
              [
                744694785512429,
                744694785538723
              ],
              [
                744694785512154,
                744694785528955
              ],
              [
                744694785512169,
                744694785529540
              ]
            ],
            "start_record_envelope_span_ns": 39587,
            "variant": 0
          }
        },
        "variant": 0
      },
      {
        "accepted": true,
        "attempt_id": 106,
        "logical_pair_index": 99,
        "order": [
          "candidate",
          "reference"
        ],
        "rejection_reasons": [],
        "retry_ordinal": 0,
        "samples": {
          "candidate": {
            "collective_only": {
              "local_ms": 0.03711999952793121,
              "rank_max_ms": 0.04864000156521797,
              "rank_ms": [
                0.03711999952793121,
                0.03657599911093712,
                0.04864000156521797,
                0.04854400083422661
              ]
            },
            "pair_attempt_id": 106,
            "pair_retry_ordinal": 0,
            "position": 0,
            "readiness_probe_exact": true,
            "ready_region": {
              "local_ms": 0.11865600198507309,
              "rank_max_ms": 0.11865600198507309,
              "rank_ms": [
                0.11865600198507309,
                0.11168000102043152,
                0.0960640013217926,
                0.09708800166845322
              ]
            },
            "sample_index": 99,
            "scheduled_start_arrival_ns_by_rank": [
              744694801134476,
              744694801378085,
              744694800983836,
              744694800962653
            ],
            "scheduled_start_target_ns_by_rank": [
              744694806378085,
              744694806378085,
              744694806378085,
              744694806378085
            ],
            "start_record_bracket_ns_by_rank": [
              [
                744694806378800,
                744694806402007
              ],
              [
                744694806378725,
                744694806400741
              ],
              [
                744694806378545,
                744694806393512
              ],
              [
                744694806378523,
                744694806392294
              ]
            ],
            "start_record_envelope_span_ns": 23484,
            "variant": 1
          },
          "reference": {
            "collective_only": {
              "local_ms": 0.02848000079393387,
              "rank_max_ms": 0.04195199906826019,
              "rank_ms": [
                0.02848000079393387,
                0.03110400028526783,
                0.04195199906826019,
                0.04137599840760231
              ]
            },
            "pair_attempt_id": 106,
            "pair_retry_ordinal": 0,
            "position": 1,
            "readiness_probe_exact": true,
            "ready_region": {
              "local_ms": 0.14556799829006195,
              "rank_max_ms": 0.1576319932937622,
              "rank_ms": [
                0.14556799829006195,
                0.1576319932937622,
                0.106175996363163,
                0.10649599879980087
              ]
            },
            "sample_index": 99,
            "scheduled_start_arrival_ns_by_rank": [
              744694810846807,
              744694810249526,
              744694810133621,
              744694810405231
            ],
            "scheduled_start_target_ns_by_rank": [
              744694815846807,
              744694815846807,
              744694815846807,
              744694815846807
            ],
            "start_record_bracket_ns_by_rank": [
              [
                744694815847947,
                744694815874132
              ],
              [
                744694815847596,
                744694815872699
              ],
              [
                744694815847330,
                744694815863244
              ],
              [
                744694815847409,
                744694815863328
              ]
            ],
            "start_record_envelope_span_ns": 26802,
            "variant": 1
          }
        },
        "variant": 1
      }
    ],
    "rank_order": [
      0,
      1,
      2,
      3
    ],
    "reference": [
      {
        "collective_only": {
          "local_ms": 0.0363520011305809,
          "rank_max_ms": 0.03811199963092804,
          "rank_ms": [
            0.0363520011305809,
            0.028416000306606293,
            0.03811199963092804,
            0.03372799977660179
          ]
        },
        "pair_attempt_id": 0,
        "pair_retry_ordinal": 0,
        "position": 0,
        "readiness_probe_exact": true,
        "ready_region": {
          "local_ms": 0.10992000252008438,
          "rank_max_ms": 0.1393280029296875,
          "rank_ms": [
            0.10992000252008438,
            0.1393280029296875,
            0.11286400258541107,
            0.12316799908876419
          ]
        },
        "sample_index": 0,
        "scheduled_start_arrival_ns_by_rank": [
          744692927949099,
          744692928218799,
          744692927952380,
          744692927926985
        ],
        "scheduled_start_target_ns_by_rank": [
          744692933218799,
          744692933218799,
          744692933218799,
          744692933218799
        ],
        "start_record_bracket_ns_by_rank": [
          [
            744692933219267,
            744692933238091
          ],
          [
            744692933219413,
            744692933244462
          ],
          [
            744692933219324,
            744692933237204
          ],
          [
            744692933219626,
            744692933240295
          ]
        ],
        "start_record_envelope_span_ns": 25195,
        "variant": 1
      },
      {
        "collective_only": {
          "local_ms": 0.029023999348282814,
          "rank_max_ms": 0.03916800022125244,
          "rank_ms": [
            0.029023999348282814,
            0.029055999591946602,
            0.03916800022125244,
            0.035232000052928925
          ]
        },
        "pair_attempt_id": 1,
        "pair_retry_ordinal": 0,
        "position": 1,
        "readiness_probe_exact": true,
        "ready_region": {
          "local_ms": 0.12774400413036346,
          "rank_max_ms": 0.14259199798107147,
          "rank_ms": [
            0.12774400413036346,
            0.14259199798107147,
            0.107744000852108,
            0.12176000326871872
          ]
        },
        "sample_index": 1,
        "scheduled_start_arrival_ns_by_rank": [
          744692951585436,
          744692951548458,
          744692951674912,
          744692951662557
        ],
        "scheduled_start_target_ns_by_rank": [
          744692956674912,
          744692956674912,
          744692956674912,
          744692956674912
        ],
        "start_record_bracket_ns_by_rank": [
          [
            744692956675911,
            744692956702179
          ],
          [
            744692956676094,
            744692956700693
          ],
          [
            744692956675526,
            744692956692484
          ],
          [
            744692956675603,
            744692956695553
          ]
        ],
        "start_record_envelope_span_ns": 26653,
        "variant": 0
      },
      {
        "collective_only": {
          "local_ms": 0.0331839993596077,
          "rank_max_ms": 0.03587200120091438,
          "rank_ms": [
            0.0331839993596077,
            0.027135999873280525,
            0.03587200120091438,
            0.035711999982595444
          ]
        },
        "pair_attempt_id": 2,
        "pair_retry_ordinal": 0,
        "position": 0,
        "readiness_probe_exact": true,
        "ready_region": {
          "local_ms": 0.10576000064611435,
          "rank_max_ms": 0.12889599800109863,
          "rank_ms": [
            0.10576000064611435,
            0.12889599800109863,
            0.10371199995279312,
            0.10451199859380722
          ]
        },
        "sample_index": 2,
        "scheduled_start_arrival_ns_by_rank": [
          744692959803054,
          744692959824313,
          744692959767791,
          744692959794287
        ],
        "scheduled_start_target_ns_by_rank": [
          744692964824313,
          744692964824313,
          744692964824313,
          744692964824313
        ],
        "start_record_bracket_ns_by_rank": [
          [
            744692964824884,
            744692964842459
          ],
          [
            744692964825039,
            744692964847352
          ],
          [
            744692964824856,
            744692964841085
          ],
          [
            744692964824814,
            744692964839575
          ]
        ],
        "start_record_envelope_span_ns": 22538,
        "variant": 1
      },
      {
        "collective_only": {
          "local_ms": 0.030208000913262367,
          "rank_max_ms": 0.04163200035691261,
          "rank_ms": [
            0.030208000913262367,
            0.036159999668598175,
            0.04163200035691261,
            0.04105599969625473
          ]
        },
        "pair_attempt_id": 3,
        "pair_retry_ordinal": 0,
        "position": 1,
        "readiness_probe_exact": true,
        "ready_region": {
          "local_ms": 0.15091200172901154,
          "rank_max_ms": 0.15091200172901154,
          "rank_ms": [
            0.15091200172901154,
            0.14470399916172028,
            0.12326399981975555,
            0.1255359947681427
          ]
        },
        "sample_index": 3,
        "scheduled_start_arrival_ns_by_rank": [
          744692984127478,
          744692984017109,
          744692983945359,
          744692983947438
        ],
        "scheduled_start_target_ns_by_rank": [
          744692989127478,
          744692989127478,
          744692989127478,
          744692989127478
        ],
        "start_record_bracket_ns_by_rank": [
          [
            744692989128621,
            744692989156723
          ],
          [
            744692989128111,
            744692989152161
          ],
          [
            744692989128158,
            744692989145461
          ],
          [
            744692989128141,
            744692989146084
          ]
        ],
        "start_record_envelope_span_ns": 28612,
        "variant": 0
      },
      {
        "collective_only": {
          "local_ms": 0.029023999348282814,
          "rank_max_ms": 0.0306560005992651,
          "rank_ms": [
            0.029023999348282814,
            0.023584000766277313,
            0.0306560005992651,
            0.029983999207615852
          ]
        },
        "pair_attempt_id": 4,
        "pair_retry_ordinal": 0,
        "position": 0,
        "readiness_probe_exact": true,
        "ready_region": {
          "local_ms": 0.10515200346708298,
          "rank_max_ms": 0.11222399771213531,
          "rank_ms": [
            0.10515200346708298,
            0.11222399771213531,
            0.10764800012111664,
            0.10639999806880951
          ]
        },
        "sample_index": 4,
        "scheduled_start_arrival_ns_by_rank": [
          744692991210774,
          744692991275207,
          744692991140030,
          744692991207593
        ],
        "scheduled_start_target_ns_by_rank": [
          744692996275207,
          744692996275207,
          744692996275207,
          744692996275207
        ],
        "start_record_bracket_ns_by_rank": [
          [
            744692996275784,
            744692996292399
          ],
          [
            744692996275642,
            744692996294944
          ],
          [
            744692996275777,
            744692996292199
          ],
          [
            744692996275755,
            744692996290962
          ]
        ],
        "start_record_envelope_span_ns": 19302,
        "variant": 1
      },
      {
        "collective_only": {
          "local_ms": 0.20723199844360352,
          "rank_max_ms": 0.20972800254821777,
          "rank_ms": [
            0.20723199844360352,
            0.2016959935426712,
            0.20972800254821777,
            0.026528000831604004
          ]
        },
        "pair_attempt_id": 5,
        "pair_retry_ordinal": 0,
        "position": 1,
        "readiness_probe_exact": true,
        "ready_region": {
          "local_ms": 0.21641600131988525,
          "rank_max_ms": 0.2189120054244995,
          "rank_ms": [
            0.21641600131988525,
            0.21107199788093567,
            0.2189120054244995,
            0.11779200285673141
          ]
        },
        "sample_index": 5,
        "scheduled_start_arrival_ns_by_rank": [
          744693018389442,
          744693018374476,
          744693018379508,
          744693018438954
        ],
        "scheduled_start_target_ns_by_rank": [
          744693023438954,
          744693023438954,
          744693023438954,
          744693023438954
        ],
        "start_record_bracket_ns_by_rank": [
          [
            744693023439425,
            744693023457181
          ],
          [
            744693023439681,
            744693023464008
          ],
          [
            744693023439486,
            744693023456973
          ],
          [
            744693023617662,
            744693023637684
          ]
        ],
        "start_record_envelope_span_ns": 198259,
        "variant": 0
      },
      {
        "collective_only": {
          "local_ms": 0.03379200026392937,
          "rank_max_ms": 0.03468799963593483,
          "rank_ms": [
            0.03379200026392937,
            0.026079999282956123,
            0.03468799963593483,
            0.029600000008940697
          ]
        },
        "pair_attempt_id": 6,
        "pair_retry_ordinal": 0,
        "position": 0,
        "readiness_probe_exact": true,
        "ready_region": {
          "local_ms": 0.09462399780750275,
          "rank_max_ms": 0.11296000331640244,
          "rank_ms": [
            0.09462399780750275,
            0.11296000331640244,
            0.10732799768447876,
            0.11078400164842606
          ]
        },
        "sample_index": 6,
        "scheduled_start_arrival_ns_by_rank": [
          744693027248378,
          744693027170180,
          744693027273352,
          744693027331480
        ],
        "scheduled_start_target_ns_by_rank": [
          744693032331480,
          744693032331480,
          744693032331480,
          744693032331480
        ],
        "start_record_bracket_ns_by_rank": [
          [
            744693032331899,
            744693032346460
          ],
          [
            744693032332127,
            744693032354132
          ],
          [
            744693032332013,
            744693032348052
          ],
          [
            744693032332046,
            744693032349157
          ]
        ],
        "start_record_envelope_span_ns": 22233,
        "variant": 1
      },
      {
        "collective_only": {
          "local_ms": 0.030559999868273735,
          "rank_max_ms": 0.046431999653577805,
          "rank_ms": [
            0.030559999868273735,
            0.0395519994199276,
            0.045504000037908554,
            0.046431999653577805
          ]
        },
        "pair_attempt_id": 7,
        "pair_retry_ordinal": 0,
        "position": 1,
        "readiness_probe_exact": true,
        "ready_region": {
          "local_ms": 0.1658560037612915,
          "rank_max_ms": 0.1658560037612915,
          "rank_ms": [
            0.1658560037612915,
            0.12284799665212631,
            0.11206399649381638,
            0.10812799632549286
          ]
        },
        "sample_index": 7,
        "scheduled_start_arrival_ns_by_rank": [
          744693050028398,
          744693049679089,
          744693049907639,
          744693049941572
        ],
        "scheduled_start_target_ns_by_rank": [
          744693055028398,
          744693055028398,
          744693055028398,
          744693055028398
        ],
        "start_record_bracket_ns_by_rank": [
          [
            744693055029821,
            744693055060194
          ],
          [
            744693055029401,
            744693055052156
          ],
          [
            744693055029015,
            744693055046385
          ],
          [
            744693055028932,
            744693055044931
          ]
        ],
        "start_record_envelope_span_ns": 31262,
        "variant": 0
      },
      {
        "collective_only": {
          "local_ms": 0.027264000847935677,
          "rank_max_ms": 0.03884800150990486,
          "rank_ms": [
            0.027264000847935677,
            0.03244800120592117,
            0.03596799820661545,
            0.03884800150990486
          ]
        },
        "pair_attempt_id": 8,
        "pair_retry_ordinal": 0,
        "position": 0,
        "readiness_probe_exact": true,
        "ready_region": {
          "local_ms": 0.13023999333381653,
          "rank_max_ms": 0.13023999333381653,
          "rank_ms": [
            0.13023999333381653,
            0.11667200177907944,
            0.12172800302505493,
            0.11430399864912033
          ]
        },
        "sample_index": 8,
        "scheduled_start_arrival_ns_by_rank": [
          744693057436387,
          744693057486540,
          744693057461431,
          744693057419371
        ],
        "scheduled_start_target_ns_by_rank": [
          744693062486540,
          744693062486540,
          744693062486540,
          744693062486540
        ],
        "start_record_bracket_ns_by_rank": [
          [
            744693062487419,
            744693062514515
          ],
          [
            744693062487126,
            744693062510537
          ],
          [
            744693062487073,
            744693062506539
          ],
          [
            744693062486951,
            744693062503486
          ]
        ],
        "start_record_envelope_span_ns": 27564,
        "variant": 1
      },
      {
        "collective_only": {
          "local_ms": 0.029440000653266907,
          "rank_max_ms": 0.044415999203920364,
          "rank_ms": [
            0.029440000653266907,
            0.03891199827194214,
            0.04265600070357323,
            0.044415999203920364
          ]
        },
        "pair_attempt_id": 9,
        "pair_retry_ordinal": 0,
        "position": 1,
        "readiness_probe_exact": true,
        "ready_region": {
          "local_ms": 0.15164799988269806,
          "rank_max_ms": 0.15164799988269806,
          "rank_ms": [
            0.15164799988269806,
            0.13247999548912048,
            0.12425599992275238,
            0.12275200337171555
          ]
        },
        "sample_index": 9,
        "scheduled_start_arrival_ns_by_rank": [
          744693079934845,
          744693079908976,
          744693079944341,
          744693079943904
        ],
        "scheduled_start_target_ns_by_rank": [
          744693084944341,
          744693084944341,
          744693084944341,
          744693084944341
        ],
        "start_record_bracket_ns_by_rank": [
          [
            744693084945745,
            744693084972544
          ],
          [
            744693084945190,
            744693084967887
          ],
          [
            744693084944841,
            744693084962272
          ],
          [
            744693084944895,
            744693084961167
          ]
        ],
        "start_record_envelope_span_ns": 27703,
        "variant": 0
      },
      {
        "collective_only": {
          "local_ms": 0.031936001032590866,
          "rank_max_ms": 0.041600000113248825,
          "rank_ms": [
            0.031936001032590866,
            0.030688000842928886,
            0.04047999903559685,
            0.041600000113248825
          ]
        },
        "pair_attempt_id": 10,
        "pair_retry_ordinal": 0,
        "position": 0,
        "readiness_probe_exact": true,
        "ready_region": {
          "local_ms": 0.1586879938840866,
          "rank_max_ms": 0.1586879938840866,
          "rank_ms": [
            0.1586879938840866,
            0.14185599982738495,
            0.11865600198507309,
            0.11667200177907944
          ]
        },
        "sample_index": 10,
        "scheduled_start_arrival_ns_by_rank": [
          744693087222000,
          744693087176750,
          744693087229878,
          744693087263666
        ],
        "scheduled_start_target_ns_by_rank": [
          744693092263666,
          744693092263666,
          744693092263666,
          744693092263666
        ],
        "start_record_bracket_ns_by_rank": [
          [
            744693092264478,
            744693092290144
          ],
          [
            744693092264534,
            744693092291429
          ],
          [
            744693092264176,
            744693092283159
          ],
          [
            744693092264199,
            744693092280679
          ]
        ],
        "start_record_envelope_span_ns": 27253,
        "variant": 1
      },
      {
        "collective_only": {
          "local_ms": 0.060736000537872314,
          "rank_max_ms": 0.07446400076150894,
          "rank_ms": [
            0.060736000537872314,
            0.07014399766921997,
            0.07302399724721909,
            0.07446400076150894
          ]
        },
        "pair_attempt_id": 11,
        "pair_retry_ordinal": 0,
        "position": 1,
        "readiness_probe_exact": true,
        "ready_region": {
          "local_ms": 0.17692799866199493,
          "rank_max_ms": 0.17692799866199493,
          "rank_ms": [
            0.17692799866199493,
            0.1342719942331314,
            0.1342719942331314,
            0.12326399981975555
          ]
        },
        "sample_index": 11,
        "scheduled_start_arrival_ns_by_rank": [
          744693109965568,
          744693109787503,
          744693109776481,
          744693109856957
        ],
        "scheduled_start_target_ns_by_rank": [
          744693114965568,
          744693114965568,
          744693114965568,
          744693114965568
        ],
        "start_record_bracket_ns_by_rank": [
          [
            744693114967399,
            744693114995792
          ],
          [
            744693114966296,
            744693114988858
          ],
          [
            744693114966162,
            744693114986508
          ],
          [
            744693114966289,
            744693114982670
          ]
        ],
        "start_record_envelope_span_ns": 29630,
        "variant": 0
      },
      {
        "collective_only": {
          "local_ms": 0.031072000041604042,
          "rank_max_ms": 0.04387199878692627,
          "rank_ms": [
            0.031072000041604042,
            0.038656000047922134,
            0.04387199878692627,
            0.04233599826693535
          ]
        },
        "pair_attempt_id": 12,
        "pair_retry_ordinal": 0,
        "position": 0,
        "readiness_probe_exact": true,
        "ready_region": {
          "local_ms": 0.14841599762439728,
          "rank_max_ms": 0.14841599762439728,
          "rank_ms": [
            0.14841599762439728,
            0.11990399658679962,
            0.11456000059843063,
            0.11734399944543839
          ]
        },
        "sample_index": 12,
        "scheduled_start_arrival_ns_by_rank": [
          744693119407684,
          744693119399839,
          744693119282336,
          744693119371749
        ],
        "scheduled_start_target_ns_by_rank": [
          744693124407684,
          744693124407684,
          744693124407684,
          744693124407684
        ],
        "start_record_bracket_ns_by_rank": [
          [
            744693124409105,
            744693124437671
          ],
          [
            744693124408227,
            744693124431285
          ],
          [
            744693124408181,
            744693124426947
          ],
          [
            744693124408203,
            744693124426663
          ]
        ],
        "start_record_envelope_span_ns": 29490,
        "variant": 1
      },
      {
        "collective_only": {
          "local_ms": 0.03551999852061272,
          "rank_max_ms": 0.056671999394893646,
          "rank_ms": [
            0.03551999852061272,
            0.04761600121855736,
            0.056671999394893646,
            0.056384000927209854
          ]
        },
        "pair_attempt_id": 13,
        "pair_retry_ordinal": 0,
        "position": 1,
        "readiness_probe_exact": true,
        "ready_region": {
          "local_ms": 0.1592320054769516,
          "rank_max_ms": 0.1592320054769516,
          "rank_ms": [
            0.1592320054769516,
            0.12716799974441528,
            0.12409599870443344,
            0.1234240010380745
          ]
        },
        "sample_index": 13,
        "scheduled_start_arrival_ns_by_rank": [
          744693144507780,
          744693144490427,
          744693144444432,
          744693144440360
        ],
        "scheduled_start_target_ns_by_rank": [
          744693149507780,
          744693149507780,
          744693149507780,
          744693149507780
        ],
        "start_record_bracket_ns_by_rank": [
          [
            744693149509712,
            744693149545563
          ],
          [
            744693149508435,
            744693149534785
          ],
          [
            744693149508298,
            744693149528278
          ],
          [
            744693149508376,
            744693149526648
          ]
        ],
        "start_record_envelope_span_ns": 37265,
        "variant": 0
      },
      {
        "collective_only": {
          "local_ms": 0.039423998445272446,
          "rank_max_ms": 0.06265600025653839,
          "rank_ms": [
            0.039423998445272446,
            0.05814399942755699,
            0.06265600025653839,
            0.06006399914622307
          ]
        },
        "pair_attempt_id": 14,
        "pair_retry_ordinal": 0,
        "position": 0,
        "readiness_probe_exact": true,
        "ready_region": {
          "local_ms": 0.19100800156593323,
          "rank_max_ms": 0.19100800156593323,
          "rank_ms": [
            0.19100800156593323,
            0.12083200365304947,
            0.11958400160074234,
            0.11388800293207169
          ]
        },
        "sample_index": 14,
        "scheduled_start_arrival_ns_by_rank": [
          744693152478146,
          744693152428039,
          744693152371852,
          744693152439501
        ],
        "scheduled_start_target_ns_by_rank": [
          744693157478146,
          744693157478146,
          744693157478146,
          744693157478146
        ],
        "start_record_bracket_ns_by_rank": [
          [
            744693157480213,
            744693157521204
          ],
          [
            744693157478940,
            744693157501633
          ],
          [
            744693157478639,
            744693157497841
          ],
          [
            744693157478688,
            744693157495625
          ]
        ],
        "start_record_envelope_span_ns": 42565,
        "variant": 1
      },
      {
        "collective_only": {
          "local_ms": 0.026688000187277794,
          "rank_max_ms": 0.06908799707889557,
          "rank_ms": [
            0.026688000187277794,
            0.04854400083422661,
            0.06623999774456024,
            0.06908799707889557
          ]
        },
        "pair_attempt_id": 15,
        "pair_retry_ordinal": 0,
        "position": 1,
        "readiness_probe_exact": true,
        "ready_region": {
          "local_ms": 0.1385280042886734,
          "rank_max_ms": 0.14019200205802917,
          "rank_ms": [
            0.1385280042886734,
            0.1284479945898056,
            0.14019200205802917,
            0.11612799763679504
          ]
        },
        "sample_index": 15,
        "scheduled_start_arrival_ns_by_rank": [
          744693175775458,
          744693175981385,
          744693175697758,
          744693175679424
        ],
        "scheduled_start_target_ns_by_rank": [
          744693180981385,
          744693180981385,
          744693180981385,
          744693180981385
        ],
        "start_record_bracket_ns_by_rank": [
          [
            744693180982166,
            744693181037645
          ],
          [
            744693180982134,
            744693181016462
          ],
          [
            744693180981984,
            744693181028351
          ],
          [
            744693180981916,
            744693180996457
          ]
        ],
        "start_record_envelope_span_ns": 55729,
        "variant": 0
      },
      {
        "collective_only": {
          "local_ms": 0.031199999153614044,
          "rank_max_ms": 0.04707200080156326,
          "rank_ms": [
            0.031199999153614044,
            0.040192000567913055,
            0.04399999976158142,
            0.04707200080156326
          ]
        },
        "pair_attempt_id": 16,
        "pair_retry_ordinal": 0,
        "position": 0,
        "readiness_probe_exact": true,
        "ready_region": {
          "local_ms": 0.1607999950647354,
          "rank_max_ms": 0.1607999950647354,
          "rank_ms": [
            0.1607999950647354,
            0.12796799838542938,
            0.12723200023174286,
            0.10784000158309937
          ]
        },
        "sample_index": 16,
        "scheduled_start_arrival_ns_by_rank": [
          744693182991858,
          744693183057750,
          744693182987428,
          744693182983772
        ],
        "scheduled_start_target_ns_by_rank": [
          744693188057750,
          744693188057750,
          744693188057750,
          744693188057750
        ],
        "start_record_bracket_ns_by_rank": [
          [
            744693188059466,
            744693188088356
          ],
          [
            744693188058464,
            744693188079691
          ],
          [
            744693188058370,
            744693188076326
          ],
          [
            744693188058239,
            744693188073831
          ]
        ],
        "start_record_envelope_span_ns": 30117,
        "variant": 1
      },
      {
        "collective_only": {
          "local_ms": 0.0387520007789135,
          "rank_max_ms": 0.07411199808120728,
          "rank_ms": [
            0.0387520007789135,
            0.07062400132417679,
            0.07411199808120728,
            0.07103999704122543
          ]
        },
        "pair_attempt_id": 17,
        "pair_retry_ordinal": 0,
        "position": 1,
        "readiness_probe_exact": true,
        "ready_region": {
          "local_ms": 0.18223999440670013,
          "rank_max_ms": 0.18223999440670013,
          "rank_ms": [
            0.18223999440670013,
            0.12326399981975555,
            0.12643200159072876,
            0.12051200121641159
          ]
        },
        "sample_index": 17,
        "scheduled_start_arrival_ns_by_rank": [
          744693204159860,
          744693204064952,
          744693203966318,
          744693204058320
        ],
        "scheduled_start_target_ns_by_rank": [
          744693209159860,
          744693209159860,
          744693209159860,
          744693209159860
        ],
        "start_record_bracket_ns_by_rank": [
          [
            744693209161790,
            744693209214590
          ],
          [
            744693209160430,
            744693209181544
          ],
          [
            744693209160410,
            744693209179144
          ],
          [
            744693209160472,
            744693209176739
          ]
        ],
        "start_record_envelope_span_ns": 54180,
        "variant": 0
      },
      {
        "collective_only": {
          "local_ms": 0.028351999819278717,
          "rank_max_ms": 0.060575999319553375,
          "rank_ms": [
            0.028351999819278717,
            0.051263999193906784,
            0.05766399949789047,
            0.060575999319553375
          ]
        },
        "pair_attempt_id": 18,
        "pair_retry_ordinal": 0,
        "position": 0,
        "readiness_probe_exact": true,
        "ready_region": {
          "local_ms": 0.1443520039319992,
          "rank_max_ms": 0.1443520039319992,
          "rank_ms": [
            0.1443520039319992,
            0.12611199915409088,
            0.11068800091743469,
            0.10556799918413162
          ]
        },
        "sample_index": 18,
        "scheduled_start_arrival_ns_by_rank": [
          744693211440538,
          744693211365466,
          744693211397981,
          744693211454939
        ],
        "scheduled_start_target_ns_by_rank": [
          744693216454939,
          744693216454939,
          744693216454939,
          744693216454939
        ],
        "start_record_bracket_ns_by_rank": [
          [
            744693216456019,
            744693216502961
          ],
          [
            744693216455563,
            744693216480743
          ],
          [
            744693216455520,
            744693216474621
          ],
          [
            744693216455481,
            744693216473388
          ]
        ],
        "start_record_envelope_span_ns": 47480,
        "variant": 1
      },
      {
        "collective_only": {
          "local_ms": 0.03702399879693985,
          "rank_max_ms": 0.05183999985456467,
          "rank_ms": [
            0.03702399879693985,
            0.04464000090956688,
            0.05183999985456467,
            0.05142400041222572
          ]
        },
        "pair_attempt_id": 19,
        "pair_retry_ordinal": 0,
        "position": 1,
        "readiness_probe_exact": true,
        "ready_region": {
          "local_ms": 0.18639999628067017,
          "rank_max_ms": 0.18639999628067017,
          "rank_ms": [
            0.18639999628067017,
            0.14735999703407288,
            0.1106560006737709,
            0.1080000028014183
          ]
        },
        "sample_index": 19,
        "scheduled_start_arrival_ns_by_rank": [
          744693235528309,
          744693235861513,
          744693235550281,
          744693235562625
        ],
        "scheduled_start_target_ns_by_rank": [
          744693240861513,
          744693240861513,
          744693240861513,
          744693240861513
        ],
        "start_record_bracket_ns_by_rank": [
          [
            744693240863327,
            744693240895874
          ],
          [
            744693240862354,
            744693240886766
          ],
          [
            744693240862045,
            744693240879139
          ],
          [
            744693240862004,
            744693240877277
          ]
        ],
        "start_record_envelope_span_ns": 33870,
        "variant": 0
      },
      {
        "collective_only": {
          "local_ms": 0.028896000236272812,
          "rank_max_ms": 0.03328000009059906,
          "rank_ms": [
            0.028896000236272812,
            0.025696000084280968,
            0.031199999153614044,
            0.03328000009059906
          ]
        },
        "pair_attempt_id": 20,
        "pair_retry_ordinal": 0,
        "position": 0,
        "readiness_probe_exact": true,
        "ready_region": {
          "local_ms": 0.11276800185441971,
          "rank_max_ms": 0.11379200220108032,
          "rank_ms": [
            0.11276800185441971,
            0.1096000000834465,
            0.11078400164842606,
            0.11379200220108032
          ]
        },
        "sample_index": 20,
        "scheduled_start_arrival_ns_by_rank": [
          744693243267058,
          744693243252759,
          744693243216067,
          744693243301520
        ],
        "scheduled_start_target_ns_by_rank": [
          744693248301520,
          744693248301520,
          744693248301520,
          744693248301520
        ],
        "start_record_bracket_ns_by_rank": [
          [
            744693248302078,
            744693248321225
          ],
          [
            744693248302023,
            744693248322777
          ],
          [
            744693248302128,
            744693248319865
          ],
          [
            744693248301977,
            744693248317468
          ]
        ],
        "start_record_envelope_span_ns": 20800,
        "variant": 1
      },
      {
        "collective_only": {
          "local_ms": 0.03161599859595299,
          "rank_max_ms": 0.04992000013589859,
          "rank_ms": [
            0.03161599859595299,
            0.04179200157523155,
            0.0480320006608963,
            0.04992000013589859
          ]
        },
        "pair_attempt_id": 21,
        "pair_retry_ordinal": 0,
        "position": 1,
        "readiness_probe_exact": true,
        "ready_region": {
          "local_ms": 0.18041600286960602,
          "rank_max_ms": 0.18041600286960602,
          "rank_ms": [
            0.18041600286960602,
            0.12915199995040894,
            0.1313599944114685,
            0.10393600165843964
          ]
        },
        "sample_index": 21,
        "scheduled_start_arrival_ns_by_rank": [
          744693265366152,
          744693265243684,
          744693265201131,
          744693265234661
        ],
        "scheduled_start_target_ns_by_rank": [
          744693270366152,
          744693270366152,
          744693270366152,
          744693270366152
        ],
        "start_record_bracket_ns_by_rank": [
          [
            744693270369628,
            744693270398290
          ],
          [
            744693270367192,
            744693270391058
          ],
          [
            744693270366694,
            744693270383035
          ],
          [
            744693270366559,
            744693270381143
          ]
        ],
        "start_record_envelope_span_ns": 31731,
        "variant": 0
      },
      {
        "collective_only": {
          "local_ms": 0.028063999488949776,
          "rank_max_ms": 0.04233599826693535,
          "rank_ms": [
            0.028063999488949776,
            0.03564799949526787,
            0.04057599976658821,
            0.04233599826693535
          ]
        },
        "pair_attempt_id": 22,
        "pair_retry_ordinal": 0,
        "position": 0,
        "readiness_probe_exact": true,
        "ready_region": {
          "local_ms": 0.16361600160598755,
          "rank_max_ms": 0.16361600160598755,
          "rank_ms": [
            0.16361600160598755,
            0.13519999384880066,
            0.12441600114107132,
            0.12252800166606903
          ]
        },
        "sample_index": 22,
        "scheduled_start_arrival_ns_by_rank": [
          744693272945940,
          744693272757783,
          744693272758363,
          744693272754953
        ],
        "scheduled_start_target_ns_by_rank": [
          744693277945940,
          744693277945940,
          744693277945940,
          744693277945940
        ],
        "start_record_bracket_ns_by_rank": [
          [
            744693277947244,
            744693277972793
          ],
          [
            744693277946554,
            744693277967675
          ],
          [
            744693277946435,
            744693277963518
          ],
          [
            744693277946436,
            744693277961185
          ]
        ],
        "start_record_envelope_span_ns": 26358,
        "variant": 1
      },
      {
        "collective_only": {
          "local_ms": 0.035392001271247864,
          "rank_max_ms": 0.05503999814391136,
          "rank_ms": [
            0.035392001271247864,
            0.04774399846792221,
            0.05366399884223938,
            0.05503999814391136
          ]
        },
        "pair_attempt_id": 23,
        "pair_retry_ordinal": 0,
        "position": 1,
        "readiness_probe_exact": true,
        "ready_region": {
          "local_ms": 0.19091199338436127,
          "rank_max_ms": 0.19091199338436127,
          "rank_ms": [
            0.19091199338436127,
            0.1181119978427887,
            0.107744000852108,
            0.10499200224876404
          ]
        },
        "sample_index": 23,
        "scheduled_start_arrival_ns_by_rank": [
          744693294855449,
          744693294785792,
          744693294789370,
          744693294828186
        ],
        "scheduled_start_target_ns_by_rank": [
          744693299855449,
          744693299855449,
          744693299855449,
          744693299855449
        ],
        "start_record_bracket_ns_by_rank": [
          [
            744693299857750,
            744693299891053
          ],
          [
            744693299856430,
            744693299879065
          ],
          [
            744693299856061,
            744693299873989
          ],
          [
            744693299855945,
            744693299871613
          ]
        ],
        "start_record_envelope_span_ns": 35108,
        "variant": 0
      },
      {
        "collective_only": {
          "local_ms": 0.03884800150990486,
          "rank_max_ms": 0.05910399928689003,
          "rank_ms": [
            0.03884800150990486,
            0.05225599929690361,
            0.05910399928689003,
            0.05846399813890457
          ]
        },
        "pair_attempt_id": 24,
        "pair_retry_ordinal": 0,
        "position": 0,
        "readiness_probe_exact": true,
        "ready_region": {
          "local_ms": 0.18236799538135529,
          "rank_max_ms": 0.18236799538135529,
          "rank_ms": [
            0.18236799538135529,
            0.11273600161075592,
            0.11116799712181091,
            0.11324799805879593
          ]
        },
        "sample_index": 24,
        "scheduled_start_arrival_ns_by_rank": [
          744693302396020,
          744693302268669,
          744693302255076,
          744693302256119
        ],
        "scheduled_start_target_ns_by_rank": [
          744693307396020,
          744693307396020,
          744693307396020,
          744693307396020
        ],
        "start_record_bracket_ns_by_rank": [
          [
            744693307398106,
            744693307432612
          ],
          [
            744693307396719,
            744693307419762
          ],
          [
            744693307396515,
            744693307414291
          ],
          [
            744693307396550,
            744693307414255
          ]
        ],
        "start_record_envelope_span_ns": 36097,
        "variant": 1
      },
      {
        "collective_only": {
          "local_ms": 0.03407999873161316,
          "rank_max_ms": 0.05488000065088272,
          "rank_ms": [
            0.03407999873161316,
            0.04729599878191948,
            0.05366399884223938,
            0.05488000065088272
          ]
        },
        "pair_attempt_id": 25,
        "pair_retry_ordinal": 0,
        "position": 1,
        "readiness_probe_exact": true,
        "ready_region": {
          "local_ms": 0.1940159946680069,
          "rank_max_ms": 0.1940159946680069,
          "rank_ms": [
            0.1940159946680069,
            0.12268800288438797,
            0.10943999886512756,
            0.10713600367307663
          ]
        },
        "sample_index": 25,
        "scheduled_start_arrival_ns_by_rank": [
          744693325722466,
          744693325573490,
          744693325560241,
          744693325554119
        ],
        "scheduled_start_target_ns_by_rank": [
          744693330722466,
          744693330722466,
          744693330722466,
          744693330722466
        ],
        "start_record_bracket_ns_by_rank": [
          [
            744693330724138,
            744693330758410
          ],
          [
            744693330723230,
            744693330746410
          ],
          [
            744693330722962,
            744693330739871
          ],
          [
            744693330723065,
            744693330738920
          ]
        ],
        "start_record_envelope_span_ns": 35448,
        "variant": 0
      },
      {
        "collective_only": {
          "local_ms": 0.03267199918627739,
          "rank_max_ms": 0.05056000128388405,
          "rank_ms": [
            0.03267199918627739,
            0.043296001851558685,
            0.050016000866889954,
            0.05056000128388405
          ]
        },
        "pair_attempt_id": 26,
        "pair_retry_ordinal": 0,
        "position": 0,
        "readiness_probe_exact": true,
        "ready_region": {
          "local_ms": 0.21884800493717194,
          "rank_max_ms": 0.21884800493717194,
          "rank_ms": [
            0.21884800493717194,
            0.13705599308013916,
            0.10124800354242325,
            0.10268799960613251
          ]
        },
        "sample_index": 26,
        "scheduled_start_arrival_ns_by_rank": [
          744693332851444,
          744693332679778,
          744693332733793,
          744693332736725
        ],
        "scheduled_start_target_ns_by_rank": [
          744693337851444,
          744693337851444,
          744693337851444,
          744693337851444
        ],
        "start_record_bracket_ns_by_rank": [
          [
            744693337853454,
            744693337884819
          ],
          [
            744693337852339,
            744693337875175
          ],
          [
            744693337851946,
            744693337868179
          ],
          [
            744693337851997,
            744693337867391
          ]
        ],
        "start_record_envelope_span_ns": 32873,
        "variant": 1
      },
      {
        "collective_only": {
          "local_ms": 0.03753599897027016,
          "rank_max_ms": 0.06758400052785873,
          "rank_ms": [
            0.03753599897027016,
            0.0623680017888546,
            0.05158400163054466,
            0.06758400052785873
          ]
        },
        "pair_attempt_id": 27,
        "pair_retry_ordinal": 0,
        "position": 1,
        "readiness_probe_exact": true,
        "ready_region": {
          "local_ms": 0.1812479943037033,
          "rank_max_ms": 0.1812479943037033,
          "rank_ms": [
            0.1812479943037033,
            0.13344000279903412,
            0.12934400141239166,
            0.11753600090742111
          ]
        },
        "sample_index": 27,
        "scheduled_start_arrival_ns_by_rank": [
          744693356573557,
          744693356445418,
          744693356416860,
          744693356425603
        ],
        "scheduled_start_target_ns_by_rank": [
          744693361573557,
          744693361573557,
          744693361573557,
          744693361573557
        ],
        "start_record_bracket_ns_by_rank": [
          [
            744693361587121,
            744693361622935
          ],
          [
            744693361574392,
            744693361598509
          ],
          [
            744693361574136,
            744693361608549
          ],
          [
            744693361574257,
            744693361592719
          ]
        ],
        "start_record_envelope_span_ns": 48799,
        "variant": 0
      },
      {
        "collective_only": {
          "local_ms": 0.02783999964594841,
          "rank_max_ms": 0.11423999816179276,
          "rank_ms": [
            0.02783999964594841,
            0.10639999806880951,
            0.1125440001487732,
            0.11423999816179276
          ]
        },
        "pair_attempt_id": 28,
        "pair_retry_ordinal": 0,
        "position": 0,
        "readiness_probe_exact": true,
        "ready_region": {
          "local_ms": 0.14284799993038177,
          "rank_max_ms": 0.14284799993038177,
          "rank_ms": [
            0.14284799993038177,
            0.1143999993801117,
            0.1207360029220581,
            0.12323199957609177
          ]
        },
        "sample_index": 28,
        "scheduled_start_arrival_ns_by_rank": [
          744693364270846,
          744693363973659,
          744693364099018,
          744693364112924
        ],
        "scheduled_start_target_ns_by_rank": [
          744693369270846,
          744693369270846,
          744693369270846,
          744693369270846
        ],
        "start_record_bracket_ns_by_rank": [
          [
            744693369343205,
            744693369371661
          ],
          [
            744693369271384,
            744693369295200
          ],
          [
            744693369271370,
            744693369289654
          ],
          [
            744693369271244,
            744693369286979
          ]
        ],
        "start_record_envelope_span_ns": 100417,
        "variant": 1
      },
      {
        "collective_only": {
          "local_ms": 0.037248000502586365,
          "rank_max_ms": 0.0568000003695488,
          "rank_ms": [
            0.037248000502586365,
            0.05008000135421753,
            0.0568000003695488,
            0.05385600030422211
          ]
        },
        "pair_attempt_id": 29,
        "pair_retry_ordinal": 0,
        "position": 1,
        "readiness_probe_exact": true,
        "ready_region": {
          "local_ms": 0.17520000040531158,
          "rank_max_ms": 0.17520000040531158,
          "rank_ms": [
            0.17520000040531158,
            0.12188799679279327,
            0.1141119971871376,
            0.11334399878978729
          ]
        },
        "sample_index": 29,
        "scheduled_start_arrival_ns_by_rank": [
          744693388749947,
          744693388601813,
          744693388582176,
          744693388540175
        ],
        "scheduled_start_target_ns_by_rank": [
          744693393749947,
          744693393749947,
          744693393749947,
          744693393749947
        ],
        "start_record_bracket_ns_by_rank": [
          [
            744693393752168,
            744693393788678
          ],
          [
            744693393751074,
            744693393775020
          ],
          [
            744693393750570,
            744693393768236
          ],
          [
            744693393750590,
            744693393768218
          ]
        ],
        "start_record_envelope_span_ns": 38108,
        "variant": 0
      },
      {
        "collective_only": {
          "local_ms": 0.04134399816393852,
          "rank_max_ms": 0.06499200314283371,
          "rank_ms": [
            0.04134399816393852,
            0.055904000997543335,
            0.0647680014371872,
            0.06499200314283371
          ]
        },
        "pair_attempt_id": 30,
        "pair_retry_ordinal": 0,
        "position": 0,
        "readiness_probe_exact": true,
        "ready_region": {
          "local_ms": 0.29996800422668457,
          "rank_max_ms": 0.29996800422668457,
          "rank_ms": [
            0.29996800422668457,
            0.150751993060112,
            0.11529599875211716,
            0.1136000007390976
          ]
        },
        "sample_index": 30,
        "scheduled_start_arrival_ns_by_rank": [
          744693395866807,
          744693395742581,
          744693395701656,
          744693395721541
        ],
        "scheduled_start_target_ns_by_rank": [
          744693400866807,
          744693400866807,
          744693400866807,
          744693400866807
        ],
        "start_record_bracket_ns_by_rank": [
          [
            744693400869691,
            744693400909608
          ],
          [
            744693400867501,
            744693400893548
          ],
          [
            744693400867453,
            744693400885570
          ],
          [
            744693400867386,
            744693400884268
          ]
        ],
        "start_record_envelope_span_ns": 42222,
        "variant": 1
      },
      {
        "collective_only": {
          "local_ms": 0.024831999093294144,
          "rank_max_ms": 0.036448001861572266,
          "rank_ms": [
            0.024831999093294144,
            0.030751999467611313,
            0.036448001861572266,
            0.03478400036692619
          ]
        },
        "pair_attempt_id": 31,
        "pair_retry_ordinal": 0,
        "position": 1,
        "readiness_probe_exact": true,
        "ready_region": {
          "local_ms": 0.1303360015153885,
          "rank_max_ms": 0.1303360015153885,
          "rank_ms": [
            0.1303360015153885,
            0.12028799951076508,
            0.10473600029945374,
            0.1043199971318245
          ]
        },
        "sample_index": 31,
        "scheduled_start_arrival_ns_by_rank": [
          744693418584384,
          744693418443540,
          744693418415552,
          744693418456277
        ],
        "scheduled_start_target_ns_by_rank": [
          744693423584384,
          744693423584384,
          744693423584384,
          744693423584384
        ],
        "start_record_bracket_ns_by_rank": [
          [
            744693423585338,
            744693423610247
          ],
          [
            744693423585054,
            744693423607394
          ],
          [
            744693423584869,
            744693423600898
          ],
          [
            744693423584830,
            744693423600954
          ]
        ],
        "start_record_envelope_span_ns": 25417,
        "variant": 0
      },
      {
        "collective_only": {
          "local_ms": 0.03494400158524513,
          "rank_max_ms": 0.03494400158524513,
          "rank_ms": [
            0.03494400158524513,
            0.0261439997702837,
            0.034015998244285583,
            0.0318400003015995
          ]
        },
        "pair_attempt_id": 32,
        "pair_retry_ordinal": 0,
        "position": 0,
        "readiness_probe_exact": true,
        "ready_region": {
          "local_ms": 0.09551999717950821,
          "rank_max_ms": 0.12358400225639343,
          "rank_ms": [
            0.09551999717950821,
            0.12358400225639343,
            0.11139199882745743,
            0.1074879989027977
          ]
        },
        "sample_index": 32,
        "scheduled_start_arrival_ns_by_rank": [
          744693425322727,
          744693425347647,
          744693425344993,
          744693425322351
        ],
        "scheduled_start_target_ns_by_rank": [
          744693430347647,
          744693430347647,
          744693430347647,
          744693430347647
        ],
        "start_record_bracket_ns_by_rank": [
          [
            744693430348073,
            744693430362780
          ],
          [
            744693430348640,
            744693430370689
          ],
          [
            744693430348259,
            744693430365191
          ],
          [
            744693430348143,
            744693430363375
          ]
        ],
        "start_record_envelope_span_ns": 22616,
        "variant": 1
      },
      {
        "collective_only": {
          "local_ms": 0.034015998244285583,
          "rank_max_ms": 0.03903999924659729,
          "rank_ms": [
            0.034015998244285583,
            0.02969600073993206,
            0.03903999924659729,
            0.03177599981427193
          ]
        },
        "pair_attempt_id": 33,
        "pair_retry_ordinal": 0,
        "position": 1,
        "readiness_probe_exact": true,
        "ready_region": {
          "local_ms": 0.13366399705410004,
          "rank_max_ms": 0.1340160071849823,
          "rank_ms": [
            0.13366399705410004,
            0.12828800082206726,
            0.11948800086975098,
            0.1340160071849823
          ]
        },
        "sample_index": 33,
        "scheduled_start_arrival_ns_by_rank": [
          744693448349713,
          744693448397005,
          744693448340834,
          744693448338672
        ],
        "scheduled_start_target_ns_by_rank": [
          744693453397005,
          744693453397005,
          744693453397005,
          744693453397005
        ],
        "start_record_bracket_ns_by_rank": [
          [
            744693453397980,
            744693453419469
          ],
          [
            744693453397792,
            744693453423301
          ],
          [
            744693453397574,
            744693453416316
          ],
          [
            744693453397953,
            744693453420459
          ]
        ],
        "start_record_envelope_span_ns": 25727,
        "variant": 0
      },
      {
        "collective_only": {
          "local_ms": 0.027648000046610832,
          "rank_max_ms": 0.049855999648571014,
          "rank_ms": [
            0.027648000046610832,
            0.034623999148607254,
            0.046560000628232956,
            0.049855999648571014
          ]
        },
        "pair_attempt_id": 34,
        "pair_retry_ordinal": 0,
        "position": 0,
        "readiness_probe_exact": true,
        "ready_region": {
          "local_ms": 0.13583999872207642,
          "rank_max_ms": 0.13811199367046356,
          "rank_ms": [
            0.13583999872207642,
            0.13811199367046356,
            0.111455999314785,
            0.11299200356006622
          ]
        },
        "sample_index": 34,
        "scheduled_start_arrival_ns_by_rank": [
          744693458174658,
          744693457982473,
          744693457941132,
          744693458024852
        ],
        "scheduled_start_target_ns_by_rank": [
          744693463174658,
          744693463174658,
          744693463174658,
          744693463174658
        ],
        "start_record_bracket_ns_by_rank": [
          [
            744693463175531,
            744693463217792
          ],
          [
            744693463175630,
            744693463212644
          ],
          [
            744693463175231,
            744693463201442
          ],
          [
            744693463175227,
            744693463199587
          ]
        ],
        "start_record_envelope_span_ns": 42565,
        "variant": 1
      },
      {
        "collective_only": {
          "local_ms": 0.03513599932193756,
          "rank_max_ms": 0.058079998940229416,
          "rank_ms": [
            0.03513599932193756,
            0.04838399961590767,
            0.05628800019621849,
            0.058079998940229416
          ]
        },
        "pair_attempt_id": 35,
        "pair_retry_ordinal": 0,
        "position": 1,
        "readiness_probe_exact": true,
        "ready_region": {
          "local_ms": 0.20127999782562256,
          "rank_max_ms": 0.20127999782562256,
          "rank_ms": [
            0.20127999782562256,
            0.1375039964914322,
            0.10918399691581726,
            0.10716799646615982
          ]
        },
        "sample_index": 35,
        "scheduled_start_arrival_ns_by_rank": [
          744693482051679,
          744693481892874,
          744693481912326,
          744693481930336
        ],
        "scheduled_start_target_ns_by_rank": [
          744693487051679,
          744693487051679,
          744693487051679,
          744693487051679
        ],
        "start_record_bracket_ns_by_rank": [
          [
            744693487053895,
            744693487090068
          ],
          [
            744693487052617,
            744693487077239
          ],
          [
            744693487052258,
            744693487070285
          ],
          [
            744693487052251,
            744693487068794
          ]
        ],
        "start_record_envelope_span_ns": 37817,
        "variant": 0
      },
      {
        "collective_only": {
          "local_ms": 0.027295999228954315,
          "rank_max_ms": 0.03766399994492531,
          "rank_ms": [
            0.027295999228954315,
            0.031168000772595406,
            0.03766399994492531,
            0.032735999673604965
          ]
        },
        "pair_attempt_id": 36,
        "pair_retry_ordinal": 0,
        "position": 0,
        "readiness_probe_exact": true,
        "ready_region": {
          "local_ms": 0.12729600071907043,
          "rank_max_ms": 0.12729600071907043,
          "rank_ms": [
            0.12729600071907043,
            0.12364800274372101,
            0.11587200313806534,
            0.12211199849843979
          ]
        },
        "sample_index": 36,
        "scheduled_start_arrival_ns_by_rank": [
          744693490248461,
          744693489899658,
          744693489923221,
          744693489937881
        ],
        "scheduled_start_target_ns_by_rank": [
          744693495248461,
          744693495248461,
          744693495248461,
          744693495248461
        ],
        "start_record_bracket_ns_by_rank": [
          [
            744693495249203,
            744693495274255
          ],
          [
            744693495249256,
            744693495272758
          ],
          [
            744693495249026,
            744693495267278
          ],
          [
            744693495249222,
            744693495272023
          ]
        ],
        "start_record_envelope_span_ns": 25229,
        "variant": 1
      },
      {
        "collective_only": {
          "local_ms": 0.03510399907827377,
          "rank_max_ms": 0.05395200103521347,
          "rank_ms": [
            0.03510399907827377,
            0.04912000149488449,
            0.052480001002550125,
            0.05395200103521347
          ]
        },
        "pair_attempt_id": 37,
        "pair_retry_ordinal": 0,
        "position": 1,
        "readiness_probe_exact": true,
        "ready_region": {
          "local_ms": 0.16358399391174316,
          "rank_max_ms": 0.16358399391174316,
          "rank_ms": [
            0.16358399391174316,
            0.12889599800109863,
            0.10460799932479858,
            0.10521599650382996
          ]
        },
        "sample_index": 37,
        "scheduled_start_arrival_ns_by_rank": [
          744693513612205,
          744693513219220,
          744693513432488,
          744693513495459
        ],
        "scheduled_start_target_ns_by_rank": [
          744693518612205,
          744693518612205,
          744693518612205,
          744693518612205
        ],
        "start_record_bracket_ns_by_rank": [
          [
            744693518614024,
            744693518647235
          ],
          [
            744693518613148,
            744693518634422
          ],
          [
            744693518612810,
            744693518629142
          ],
          [
            744693518612716,
            744693518627735
          ]
        ],
        "start_record_envelope_span_ns": 34519,
        "variant": 0
      },
      {
        "collective_only": {
          "local_ms": 0.039744000881910324,
          "rank_max_ms": 0.057760000228881836,
          "rank_ms": [
            0.039744000881910324,
            0.053888000547885895,
            0.057760000228881836,
            0.05286400020122528
          ]
        },
        "pair_attempt_id": 38,
        "pair_retry_ordinal": 0,
        "position": 0,
        "readiness_probe_exact": true,
        "ready_region": {
          "local_ms": 0.22713600099086761,
          "rank_max_ms": 0.22713600099086761,
          "rank_ms": [
            0.22713600099086761,
            0.10963200032711029,
            0.10710400342941284,
            0.13158400356769562
          ]
        },
        "sample_index": 38,
        "scheduled_start_arrival_ns_by_rank": [
          744693520801890,
          744693520677812,
          744693520721700,
          744693520747882
        ],
        "scheduled_start_target_ns_by_rank": [
          744693525801890,
          744693525801890,
          744693525801890,
          744693525801890
        ],
        "start_record_bracket_ns_by_rank": [
          [
            744693525804441,
            744693525840406
          ],
          [
            744693525802617,
            744693525823394
          ],
          [
            744693525802409,
            744693525819162
          ],
          [
            744693525802300,
            744693525822742
          ]
        ],
        "start_record_envelope_span_ns": 38106,
        "variant": 1
      },
      {
        "collective_only": {
          "local_ms": 0.03587200120091438,
          "rank_max_ms": 0.057312000542879105,
          "rank_ms": [
            0.03587200120091438,
            0.051231998950242996,
            0.057312000542879105,
            0.056223999708890915
          ]
        },
        "pair_attempt_id": 39,
        "pair_retry_ordinal": 0,
        "position": 1,
        "readiness_probe_exact": true,
        "ready_region": {
          "local_ms": 0.1812479943037033,
          "rank_max_ms": 0.1812479943037033,
          "rank_ms": [
            0.1812479943037033,
            0.10569600015878677,
            0.1042879968881607,
            0.10655999928712845
          ]
        },
        "sample_index": 39,
        "scheduled_start_arrival_ns_by_rank": [
          744693546336087,
          744693546208407,
          744693546163823,
          744693546213567
        ],
        "scheduled_start_target_ns_by_rank": [
          744693551336087,
          744693551336087,
          744693551336087,
          744693551336087
        ],
        "start_record_bracket_ns_by_rank": [
          [
            744693551338400,
            744693551373255
          ],
          [
            744693551336621,
            744693551357986
          ],
          [
            744693551336631,
            744693551353189
          ],
          [
            744693551336665,
            744693551352115
          ]
        ],
        "start_record_envelope_span_ns": 36634,
        "variant": 0
      },
      {
        "collective_only": {
          "local_ms": 0.038495998829603195,
          "rank_max_ms": 0.07273600250482559,
          "rank_ms": [
            0.038495998829603195,
            0.05417599901556969,
            0.07184000313282013,
            0.07273600250482559
          ]
        },
        "pair_attempt_id": 40,
        "pair_retry_ordinal": 0,
        "position": 0,
        "readiness_probe_exact": true,
        "ready_region": {
          "local_ms": 0.1783680021762848,
          "rank_max_ms": 0.1783680021762848,
          "rank_ms": [
            0.1783680021762848,
            0.11462400108575821,
            0.11177600175142288,
            0.1106560006737709
          ]
        },
        "sample_index": 40,
        "scheduled_start_arrival_ns_by_rank": [
          744693555818244,
          744693555906606,
          744693555686946,
          744693556167119
        ],
        "scheduled_start_target_ns_by_rank": [
          744693561167119,
          744693561167119,
          744693561167119,
          744693561167119
        ],
        "start_record_bracket_ns_by_rank": [
          [
            744693561169162,
            744693561220056
          ],
          [
            744693561167921,
            744693561201416
          ],
          [
            744693561167731,
            744693561183520
          ],
          [
            744693561167613,
            744693561184071
          ]
        ],
        "start_record_envelope_span_ns": 52443,
        "variant": 1
      },
      {
        "collective_only": {
          "local_ms": 0.028960000723600388,
          "rank_max_ms": 0.04383999854326248,
          "rank_ms": [
            0.028960000723600388,
            0.03743999823927879,
            0.04383999854326248,
            0.04124800115823746
          ]
        },
        "pair_attempt_id": 41,
        "pair_retry_ordinal": 0,
        "position": 1,
        "readiness_probe_exact": true,
        "ready_region": {
          "local_ms": 0.14204800128936768,
          "rank_max_ms": 0.14204800128936768,
          "rank_ms": [
            0.14204800128936768,
            0.1289920061826706,
            0.11321599781513214,
            0.11619199812412262
          ]
        },
        "sample_index": 41,
        "scheduled_start_arrival_ns_by_rank": [
          744693580351217,
          744693580129028,
          744693580132339,
          744693580213083
        ],
        "scheduled_start_target_ns_by_rank": [
          744693585351217,
          744693585351217,
          744693585351217,
          744693585351217
        ],
        "start_record_bracket_ns_by_rank": [
          [
            744693585352758,
            744693585381099
          ],
          [
            744693585352067,
            744693585375947
          ],
          [
            744693585351767,
            744693585368630
          ],
          [
            744693585351651,
            744693585368120
          ]
        ],
        "start_record_envelope_span_ns": 29448,
        "variant": 0
      },
      {
        "collective_only": {
          "local_ms": 0.026335999369621277,
          "rank_max_ms": 0.0342399999499321,
          "rank_ms": [
            0.026335999369621277,
            0.02812799997627735,
            0.0342399999499321,
            0.03215999901294708
          ]
        },
        "pair_attempt_id": 42,
        "pair_retry_ordinal": 0,
        "position": 0,
        "readiness_probe_exact": true,
        "ready_region": {
          "local_ms": 0.11734399944543839,
          "rank_max_ms": 0.11734399944543839,
          "rank_ms": [
            0.11734399944543839,
            0.10892800241708755,
            0.10239999741315842,
            0.10419200360774994
          ]
        },
        "sample_index": 42,
        "scheduled_start_arrival_ns_by_rank": [
          744693587329715,
          744693587336185,
          744693587294785,
          744693587318429
        ],
        "scheduled_start_target_ns_by_rank": [
          744693592336185,
          744693592336185,
          744693592336185,
          744693592336185
        ],
        "start_record_bracket_ns_by_rank": [
          [
            744693592337103,
            744693592358699
          ],
          [
            744693592336871,
            744693592357128
          ],
          [
            744693592336756,
            744693592352459
          ],
          [
            744693592336694,
            744693592351950
          ]
        ],
        "start_record_envelope_span_ns": 22005,
        "variant": 1
      },
      {
        "collective_only": {
          "local_ms": 0.026240000501275063,
          "rank_max_ms": 0.03219199925661087,
          "rank_ms": [
            0.026240000501275063,
            0.023871999233961105,
            0.028831999748945236,
            0.03219199925661087
          ]
        },
        "pair_attempt_id": 43,
        "pair_retry_ordinal": 0,
        "position": 1,
        "readiness_probe_exact": true,
        "ready_region": {
          "local_ms": 0.10595200210809708,
          "rank_max_ms": 0.10595200210809708,
          "rank_ms": [
            0.10595200210809708,
            0.10316800326108932,
            0.10473600029945374,
            0.10531199723482132
          ]
        },
        "sample_index": 43,
        "scheduled_start_arrival_ns_by_rank": [
          744693616524335,
          744693616589653,
          744693616598593,
          744693616565415
        ],
        "scheduled_start_target_ns_by_rank": [
          744693621598593,
          744693621598593,
          744693621598593,
          744693621598593
        ],
        "start_record_bracket_ns_by_rank": [
          [
            744693621599125,
            744693621618173
          ],
          [
            744693621599197,
            744693621620283
          ],
          [
            744693621599140,
            744693621616676
          ],
          [
            744693621599137,
            744693621614853
          ]
        ],
        "start_record_envelope_span_ns": 21158,
        "variant": 0
      },
      {
        "collective_only": {
          "local_ms": 0.025407999753952026,
          "rank_max_ms": 0.03494400158524513,
          "rank_ms": [
            0.025407999753952026,
            0.0289280004799366,
            0.03494400158524513,
            0.029920000582933426
          ]
        },
        "pair_attempt_id": 44,
        "pair_retry_ordinal": 0,
        "position": 0,
        "readiness_probe_exact": true,
        "ready_region": {
          "local_ms": 0.10716799646615982,
          "rank_max_ms": 0.11568000167608261,
          "rank_ms": [
            0.10716799646615982,
            0.11568000167608261,
            0.10220800340175629,
            0.10595200210809708
          ]
        },
        "sample_index": 44,
        "scheduled_start_arrival_ns_by_rank": [
          744693624433205,
          744693624255952,
          744693624221214,
          744693624272853
        ],
        "scheduled_start_target_ns_by_rank": [
          744693629433205,
          744693629433205,
          744693629433205,
          744693629433205
        ],
        "start_record_bracket_ns_by_rank": [
          [
            744693629433752,
            744693629457513
          ],
          [
            744693629433687,
            744693629455102
          ],
          [
            744693629433723,
            744693629449750
          ],
          [
            744693629433701,
            744693629450917
          ]
        ],
        "start_record_envelope_span_ns": 23826,
        "variant": 1
      },
      {
        "collective_only": {
          "local_ms": 0.02425600029528141,
          "rank_max_ms": 0.03964800015091896,
          "rank_ms": [
            0.02425600029528141,
            0.030432000756263733,
            0.03830400109291077,
            0.03964800015091896
          ]
        },
        "pair_attempt_id": 45,
        "pair_retry_ordinal": 0,
        "position": 1,
        "readiness_probe_exact": true,
        "ready_region": {
          "local_ms": 0.1249919980764389,
          "rank_max_ms": 0.1249919980764389,
          "rank_ms": [
            0.1249919980764389,
            0.11472000181674957,
            0.10115200281143188,
            0.09894400089979172
          ]
        },
        "sample_index": 45,
        "scheduled_start_arrival_ns_by_rank": [
          744693655804259,
          744693655657720,
          744693655191694,
          744693654822937
        ],
        "scheduled_start_target_ns_by_rank": [
          744693660804259,
          744693660804259,
          744693660804259,
          744693660804259
        ],
        "start_record_bracket_ns_by_rank": [
          [
            744693660805143,
            744693660832253
          ],
          [
            744693660805143,
            744693660829931
          ],
          [
            744693660804792,
            744693660822563
          ],
          [
            744693660804768,
            744693660821223
          ]
        ],
        "start_record_envelope_span_ns": 27485,
        "variant": 0
      },
      {
        "collective_only": {
          "local_ms": 0.025087999179959297,
          "rank_max_ms": 0.039103999733924866,
          "rank_ms": [
            0.025087999179959297,
            0.029023999348282814,
            0.039103999733924866,
            0.03888000175356865
          ]
        },
        "pair_attempt_id": 46,
        "pair_retry_ordinal": 0,
        "position": 0,
        "readiness_probe_exact": true,
        "ready_region": {
          "local_ms": 0.1520320028066635,
          "rank_max_ms": 0.1520320028066635,
          "rank_ms": [
            0.1520320028066635,
            0.12495999783277512,
            0.11843200027942657,
            0.11984000355005264
          ]
        },
        "sample_index": 46,
        "scheduled_start_arrival_ns_by_rank": [
          744693664932469,
          744693664634945,
          744693664601107,
          744693664633006
        ],
        "scheduled_start_target_ns_by_rank": [
          744693669932469,
          744693669932469,
          744693669932469,
          744693669932469
        ],
        "start_record_bracket_ns_by_rank": [
          [
            744693669933128,
            744693669959683
          ],
          [
            744693669933017,
            744693669958623
          ],
          [
            744693669932892,
            744693669951213
          ],
          [
            744693669932786,
            744693669948863
          ]
        ],
        "start_record_envelope_span_ns": 26897,
        "variant": 1
      },
      {
        "collective_only": {
          "local_ms": 0.02687999978661537,
          "rank_max_ms": 0.03363199904561043,
          "rank_ms": [
            0.02687999978661537,
            0.02502400055527687,
            0.03363199904561043,
            0.03267199918627739
          ]
        },
        "pair_attempt_id": 47,
        "pair_retry_ordinal": 0,
        "position": 1,
        "readiness_probe_exact": true,
        "ready_region": {
          "local_ms": 0.11155200004577637,
          "rank_max_ms": 0.11683200299739838,
          "rank_ms": [
            0.11155200004577637,
            0.11683200299739838,
            0.11081600189208984,
            0.111455999314785
          ]
        },
        "sample_index": 47,
        "scheduled_start_arrival_ns_by_rank": [
          744693691517945,
          744693691250189,
          744693691167276,
          744693691241328
        ],
        "scheduled_start_target_ns_by_rank": [
          744693696517945,
          744693696517945,
          744693696517945,
          744693696517945
        ],
        "start_record_bracket_ns_by_rank": [
          [
            744693696518407,
            744693696538304
          ],
          [
            744693696518613,
            744693696539626
          ],
          [
            744693696518507,
            744693696535241
          ],
          [
            744693696518574,
            744693696534869
          ]
        ],
        "start_record_envelope_span_ns": 21219,
        "variant": 0
      },
      {
        "collective_only": {
          "local_ms": 0.027904000133275986,
          "rank_max_ms": 0.04089599847793579,
          "rank_ms": [
            0.027904000133275986,
            0.030047999694943428,
            0.04089599847793579,
            0.04028800129890442
          ]
        },
        "pair_attempt_id": 48,
        "pair_retry_ordinal": 0,
        "position": 0,
        "readiness_probe_exact": true,
        "ready_region": {
          "local_ms": 0.1263040006160736,
          "rank_max_ms": 0.1263040006160736,
          "rank_ms": [
            0.1263040006160736,
            0.12432000041007996,
            0.11401599645614624,
            0.11283200234174728
          ]
        },
        "sample_index": 48,
        "scheduled_start_arrival_ns_by_rank": [
          744693701745618,
          744693701622088,
          744693701637964,
          744693702304860
        ],
        "scheduled_start_target_ns_by_rank": [
          744693707304860,
          744693707304860,
          744693707304860,
          744693707304860
        ],
        "start_record_bracket_ns_by_rank": [
          [
            744693707305545,
            744693707334158
          ],
          [
            744693707305454,
            744693707332980
          ],
          [
            744693707305335,
            744693707324210
          ],
          [
            744693707305375,
            744693707323337
          ]
        ],
        "start_record_envelope_span_ns": 28823,
        "variant": 1
      },
      {
        "collective_only": {
          "local_ms": 0.02876799926161766,
          "rank_max_ms": 0.03791999816894531,
          "rank_ms": [
            0.02876799926161766,
            0.028351999819278717,
            0.03791999816894531,
            0.03699199855327606
          ]
        },
        "pair_attempt_id": 49,
        "pair_retry_ordinal": 0,
        "position": 1,
        "readiness_probe_exact": true,
        "ready_region": {
          "local_ms": 0.13446399569511414,
          "rank_max_ms": 0.14617599546909332,
          "rank_ms": [
            0.13446399569511414,
            0.14617599546909332,
            0.11215999722480774,
            0.11315199732780457
          ]
        },
        "sample_index": 49,
        "scheduled_start_arrival_ns_by_rank": [
          744693729319422,
          744693729374639,
          744693729221151,
          744693729239737
        ],
        "scheduled_start_target_ns_by_rank": [
          744693734374639,
          744693734374639,
          744693734374639,
          744693734374639
        ],
        "start_record_bracket_ns_by_rank": [
          [
            744693734375380,
            744693734401073
          ],
          [
            744693734375449,
            744693734398719
          ],
          [
            744693734375169,
            744693734392164
          ],
          [
            744693734375179,
            744693734391441
          ]
        ],
        "start_record_envelope_span_ns": 25904,
        "variant": 0
      },
      {
        "collective_only": {
          "local_ms": 0.029600000008940697,
          "rank_max_ms": 0.047968000173568726,
          "rank_ms": [
            0.029600000008940697,
            0.037376001477241516,
            0.046879999339580536,
            0.047968000173568726
          ]
        },
        "pair_attempt_id": 50,
        "pair_retry_ordinal": 0,
        "position": 0,
        "readiness_probe_exact": true,
        "ready_region": {
          "local_ms": 0.14393599331378937,
          "rank_max_ms": 0.14393599331378937,
          "rank_ms": [
            0.14393599331378937,
            0.1300159990787506,
            0.10566399991512299,
            0.10320000350475311
          ]
        },
        "sample_index": 50,
        "scheduled_start_arrival_ns_by_rank": [
          744693739427006,
          744693739506735,
          744693739404757,
          744693739132256
        ],
        "scheduled_start_target_ns_by_rank": [
          744693744506735,
          744693744506735,
          744693744506735,
          744693744506735
        ],
        "start_record_bracket_ns_by_rank": [
          [
            744693744508651,
            744693744538747
          ],
          [
            744693744507659,
            744693744533105
          ],
          [
            744693744507212,
            744693744523673
          ],
          [
            744693744507274,
            744693744522281
          ]
        ],
        "start_record_envelope_span_ns": 31535,
        "variant": 1
      },
      {
        "collective_only": {
          "local_ms": 0.027295999228954315,
          "rank_max_ms": 0.039135999977588654,
          "rank_ms": [
            0.027295999228954315,
            0.030432000756263733,
            0.039135999977588654,
            0.038336001336574554
          ]
        },
        "pair_attempt_id": 51,
        "pair_retry_ordinal": 0,
        "position": 1,
        "readiness_probe_exact": true,
        "ready_region": {
          "local_ms": 0.12809599936008453,
          "rank_max_ms": 0.12809599936008453,
          "rank_ms": [
            0.12809599936008453,
            0.12383999675512314,
            0.11308799684047699,
            0.11315199732780457
          ]
        },
        "sample_index": 51,
        "scheduled_start_arrival_ns_by_rank": [
          744693764567096,
          744693764703009,
          744693764246296,
          744693764322691
        ],
        "scheduled_start_target_ns_by_rank": [
          744693769703009,
          744693769703009,
          744693769703009,
          744693769703009
        ],
        "start_record_bracket_ns_by_rank": [
          [
            744693769703700,
            744693769730119
          ],
          [
            744693769703902,
            744693769728513
          ],
          [
            744693769703549,
            744693769721600
          ],
          [
            744693769703496,
            744693769720214
          ]
        ],
        "start_record_envelope_span_ns": 26623,
        "variant": 0
      },
      {
        "collective_only": {
          "local_ms": 0.2742080092430115,
          "rank_max_ms": 0.40326398611068726,
          "rank_ms": [
            0.2742080092430115,
            0.027775999158620834,
            0.40064001083374023,
            0.40326398611068726
          ]
        },
        "pair_attempt_id": 52,
        "pair_retry_ordinal": 0,
        "position": 0,
        "readiness_probe_exact": true,
        "ready_region": {
          "local_ms": 0.2834559977054596,
          "rank_max_ms": 0.4134399890899658,
          "rank_ms": [
            0.2834559977054596,
            0.12774400413036346,
            0.41065600514411926,
            0.4134399890899658
          ]
        },
        "sample_index": 52,
        "scheduled_start_arrival_ns_by_rank": [
          744693773931992,
          744693773737333,
          744693773706917,
          744693773519208
        ],
        "scheduled_start_target_ns_by_rank": [
          744693778931992,
          744693778931992,
          744693778931992,
          744693778931992
        ],
        "start_record_bracket_ns_by_rank": [
          [
            744693779047761,
            744693779075011
          ],
          [
            744693779294245,
            744693779320861
          ],
          [
            744693778932354,
            744693778949641
          ],
          [
            744693778932395,
            744693778947211
          ]
        ],
        "start_record_envelope_span_ns": 388507,
        "variant": 1
      },
      {
        "collective_only": {
          "local_ms": 0.028031999245285988,
          "rank_max_ms": 0.0541439987719059,
          "rank_ms": [
            0.028031999245285988,
            0.04560000076889992,
            0.05116799846291542,
            0.0541439987719059
          ]
        },
        "pair_attempt_id": 54,
        "pair_retry_ordinal": 1,
        "position": 1,
        "readiness_probe_exact": true,
        "ready_region": {
          "local_ms": 0.12937599420547485,
          "rank_max_ms": 0.12937599420547485,
          "rank_ms": [
            0.12937599420547485,
            0.12563200294971466,
            0.11718399822711945,
            0.11327999830245972
          ]
        },
        "sample_index": 53,
        "scheduled_start_arrival_ns_by_rank": [
          744693820716594,
          744693820605958,
          744693820466030,
          744693820543644
        ],
        "scheduled_start_target_ns_by_rank": [
          744693825716594,
          744693825716594,
          744693825716594,
          744693825716594
        ],
        "start_record_bracket_ns_by_rank": [
          [
            744693825730139,
            744693825758578
          ],
          [
            744693825717380,
            744693825741972
          ],
          [
            744693825717184,
            744693825737176
          ],
          [
            744693825717122,
            744693825734696
          ]
        ],
        "start_record_envelope_span_ns": 41456,
        "variant": 1
      },
      {
        "collective_only": {
          "local_ms": 0.026016000658273697,
          "rank_max_ms": 0.03577600046992302,
          "rank_ms": [
            0.026016000658273697,
            0.028063999488949776,
            0.03577600046992302,
            0.03270399942994118
          ]
        },
        "pair_attempt_id": 55,
        "pair_retry_ordinal": 0,
        "position": 0,
        "readiness_probe_exact": true,
        "ready_region": {
          "local_ms": 0.11084800213575363,
          "rank_max_ms": 0.11273600161075592,
          "rank_ms": [
            0.11084800213575363,
            0.11273600161075592,
            0.10620799660682678,
            0.10339199751615524
          ]
        },
        "sample_index": 54,
        "scheduled_start_arrival_ns_by_rank": [
          744693829873529,
          744693830018161,
          744693829608323,
          744693829583909
        ],
        "scheduled_start_target_ns_by_rank": [
          744693835018161,
          744693835018161,
          744693835018161,
          744693835018161
        ],
        "start_record_bracket_ns_by_rank": [
          [
            744693835018849,
            744693835042966
          ],
          [
            744693835018887,
            744693835041521
          ],
          [
            744693835018608,
            744693835035212
          ],
          [
            744693835018589,
            744693835034902
          ]
        ],
        "start_record_envelope_span_ns": 24377,
        "variant": 0
      },
      {
        "collective_only": {
          "local_ms": 0.031072000041604042,
          "rank_max_ms": 0.041760001331567764,
          "rank_ms": [
            0.031072000041604042,
            0.02844800055027008,
            0.041760001331567764,
            0.04150399938225746
          ]
        },
        "pair_attempt_id": 56,
        "pair_retry_ordinal": 0,
        "position": 1,
        "readiness_probe_exact": true,
        "ready_region": {
          "local_ms": 0.11795199662446976,
          "rank_max_ms": 0.14326399564743042,
          "rank_ms": [
            0.11795199662446976,
            0.14326399564743042,
            0.10857599973678589,
            0.11219199746847153
          ]
        },
        "sample_index": 55,
        "scheduled_start_arrival_ns_by_rank": [
          744693854064375,
          744693854300210,
          744693853930997,
          744693853810575
        ],
        "scheduled_start_target_ns_by_rank": [
          744693859300210,
          744693859300210,
          744693859300210,
          744693859300210
        ],
        "start_record_bracket_ns_by_rank": [
          [
            744693859300716,
            744693859327773
          ],
          [
            744693859300962,
            744693859329220
          ],
          [
            744693859300737,
            744693859318082
          ],
          [
            744693859300754,
            744693859317886
          ]
        ],
        "start_record_envelope_span_ns": 28504,
        "variant": 1
      },
      {
        "collective_only": {
          "local_ms": 0.026847999542951584,
          "rank_max_ms": 0.03855999931693077,
          "rank_ms": [
            0.026847999542951584,
            0.028351999819278717,
            0.03788800165057182,
            0.03855999931693077
          ]
        },
        "pair_attempt_id": 57,
        "pair_retry_ordinal": 0,
        "position": 0,
        "readiness_probe_exact": true,
        "ready_region": {
          "local_ms": 0.12300799787044525,
          "rank_max_ms": 0.12300799787044525,
          "rank_ms": [
            0.12300799787044525,
            0.11615999788045883,
            0.11343999952077866,
            0.10710400342941284
          ]
        },
        "sample_index": 56,
        "scheduled_start_arrival_ns_by_rank": [
          744693863297881,
          744693863037632,
          744693862870796,
          744693863285116
        ],
        "scheduled_start_target_ns_by_rank": [
          744693868297881,
          744693868297881,
          744693868297881,
          744693868297881
        ],
        "start_record_bracket_ns_by_rank": [
          [
            744693868298608,
            744693868324415
          ],
          [
            744693868298701,
            744693868324506
          ],
          [
            744693868298368,
            744693868315843
          ],
          [
            744693868298341,
            744693868314612
          ]
        ],
        "start_record_envelope_span_ns": 26165,
        "variant": 0
      },
      {
        "collective_only": {
          "local_ms": 0.02816000021994114,
          "rank_max_ms": 0.04032000154256821,
          "rank_ms": [
            0.02816000021994114,
            0.033695999532938004,
            0.03961599990725517,
            0.04032000154256821
          ]
        },
        "pair_attempt_id": 58,
        "pair_retry_ordinal": 0,
        "position": 1,
        "readiness_probe_exact": true,
        "ready_region": {
          "local_ms": 0.1499200016260147,
          "rank_max_ms": 0.1499200016260147,
          "rank_ms": [
            0.1499200016260147,
            0.10688000172376633,
            0.10771200060844421,
            0.10406400263309479
          ]
        },
        "sample_index": 57,
        "scheduled_start_arrival_ns_by_rank": [
          744693889033327,
          744693888789011,
          744693888548282,
          744693889033427
        ],
        "scheduled_start_target_ns_by_rank": [
          744693894033427,
          744693894033427,
          744693894033427,
          744693894033427
        ],
        "start_record_bracket_ns_by_rank": [
          [
            744693894034186,
            744693894060683
          ],
          [
            744693894033918,
            744693894055401
          ],
          [
            744693894033932,
            744693894051340
          ],
          [
            744693894033958,
            744693894049437
          ]
        ],
        "start_record_envelope_span_ns": 26765,
        "variant": 1
      },
      {
        "collective_only": {
          "local_ms": 0.03779200091958046,
          "rank_max_ms": 0.03779200091958046,
          "rank_ms": [
            0.03779200091958046,
            0.027775999158620834,
            0.03580800071358681,
            0.035999998450279236
          ]
        },
        "pair_attempt_id": 59,
        "pair_retry_ordinal": 0,
        "position": 0,
        "readiness_probe_exact": true,
        "ready_region": {
          "local_ms": 0.1066880002617836,
          "rank_max_ms": 0.12243200093507767,
          "rank_ms": [
            0.1066880002617836,
            0.12243200093507767,
            0.11430399864912033,
            0.11481600254774094
          ]
        },
        "sample_index": 58,
        "scheduled_start_arrival_ns_by_rank": [
          744693897750777,
          744693897698156,
          744693897500747,
          744693897692030
        ],
        "scheduled_start_target_ns_by_rank": [
          744693902750777,
          744693902750777,
          744693902750777,
          744693902750777
        ],
        "start_record_bracket_ns_by_rank": [
          [
            744693902751263,
            744693902767421
          ],
          [
            744693902751378,
            744693902775759
          ],
          [
            744693902751192,
            744693902769241
          ],
          [
            744693902751132,
            744693902769016
          ]
        ],
        "start_record_envelope_span_ns": 24627,
        "variant": 0
      },
      {
        "collective_only": {
          "local_ms": 0.027008000761270523,
          "rank_max_ms": 0.040608000010252,
          "rank_ms": [
            0.027008000761270523,
            0.0297279991209507,
            0.03888000175356865,
            0.040608000010252
          ]
        },
        "pair_attempt_id": 60,
        "pair_retry_ordinal": 0,
        "position": 1,
        "readiness_probe_exact": true,
        "ready_region": {
          "local_ms": 0.12806400656700134,
          "rank_max_ms": 0.12806400656700134,
          "rank_ms": [
            0.12806400656700134,
            0.1271039992570877,
            0.10710400342941284,
            0.10979200154542923
          ]
        },
        "sample_index": 59,
        "scheduled_start_arrival_ns_by_rank": [
          744693933317034,
          744693933115757,
          744693933027566,
          744693933240579
        ],
        "scheduled_start_target_ns_by_rank": [
          744693938317034,
          744693938317034,
          744693938317034,
          744693938317034
        ],
        "start_record_bracket_ns_by_rank": [
          [
            744693938318109,
            744693938345127
          ],
          [
            744693938317691,
            744693938343587
          ],
          [
            744693938317597,
            744693938334589
          ],
          [
            744693938317485,
            744693938333815
          ]
        ],
        "start_record_envelope_span_ns": 27642,
        "variant": 1
      },
      {
        "collective_only": {
          "local_ms": 0.02796800062060356,
          "rank_max_ms": 0.0416640006005764,
          "rank_ms": [
            0.02796800062060356,
            0.029823999851942062,
            0.0416640006005764,
            0.041280001401901245
          ]
        },
        "pair_attempt_id": 61,
        "pair_retry_ordinal": 0,
        "position": 0,
        "readiness_probe_exact": true,
        "ready_region": {
          "local_ms": 0.13129599392414093,
          "rank_max_ms": 0.13129599392414093,
          "rank_ms": [
            0.13129599392414093,
            0.11139199882745743,
            0.1082879975438118,
            0.10665600001811981
          ]
        },
        "sample_index": 60,
        "scheduled_start_arrival_ns_by_rank": [
          744693941526043,
          744693941358716,
          744693941359242,
          744693941613815
        ],
        "scheduled_start_target_ns_by_rank": [
          744693946613815,
          744693946613815,
          744693946613815,
          744693946613815
        ],
        "start_record_bracket_ns_by_rank": [
          [
            744693946615215,
            744693946642782
          ],
          [
            744693946614824,
            744693946642917
          ],
          [
            744693946614293,
            744693946631436
          ],
          [
            744693946614298,
            744693946630922
          ]
        ],
        "start_record_envelope_span_ns": 28624,
        "variant": 0
      },
      {
        "collective_only": {
          "local_ms": 0.03206399828195572,
          "rank_max_ms": 0.047839999198913574,
          "rank_ms": [
            0.03206399828195572,
            0.036896001547575,
            0.043776001781225204,
            0.047839999198913574
          ]
        },
        "pair_attempt_id": 62,
        "pair_retry_ordinal": 0,
        "position": 1,
        "readiness_probe_exact": true,
        "ready_region": {
          "local_ms": 0.1629440039396286,
          "rank_max_ms": 0.1629440039396286,
          "rank_ms": [
            0.1629440039396286,
            0.13420799374580383,
            0.12748800218105316,
            0.11407999694347382
          ]
        },
        "sample_index": 61,
        "scheduled_start_arrival_ns_by_rank": [
          744693969433661,
          744693969533042,
          744693968742108,
          744693969317913
        ],
        "scheduled_start_target_ns_by_rank": [
          744693974533042,
          744693974533042,
          744693974533042,
          744693974533042
        ],
        "start_record_bracket_ns_by_rank": [
          [
            744693974534507,
            744693974566683
          ],
          [
            744693974533900,
            744693974562609
          ],
          [
            744693974533855,
            744693974556678
          ],
          [
            744693974533627,
            744693974551739
          ]
        ],
        "start_record_envelope_span_ns": 33056,
        "variant": 1
      },
      {
        "collective_only": {
          "local_ms": 0.034432001411914825,
          "rank_max_ms": 0.034432001411914825,
          "rank_ms": [
            0.034432001411914825,
            0.02502400055527687,
            0.033695999532938004,
            0.0342399999499321
          ]
        },
        "pair_attempt_id": 63,
        "pair_retry_ordinal": 0,
        "position": 0,
        "readiness_probe_exact": true,
        "ready_region": {
          "local_ms": 0.09430400282144547,
          "rank_max_ms": 0.10601600259542465,
          "rank_ms": [
            0.09430400282144547,
            0.10601600259542465,
            0.10342399775981903,
            0.10246399790048599
          ]
        },
        "sample_index": 62,
        "scheduled_start_arrival_ns_by_rank": [
          744693980981891,
          744693981472028,
          744693980396400,
          744693980916899
        ],
        "scheduled_start_target_ns_by_rank": [
          744693986472028,
          744693986472028,
          744693986472028,
          744693986472028
        ],
        "start_record_bracket_ns_by_rank": [
          [
            744693986472462,
            744693986487832
          ],
          [
            744693986472578,
            744693986495484
          ],
          [
            744693986472471,
            744693986488470
          ],
          [
            744693986472501,
            744693986489092
          ]
        ],
        "start_record_envelope_span_ns": 23022,
        "variant": 0
      },
      {
        "collective_only": {
          "local_ms": 0.028384000062942505,
          "rank_max_ms": 0.03177599981427193,
          "rank_ms": [
            0.028384000062942505,
            0.023135999217629433,
            0.03177599981427193,
            0.030912000685930252
          ]
        },
        "pair_attempt_id": 64,
        "pair_retry_ordinal": 0,
        "position": 1,
        "readiness_probe_exact": true,
        "ready_region": {
          "local_ms": 0.08848000317811966,
          "rank_max_ms": 0.100832000374794,
          "rank_ms": [
            0.08848000317811966,
            0.100832000374794,
            0.09504000097513199,
            0.09564799815416336
          ]
        },
        "sample_index": 63,
        "scheduled_start_arrival_ns_by_rank": [
          744694008371412,
          744694007854274,
          744694008126889,
          744694008603624
        ],
        "scheduled_start_target_ns_by_rank": [
          744694013603624,
          744694013603624,
          744694013603624,
          744694013603624
        ],
        "start_record_bracket_ns_by_rank": [
          [
            744694013604111,
            744694013619515
          ],
          [
            744694013604191,
            744694013624247
          ],
          [
            744694013604166,
            744694013618671
          ],
          [
            744694013604063,
            744694013618466
          ]
        ],
        "start_record_envelope_span_ns": 20184,
        "variant": 1
      },
      {
        "collective_only": {
          "local_ms": 0.026399999856948853,
          "rank_max_ms": 0.03929600119590759,
          "rank_ms": [
            0.026399999856948853,
            0.03139200061559677,
            0.03916800022125244,
            0.03929600119590759
          ]
        },
        "pair_attempt_id": 65,
        "pair_retry_ordinal": 0,
        "position": 0,
        "readiness_probe_exact": true,
        "ready_region": {
          "local_ms": 0.12198399752378464,
          "rank_max_ms": 0.12198399752378464,
          "rank_ms": [
            0.12198399752378464,
            0.10300800204277039,
            0.0947519987821579,
            0.09455999732017517
          ]
        },
        "sample_index": 64,
        "scheduled_start_arrival_ns_by_rank": [
          744694019840137,
          744694019619363,
          744694019561908,
          744694019615542
        ],
        "scheduled_start_target_ns_by_rank": [
          744694024840137,
          744694024840137,
          744694024840137,
          744694024840137
        ],
        "start_record_bracket_ns_by_rank": [
          [
            744694024841076,
            744694024865636
          ],
          [
            744694024840803,
            744694024862392
          ],
          [
            744694024840645,
            744694024855978
          ],
          [
            744694024840622,
            744694024855499
          ]
        ],
        "start_record_envelope_span_ns": 25014,
        "variant": 0
      },
      {
        "collective_only": {
          "local_ms": 0.02940800040960312,
          "rank_max_ms": 0.03206399828195572,
          "rank_ms": [
            0.02940800040960312,
            0.025151999667286873,
            0.03206399828195572,
            0.0318400003015995
          ]
        },
        "pair_attempt_id": 67,
        "pair_retry_ordinal": 1,
        "position": 1,
        "readiness_probe_exact": true,
        "ready_region": {
          "local_ms": 0.09398400038480759,
          "rank_max_ms": 0.10470400005578995,
          "rank_ms": [
            0.09398400038480759,
            0.10470400005578995,
            0.09862399846315384,
            0.10294400155544281
          ]
        },
        "sample_index": 65,
        "scheduled_start_arrival_ns_by_rank": [
          744694072137377,
          744694072430531,
          744694072118552,
          744694071979617
        ],
        "scheduled_start_target_ns_by_rank": [
          744694077430531,
          744694077430531,
          744694077430531,
          744694077430531
        ],
        "start_record_bracket_ns_by_rank": [
          [
            744694077431185,
            744694077447408
          ],
          [
            744694077431208,
            744694077451999
          ],
          [
            744694077431068,
            744694077446372
          ],
          [
            744694077431014,
            744694077445673
          ]
        ],
        "start_record_envelope_span_ns": 20985,
        "variant": 0
      },
      {
        "collective_only": {
          "local_ms": 0.0306560005992651,
          "rank_max_ms": 0.035679999738931656,
          "rank_ms": [
            0.0306560005992651,
            0.029343999922275543,
            0.035071998834609985,
            0.035679999738931656
          ]
        },
        "pair_attempt_id": 68,
        "pair_retry_ordinal": 0,
        "position": 0,
        "readiness_probe_exact": true,
        "ready_region": {
          "local_ms": 0.10073599964380264,
          "rank_max_ms": 0.10531199723482132,
          "rank_ms": [
            0.10073599964380264,
            0.10374400019645691,
            0.10531199723482132,
            0.1045759990811348
          ]
        },
        "sample_index": 66,
        "scheduled_start_arrival_ns_by_rank": [
          744694080969908,
          744694080691092,
          744694080650922,
          744694080708883
        ],
        "scheduled_start_target_ns_by_rank": [
          744694085969908,
          744694085969908,
          744694085969908,
          744694085969908
        ],
        "start_record_bracket_ns_by_rank": [
          [
            744694085970515,
            744694085985152
          ],
          [
            744694085970492,
            744694085987991
          ],
          [
            744694085970377,
            744694085985921
          ],
          [
            744694085970370,
            744694085984500
          ]
        ],
        "start_record_envelope_span_ns": 17621,
        "variant": 1
      },
      {
        "collective_only": {
          "local_ms": 0.03446400165557861,
          "rank_max_ms": 0.05475199967622757,
          "rank_ms": [
            0.03446400165557861,
            0.04684799909591675,
            0.054368000477552414,
            0.05475199967622757
          ]
        },
        "pair_attempt_id": 69,
        "pair_retry_ordinal": 0,
        "position": 1,
        "readiness_probe_exact": true,
        "ready_region": {
          "local_ms": 0.16448000073432922,
          "rank_max_ms": 0.16448000073432922,
          "rank_ms": [
            0.16448000073432922,
            0.11875200271606445,
            0.1043199971318245,
            0.10876800119876862
          ]
        },
        "sample_index": 67,
        "scheduled_start_arrival_ns_by_rank": [
          744694107529998,
          744694107143651,
          744694107107462,
          744694107178419
        ],
        "scheduled_start_target_ns_by_rank": [
          744694112529998,
          744694112529998,
          744694112529998,
          744694112529998
        ],
        "start_record_bracket_ns_by_rank": [
          [
            744694112532243,
            744694112567215
          ],
          [
            744694112530776,
            744694112554201
          ],
          [
            744694112530504,
            744694112547386
          ],
          [
            744694112530531,
            744694112548386
          ]
        ],
        "start_record_envelope_span_ns": 36711,
        "variant": 0
      },
      {
        "collective_only": {
          "local_ms": 0.03843199834227562,
          "rank_max_ms": 0.062111999839544296,
          "rank_ms": [
            0.03843199834227562,
            0.05251200124621391,
            0.062111999839544296,
            0.05929600074887276
          ]
        },
        "pair_attempt_id": 72,
        "pair_retry_ordinal": 2,
        "position": 0,
        "readiness_probe_exact": true,
        "ready_region": {
          "local_ms": 0.1908160001039505,
          "rank_max_ms": 0.1908160001039505,
          "rank_ms": [
            0.1908160001039505,
            0.13619199395179749,
            0.12355200201272964,
            0.11692799627780914
          ]
        },
        "sample_index": 68,
        "scheduled_start_arrival_ns_by_rank": [
          744694157348767,
          744694156960183,
          744694156843559,
          744694156864616
        ],
        "scheduled_start_target_ns_by_rank": [
          744694162348767,
          744694162348767,
          744694162348767,
          744694162348767
        ],
        "start_record_bracket_ns_by_rank": [
          [
            744694162351134,
            744694162391593
          ],
          [
            744694162349651,
            744694162377642
          ],
          [
            744694162349271,
            744694162368099
          ],
          [
            744694162349277,
            744694162368342
          ]
        ],
        "start_record_envelope_span_ns": 42322,
        "variant": 1
      },
      {
        "collective_only": {
          "local_ms": 0.023840000852942467,
          "rank_max_ms": 0.03359999880194664,
          "rank_ms": [
            0.023840000852942467,
            0.02755199931561947,
            0.03359999880194664,
            0.03145600110292435
          ]
        },
        "pair_attempt_id": 73,
        "pair_retry_ordinal": 0,
        "position": 1,
        "readiness_probe_exact": true,
        "ready_region": {
          "local_ms": 0.11206399649381638,
          "rank_max_ms": 0.11206399649381638,
          "rank_ms": [
            0.11206399649381638,
            0.09385599941015244,
            0.09647999703884125,
            0.09558399766683578
          ]
        },
        "sample_index": 69,
        "scheduled_start_arrival_ns_by_rank": [
          744694185275047,
          744694185049982,
          744694184391834,
          744694184829421
        ],
        "scheduled_start_target_ns_by_rank": [
          744694190275047,
          744694190275047,
          744694190275047,
          744694190275047
        ],
        "start_record_bracket_ns_by_rank": [
          [
            744694190275829,
            744694190298615
          ],
          [
            744694190275530,
            744694190296855
          ],
          [
            744694190275581,
            744694190291096
          ],
          [
            744694190275635,
            744694190289190
          ]
        ],
        "start_record_envelope_span_ns": 23085,
        "variant": 0
      },
      {
        "collective_only": {
          "local_ms": 0.028960000723600388,
          "rank_max_ms": 0.04131200164556503,
          "rank_ms": [
            0.028960000723600388,
            0.031231999397277832,
            0.04131200164556503,
            0.040672000497579575
          ]
        },
        "pair_attempt_id": 74,
        "pair_retry_ordinal": 0,
        "position": 0,
        "readiness_probe_exact": true,
        "ready_region": {
          "local_ms": 0.1289920061826706,
          "rank_max_ms": 0.1289920061826706,
          "rank_ms": [
            0.1289920061826706,
            0.1117120012640953,
            0.10150399804115295,
            0.10063999891281128
          ]
        },
        "sample_index": 70,
        "scheduled_start_arrival_ns_by_rank": [
          744694193598952,
          744694193994433,
          744694193386831,
          744694193426741
        ],
        "scheduled_start_target_ns_by_rank": [
          744694198994433,
          744694198994433,
          744694198994433,
          744694198994433
        ],
        "start_record_bracket_ns_by_rank": [
          [
            744694198995753,
            744694199029100
          ],
          [
            744694198995109,
            744694199026433
          ],
          [
            744694198994840,
            744694199017801
          ],
          [
            744694198994922,
            744694199018111
          ]
        ],
        "start_record_envelope_span_ns": 34260,
        "variant": 1
      },
      {
        "collective_only": {
          "local_ms": 0.026079999282956123,
          "rank_max_ms": 0.04025600105524063,
          "rank_ms": [
            0.026079999282956123,
            0.0326399989426136,
            0.04025600105524063,
            0.039872001856565475
          ]
        },
        "pair_attempt_id": 75,
        "pair_retry_ordinal": 0,
        "position": 1,
        "readiness_probe_exact": true,
        "ready_region": {
          "local_ms": 0.13052800297737122,
          "rank_max_ms": 0.13052800297737122,
          "rank_ms": [
            0.13052800297737122,
            0.11459200084209442,
            0.10390400141477585,
            0.10726399719715118
          ]
        },
        "sample_index": 71,
        "scheduled_start_arrival_ns_by_rank": [
          744694221478767,
          744694221406480,
          744694220947537,
          744694221387777
        ],
        "scheduled_start_target_ns_by_rank": [
          744694226478767,
          744694226478767,
          744694226478767,
          744694226478767
        ],
        "start_record_bracket_ns_by_rank": [
          [
            744694226479670,
            744694226507155
          ],
          [
            744694226479446,
            744694226502759
          ],
          [
            744694226479283,
            744694226495794
          ],
          [
            744694226479315,
            744694226495659
          ]
        ],
        "start_record_envelope_span_ns": 27872,
        "variant": 0
      },
      {
        "collective_only": {
          "local_ms": 0.025919999927282333,
          "rank_max_ms": 0.04092799872159958,
          "rank_ms": [
            0.025919999927282333,
            0.03388800099492073,
            0.039455998688936234,
            0.04092799872159958
          ]
        },
        "pair_attempt_id": 76,
        "pair_retry_ordinal": 0,
        "position": 0,
        "readiness_probe_exact": true,
        "ready_region": {
          "local_ms": 0.13833600282669067,
          "rank_max_ms": 0.13833600282669067,
          "rank_ms": [
            0.13833600282669067,
            0.10742399841547012,
            0.10224000364542007,
            0.10159999877214432
          ]
        },
        "sample_index": 72,
        "scheduled_start_arrival_ns_by_rank": [
          744694229860914,
          744694229632822,
          744694229577228,
          744694229617336
        ],
        "scheduled_start_target_ns_by_rank": [
          744694234860914,
          744694234860914,
          744694234860914,
          744694234860914
        ],
        "start_record_bracket_ns_by_rank": [
          [
            744694234861741,
            744694234888927
          ],
          [
            744694234861485,
            744694234882940
          ],
          [
            744694234861324,
            744694234877462
          ],
          [
            744694234861332,
            744694234876841
          ]
        ],
        "start_record_envelope_span_ns": 27603,
        "variant": 1
      },
      {
        "collective_only": {
          "local_ms": 0.025760000571608543,
          "rank_max_ms": 0.038656000047922134,
          "rank_ms": [
            0.025760000571608543,
            0.03446400165557861,
            0.037696000188589096,
            0.038656000047922134
          ]
        },
        "pair_attempt_id": 77,
        "pair_retry_ordinal": 0,
        "position": 1,
        "readiness_probe_exact": true,
        "ready_region": {
          "local_ms": 0.11670400202274323,
          "rank_max_ms": 0.11670400202274323,
          "rank_ms": [
            0.11670400202274323,
            0.0912960022687912,
            0.09212800115346909,
            0.09391999989748001
          ]
        },
        "sample_index": 73,
        "scheduled_start_arrival_ns_by_rank": [
          744694257234628,
          744694257146268,
          744694256825382,
          744694257102256
        ],
        "scheduled_start_target_ns_by_rank": [
          744694262234628,
          744694262234628,
          744694262234628,
          744694262234628
        ],
        "start_record_bracket_ns_by_rank": [
          [
            744694262235606,
            744694262260646
          ],
          [
            744694262235051,
            744694262254399
          ],
          [
            744694262235128,
            744694262249598
          ],
          [
            744694262235156,
            744694262249395
          ]
        ],
        "start_record_envelope_span_ns": 25595,
        "variant": 0
      },
      {
        "collective_only": {
          "local_ms": 0.024927999824285507,
          "rank_max_ms": 0.035392001271247864,
          "rank_ms": [
            0.024927999824285507,
            0.029120000079274178,
            0.034015998244285583,
            0.035392001271247864
          ]
        },
        "pair_attempt_id": 78,
        "pair_retry_ordinal": 0,
        "position": 0,
        "readiness_probe_exact": true,
        "ready_region": {
          "local_ms": 0.11187200248241425,
          "rank_max_ms": 0.11187200248241425,
          "rank_ms": [
            0.11187200248241425,
            0.09923200309276581,
            0.09283199906349182,
            0.09180799871683121
          ]
        },
        "sample_index": 74,
        "scheduled_start_arrival_ns_by_rank": [
          744694267033232,
          744694266648664,
          744694266658277,
          744694266682563
        ],
        "scheduled_start_target_ns_by_rank": [
          744694272033232,
          744694272033232,
          744694272033232,
          744694272033232
        ],
        "start_record_bracket_ns_by_rank": [
          [
            744694272033914,
            744694272056623
          ],
          [
            744694272033843,
            744694272053609
          ],
          [
            744694272033738,
            744694272048385
          ],
          [
            744694272033777,
            744694272047187
          ]
        ],
        "start_record_envelope_span_ns": 22885,
        "variant": 1
      },
      {
        "collective_only": {
          "local_ms": 0.029791999608278275,
          "rank_max_ms": 0.033952001482248306,
          "rank_ms": [
            0.029791999608278275,
            0.025631999596953392,
            0.03174399957060814,
            0.033952001482248306
          ]
        },
        "pair_attempt_id": 79,
        "pair_retry_ordinal": 0,
        "position": 1,
        "readiness_probe_exact": true,
        "ready_region": {
          "local_ms": 0.11910399794578552,
          "rank_max_ms": 0.11910399794578552,
          "rank_ms": [
            0.11910399794578552,
            0.1175680011510849,
            0.11599999666213989,
            0.11507199704647064
          ]
        },
        "sample_index": 75,
        "scheduled_start_arrival_ns_by_rank": [
          744694291851709,
          744694291904326,
          744694291877070,
          744694291816465
        ],
        "scheduled_start_target_ns_by_rank": [
          744694296904326,
          744694296904326,
          744694296904326,
          744694296904326
        ],
        "start_record_bracket_ns_by_rank": [
          [
            744694296904998,
            744694296922380
          ],
          [
            744694296905055,
            744694296926047
          ],
          [
            744694296904902,
            744694296921561
          ],
          [
            744694296904891,
            744694296919509
          ]
        ],
        "start_record_envelope_span_ns": 21156,
        "variant": 0
      },
      {
        "collective_only": {
          "local_ms": 0.02659199945628643,
          "rank_max_ms": 0.03872000053524971,
          "rank_ms": [
            0.02659199945628643,
            0.028863999992609024,
            0.03872000053524971,
            0.03516799956560135
          ]
        },
        "pair_attempt_id": 80,
        "pair_retry_ordinal": 0,
        "position": 0,
        "readiness_probe_exact": true,
        "ready_region": {
          "local_ms": 0.12227199971675873,
          "rank_max_ms": 0.12227199971675873,
          "rank_ms": [
            0.12227199971675873,
            0.11961600184440613,
            0.10355199873447418,
            0.10704000294208527
          ]
        },
        "sample_index": 76,
        "scheduled_start_arrival_ns_by_rank": [
          744694300771653,
          744694300594610,
          744694300318387,
          744694300399555
        ],
        "scheduled_start_target_ns_by_rank": [
          744694305771653,
          744694305771653,
          744694305771653,
          744694305771653
        ],
        "start_record_bracket_ns_by_rank": [
          [
            744694305772437,
            744694305798820
          ],
          [
            744694305772426,
            744694305797293
          ],
          [
            744694305772139,
            744694305788863
          ],
          [
            744694305772132,
            744694305788219
          ]
        ],
        "start_record_envelope_span_ns": 26688,
        "variant": 1
      },
      {
        "collective_only": {
          "local_ms": 0.025567999109625816,
          "rank_max_ms": 0.03932800143957138,
          "rank_ms": [
            0.025567999109625816,
            0.03526400029659271,
            0.03830400109291077,
            0.03932800143957138
          ]
        },
        "pair_attempt_id": 81,
        "pair_retry_ordinal": 0,
        "position": 1,
        "readiness_probe_exact": true,
        "ready_region": {
          "local_ms": 0.12172800302505493,
          "rank_max_ms": 0.12172800302505493,
          "rank_ms": [
            0.12172800302505493,
            0.10047999769449234,
            0.1008640006184578,
            0.10255999863147736
          ]
        },
        "sample_index": 77,
        "scheduled_start_arrival_ns_by_rank": [
          744694328799127,
          744694328563299,
          744694328453724,
          744694328506366
        ],
        "scheduled_start_target_ns_by_rank": [
          744694333799127,
          744694333799127,
          744694333799127,
          744694333799127
        ],
        "start_record_bracket_ns_by_rank": [
          [
            744694333799980,
            744694333827384
          ],
          [
            744694333799561,
            744694333820397
          ],
          [
            744694333799678,
            744694333815611
          ],
          [
            744694333799650,
            744694333814810
          ]
        ],
        "start_record_envelope_span_ns": 27823,
        "variant": 0
      },
      {
        "collective_only": {
          "local_ms": 0.038336001336574554,
          "rank_max_ms": 0.05222399905323982,
          "rank_ms": [
            0.038336001336574554,
            0.04575999826192856,
            0.0496320016682148,
            0.05222399905323982
          ]
        },
        "pair_attempt_id": 82,
        "pair_retry_ordinal": 0,
        "position": 0,
        "readiness_probe_exact": true,
        "ready_region": {
          "local_ms": 0.15593600273132324,
          "rank_max_ms": 0.15593600273132324,
          "rank_ms": [
            0.15593600273132324,
            0.11673600226640701,
            0.11785600334405899,
            0.11574400216341019
          ]
        },
        "sample_index": 78,
        "scheduled_start_arrival_ns_by_rank": [
          744694337951824,
          744694337752420,
          744694337690048,
          744694337951481
        ],
        "scheduled_start_target_ns_by_rank": [
          744694342951824,
          744694342951824,
          744694342951824,
          744694342951824
        ],
        "start_record_bracket_ns_by_rank": [
          [
            744694342953004,
            744694342981167
          ],
          [
            744694342952326,
            744694342975358
          ],
          [
            744694342952297,
            744694342970666
          ],
          [
            744694342952310,
            744694342968960
          ]
        ],
        "start_record_envelope_span_ns": 28870,
        "variant": 1
      },
      {
        "collective_only": {
          "local_ms": 0.02768000029027462,
          "rank_max_ms": 0.042367998510599136,
          "rank_ms": [
            0.02768000029027462,
            0.029920000582933426,
            0.042367998510599136,
            0.038943998515605927
          ]
        },
        "pair_attempt_id": 83,
        "pair_retry_ordinal": 0,
        "position": 1,
        "readiness_probe_exact": true,
        "ready_region": {
          "local_ms": 0.13007999956607819,
          "rank_max_ms": 0.13007999956607819,
          "rank_ms": [
            0.13007999956607819,
            0.12867200374603271,
            0.11052799969911575,
            0.10278400033712387
          ]
        },
        "sample_index": 79,
        "scheduled_start_arrival_ns_by_rank": [
          744694370710496,
          744694370477060,
          744694370383941,
          744694370822197
        ],
        "scheduled_start_target_ns_by_rank": [
          744694375822197,
          744694375822197,
          744694375822197,
          744694375822197
        ],
        "start_record_bracket_ns_by_rank": [
          [
            744694375823567,
            744694375851691
          ],
          [
            744694375823089,
            744694375850411
          ],
          [
            744694375822690,
            744694375839801
          ],
          [
            744694375822733,
            744694375838032
          ]
        ],
        "start_record_envelope_span_ns": 29001,
        "variant": 0
      },
      {
        "collective_only": {
          "local_ms": 0.02831999957561493,
          "rank_max_ms": 0.04287999868392944,
          "rank_ms": [
            0.02831999957561493,
            0.034752000123262405,
            0.04287999868392944,
            0.03984000161290169
          ]
        },
        "pair_attempt_id": 84,
        "pair_retry_ordinal": 0,
        "position": 0,
        "readiness_probe_exact": true,
        "ready_region": {
          "local_ms": 0.1435839980840683,
          "rank_max_ms": 0.1435839980840683,
          "rank_ms": [
            0.1435839980840683,
            0.1279360055923462,
            0.11628799885511398,
            0.11766400188207626
          ]
        },
        "sample_index": 80,
        "scheduled_start_arrival_ns_by_rank": [
          744694380208195,
          744694380380361,
          744694379720445,
          744694380078352
        ],
        "scheduled_start_target_ns_by_rank": [
          744694385380361,
          744694385380361,
          744694385380361,
          744694385380361
        ],
        "start_record_bracket_ns_by_rank": [
          [
            744694385381163,
            744694385411476
          ],
          [
            744694385381048,
            744694385410128
          ],
          [
            744694385380881,
            744694385400167
          ],
          [
            744694385380880,
            744694385398411
          ]
        ],
        "start_record_envelope_span_ns": 30596,
        "variant": 1
      },
      {
        "collective_only": {
          "local_ms": 0.03359999880194664,
          "rank_max_ms": 0.055135998874902725,
          "rank_ms": [
            0.03359999880194664,
            0.04684799909591675,
            0.055135998874902725,
            0.05500800162553787
          ]
        },
        "pair_attempt_id": 85,
        "pair_retry_ordinal": 0,
        "position": 1,
        "readiness_probe_exact": true,
        "ready_region": {
          "local_ms": 0.16953599452972412,
          "rank_max_ms": 0.16953599452972412,
          "rank_ms": [
            0.16953599452972412,
            0.11139199882745743,
            0.10915199667215347,
            0.10572800040245056
          ]
        },
        "sample_index": 81,
        "scheduled_start_arrival_ns_by_rank": [
          744694408612144,
          744694408273436,
          744694408182582,
          744694408014129
        ],
        "scheduled_start_target_ns_by_rank": [
          744694413612144,
          744694413612144,
          744694413612144,
          744694413612144
        ],
        "start_record_bracket_ns_by_rank": [
          [
            744694413614022,
            744694413649287
          ],
          [
            744694413612800,
            744694413635180
          ],
          [
            744694413612679,
            744694413629516
          ],
          [
            744694413612691,
            744694413629296
          ]
        ],
        "start_record_envelope_span_ns": 36608,
        "variant": 0
      },
      {
        "collective_only": {
          "local_ms": 0.028896000236272812,
          "rank_max_ms": 0.037728000432252884,
          "rank_ms": [
            0.028896000236272812,
            0.030208000913262367,
            0.03728000074625015,
            0.037728000432252884
          ]
        },
        "pair_attempt_id": 86,
        "pair_retry_ordinal": 0,
        "position": 0,
        "readiness_probe_exact": true,
        "ready_region": {
          "local_ms": 0.11580800265073776,
          "rank_max_ms": 0.11580800265073776,
          "rank_ms": [
            0.11580800265073776,
            0.11334399878978729,
            0.09961599856615067,
            0.09868799895048141
          ]
        },
        "sample_index": 82,
        "scheduled_start_arrival_ns_by_rank": [
          744694418081345,
          744694418229351,
          744694417630753,
          744694417995351
        ],
        "scheduled_start_target_ns_by_rank": [
          744694423229351,
          744694423229351,
          744694423229351,
          744694423229351
        ],
        "start_record_bracket_ns_by_rank": [
          [
            744694423229957,
            744694423253803
          ],
          [
            744694423230210,
            744694423253334
          ],
          [
            744694423229867,
            744694423245407
          ],
          [
            744694423229798,
            744694423244824
          ]
        ],
        "start_record_envelope_span_ns": 24005,
        "variant": 1
      },
      {
        "collective_only": {
          "local_ms": 0.030880000442266464,
          "rank_max_ms": 0.04662400111556053,
          "rank_ms": [
            0.030880000442266464,
            0.03884800150990486,
            0.04636799916625023,
            0.04662400111556053
          ]
        },
        "pair_attempt_id": 87,
        "pair_retry_ordinal": 0,
        "position": 1,
        "readiness_probe_exact": true,
        "ready_region": {
          "local_ms": 0.14745600521564484,
          "rank_max_ms": 0.14745600521564484,
          "rank_ms": [
            0.14745600521564484,
            0.13411200046539307,
            0.11939200013875961,
            0.12003199756145477
          ]
        },
        "sample_index": 83,
        "scheduled_start_arrival_ns_by_rank": [
          744694444367726,
          744694444284517,
          744694443689312,
          744694444267328
        ],
        "scheduled_start_target_ns_by_rank": [
          744694449367726,
          744694449367726,
          744694449367726,
          744694449367726
        ],
        "start_record_bracket_ns_by_rank": [
          [
            744694449369056,
            744694449400575
          ],
          [
            744694449368645,
            744694449394825
          ],
          [
            744694449368140,
            744694449387857
          ],
          [
            744694449368270,
            744694449386145
          ]
        ],
        "start_record_envelope_span_ns": 32435,
        "variant": 0
      },
      {
        "collective_only": {
          "local_ms": 0.02537599951028824,
          "rank_max_ms": 0.04230400174856186,
          "rank_ms": [
            0.02537599951028824,
            0.03728000074625015,
            0.04230400174856186,
            0.039744000881910324
          ]
        },
        "pair_attempt_id": 88,
        "pair_retry_ordinal": 0,
        "position": 0,
        "readiness_probe_exact": true,
        "ready_region": {
          "local_ms": 0.1353279948234558,
          "rank_max_ms": 0.1353279948234558,
          "rank_ms": [
            0.1353279948234558,
            0.1013759970664978,
            0.10540799796581268,
            0.10585600137710571
          ]
        },
        "sample_index": 84,
        "scheduled_start_arrival_ns_by_rank": [
          744694454158625,
          744694454267323,
          744694453552642,
          744694453147496
        ],
        "scheduled_start_target_ns_by_rank": [
          744694459267323,
          744694459267323,
          744694459267323,
          744694459267323
        ],
        "start_record_bracket_ns_by_rank": [
          [
            744694459268127,
            744694459295941
          ],
          [
            744694459267783,
            744694459287387
          ],
          [
            744694459267796,
            744694459283935
          ],
          [
            744694459267832,
            744694459284589
          ]
        ],
        "start_record_envelope_span_ns": 28158,
        "variant": 1
      },
      {
        "collective_only": {
          "local_ms": 0.038336001336574554,
          "rank_max_ms": 0.04303999990224838,
          "rank_ms": [
            0.038336001336574554,
            0.029279999434947968,
            0.04249599948525429,
            0.04303999990224838
          ]
        },
        "pair_attempt_id": 90,
        "pair_retry_ordinal": 1,
        "position": 1,
        "readiness_probe_exact": true,
        "ready_region": {
          "local_ms": 0.14732800424098969,
          "rank_max_ms": 0.14732800424098969,
          "rank_ms": [
            0.14732800424098969,
            0.14287999272346497,
            0.12009599804878235,
            0.1188800036907196
          ]
        },
        "sample_index": 85,
        "scheduled_start_arrival_ns_by_rank": [
          744694504599176,
          744694504551593,
          744694504406609,
          744694504237224
        ],
        "scheduled_start_target_ns_by_rank": [
          744694509599176,
          744694509599176,
          744694509599176,
          744694509599176
        ],
        "start_record_bracket_ns_by_rank": [
          [
            744694509599924,
            744694509621233
          ],
          [
            744694509600047,
            744694509629634
          ],
          [
            744694509599747,
            744694509619439
          ],
          [
            744694509599703,
            744694509616682
          ]
        ],
        "start_record_envelope_span_ns": 29931,
        "variant": 1
      },
      {
        "collective_only": {
          "local_ms": 0.028031999245285988,
          "rank_max_ms": 0.0306560005992651,
          "rank_ms": [
            0.028031999245285988,
            0.024480000138282776,
            0.03046399913728237,
            0.0306560005992651
          ]
        },
        "pair_attempt_id": 91,
        "pair_retry_ordinal": 0,
        "position": 0,
        "readiness_probe_exact": true,
        "ready_region": {
          "local_ms": 0.09356799721717834,
          "rank_max_ms": 0.10073599964380264,
          "rank_ms": [
            0.09356799721717834,
            0.0947519987821579,
            0.10073599964380264,
            0.09769599884748459
          ]
        },
        "sample_index": 86,
        "scheduled_start_arrival_ns_by_rank": [
          744694512445857,
          744694512418262,
          744694512438945,
          744694512569963
        ],
        "scheduled_start_target_ns_by_rank": [
          744694517569963,
          744694517569963,
          744694517569963,
          744694517569963
        ],
        "start_record_bracket_ns_by_rank": [
          [
            744694517570465,
            744694517586124
          ],
          [
            744694517570494,
            744694517590431
          ],
          [
            744694517570528,
            744694517586920
          ],
          [
            744694517570414,
            744694517584754
          ]
        ],
        "start_record_envelope_span_ns": 20017,
        "variant": 0
      },
      {
        "collective_only": {
          "local_ms": 0.025760000571608543,
          "rank_max_ms": 0.04233599826693535,
          "rank_ms": [
            0.025760000571608543,
            0.03129599988460541,
            0.03811199963092804,
            0.04233599826693535
          ]
        },
        "pair_attempt_id": 93,
        "pair_retry_ordinal": 1,
        "position": 1,
        "readiness_probe_exact": true,
        "ready_region": {
          "local_ms": 0.11244799941778183,
          "rank_max_ms": 0.1130559965968132,
          "rank_ms": [
            0.11244799941778183,
            0.10518400371074677,
            0.10931199789047241,
            0.1130559965968132
          ]
        },
        "sample_index": 87,
        "scheduled_start_arrival_ns_by_rank": [
          744694554169852,
          744694553925395,
          744694553861015,
          744694553930385
        ],
        "scheduled_start_target_ns_by_rank": [
          744694559169852,
          744694559169852,
          744694559169852,
          744694559169852
        ],
        "start_record_bracket_ns_by_rank": [
          [
            744694559170429,
            744694559204163
          ],
          [
            744694559170505,
            744694559200930
          ],
          [
            744694559170392,
            744694559195793
          ],
          [
            744694559170365,
            744694559195908
          ]
        ],
        "start_record_envelope_span_ns": 33798,
        "variant": 0
      },
      {
        "collective_only": {
          "local_ms": 0.029823999851942062,
          "rank_max_ms": 0.043487999588251114,
          "rank_ms": [
            0.029823999851942062,
            0.04012800008058548,
            0.043487999588251114,
            0.04249599948525429
          ]
        },
        "pair_attempt_id": 94,
        "pair_retry_ordinal": 0,
        "position": 0,
        "readiness_probe_exact": true,
        "ready_region": {
          "local_ms": 0.13436800241470337,
          "rank_max_ms": 0.13436800241470337,
          "rank_ms": [
            0.13436800241470337,
            0.09699200093746185,
            0.10038399696350098,
            0.10288000106811523
          ]
        },
        "sample_index": 88,
        "scheduled_start_arrival_ns_by_rank": [
          744694561550833,
          744694561460017,
          744694561411997,
          744694561429877
        ],
        "scheduled_start_target_ns_by_rank": [
          744694566550833,
          744694566550833,
          744694566550833,
          744694566550833
        ],
        "start_record_bracket_ns_by_rank": [
          [
            744694566552158,
            744694566579347
          ],
          [
            744694566551319,
            744694566570029
          ],
          [
            744694566551365,
            744694566566778
          ],
          [
            744694566551339,
            744694566567223
          ]
        ],
        "start_record_envelope_span_ns": 28028,
        "variant": 1
      },
      {
        "collective_only": {
          "local_ms": 0.027583999559283257,
          "rank_max_ms": 0.04508800059556961,
          "rank_ms": [
            0.027583999559283257,
            0.04022400081157684,
            0.042208001017570496,
            0.04508800059556961
          ]
        },
        "pair_attempt_id": 95,
        "pair_retry_ordinal": 0,
        "position": 1,
        "readiness_probe_exact": true,
        "ready_region": {
          "local_ms": 0.14371199905872345,
          "rank_max_ms": 0.14371199905872345,
          "rank_ms": [
            0.14371199905872345,
            0.11027199774980545,
            0.11308799684047699,
            0.11494400352239609
          ]
        },
        "sample_index": 89,
        "scheduled_start_arrival_ns_by_rank": [
          744694597287203,
          744694597253874,
          744694597075832,
          744694597303733
        ],
        "scheduled_start_target_ns_by_rank": [
          744694602303733,
          744694602303733,
          744694602303733,
          744694602303733
        ],
        "start_record_bracket_ns_by_rank": [
          [
            744694602304706,
            744694602334709
          ],
          [
            744694602304180,
            744694602324646
          ],
          [
            744694602304248,
            744694602322132
          ],
          [
            744694602304277,
            744694602320347
          ]
        ],
        "start_record_envelope_span_ns": 30529,
        "variant": 0
      },
      {
        "collective_only": {
          "local_ms": 0.02550400048494339,
          "rank_max_ms": 0.03782400116324425,
          "rank_ms": [
            0.02550400048494339,
            0.027424000203609467,
            0.035551998764276505,
            0.03782400116324425
          ]
        },
        "pair_attempt_id": 96,
        "pair_retry_ordinal": 0,
        "position": 0,
        "readiness_probe_exact": true,
        "ready_region": {
          "local_ms": 0.11430399864912033,
          "rank_max_ms": 0.11497599631547928,
          "rank_ms": [
            0.11430399864912033,
            0.11497599631547928,
            0.10265599936246872,
            0.10275200009346008
          ]
        },
        "sample_index": 90,
        "scheduled_start_arrival_ns_by_rank": [
          744694607416844,
          744694606868479,
          744694606981213,
          744694607386868
        ],
        "scheduled_start_target_ns_by_rank": [
          744694612416844,
          744694612416844,
          744694612416844,
          744694612416844
        ],
        "start_record_bracket_ns_by_rank": [
          [
            744694612417378,
            744694612441534
          ],
          [
            744694612417654,
            744694612440788
          ],
          [
            744694612417307,
            744694612433592
          ],
          [
            744694612417323,
            744694612431698
          ]
        ],
        "start_record_envelope_span_ns": 24227,
        "variant": 1
      },
      {
        "collective_only": {
          "local_ms": 0.029023999348282814,
          "rank_max_ms": 0.046879999339580536,
          "rank_ms": [
            0.029023999348282814,
            0.033695999532938004,
            0.046879999339580536,
            0.0435199998319149
          ]
        },
        "pair_attempt_id": 97,
        "pair_retry_ordinal": 0,
        "position": 1,
        "readiness_probe_exact": true,
        "ready_region": {
          "local_ms": 0.15267199277877808,
          "rank_max_ms": 0.15267199277877808,
          "rank_ms": [
            0.15267199277877808,
            0.14105600118637085,
            0.11673600226640701,
            0.12508800625801086
          ]
        },
        "sample_index": 91,
        "scheduled_start_arrival_ns_by_rank": [
          744694635645972,
          744694635258242,
          744694635152485,
          744694635337210
        ],
        "scheduled_start_target_ns_by_rank": [
          744694640645972,
          744694640645972,
          744694640645972,
          744694640645972
        ],
        "start_record_bracket_ns_by_rank": [
          [
            744694640646952,
            744694640679026
          ],
          [
            744694640646784,
            744694640676102
          ],
          [
            744694640646464,
            744694640665473
          ],
          [
            744694640646452,
            744694640665504
          ]
        ],
        "start_record_envelope_span_ns": 32574,
        "variant": 0
      },
      {
        "collective_only": {
          "local_ms": 0.028863999992609024,
          "rank_max_ms": 0.0432640016078949,
          "rank_ms": [
            0.028863999992609024,
            0.031231999397277832,
            0.0432640016078949,
            0.04249599948525429
          ]
        },
        "pair_attempt_id": 98,
        "pair_retry_ordinal": 0,
        "position": 0,
        "readiness_probe_exact": true,
        "ready_region": {
          "local_ms": 0.15078400075435638,
          "rank_max_ms": 0.15478399395942688,
          "rank_ms": [
            0.15078400075435638,
            0.15478399395942688,
            0.13036799430847168,
            0.12643200159072876
          ]
        },
        "sample_index": 92,
        "scheduled_start_arrival_ns_by_rank": [
          744694645722045,
          744694646064869,
          744694645374907,
          744694645284228
        ],
        "scheduled_start_target_ns_by_rank": [
          744694651064869,
          744694651064869,
          744694651064869,
          744694651064869
        ],
        "start_record_bracket_ns_by_rank": [
          [
            744694651065773,
            744694651095760
          ],
          [
            744694651065667,
            744694651095278
          ],
          [
            744694651065356,
            744694651083893
          ],
          [
            744694651065328,
            744694651083006
          ]
        ],
        "start_record_envelope_span_ns": 30432,
        "variant": 1
      },
      {
        "collective_only": {
          "local_ms": 0.026016000658273697,
          "rank_max_ms": 0.11302399635314941,
          "rank_ms": [
            0.026016000658273697,
            0.04800000041723251,
            0.11302399635314941,
            0.11289600282907486
          ]
        },
        "pair_attempt_id": 99,
        "pair_retry_ordinal": 0,
        "position": 1,
        "readiness_probe_exact": true,
        "ready_region": {
          "local_ms": 0.1353279948234558,
          "rank_max_ms": 0.1353279948234558,
          "rank_ms": [
            0.1353279948234558,
            0.12876799702644348,
            0.1223360002040863,
            0.12268800288438797
          ]
        },
        "sample_index": 93,
        "scheduled_start_arrival_ns_by_rank": [
          744694674492766,
          744694674723123,
          744694673967733,
          744694674207097
        ],
        "scheduled_start_target_ns_by_rank": [
          744694679723123,
          744694679723123,
          744694679723123,
          744694679723123
        ],
        "start_record_bracket_ns_by_rank": [
          [
            744694679797980,
            744694679825779
          ],
          [
            744694679781591,
            744694679808953
          ],
          [
            744694679723496,
            744694679742230
          ],
          [
            744694679726445,
            744694679742099
          ]
        ],
        "start_record_envelope_span_ns": 102283,
        "variant": 0
      },
      {
        "collective_only": {
          "local_ms": 0.026048000901937485,
          "rank_max_ms": 0.039423998445272446,
          "rank_ms": [
            0.026048000901937485,
            0.0344959981739521,
            0.03836800158023834,
            0.039423998445272446
          ]
        },
        "pair_attempt_id": 100,
        "pair_retry_ordinal": 0,
        "position": 0,
        "readiness_probe_exact": true,
        "ready_region": {
          "local_ms": 0.1287360042333603,
          "rank_max_ms": 0.1287360042333603,
          "rank_ms": [
            0.1287360042333603,
            0.10422399640083313,
            0.11046399921178818,
            0.11148799955844879
          ]
        },
        "sample_index": 94,
        "scheduled_start_arrival_ns_by_rank": [
          744694684177722,
          744694684241926,
          744694683562274,
          744694683970639
        ],
        "scheduled_start_target_ns_by_rank": [
          744694689241926,
          744694689241926,
          744694689241926,
          744694689241926
        ],
        "start_record_bracket_ns_by_rank": [
          [
            744694689242741,
            744694689269270
          ],
          [
            744694689242482,
            744694689263594
          ],
          [
            744694689242412,
            744694689259263
          ],
          [
            744694689242400,
            744694689258514
          ]
        ],
        "start_record_envelope_span_ns": 26870,
        "variant": 1
      },
      {
        "collective_only": {
          "local_ms": 0.035679999738931656,
          "rank_max_ms": 0.058111999183893204,
          "rank_ms": [
            0.035679999738931656,
            0.04713600128889084,
            0.05612799897789955,
            0.058111999183893204
          ]
        },
        "pair_attempt_id": 101,
        "pair_retry_ordinal": 0,
        "position": 1,
        "readiness_probe_exact": true,
        "ready_region": {
          "local_ms": 0.16911999881267548,
          "rank_max_ms": 0.16911999881267548,
          "rank_ms": [
            0.16911999881267548,
            0.11830399930477142,
            0.10796800255775452,
            0.11088000237941742
          ]
        },
        "sample_index": 95,
        "scheduled_start_arrival_ns_by_rank": [
          744694710739827,
          744694710413546,
          744694710422599,
          744694710499996
        ],
        "scheduled_start_target_ns_by_rank": [
          744694715739827,
          744694715739827,
          744694715739827,
          744694715739827
        ],
        "start_record_bracket_ns_by_rank": [
          [
            744694715742455,
            744694715778361
          ],
          [
            744694715740445,
            744694715766288
          ],
          [
            744694715740401,
            744694715758112
          ],
          [
            744694715740413,
            744694715756818
          ]
        ],
        "start_record_envelope_span_ns": 37960,
        "variant": 0
      },
      {
        "collective_only": {
          "local_ms": 0.03251200169324875,
          "rank_max_ms": 0.036031998693943024,
          "rank_ms": [
            0.03251200169324875,
            0.026944000273942947,
            0.036031998693943024,
            0.03548799827694893
          ]
        },
        "pair_attempt_id": 103,
        "pair_retry_ordinal": 1,
        "position": 0,
        "readiness_probe_exact": true,
        "ready_region": {
          "local_ms": 0.11350400000810623,
          "rank_max_ms": 0.12249600142240524,
          "rank_ms": [
            0.11350400000810623,
            0.12249600142240524,
            0.11395200341939926,
            0.10998400300741196
          ]
        },
        "sample_index": 96,
        "scheduled_start_arrival_ns_by_rank": [
          744694741387504,
          744694741361505,
          744694740578410,
          744694741133113
        ],
        "scheduled_start_target_ns_by_rank": [
          744694746387504,
          744694746387504,
          744694746387504,
          744694746387504
        ],
        "start_record_bracket_ns_by_rank": [
          [
            744694746387920,
            744694746407282
          ],
          [
            744694746388256,
            744694746413104
          ],
          [
            744694746387979,
            744694746406065
          ],
          [
            744694746387962,
            744694746403825
          ]
        ],
        "start_record_envelope_span_ns": 25184,
        "variant": 0
      },
      {
        "collective_only": {
          "local_ms": 0.03046399913728237,
          "rank_max_ms": 0.036288000643253326,
          "rank_ms": [
            0.03046399913728237,
            0.02687999978661537,
            0.03596799820661545,
            0.036288000643253326
          ]
        },
        "pair_attempt_id": 104,
        "pair_retry_ordinal": 0,
        "position": 1,
        "readiness_probe_exact": true,
        "ready_region": {
          "local_ms": 0.11299200356006622,
          "rank_max_ms": 0.11564800143241882,
          "rank_ms": [
            0.11299200356006622,
            0.11564800143241882,
            0.10611200332641602,
            0.10953599959611893
          ]
        },
        "sample_index": 97,
        "scheduled_start_arrival_ns_by_rank": [
          744694770084612,
          744694770280531,
          744694769728879,
          744694769513216
        ],
        "scheduled_start_target_ns_by_rank": [
          744694775280531,
          744694775280531,
          744694775280531,
          744694775280531
        ],
        "start_record_bracket_ns_by_rank": [
          [
            744694775281198,
            744694775302173
          ],
          [
            744694775281149,
            744694775304539
          ],
          [
            744694775280976,
            744694775297515
          ],
          [
            744694775280994,
            744694775297327
          ]
        ],
        "start_record_envelope_span_ns": 23563,
        "variant": 1
      },
      {
        "collective_only": {
          "local_ms": 0.0360959991812706,
          "rank_max_ms": 0.060095999389886856,
          "rank_ms": [
            0.0360959991812706,
            0.04918399825692177,
            0.05990400165319443,
            0.060095999389886856
          ]
        },
        "pair_attempt_id": 105,
        "pair_retry_ordinal": 0,
        "position": 0,
        "readiness_probe_exact": true,
        "ready_region": {
          "local_ms": 0.1693120002746582,
          "rank_max_ms": 0.1693120002746582,
          "rank_ms": [
            0.1693120002746582,
            0.1268160045146942,
            0.10956799983978271,
            0.10684800148010254
          ]
        },
        "sample_index": 98,
        "scheduled_start_arrival_ns_by_rank": [
          744694780511704,
          744694780339852,
          744694779789932,
          744694780157745
        ],
        "scheduled_start_target_ns_by_rank": [
          744694785511704,
          744694785511704,
          744694785511704,
          744694785511704
        ],
        "start_record_bracket_ns_by_rank": [
          [
            744694785514286,
            744694785551741
          ],
          [
            744694785512429,
            744694785538723
          ],
          [
            744694785512154,
            744694785528955
          ],
          [
            744694785512169,
            744694785529540
          ]
        ],
        "start_record_envelope_span_ns": 39587,
        "variant": 0
      },
      {
        "collective_only": {
          "local_ms": 0.02848000079393387,
          "rank_max_ms": 0.04195199906826019,
          "rank_ms": [
            0.02848000079393387,
            0.03110400028526783,
            0.04195199906826019,
            0.04137599840760231
          ]
        },
        "pair_attempt_id": 106,
        "pair_retry_ordinal": 0,
        "position": 1,
        "readiness_probe_exact": true,
        "ready_region": {
          "local_ms": 0.14556799829006195,
          "rank_max_ms": 0.1576319932937622,
          "rank_ms": [
            0.14556799829006195,
            0.1576319932937622,
            0.106175996363163,
            0.10649599879980087
          ]
        },
        "sample_index": 99,
        "scheduled_start_arrival_ns_by_rank": [
          744694810846807,
          744694810249526,
          744694810133621,
          744694810405231
        ],
        "scheduled_start_target_ns_by_rank": [
          744694815846807,
          744694815846807,
          744694815846807,
          744694815846807
        ],
        "start_record_bracket_ns_by_rank": [
          [
            744694815847947,
            744694815874132
          ],
          [
            744694815847596,
            744694815872699
          ],
          [
            744694815847330,
            744694815863244
          ],
          [
            744694815847409,
            744694815863328
          ]
        ],
        "start_record_envelope_span_ns": 26802,
        "variant": 1
      }
    ],
    "warmup_order": [
      [
        "reference",
        "candidate"
      ],
      [
        "candidate",
        "reference"
      ],
      [
        "reference",
        "candidate"
      ],
      [
        "candidate",
        "reference"
      ],
      [
        "reference",
        "candidate"
      ],
      [
        "candidate",
        "reference"
      ],
      [
        "reference",
        "candidate"
      ],
      [
        "candidate",
        "reference"
      ],
      [
        "reference",
        "candidate"
      ],
      [
        "candidate",
        "reference"
      ]
    ],
    "warmup_variants": [
      1,
      0,
      1,
      0,
      1,
      0,
      1,
      0,
      1,
      0
    ]
  },
  "readiness_probe": {
    "dtype": "torch.bfloat16",
    "full_tensor_consumer": "preallocated BF16 negation output",
    "full_tensor_validation": "exact on every warmup and measured sample",
    "num_elements": 60,
    "positions": [
      [
        0,
        0
      ],
      [
        0,
        1
      ],
      [
        0,
        2
      ],
      [
        0,
        3
      ],
      [
        0,
        2048
      ],
      [
        0,
        3072
      ],
      [
        0,
        6140
      ],
      [
        0,
        6141
      ],
      [
        0,
        6142
      ],
      [
        0,
        6143
      ],
      [
        1,
        0
      ],
      [
        1,
        1
      ],
      [
        1,
        2
      ],
      [
        1,
        3
      ],
      [
        1,
        2048
      ],
      [
        1,
        3072
      ],
      [
        1,
        6140
      ],
      [
        1,
        6141
      ],
      [
        1,
        6142
      ],
      [
        1,
        6143
      ],
      [
        5,
        0
      ],
      [
        5,
        1
      ],
      [
        5,
        2
      ],
      [
        5,
        3
      ],
      [
        5,
        2048
      ],
      [
        5,
        3072
      ],
      [
        5,
        6140
      ],
      [
        5,
        6141
      ],
      [
        5,
        6142
      ],
      [
        5,
        6143
      ],
      [
        8,
        0
      ],
      [
        8,
        1
      ],
      [
        8,
        2
      ],
      [
        8,
        3
      ],
      [
        8,
        2048
      ],
      [
        8,
        3072
      ],
      [
        8,
        6140
      ],
      [
        8,
        6141
      ],
      [
        8,
        6142
      ],
      [
        8,
        6143
      ],
      [
        14,
        0
      ],
      [
        14,
        1
      ],
      [
        14,
        2
      ],
      [
        14,
        3
      ],
      [
        14,
        2048
      ],
      [
        14,
        3072
      ],
      [
        14,
        6140
      ],
      [
        14,
        6141
      ],
      [
        14,
        6142
      ],
      [
        14,
        6143
      ],
      [
        15,
        0
      ],
      [
        15,
        1
      ],
      [
        15,
        2
      ],
      [
        15,
        3
      ],
      [
        15,
        2048
      ],
      [
        15,
        3072
      ],
      [
        15,
        6140
      ],
      [
        15,
        6141
      ],
      [
        15,
        6142
      ],
      [
        15,
        6143
      ]
    ],
    "validation": "exact on every warmup and measured sample"
  },
  "reference": {
    "collective_only": {
      "median_ms": 0.042128000408411026,
      "min_ms": 0.0306560005992651,
      "p95_ms": 0.07411199808120728
    },
    "gate_metric": "ready_region.rank_max_ms",
    "readiness_probe_overhead_median_ms": 0.09345599822700024,
    "ready_region": {
      "median_ms": 0.14112000167369843,
      "min_ms": 0.10073599964380264,
      "p95_ms": 0.20127999782562256
    }
  },
  "reference_policy": "SGLANG_GLM52_OPT=0 production GroupCoordinator path",
  "result_path": "/tmp/tp_allreduce_reachability_20260722T192433Z/paired/m16_c10d_inplace.json",
  "schema_version": 2,
  "scope": "tp4_allreduce_diagnostic_only",
  "timing_contract": {
    "alignment_retry_admission": "scheduled arrivals, common targets, and start-record brackets only; collective and ready-region latency are excluded",
    "collective_only": "start event through event recorded immediately after run()",
    "gate_metric": "ready_region rank-max paired p50",
    "rank_start_alignment": "selected stream synchronized after restoration; TP CPU-group all-gather selects a common same-host monotonic deadline 5 ms after latest arrival; ranks busy-wait; host timestamps bracket every start-event record call; a host-only 500 us envelope predicate allows at most 10 physical attempts for the whole logical A/B pair; the exact input variant alternates on every physical pair",
    "ready_region": "start event through full-tensor same-stream negation and position-sensitive gather",
    "restoration": "variant source-to-local copy and consumer/probe poison occur before every start event"
  },
  "workload": {
    "distributed": true,
    "family": "allreduce",
    "name": "tp4_allreduce_decode_m16",
    "notes": "TP4/DP4 decode bucket: local M=16; sum reduction. Standalone diagnostic; production caller/ABI not yet proven.",
    "params": {
      "dtype": "bfloat16",
      "hidden": 6144,
      "local_tokens": 16
    },
    "phase": "decode",
    "source_symbol": "sglang.srt.distributed.parallel_state.GroupCoordinator.all_reduce",
    "world_size": 4
  }
}
