started_utc=2026-07-22T19:29:19.573789993Z
command= /home/qinhaiyan/glm52-goal-runs/24-tp_allreduce_reachability/kernel-harness/serving_native/run.sh tp4_allreduce_decode_m16 --candidate /home/qinhaiyan/glm52-goal-runs/24-tp_allreduce_reachability/kernel-harness/serving_native/candidates/reference.py --execution-mode cuda_graph --stream nondefault --warmup 10 --repeat 100 --output /tmp/tp_allreduce_reachability_20260722T192433Z/paired/m16_reference_control.json
timeout_seconds=1800

*****************************************
Setting OMP_NUM_THREADS environment variable for each process to be 1 in default, to avoid your system being overloaded, please further tune the variable for optimal performance in your application as needed. 
*****************************************
/home/qinhaiyan/glm52-goal-runs/24-tp_allreduce_reachability/kernel-harness/.venv/lib/python3.12/site-packages/torch/distributed/c10d_logger.py:83: UserWarning: barrier(): using the device under current context. You can specify `device_id` in `init_process_group` to mute this warning.
  return func(*args, **kwargs)
[rank0]:[W722 19:29:31.170220349 ProcessGroupNCCL.cpp:5188] Guessing device ID based on global rank. This can cause a hang if rank to GPU mapping is heterogeneous. You can specify device_id in init_process_group()
{
  "all_reduce_trace": {
    "enabled": false,
    "evidence_valid": null,
    "failure_counts_by_rank": null,
    "measurement_instrumented": false,
    "paths_by_rank": null,
    "replay_limitation": "Python observes eager dispatch or CUDA graph capture only; CUDA graph replay does not re-enter this hook. Correlate stable kernel names in an Nsight Systems trace to prove replay execution."
  },
  "allreduce": {
    "candidate_capture_context_by_rank": [
      {
        "communicators": {
          "custom": {
            "algorithm": "ONE_SHOT_PUSH",
            "class": "sglang.srt.distributed.device_communicators.custom_all_reduce_v2.CustomAllReduceV2",
            "fields": {
              "config": "ModeConfig(one_shot_push_threshold=2097152, one_shot_pull_threshold=2097152)",
              "disabled": "False",
              "max_size": "16777216",
              "override_algo": "None",
              "rank": "0",
              "tms_cudagraph": "False",
              "world_size": "4"
            },
            "python_id": 135595730880224,
            "should_custom_ar": {
              "value": true
            }
          },
          "pymscclpp": {
            "should_mscclpp_allreduce": {
              "value": false
            }
          },
          "pynccl": {
            "class": "sglang.srt.distributed.device_communicators.pynccl.PyNcclCommunicator",
            "fields": {
              "disabled": "False",
              "rank": "0",
              "world_size": "4"
            },
            "python_id": 135595730264688,
            "symmetric_pool_enabled": {
              "value": false
            }
          },
          "quick": {
            "should_quick_allreduce": {
              "value": false
            }
          },
          "torch_symmetric_memory": {
            "should_torch_symm_mem_allreduce": {
              "value": false
            }
          }
        },
        "dtype": "torch.bfloat16",
        "execution_mode": "cuda_graph",
        "group_name": "tp:0",
        "group_ranks": [
          0,
          1,
          2,
          3
        ],
        "local_size": 0,
        "message_bytes": 196608,
        "phase": "candidate_capture",
        "predicted_reference_algorithm": "ONE_SHOT_PUSH",
        "predicted_reference_backend": "custom_all_reduce_outplace",
        "rank": 0,
        "shape": [
          16,
          6144
        ],
        "stream": {
          "cuda_stream": 111152537984528,
          "requested": "nondefault"
        },
        "stride": [
          6144,
          1
        ],
        "world_size": 4
      },
      {
        "communicators": {
          "custom": {
            "algorithm": "ONE_SHOT_PUSH",
            "class": "sglang.srt.distributed.device_communicators.custom_all_reduce_v2.CustomAllReduceV2",
            "fields": {
              "config": "ModeConfig(one_shot_push_threshold=2097152, one_shot_pull_threshold=2097152)",
              "disabled": "False",
              "max_size": "16777216",
              "override_algo": "None",
              "rank": "1",
              "tms_cudagraph": "False",
              "world_size": "4"
            },
            "python_id": 126699464736496,
            "should_custom_ar": {
              "value": true
            }
          },
          "pymscclpp": {
            "should_mscclpp_allreduce": {
              "value": false
            }
          },
          "pynccl": {
            "class": "sglang.srt.distributed.device_communicators.pynccl.PyNcclCommunicator",
            "fields": {
              "disabled": "False",
              "rank": "1",
              "world_size": "4"
            },
            "python_id": 126699401755584,
            "symmetric_pool_enabled": {
              "value": false
            }
          },
          "quick": {
            "should_quick_allreduce": {
              "value": false
            }
          },
          "torch_symmetric_memory": {
            "should_torch_symm_mem_allreduce": {
              "value": false
            }
          }
        },
        "dtype": "torch.bfloat16",
        "execution_mode": "cuda_graph",
        "group_name": "tp:0",
        "group_ranks": [
          0,
          1,
          2,
          3
        ],
        "local_size": 0,
        "message_bytes": 196608,
        "phase": "candidate_capture",
        "predicted_reference_algorithm": "ONE_SHOT_PUSH",
        "predicted_reference_backend": "custom_all_reduce_outplace",
        "rank": 1,
        "shape": [
          16,
          6144
        ],
        "stream": {
          "cuda_stream": 105187197796224,
          "requested": "nondefault"
        },
        "stride": [
          6144,
          1
        ],
        "world_size": 4
      },
      {
        "communicators": {
          "custom": {
            "algorithm": "ONE_SHOT_PUSH",
            "class": "sglang.srt.distributed.device_communicators.custom_all_reduce_v2.CustomAllReduceV2",
            "fields": {
              "config": "ModeConfig(one_shot_push_threshold=2097152, one_shot_pull_threshold=2097152)",
              "disabled": "False",
              "max_size": "16777216",
              "override_algo": "None",
              "rank": "2",
              "tms_cudagraph": "False",
              "world_size": "4"
            },
            "python_id": 136580031186704,
            "should_custom_ar": {
              "value": true
            }
          },
          "pymscclpp": {
            "should_mscclpp_allreduce": {
              "value": false
            }
          },
          "pynccl": {
            "class": "sglang.srt.distributed.device_communicators.pynccl.PyNcclCommunicator",
            "fields": {
              "disabled": "False",
              "rank": "2",
              "world_size": "4"
            },
            "python_id": 136580031559824,
            "symmetric_pool_enabled": {
              "value": false
            }
          },
          "quick": {
            "should_quick_allreduce": {
              "value": false
            }
          },
          "torch_symmetric_memory": {
            "should_torch_symm_mem_allreduce": {
              "value": false
            }
          }
        },
        "dtype": "torch.bfloat16",
        "execution_mode": "cuda_graph",
        "group_name": "tp:0",
        "group_ranks": [
          0,
          1,
          2,
          3
        ],
        "local_size": 0,
        "message_bytes": 196608,
        "phase": "candidate_capture",
        "predicted_reference_algorithm": "ONE_SHOT_PUSH",
        "predicted_reference_backend": "custom_all_reduce_outplace",
        "rank": 2,
        "shape": [
          16,
          6144
        ],
        "stream": {
          "cuda_stream": 106163211575584,
          "requested": "nondefault"
        },
        "stride": [
          6144,
          1
        ],
        "world_size": 4
      },
      {
        "communicators": {
          "custom": {
            "algorithm": "ONE_SHOT_PUSH",
            "class": "sglang.srt.distributed.device_communicators.custom_all_reduce_v2.CustomAllReduceV2",
            "fields": {
              "config": "ModeConfig(one_shot_push_threshold=2097152, one_shot_pull_threshold=2097152)",
              "disabled": "False",
              "max_size": "16777216",
              "override_algo": "None",
              "rank": "3",
              "tms_cudagraph": "False",
              "world_size": "4"
            },
            "python_id": 138258945364128,
            "should_custom_ar": {
              "value": true
            }
          },
          "pymscclpp": {
            "should_mscclpp_allreduce": {
              "value": false
            }
          },
          "pynccl": {
            "class": "sglang.srt.distributed.device_communicators.pynccl.PyNcclCommunicator",
            "fields": {
              "disabled": "False",
              "rank": "3",
              "world_size": "4"
            },
            "python_id": 138258813532544,
            "symmetric_pool_enabled": {
              "value": false
            }
          },
          "quick": {
            "should_quick_allreduce": {
              "value": false
            }
          },
          "torch_symmetric_memory": {
            "should_torch_symm_mem_allreduce": {
              "value": false
            }
          }
        },
        "dtype": "torch.bfloat16",
        "execution_mode": "cuda_graph",
        "group_name": "tp:0",
        "group_ranks": [
          0,
          1,
          2,
          3
        ],
        "local_size": 0,
        "message_bytes": 196608,
        "phase": "candidate_capture",
        "predicted_reference_algorithm": "ONE_SHOT_PUSH",
        "predicted_reference_backend": "custom_all_reduce_outplace",
        "rank": 3,
        "shape": [
          16,
          6144
        ],
        "stream": {
          "cuda_stream": 97999470459248,
          "requested": "nondefault"
        },
        "stride": [
          6144,
          1
        ],
        "world_size": 4
      }
    ],
    "candidate_contract_by_rank": [
      {
        "exact_values": true,
        "local_poststate": "reduced",
        "output": {
          "device": "cuda:0",
          "dtype": "torch.bfloat16",
          "shape": [
            16,
            6144
          ],
          "stride": [
            6144,
            1
          ]
        },
        "output_aliases_local": true,
        "source_immutable": true
      },
      {
        "exact_values": true,
        "local_poststate": "reduced",
        "output": {
          "device": "cuda:1",
          "dtype": "torch.bfloat16",
          "shape": [
            16,
            6144
          ],
          "stride": [
            6144,
            1
          ]
        },
        "output_aliases_local": true,
        "source_immutable": true
      },
      {
        "exact_values": true,
        "local_poststate": "reduced",
        "output": {
          "device": "cuda:2",
          "dtype": "torch.bfloat16",
          "shape": [
            16,
            6144
          ],
          "stride": [
            6144,
            1
          ]
        },
        "output_aliases_local": true,
        "source_immutable": true
      },
      {
        "exact_values": true,
        "local_poststate": "reduced",
        "output": {
          "device": "cuda:3",
          "dtype": "torch.bfloat16",
          "shape": [
            16,
            6144
          ],
          "stride": [
            6144,
            1
          ]
        },
        "output_aliases_local": true,
        "source_immutable": true
      }
    ],
    "exact_oracle": "hash[row,col]=(37*(row%127)+17*(col%127)+13*(row%127)*(col%127))%127; base_variant=((hash+shift)%127)-63 for shifts [0,31]; source=base+2*rank-(world_size-1); expected=world_size*base",
    "message_bytes": 196608,
    "reference_contract_by_rank": [
      {
        "exact_values": true,
        "local_poststate": "reduced",
        "output": {
          "device": "cuda:0",
          "dtype": "torch.bfloat16",
          "shape": [
            16,
            6144
          ],
          "stride": [
            6144,
            1
          ]
        },
        "output_aliases_local": true,
        "source_immutable": true
      },
      {
        "exact_values": true,
        "local_poststate": "reduced",
        "output": {
          "device": "cuda:1",
          "dtype": "torch.bfloat16",
          "shape": [
            16,
            6144
          ],
          "stride": [
            6144,
            1
          ]
        },
        "output_aliases_local": true,
        "source_immutable": true
      },
      {
        "exact_values": true,
        "local_poststate": "reduced",
        "output": {
          "device": "cuda:2",
          "dtype": "torch.bfloat16",
          "shape": [
            16,
            6144
          ],
          "stride": [
            6144,
            1
          ]
        },
        "output_aliases_local": true,
        "source_immutable": true
      },
      {
        "exact_values": true,
        "local_poststate": "reduced",
        "output": {
          "device": "cuda:3",
          "dtype": "torch.bfloat16",
          "shape": [
            16,
            6144
          ],
          "stride": [
            6144,
            1
          ]
        },
        "output_aliases_local": true,
        "source_immutable": true
      }
    ],
    "reference_dispatch_by_rank": [
      {
        "communicators": {
          "custom": {
            "algorithm": "ONE_SHOT_PUSH",
            "class": "sglang.srt.distributed.device_communicators.custom_all_reduce_v2.CustomAllReduceV2",
            "fields": {
              "config": "ModeConfig(one_shot_push_threshold=2097152, one_shot_pull_threshold=2097152)",
              "disabled": "False",
              "max_size": "16777216",
              "override_algo": "None",
              "rank": "0",
              "tms_cudagraph": "False",
              "world_size": "4"
            },
            "python_id": 135595730880224,
            "should_custom_ar": {
              "value": true
            }
          },
          "pymscclpp": {
            "should_mscclpp_allreduce": {
              "value": false
            }
          },
          "pynccl": {
            "class": "sglang.srt.distributed.device_communicators.pynccl.PyNcclCommunicator",
            "fields": {
              "disabled": "False",
              "rank": "0",
              "world_size": "4"
            },
            "python_id": 135595730264688,
            "symmetric_pool_enabled": {
              "value": false
            }
          },
          "quick": {
            "should_quick_allreduce": {
              "value": false
            }
          },
          "torch_symmetric_memory": {
            "should_torch_symm_mem_allreduce": {
              "value": false
            }
          }
        },
        "dtype": "torch.bfloat16",
        "execution_mode": "cuda_graph",
        "group_name": "tp:0",
        "group_ranks": [
          0,
          1,
          2,
          3
        ],
        "local_size": 0,
        "message_bytes": 196608,
        "phase": "reference_capture",
        "predicted_reference_algorithm": "ONE_SHOT_PUSH",
        "predicted_reference_backend": "custom_all_reduce_outplace",
        "rank": 0,
        "shape": [
          16,
          6144
        ],
        "stream": {
          "cuda_stream": 111152537984528,
          "requested": "nondefault"
        },
        "stride": [
          6144,
          1
        ],
        "world_size": 4
      },
      {
        "communicators": {
          "custom": {
            "algorithm": "ONE_SHOT_PUSH",
            "class": "sglang.srt.distributed.device_communicators.custom_all_reduce_v2.CustomAllReduceV2",
            "fields": {
              "config": "ModeConfig(one_shot_push_threshold=2097152, one_shot_pull_threshold=2097152)",
              "disabled": "False",
              "max_size": "16777216",
              "override_algo": "None",
              "rank": "1",
              "tms_cudagraph": "False",
              "world_size": "4"
            },
            "python_id": 126699464736496,
            "should_custom_ar": {
              "value": true
            }
          },
          "pymscclpp": {
            "should_mscclpp_allreduce": {
              "value": false
            }
          },
          "pynccl": {
            "class": "sglang.srt.distributed.device_communicators.pynccl.PyNcclCommunicator",
            "fields": {
              "disabled": "False",
              "rank": "1",
              "world_size": "4"
            },
            "python_id": 126699401755584,
            "symmetric_pool_enabled": {
              "value": false
            }
          },
          "quick": {
            "should_quick_allreduce": {
              "value": false
            }
          },
          "torch_symmetric_memory": {
            "should_torch_symm_mem_allreduce": {
              "value": false
            }
          }
        },
        "dtype": "torch.bfloat16",
        "execution_mode": "cuda_graph",
        "group_name": "tp:0",
        "group_ranks": [
          0,
          1,
          2,
          3
        ],
        "local_size": 0,
        "message_bytes": 196608,
        "phase": "reference_capture",
        "predicted_reference_algorithm": "ONE_SHOT_PUSH",
        "predicted_reference_backend": "custom_all_reduce_outplace",
        "rank": 1,
        "shape": [
          16,
          6144
        ],
        "stream": {
          "cuda_stream": 105187197796224,
          "requested": "nondefault"
        },
        "stride": [
          6144,
          1
        ],
        "world_size": 4
      },
      {
        "communicators": {
          "custom": {
            "algorithm": "ONE_SHOT_PUSH",
            "class": "sglang.srt.distributed.device_communicators.custom_all_reduce_v2.CustomAllReduceV2",
            "fields": {
              "config": "ModeConfig(one_shot_push_threshold=2097152, one_shot_pull_threshold=2097152)",
              "disabled": "False",
              "max_size": "16777216",
              "override_algo": "None",
              "rank": "2",
              "tms_cudagraph": "False",
              "world_size": "4"
            },
            "python_id": 136580031186704,
            "should_custom_ar": {
              "value": true
            }
          },
          "pymscclpp": {
            "should_mscclpp_allreduce": {
              "value": false
            }
          },
          "pynccl": {
            "class": "sglang.srt.distributed.device_communicators.pynccl.PyNcclCommunicator",
            "fields": {
              "disabled": "False",
              "rank": "2",
              "world_size": "4"
            },
            "python_id": 136580031559824,
            "symmetric_pool_enabled": {
              "value": false
            }
          },
          "quick": {
            "should_quick_allreduce": {
              "value": false
            }
          },
          "torch_symmetric_memory": {
            "should_torch_symm_mem_allreduce": {
              "value": false
            }
          }
        },
        "dtype": "torch.bfloat16",
        "execution_mode": "cuda_graph",
        "group_name": "tp:0",
        "group_ranks": [
          0,
          1,
          2,
          3
        ],
        "local_size": 0,
        "message_bytes": 196608,
        "phase": "reference_capture",
        "predicted_reference_algorithm": "ONE_SHOT_PUSH",
        "predicted_reference_backend": "custom_all_reduce_outplace",
        "rank": 2,
        "shape": [
          16,
          6144
        ],
        "stream": {
          "cuda_stream": 106163211575584,
          "requested": "nondefault"
        },
        "stride": [
          6144,
          1
        ],
        "world_size": 4
      },
      {
        "communicators": {
          "custom": {
            "algorithm": "ONE_SHOT_PUSH",
            "class": "sglang.srt.distributed.device_communicators.custom_all_reduce_v2.CustomAllReduceV2",
            "fields": {
              "config": "ModeConfig(one_shot_push_threshold=2097152, one_shot_pull_threshold=2097152)",
              "disabled": "False",
              "max_size": "16777216",
              "override_algo": "None",
              "rank": "3",
              "tms_cudagraph": "False",
              "world_size": "4"
            },
            "python_id": 138258945364128,
            "should_custom_ar": {
              "value": true
            }
          },
          "pymscclpp": {
            "should_mscclpp_allreduce": {
              "value": false
            }
          },
          "pynccl": {
            "class": "sglang.srt.distributed.device_communicators.pynccl.PyNcclCommunicator",
            "fields": {
              "disabled": "False",
              "rank": "3",
              "world_size": "4"
            },
            "python_id": 138258813532544,
            "symmetric_pool_enabled": {
              "value": false
            }
          },
          "quick": {
            "should_quick_allreduce": {
              "value": false
            }
          },
          "torch_symmetric_memory": {
            "should_torch_symm_mem_allreduce": {
              "value": false
            }
          }
        },
        "dtype": "torch.bfloat16",
        "execution_mode": "cuda_graph",
        "group_name": "tp:0",
        "group_ranks": [
          0,
          1,
          2,
          3
        ],
        "local_size": 0,
        "message_bytes": 196608,
        "phase": "reference_capture",
        "predicted_reference_algorithm": "ONE_SHOT_PUSH",
        "predicted_reference_backend": "custom_all_reduce_outplace",
        "rank": 3,
        "shape": [
          16,
          6144
        ],
        "stream": {
          "cuda_stream": 97999470459248,
          "requested": "nondefault"
        },
        "stride": [
          6144,
          1
        ],
        "world_size": 4
      }
    ]
  },
  "candidate": {
    "collective_only": {
      "median_ms": 0.03956799954175949,
      "min_ms": 0.02831999957561493,
      "p95_ms": 0.06159999966621399
    },
    "gate_metric": "ready_region.rank_max_ms",
    "manifest": {
      "entries": [
        {
          "path": "reference.py",
          "sha256": "cd7c03e7f394193f654f9c98529ed76954465e811d81c36e340eb660723e81cf",
          "size": 130,
          "type": "file"
        }
      ],
      "entrypoint": "/home/qinhaiyan/glm52-goal-runs/24-tp_allreduce_reachability/kernel-harness/serving_native/candidates/reference.py",
      "entrypoint_sha256_at_import": "cd7c03e7f394193f654f9c98529ed76954465e811d81c36e340eb660723e81cf",
      "excluded_generated_files": [
        "**/__pycache__/**",
        "**/*.pyc"
      ],
      "manifest_sha256": "f00a44678366993025834bcd10520d16b41e9ce7c5a87b03ce7f51da3a270988",
      "requested_path": "/home/qinhaiyan/glm52-goal-runs/24-tp_allreduce_reachability/kernel-harness/serving_native/candidates/reference.py",
      "root": "/home/qinhaiyan/glm52-goal-runs/24-tp_allreduce_reachability/kernel-harness/serving_native/candidates"
    },
    "paired_p10_speedup": 0.8221970670193669,
    "paired_p90_speedup": 1.168892387004892,
    "passes_3pct_median_gate": false,
    "readiness_probe_overhead_median_ms": 0.0901119988411665,
    "ready_region": {
      "median_ms": 0.13174399733543396,
      "min_ms": 0.0859839990735054,
      "p95_ms": 0.1757120043039322
    },
    "speedup": 0.9810932931485242,
    "speedup_metric": "paired ready-region rank-max"
  },
  "correctness": {
    "alternating_input_variants": 2,
    "candidate_state_guarded": true,
    "exact_full_checks": "before and after timing",
    "exact_full_tensor_consumer": "every warmup and measured sample",
    "exact_position_probe": "every warmup and measured sample",
    "passed": true,
    "validation_errors_aggregated_over_tp_cpu_group": true
  },
  "disposition": "tp4_diagnostic_no_replacement",
  "environment": {
    "device": {
      "capability": [
        10,
        0
      ],
      "name": "NVIDIA B200",
      "rank": 0,
      "total_memory": 191490555904
    },
    "device_by_rank": [
      {
        "capability": [
          10,
          0
        ],
        "name": "NVIDIA B200",
        "rank": 0,
        "total_memory": 191490555904
      },
      {
        "capability": [
          10,
          0
        ],
        "name": "NVIDIA B200",
        "rank": 1,
        "total_memory": 191490555904
      },
      {
        "capability": [
          10,
          0
        ],
        "name": "NVIDIA B200",
        "rank": 2,
        "total_memory": 191490555904
      },
      {
        "capability": [
          10,
          0
        ],
        "name": "NVIDIA B200",
        "rank": 3,
        "total_memory": 191490555904
      }
    ],
    "env": {
      "CUDA_VISIBLE_DEVICES": "0,1,2,3",
      "NCCL_ALGO": null,
      "NCCL_PROTO": null,
      "SGLANG_ALL_REDUCE_TRACE": null,
      "SGLANG_GLM52_OPT": "0",
      "SGLANG_OPT_USE_CUSTOM_ALL_REDUCE_V2": null,
      "SGLANG_ROOT": "/home/qinhaiyan/glm52-goal-runs/24-tp_allreduce_reachability/sglang"
    },
    "kernel_harness_git": {
      "branch": "goal/glm52-prod-24-tp_allreduce_reachability",
      "dirty": false,
      "root": "/home/qinhaiyan/glm52-goal-runs/24-tp_allreduce_reachability/kernel-harness",
      "sha": "bea4a8cd294a84f2d305cd023eb3fed281de4b1e",
      "status": []
    },
    "packages": {
      "flashinfer": {
        "path": "/mnt/OS-oKqEXySb/home/qinhaiyan/miniconda3/envs/sglang/lib/python3.12/site-packages/flashinfer/__init__.py",
        "version": "0.6.12"
      },
      "sgl_kernel": {
        "path": "/mnt/OS-oKqEXySb/home/qinhaiyan/miniconda3/envs/sglang/lib/python3.12/site-packages/sgl_kernel/__init__.py",
        "version": "0.4.4"
      },
      "sglang": {
        "path": "/home/qinhaiyan/glm52-goal-runs/24-tp_allreduce_reachability/sglang/python/sglang/__init__.py",
        "version": "0.5.15"
      },
      "torch": {
        "cuda": "13.0",
        "nccl": [
          2,
          28,
          9
        ],
        "path": "/mnt/OS-oKqEXySb/home/qinhaiyan/miniconda3/envs/sglang/lib/python3.12/site-packages/torch/__init__.py",
        "version": "2.11.0+cu130"
      },
      "triton": {
        "path": "/mnt/OS-oKqEXySb/home/qinhaiyan/miniconda3/envs/sglang/lib/python3.12/site-packages/triton/__init__.py",
        "version": "3.6.0"
      }
    },
    "python": "/home/qinhaiyan/glm52-goal-runs/24-tp_allreduce_reachability/kernel-harness/.venv/bin/python",
    "python_version": "3.12.13 | packaged by Anaconda, Inc. | (main, Jul  9 2026, 14:38:16) [GCC 14.3.0]",
    "sglang_git": {
      "branch": "goal/glm52-prod-24-tp_allreduce_reachability",
      "dirty": false,
      "root": "/home/qinhaiyan/glm52-goal-runs/24-tp_allreduce_reachability/sglang",
      "sha": "a91928c6f713d69722176a8d13781367e9b78dc4",
      "status": []
    }
  },
  "execution": {
    "cuda_stream": 111152537984528,
    "default_to_execution_waits_outside_timing": 7,
    "mode": "cuda_graph",
    "nvtx_measurement_range": "serving_native/tp4_allreduce_decode_m16/cuda_graph/nondefault/paired",
    "nvtx_rank_synchronization": "rank 0 push after a TP CPU-group barrier; all ranks wait at a second barrier before measurement and before rank 0 pop",
    "stream": "nondefault"
  },
  "gate": {
    "candidate_present": true,
    "metric": "paired ready-region rank-max p50 speedup",
    "minimum_speedup": 1.03,
    "passed": false,
    "performance_eligible": true,
    "stock_fallback_active": true
  },
  "production_acceptance": "This direct TP4 callable is not proof of the GLM serving caller/ABI and cannot be relabeled as TP8 evidence.",
  "raw_samples": {
    "alignment_policy": {
      "accepted_pair_attempts": 100,
      "admission_fields": [
        "scheduled_start_arrival_ns_by_rank",
        "scheduled_start_target_ns_by_rank",
        "start_record_bracket_ns_by_rank",
        "start_record_envelope_span_ns"
      ],
      "initial_input_variant": 1,
      "latency_fields_excluded": true,
      "max_pair_attempts": 10,
      "next_input_variant": 1,
      "rejected_pair_attempts": 2,
      "requested_logical_pairs": 100,
      "start_record_envelope_limit_ns": 500000,
      "total_pair_attempts": 102
    },
    "candidate": [
      {
        "collective_only": {
          "local_ms": 0.0318400003015995,
          "rank_max_ms": 0.03920000046491623,
          "rank_ms": [
            0.0318400003015995,
            0.03254399821162224,
            0.030368000268936157,
            0.03920000046491623
          ]
        },
        "pair_attempt_id": 0,
        "pair_retry_ordinal": 0,
        "position": 1,
        "readiness_probe_exact": true,
        "ready_region": {
          "local_ms": 0.12297599762678146,
          "rank_max_ms": 0.12758399546146393,
          "rank_ms": [
            0.12297599762678146,
            0.12041600048542023,
            0.12758399546146393,
            0.10700800269842148
          ]
        },
        "sample_index": 0,
        "scheduled_start_arrival_ns_by_rank": [
          744674336246145,
          744674335990335,
          744674336232093,
          744674336082372
        ],
        "scheduled_start_target_ns_by_rank": [
          744674341246145,
          744674341246145,
          744674341246145,
          744674341246145
        ],
        "start_record_bracket_ns_by_rank": [
          [
            744674341247207,
            744674341278177
          ],
          [
            744674341247125,
            744674341276265
          ],
          [
            744674341247356,
            744674341278762
          ],
          [
            744674341246661,
            744674341269807
          ]
        ],
        "start_record_envelope_span_ns": 32101,
        "variant": 1
      },
      {
        "collective_only": {
          "local_ms": 0.033984001725912094,
          "rank_max_ms": 0.05407999828457832,
          "rank_ms": [
            0.033984001725912094,
            0.03308799862861633,
            0.03580800071358681,
            0.05407999828457832
          ]
        },
        "pair_attempt_id": 1,
        "pair_retry_ordinal": 0,
        "position": 0,
        "readiness_probe_exact": true,
        "ready_region": {
          "local_ms": 0.13884800672531128,
          "rank_max_ms": 0.14105600118637085,
          "rank_ms": [
            0.13884800672531128,
            0.13894400000572205,
            0.14105600118637085,
            0.0987199991941452
          ]
        },
        "sample_index": 1,
        "scheduled_start_arrival_ns_by_rank": [
          744674345778336,
          744674345600439,
          744674345778546,
          744674345446633
        ],
        "scheduled_start_target_ns_by_rank": [
          744674350778546,
          744674350778546,
          744674350778546,
          744674350778546
        ],
        "start_record_bracket_ns_by_rank": [
          [
            744674350779459,
            744674350815327
          ],
          [
            744674350779759,
            744674350815793
          ],
          [
            744674350779697,
            744674350814653
          ],
          [
            744674350778973,
            744674350794322
          ]
        ],
        "start_record_envelope_span_ns": 36820,
        "variant": 0
      },
      {
        "collective_only": {
          "local_ms": 0.04927999898791313,
          "rank_max_ms": 0.07497599720954895,
          "rank_ms": [
            0.04927999898791313,
            0.051263999193906784,
            0.06403200328350067,
            0.07497599720954895
          ]
        },
        "pair_attempt_id": 2,
        "pair_retry_ordinal": 0,
        "position": 1,
        "readiness_probe_exact": true,
        "ready_region": {
          "local_ms": 0.1820479929447174,
          "rank_max_ms": 0.18371200561523438,
          "rank_ms": [
            0.1820479929447174,
            0.18371200561523438,
            0.1515520066022873,
            0.1356479972600937
          ]
        },
        "sample_index": 2,
        "scheduled_start_arrival_ns_by_rank": [
          744674375112555,
          744674375123638,
          744674375121335,
          744674374967603
        ],
        "scheduled_start_target_ns_by_rank": [
          744674380123638,
          744674380123638,
          744674380123638,
          744674380123638
        ],
        "start_record_bracket_ns_by_rank": [
          [
            744674380125042,
            744674380168317
          ],
          [
            744674380124968,
            744674380166750
          ],
          [
            744674380124190,
            744674380155730
          ],
          [
            744674380124081,
            744674380143766
          ]
        ],
        "start_record_envelope_span_ns": 44236,
        "variant": 1
      },
      {
        "collective_only": {
          "local_ms": 0.052191998809576035,
          "rank_max_ms": 0.06572800129652023,
          "rank_ms": [
            0.052191998809576035,
            0.05676800012588501,
            0.05164799839258194,
            0.06572800129652023
          ]
        },
        "pair_attempt_id": 3,
        "pair_retry_ordinal": 0,
        "position": 0,
        "readiness_probe_exact": true,
        "ready_region": {
          "local_ms": 0.20076799392700195,
          "rank_max_ms": 0.21715199947357178,
          "rank_ms": [
            0.20076799392700195,
            0.20345599949359894,
            0.21715199947357178,
            0.19708800315856934
          ]
        },
        "sample_index": 3,
        "scheduled_start_arrival_ns_by_rank": [
          744674385617338,
          744674385521928,
          744674385648645,
          744674385555876
        ],
        "scheduled_start_target_ns_by_rank": [
          744674390648645,
          744674390648645,
          744674390648645,
          744674390648645
        ],
        "start_record_bracket_ns_by_rank": [
          [
            744674390649872,
            744674390705976
          ],
          [
            744674390649929,
            744674390703773
          ],
          [
            744674390650063,
            744674390709774
          ],
          [
            744674390649703,
            744674390691477
          ]
        ],
        "start_record_envelope_span_ns": 60071,
        "variant": 0
      },
      {
        "collective_only": {
          "local_ms": 0.03484800085425377,
          "rank_max_ms": 0.04729599878191948,
          "rank_ms": [
            0.03484800085425377,
            0.03843199834227562,
            0.03964800015091896,
            0.04729599878191948
          ]
        },
        "pair_attempt_id": 4,
        "pair_retry_ordinal": 0,
        "position": 1,
        "readiness_probe_exact": true,
        "ready_region": {
          "local_ms": 0.16950400173664093,
          "rank_max_ms": 0.16950400173664093,
          "rank_ms": [
            0.16950400173664093,
            0.1661120057106018,
            0.16681599617004395,
            0.15411199629306793
          ]
        },
        "sample_index": 4,
        "scheduled_start_arrival_ns_by_rank": [
          744674417389157,
          744674417145611,
          744674417661140,
          744674417348115
        ],
        "scheduled_start_target_ns_by_rank": [
          744674422661140,
          744674422661140,
          744674422661140,
          744674422661140
        ],
        "start_record_bracket_ns_by_rank": [
          [
            744674422662407,
            744674422705265
          ],
          [
            744674422662381,
            744674422703627
          ],
          [
            744674422662262,
            744674422703609
          ],
          [
            744674422662055,
            744674422694185
          ]
        ],
        "start_record_envelope_span_ns": 43210,
        "variant": 1
      },
      {
        "collective_only": {
          "local_ms": 0.03699199855327606,
          "rank_max_ms": 0.06035200133919716,
          "rank_ms": [
            0.03699199855327606,
            0.06035200133919716,
            0.04198399931192398,
            0.060127999633550644
          ]
        },
        "pair_attempt_id": 5,
        "pair_retry_ordinal": 0,
        "position": 0,
        "readiness_probe_exact": true,
        "ready_region": {
          "local_ms": 0.1757120043039322,
          "rank_max_ms": 0.1757120043039322,
          "rank_ms": [
            0.1757120043039322,
            0.1329919993877411,
            0.16543999314308167,
            0.12985600531101227
          ]
        },
        "sample_index": 5,
        "scheduled_start_arrival_ns_by_rank": [
          744674428308323,
          744674427655505,
          744674428171697,
          744674428106237
        ],
        "scheduled_start_target_ns_by_rank": [
          744674433308323,
          744674433308323,
          744674433308323,
          744674433308323
        ],
        "start_record_bracket_ns_by_rank": [
          [
            744674433309538,
            744674433355964
          ],
          [
            744674433308847,
            744674433334328
          ],
          [
            744674433309256,
            744674433353071
          ],
          [
            744674433308927,
            744674433334298
          ]
        ],
        "start_record_envelope_span_ns": 47117,
        "variant": 0
      },
      {
        "collective_only": {
          "local_ms": 0.035232000052928925,
          "rank_max_ms": 0.056352000683546066,
          "rank_ms": [
            0.035232000052928925,
            0.036639999598264694,
            0.03702399879693985,
            0.056352000683546066
          ]
        },
        "pair_attempt_id": 6,
        "pair_retry_ordinal": 0,
        "position": 1,
        "readiness_probe_exact": true,
        "ready_region": {
          "local_ms": 0.15043200552463531,
          "rank_max_ms": 0.1586879938840866,
          "rank_ms": [
            0.15043200552463531,
            0.15647999942302704,
            0.1586879938840866,
            0.11980800330638885
          ]
        },
        "sample_index": 6,
        "scheduled_start_arrival_ns_by_rank": [
          744674458552572,
          744674458430284,
          744674458290935,
          744674458336168
        ],
        "scheduled_start_target_ns_by_rank": [
          744674463552572,
          744674463552572,
          744674463552572,
          744674463552572
        ],
        "start_record_bracket_ns_by_rank": [
          [
            744674463553941,
            744674463594606
          ],
          [
            744674463553528,
            744674463593647
          ],
          [
            744674463553583,
            744674463593531
          ],
          [
            744674463553035,
            744674463573142
          ]
        ],
        "start_record_envelope_span_ns": 41571,
        "variant": 1
      },
      {
        "collective_only": {
          "local_ms": 0.036288000643253326,
          "rank_max_ms": 0.04483199864625931,
          "rank_ms": [
            0.036288000643253326,
            0.03577600046992302,
            0.03580800071358681,
            0.04483199864625931
          ]
        },
        "pair_attempt_id": 8,
        "pair_retry_ordinal": 1,
        "position": 0,
        "readiness_probe_exact": true,
        "ready_region": {
          "local_ms": 0.15056000649929047,
          "rank_max_ms": 0.1650879979133606,
          "rank_ms": [
            0.15056000649929047,
            0.1650879979133606,
            0.1491200029850006,
            0.15756799280643463
          ]
        },
        "sample_index": 7,
        "scheduled_start_arrival_ns_by_rank": [
          744674493592565,
          744674492849366,
          744674493430189,
          744674492907595
        ],
        "scheduled_start_target_ns_by_rank": [
          744674498592565,
          744674498592565,
          744674498592565,
          744674498592565
        ],
        "start_record_bracket_ns_by_rank": [
          [
            744674498593572,
            744674498633596
          ],
          [
            744674498593557,
            744674498635083
          ],
          [
            744674498593752,
            744674498633227
          ],
          [
            744674498593622,
            744674498625862
          ]
        ],
        "start_record_envelope_span_ns": 41526,
        "variant": 1
      },
      {
        "collective_only": {
          "local_ms": 0.041152000427246094,
          "rank_max_ms": 0.05027199909090996,
          "rank_ms": [
            0.041152000427246094,
            0.04259200021624565,
            0.03903999924659729,
            0.05027199909090996
          ]
        },
        "pair_attempt_id": 9,
        "pair_retry_ordinal": 0,
        "position": 1,
        "readiness_probe_exact": true,
        "ready_region": {
          "local_ms": 0.14972800016403198,
          "rank_max_ms": 0.1563200056552887,
          "rank_ms": [
            0.14972800016403198,
            0.15507200360298157,
            0.1563200056552887,
            0.14547200500965118
          ]
        },
        "sample_index": 8,
        "scheduled_start_arrival_ns_by_rank": [
          744674525277029,
          744674525226294,
          744674525206329,
          744674525366274
        ],
        "scheduled_start_target_ns_by_rank": [
          744674530366274,
          744674530366274,
          744674530366274,
          744674530366274
        ],
        "start_record_bracket_ns_by_rank": [
          [
            744674530367315,
            744674530406699
          ],
          [
            744674530367251,
            744674530406568
          ],
          [
            744674530367355,
            744674530407968
          ],
          [
            744674530367166,
            744674530398384
          ]
        ],
        "start_record_envelope_span_ns": 40802,
        "variant": 0
      },
      {
        "collective_only": {
          "local_ms": 0.0344959981739521,
          "rank_max_ms": 0.048928000032901764,
          "rank_ms": [
            0.0344959981739521,
            0.04371200129389763,
            0.03759999945759773,
            0.048928000032901764
          ]
        },
        "pair_attempt_id": 10,
        "pair_retry_ordinal": 0,
        "position": 0,
        "readiness_probe_exact": true,
        "ready_region": {
          "local_ms": 0.16288000345230103,
          "rank_max_ms": 0.16288000345230103,
          "rank_ms": [
            0.16288000345230103,
            0.15644800662994385,
            0.1592320054769516,
            0.15852800011634827
          ]
        },
        "sample_index": 9,
        "scheduled_start_arrival_ns_by_rank": [
          744674536332837,
          744674536342909,
          744674536372483,
          744674536325990
        ],
        "scheduled_start_target_ns_by_rank": [
          744674541372483,
          744674541372483,
          744674541372483,
          744674541372483
        ],
        "start_record_bracket_ns_by_rank": [
          [
            744674541373648,
            744674541421140
          ],
          [
            744674541373557,
            744674541414174
          ],
          [
            744674541373791,
            744674541417218
          ],
          [
            744674541373322,
            744674541407277
          ]
        ],
        "start_record_envelope_span_ns": 47818,
        "variant": 1
      },
      {
        "collective_only": {
          "local_ms": 0.03014400042593479,
          "rank_max_ms": 0.04630399867892265,
          "rank_ms": [
            0.03014400042593479,
            0.03267199918627739,
            0.04630399867892265,
            0.03951999917626381
          ]
        },
        "pair_attempt_id": 11,
        "pair_retry_ordinal": 0,
        "position": 1,
        "readiness_probe_exact": true,
        "ready_region": {
          "local_ms": 0.14963200688362122,
          "rank_max_ms": 0.14963200688362122,
          "rank_ms": [
            0.14963200688362122,
            0.13862399756908417,
            0.0990080013871193,
            0.13142399489879608
          ]
        },
        "sample_index": 10,
        "scheduled_start_arrival_ns_by_rank": [
          744674562717496,
          744674562590936,
          744674563042829,
          744674562716067
        ],
        "scheduled_start_target_ns_by_rank": [
          744674568042829,
          744674568042829,
          744674568042829,
          744674568042829
        ],
        "start_record_bracket_ns_by_rank": [
          [
            744674568043800,
            744674568076330
          ],
          [
            744674568043794,
            744674568073656
          ],
          [
            744674568043285,
            744674568061550
          ],
          [
            744674568043509,
            744674568067181
          ]
        ],
        "start_record_envelope_span_ns": 33045,
        "variant": 0
      },
      {
        "collective_only": {
          "local_ms": 0.031039999797940254,
          "rank_max_ms": 0.04217600077390671,
          "rank_ms": [
            0.031039999797940254,
            0.0342399999499321,
            0.03155200183391571,
            0.04217600077390671
          ]
        },
        "pair_attempt_id": 12,
        "pair_retry_ordinal": 0,
        "position": 0,
        "readiness_probe_exact": true,
        "ready_region": {
          "local_ms": 0.15187199413776398,
          "rank_max_ms": 0.15187199413776398,
          "rank_ms": [
            0.15187199413776398,
            0.14800000190734863,
            0.14457599818706512,
            0.1345279961824417
          ]
        },
        "sample_index": 11,
        "scheduled_start_arrival_ns_by_rank": [
          744674571628591,
          744674571688083,
          744674571886600,
          744674571636460
        ],
        "scheduled_start_target_ns_by_rank": [
          744674576886600,
          744674576886600,
          744674576886600,
          744674576886600
        ],
        "start_record_bracket_ns_by_rank": [
          [
            744674576887634,
            744674576923140
          ],
          [
            744674576887442,
            744674576919512
          ],
          [
            744674576887399,
            744674576924010
          ],
          [
            744674576887390,
            744674576911129
          ]
        ],
        "start_record_envelope_span_ns": 36620,
        "variant": 1
      },
      {
        "collective_only": {
          "local_ms": 0.02751999907195568,
          "rank_max_ms": 0.03622400015592575,
          "rank_ms": [
            0.02751999907195568,
            0.029823999851942062,
            0.03177599981427193,
            0.03622400015592575
          ]
        },
        "pair_attempt_id": 13,
        "pair_retry_ordinal": 0,
        "position": 1,
        "readiness_probe_exact": true,
        "ready_region": {
          "local_ms": 0.11580800265073776,
          "rank_max_ms": 0.11718399822711945,
          "rank_ms": [
            0.11580800265073776,
            0.11718399822711945,
            0.10969600081443787,
            0.11302399635314941
          ]
        },
        "sample_index": 12,
        "scheduled_start_arrival_ns_by_rank": [
          744674600236982,
          744674599815931,
          744674599527327,
          744674599922371
        ],
        "scheduled_start_target_ns_by_rank": [
          744674605236982,
          744674605236982,
          744674605236982,
          744674605236982
        ],
        "start_record_bracket_ns_by_rank": [
          [
            744674605238041,
            744674605267242
          ],
          [
            744674605237834,
            744674605266055
          ],
          [
            744674605237478,
            744674605264649
          ],
          [
            744674605237714,
            744674605260191
          ]
        ],
        "start_record_envelope_span_ns": 29764,
        "variant": 0
      },
      {
        "collective_only": {
          "local_ms": 0.02921600081026554,
          "rank_max_ms": 0.04102399945259094,
          "rank_ms": [
            0.02921600081026554,
            0.0272000003606081,
            0.04102399945259094,
            0.0350399985909462
          ]
        },
        "pair_attempt_id": 14,
        "pair_retry_ordinal": 0,
        "position": 0,
        "readiness_probe_exact": true,
        "ready_region": {
          "local_ms": 0.11343999952077866,
          "rank_max_ms": 0.11343999952077866,
          "rank_ms": [
            0.11343999952077866,
            0.11273600161075592,
            0.08419200032949448,
            0.1096000000834465
          ]
        },
        "sample_index": 13,
        "scheduled_start_arrival_ns_by_rank": [
          744674609526663,
          744674609482418,
          744674609198821,
          744674609437452
        ],
        "scheduled_start_target_ns_by_rank": [
          744674614526663,
          744674614526663,
          744674614526663,
          744674614526663
        ],
        "start_record_bracket_ns_by_rank": [
          [
            744674614527345,
            744674614554735
          ],
          [
            744674614527622,
            744674614555364
          ],
          [
            744674614527057,
            744674614541325
          ],
          [
            744674614527365,
            744674614548923
          ]
        ],
        "start_record_envelope_span_ns": 28307,
        "variant": 1
      },
      {
        "collective_only": {
          "local_ms": 0.036031998693943024,
          "rank_max_ms": 0.04179200157523155,
          "rank_ms": [
            0.036031998693943024,
            0.03574400022625923,
            0.032607998698949814,
            0.04179200157523155
          ]
        },
        "pair_attempt_id": 15,
        "pair_retry_ordinal": 0,
        "position": 1,
        "readiness_probe_exact": true,
        "ready_region": {
          "local_ms": 0.13900800049304962,
          "rank_max_ms": 0.14691199362277985,
          "rank_ms": [
            0.13900800049304962,
            0.14230400323867798,
            0.14684799313545227,
            0.14691199362277985
          ]
        },
        "sample_index": 14,
        "scheduled_start_arrival_ns_by_rank": [
          744674638169485,
          744674638082903,
          744674638210835,
          744674638225819
        ],
        "scheduled_start_target_ns_by_rank": [
          744674643225819,
          744674643225819,
          744674643225819,
          744674643225819
        ],
        "start_record_bracket_ns_by_rank": [
          [
            744674643226766,
            744674643262245
          ],
          [
            744674643226747,
            744674643262395
          ],
          [
            744674643226986,
            744674643264191
          ],
          [
            744674643226785,
            744674643257213
          ]
        ],
        "start_record_envelope_span_ns": 37444,
        "variant": 0
      },
      {
        "collective_only": {
          "local_ms": 0.03142400085926056,
          "rank_max_ms": 0.03721600025892258,
          "rank_ms": [
            0.03142400085926056,
            0.03062400035560131,
            0.03280000016093254,
            0.03721600025892258
          ]
        },
        "pair_attempt_id": 16,
        "pair_retry_ordinal": 0,
        "position": 0,
        "readiness_probe_exact": true,
        "ready_region": {
          "local_ms": 0.1302720010280609,
          "rank_max_ms": 0.1302720010280609,
          "rank_ms": [
            0.1302720010280609,
            0.1287039965391159,
            0.12720000743865967,
            0.1255359947681427
          ]
        },
        "sample_index": 15,
        "scheduled_start_arrival_ns_by_rank": [
          744674647603216,
          744674647209663,
          744674647300430,
          744674647461759
        ],
        "scheduled_start_target_ns_by_rank": [
          744674652603216,
          744674652603216,
          744674652603216,
          744674652603216
        ],
        "start_record_bracket_ns_by_rank": [
          [
            744674652604057,
            744674652636190
          ],
          [
            744674652604227,
            744674652636644
          ],
          [
            744674652604095,
            744674652634857
          ],
          [
            744674652604020,
            744674652630367
          ]
        ],
        "start_record_envelope_span_ns": 32624,
        "variant": 1
      },
      {
        "collective_only": {
          "local_ms": 0.02768000029027462,
          "rank_max_ms": 0.033215999603271484,
          "rank_ms": [
            0.02768000029027462,
            0.02921600081026554,
            0.03017600066959858,
            0.033215999603271484
          ]
        },
        "pair_attempt_id": 17,
        "pair_retry_ordinal": 0,
        "position": 1,
        "readiness_probe_exact": true,
        "ready_region": {
          "local_ms": 0.11417599767446518,
          "rank_max_ms": 0.11958400160074234,
          "rank_ms": [
            0.11417599767446518,
            0.11958400160074234,
            0.11260800063610077,
            0.1143679991364479
          ]
        },
        "sample_index": 16,
        "scheduled_start_arrival_ns_by_rank": [
          744674677310136,
          744674676875969,
          744674677482405,
          744674677123638
        ],
        "scheduled_start_target_ns_by_rank": [
          744674682482405,
          744674682482405,
          744674682482405,
          744674682482405
        ],
        "start_record_bracket_ns_by_rank": [
          [
            744674682483356,
            744674682511038
          ],
          [
            744674682483248,
            744674682510083
          ],
          [
            744674682483141,
            744674682509286
          ],
          [
            744674682483261,
            744674682505689
          ]
        ],
        "start_record_envelope_span_ns": 27897,
        "variant": 0
      },
      {
        "collective_only": {
          "local_ms": 0.027456000447273254,
          "rank_max_ms": 0.034623999148607254,
          "rank_ms": [
            0.027456000447273254,
            0.02848000079393387,
            0.030912000685930252,
            0.034623999148607254
          ]
        },
        "pair_attempt_id": 18,
        "pair_retry_ordinal": 0,
        "position": 0,
        "readiness_probe_exact": true,
        "ready_region": {
          "local_ms": 0.11603199690580368,
          "rank_max_ms": 0.11603199690580368,
          "rank_ms": [
            0.11603199690580368,
            0.1122559979557991,
            0.11148799955844879,
            0.11055999994277954
          ]
        },
        "sample_index": 17,
        "scheduled_start_arrival_ns_by_rank": [
          744674687556630,
          744674687148936,
          744674686951735,
          744674687140321
        ],
        "scheduled_start_target_ns_by_rank": [
          744674692556630,
          744674692556630,
          744674692556630,
          744674692556630
        ],
        "start_record_bracket_ns_by_rank": [
          [
            744674692557410,
            744674692584922
          ],
          [
            744674692557488,
            744674692584568
          ],
          [
            744674692557415,
            744674692583402
          ],
          [
            744674692557334,
            744674692580084
          ]
        ],
        "start_record_envelope_span_ns": 27588,
        "variant": 1
      },
      {
        "collective_only": {
          "local_ms": 0.03081599995493889,
          "rank_max_ms": 0.035551998764276505,
          "rank_ms": [
            0.03081599995493889,
            0.03161599859595299,
            0.027936000376939774,
            0.035551998764276505
          ]
        },
        "pair_attempt_id": 19,
        "pair_retry_ordinal": 0,
        "position": 1,
        "readiness_probe_exact": true,
        "ready_region": {
          "local_ms": 0.11247999966144562,
          "rank_max_ms": 0.1210239976644516,
          "rank_ms": [
            0.11247999966144562,
            0.11481600254774094,
            0.1210239976644516,
            0.11427199840545654
          ]
        },
        "sample_index": 18,
        "scheduled_start_arrival_ns_by_rank": [
          744674716386774,
          744674716328233,
          744674716483131,
          744674716364939
        ],
        "scheduled_start_target_ns_by_rank": [
          744674721483131,
          744674721483131,
          744674721483131,
          744674721483131
        ],
        "start_record_bracket_ns_by_rank": [
          [
            744674721483952,
            744674721511720
          ],
          [
            744674721483966,
            744674721511449
          ],
          [
            744674721483797,
            744674721512632
          ],
          [
            744674721483690,
            744674721506132
          ]
        ],
        "start_record_envelope_span_ns": 28942,
        "variant": 0
      },
      {
        "collective_only": {
          "local_ms": 0.029055999591946602,
          "rank_max_ms": 0.03484800085425377,
          "rank_ms": [
            0.029055999591946602,
            0.02844800055027008,
            0.03049599938094616,
            0.03484800085425377
          ]
        },
        "pair_attempt_id": 21,
        "pair_retry_ordinal": 1,
        "position": 0,
        "readiness_probe_exact": true,
        "ready_region": {
          "local_ms": 0.1324480026960373,
          "rank_max_ms": 0.13359999656677246,
          "rank_ms": [
            0.1324480026960373,
            0.13359999656677246,
            0.1316480040550232,
            0.12064000219106674
          ]
        },
        "sample_index": 19,
        "scheduled_start_arrival_ns_by_rank": [
          744674746072918,
          744674745549420,
          744674745903686,
          744674745744180
        ],
        "scheduled_start_target_ns_by_rank": [
          744674751072918,
          744674751072918,
          744674751072918,
          744674751072918
        ],
        "start_record_bracket_ns_by_rank": [
          [
            744674751073704,
            744674751101802
          ],
          [
            744674751073677,
            744674751101892
          ],
          [
            744674751073731,
            744674751101107
          ],
          [
            744674751073549,
            744674751095234
          ]
        ],
        "start_record_envelope_span_ns": 28343,
        "variant": 0
      },
      {
        "collective_only": {
          "local_ms": 0.032127998769283295,
          "rank_max_ms": 0.04025600105524063,
          "rank_ms": [
            0.032127998769283295,
            0.038495998829603195,
            0.03513599932193756,
            0.04025600105524063
          ]
        },
        "pair_attempt_id": 22,
        "pair_retry_ordinal": 0,
        "position": 1,
        "readiness_probe_exact": true,
        "ready_region": {
          "local_ms": 0.1454080045223236,
          "rank_max_ms": 0.1454080045223236,
          "rank_ms": [
            0.1454080045223236,
            0.142752006649971,
            0.14239999651908875,
            0.1406400054693222
          ]
        },
        "sample_index": 20,
        "scheduled_start_arrival_ns_by_rank": [
          744674775657128,
          744674775307548,
          744674775484228,
          744674775548659
        ],
        "scheduled_start_target_ns_by_rank": [
          744674780657128,
          744674780657128,
          744674780657128,
          744674780657128
        ],
        "start_record_bracket_ns_by_rank": [
          [
            744674780658351,
            744674780695926
          ],
          [
            744674780658453,
            744674780691303
          ],
          [
            744674780658108,
            744674780692189
          ],
          [
            744674780658064,
            744674780688729
          ]
        ],
        "start_record_envelope_span_ns": 37862,
        "variant": 1
      },
      {
        "collective_only": {
          "local_ms": 0.029759999364614487,
          "rank_max_ms": 0.05135999992489815,
          "rank_ms": [
            0.029759999364614487,
            0.03478400036692619,
            0.034272000193595886,
            0.05135999992489815
          ]
        },
        "pair_attempt_id": 23,
        "pair_retry_ordinal": 0,
        "position": 0,
        "readiness_probe_exact": true,
        "ready_region": {
          "local_ms": 0.14159999787807465,
          "rank_max_ms": 0.14159999787807465,
          "rank_ms": [
            0.14159999787807465,
            0.13391999900341034,
            0.1383039951324463,
            0.10371199995279312
          ]
        },
        "sample_index": 21,
        "scheduled_start_arrival_ns_by_rank": [
          744674784761877,
          744674784966236,
          744674785444090,
          744674784587790
        ],
        "scheduled_start_target_ns_by_rank": [
          744674790444090,
          744674790444090,
          744674790444090,
          744674790444090
        ],
        "start_record_bracket_ns_by_rank": [
          [
            744674790445064,
            744674790480363
          ],
          [
            744674790444987,
            744674790477493
          ],
          [
            744674790444839,
            744674790478639
          ],
          [
            744674790444508,
            744674790460302
          ]
        ],
        "start_record_envelope_span_ns": 35855,
        "variant": 0
      },
      {
        "collective_only": {
          "local_ms": 0.030751999467611313,
          "rank_max_ms": 0.040991999208927155,
          "rank_ms": [
            0.030751999467611313,
            0.03452799841761589,
            0.035840000957250595,
            0.040991999208927155
          ]
        },
        "pair_attempt_id": 24,
        "pair_retry_ordinal": 0,
        "position": 1,
        "readiness_probe_exact": true,
        "ready_region": {
          "local_ms": 0.13996799290180206,
          "rank_max_ms": 0.13996799290180206,
          "rank_ms": [
            0.13996799290180206,
            0.1279039978981018,
            0.1271039992570877,
            0.12559999525547028
          ]
        },
        "sample_index": 22,
        "scheduled_start_arrival_ns_by_rank": [
          744674816341765,
          744674815911980,
          744674815973160,
          744674816058977
        ],
        "scheduled_start_target_ns_by_rank": [
          744674821341765,
          744674821341765,
          744674821341765,
          744674821341765
        ],
        "start_record_bracket_ns_by_rank": [
          [
            744674821343042,
            744674821377564
          ],
          [
            744674821342689,
            744674821374036
          ],
          [
            744674821342595,
            744674821374288
          ],
          [
            744674821342563,
            744674821367452
          ]
        ],
        "start_record_envelope_span_ns": 35001,
        "variant": 1
      },
      {
        "collective_only": {
          "local_ms": 0.032255999743938446,
          "rank_max_ms": 0.04198399931192398,
          "rank_ms": [
            0.032255999743938446,
            0.03331200033426285,
            0.03577600046992302,
            0.04198399931192398
          ]
        },
        "pair_attempt_id": 25,
        "pair_retry_ordinal": 0,
        "position": 0,
        "readiness_probe_exact": true,
        "ready_region": {
          "local_ms": 0.15587200224399567,
          "rank_max_ms": 0.1595200002193451,
          "rank_ms": [
            0.15587200224399567,
            0.1595200002193451,
            0.15663999319076538,
            0.15343999862670898
          ]
        },
        "sample_index": 23,
        "scheduled_start_arrival_ns_by_rank": [
          744674826868959,
          744674826465423,
          744674826145011,
          744674826581287
        ],
        "scheduled_start_target_ns_by_rank": [
          744674831868959,
          744674831868959,
          744674831868959,
          744674831868959
        ],
        "start_record_bracket_ns_by_rank": [
          [
            744674831869879,
            744674831906817
          ],
          [
            744674831869911,
            744674831905802
          ],
          [
            744674831869945,
            744674831904345
          ],
          [
            744674831870050,
            744674831898289
          ]
        ],
        "start_record_envelope_span_ns": 36938,
        "variant": 0
      },
      {
        "collective_only": {
          "local_ms": 0.0398080013692379,
          "rank_max_ms": 0.04726399853825569,
          "rank_ms": [
            0.0398080013692379,
            0.04092799872159958,
            0.04073600098490715,
            0.04726399853825569
          ]
        },
        "pair_attempt_id": 26,
        "pair_retry_ordinal": 0,
        "position": 1,
        "readiness_probe_exact": true,
        "ready_region": {
          "local_ms": 0.1313920021057129,
          "rank_max_ms": 0.1313920021057129,
          "rank_ms": [
            0.1313920021057129,
            0.13023999333381653,
            0.1297920048236847,
            0.12336000055074692
          ]
        },
        "sample_index": 24,
        "scheduled_start_arrival_ns_by_rank": [
          744674854932702,
          744674854860851,
          744674854668977,
          744674855145821
        ],
        "scheduled_start_target_ns_by_rank": [
          744674860145821,
          744674860145821,
          744674860145821,
          744674860145821
        ],
        "start_record_bracket_ns_by_rank": [
          [
            744674860146649,
            744674860174696
          ],
          [
            744674860146785,
            744674860175010
          ],
          [
            744674860146609,
            744674860174240
          ],
          [
            744674860146525,
            744674860167992
          ]
        ],
        "start_record_envelope_span_ns": 28485,
        "variant": 1
      },
      {
        "collective_only": {
          "local_ms": 0.02800000086426735,
          "rank_max_ms": 0.03452799841761589,
          "rank_ms": [
            0.02800000086426735,
            0.0318400003015995,
            0.03283200040459633,
            0.03452799841761589
          ]
        },
        "pair_attempt_id": 27,
        "pair_retry_ordinal": 0,
        "position": 0,
        "readiness_probe_exact": true,
        "ready_region": {
          "local_ms": 0.13254399597644806,
          "rank_max_ms": 0.13283200562000275,
          "rank_ms": [
            0.13254399597644806,
            0.12595200538635254,
            0.12284799665212631,
            0.13283200562000275
          ]
        },
        "sample_index": 25,
        "scheduled_start_arrival_ns_by_rank": [
          744674864825095,
          744674864775197,
          744674864517970,
          744674865103779
        ],
        "scheduled_start_target_ns_by_rank": [
          744674870103779,
          744674870103779,
          744674870103779,
          744674870103779
        ],
        "start_record_bracket_ns_by_rank": [
          [
            744674870104657,
            744674870134723
          ],
          [
            744674870104720,
            744674870132618
          ],
          [
            744674870104513,
            744674870131230
          ],
          [
            744674870104654,
            744674870129556
          ]
        ],
        "start_record_envelope_span_ns": 30210,
        "variant": 0
      },
      {
        "collective_only": {
          "local_ms": 0.029664000496268272,
          "rank_max_ms": 0.03347200155258179,
          "rank_ms": [
            0.029664000496268272,
            0.027871999889612198,
            0.02848000079393387,
            0.03347200155258179
          ]
        },
        "pair_attempt_id": 28,
        "pair_retry_ordinal": 0,
        "position": 1,
        "readiness_probe_exact": true,
        "ready_region": {
          "local_ms": 0.11641599982976913,
          "rank_max_ms": 0.1207360029220581,
          "rank_ms": [
            0.11641599982976913,
            0.1207360029220581,
            0.11628799885511398,
            0.11407999694347382
          ]
        },
        "sample_index": 26,
        "scheduled_start_arrival_ns_by_rank": [
          744674893276244,
          744674893261326,
          744674893064083,
          744674893413302
        ],
        "scheduled_start_target_ns_by_rank": [
          744674898413302,
          744674898413302,
          744674898413302,
          744674898413302
        ],
        "start_record_bracket_ns_by_rank": [
          [
            744674898414305,
            744674898442339
          ],
          [
            744674898414140,
            744674898442755
          ],
          [
            744674898414001,
            744674898442011
          ],
          [
            744674898414038,
            744674898438667
          ]
        ],
        "start_record_envelope_span_ns": 28754,
        "variant": 1
      },
      {
        "collective_only": {
          "local_ms": 0.03167999908328056,
          "rank_max_ms": 0.03513599932193756,
          "rank_ms": [
            0.03167999908328056,
            0.030559999868273735,
            0.02800000086426735,
            0.03513599932193756
          ]
        },
        "pair_attempt_id": 29,
        "pair_retry_ordinal": 0,
        "position": 0,
        "readiness_probe_exact": true,
        "ready_region": {
          "local_ms": 0.11804799735546112,
          "rank_max_ms": 0.12358400225639343,
          "rank_ms": [
            0.11804799735546112,
            0.12358400225639343,
            0.1204800009727478,
            0.12137600034475327
          ]
        },
        "sample_index": 27,
        "scheduled_start_arrival_ns_by_rank": [
          744674902820150,
          744674902364611,
          744674902435040,
          744674902513141
        ],
        "scheduled_start_target_ns_by_rank": [
          744674907820150,
          744674907820150,
          744674907820150,
          744674907820150
        ],
        "start_record_bracket_ns_by_rank": [
          [
            744674907820805,
            744674907850102
          ],
          [
            744674907820952,
            744674907849546
          ],
          [
            744674907821037,
            744674907851298
          ],
          [
            744674907820886,
            744674907845962
          ]
        ],
        "start_record_envelope_span_ns": 30493,
        "variant": 0
      },
      {
        "collective_only": {
          "local_ms": 0.027456000447273254,
          "rank_max_ms": 0.03500799834728241,
          "rank_ms": [
            0.027456000447273254,
            0.03139200061559677,
            0.030559999868273735,
            0.03500799834728241
          ]
        },
        "pair_attempt_id": 30,
        "pair_retry_ordinal": 0,
        "position": 1,
        "readiness_probe_exact": true,
        "ready_region": {
          "local_ms": 0.12435200065374374,
          "rank_max_ms": 0.1249919980764389,
          "rank_ms": [
            0.12435200065374374,
            0.1196800023317337,
            0.12172800302505493,
            0.1249919980764389
          ]
        },
        "sample_index": 28,
        "scheduled_start_arrival_ns_by_rank": [
          744674930505394,
          744674930416053,
          744674930558793,
          744674930548873
        ],
        "scheduled_start_target_ns_by_rank": [
          744674935558793,
          744674935558793,
          744674935558793,
          744674935558793
        ],
        "start_record_bracket_ns_by_rank": [
          [
            744674935559804,
            744674935591036
          ],
          [
            744674935559688,
            744674935588834
          ],
          [
            744674935559657,
            744674935589737
          ],
          [
            744674935559608,
            744674935584926
          ]
        ],
        "start_record_envelope_span_ns": 31428,
        "variant": 1
      },
      {
        "collective_only": {
          "local_ms": 0.027295999228954315,
          "rank_max_ms": 0.03734400123357773,
          "rank_ms": [
            0.027295999228954315,
            0.034912001341581345,
            0.03248000144958496,
            0.03734400123357773
          ]
        },
        "pair_attempt_id": 31,
        "pair_retry_ordinal": 0,
        "position": 0,
        "readiness_probe_exact": true,
        "ready_region": {
          "local_ms": 0.12467200309038162,
          "rank_max_ms": 0.12467200309038162,
          "rank_ms": [
            0.12467200309038162,
            0.11984000355005264,
            0.12160000205039978,
            0.122079998254776
          ]
        },
        "sample_index": 29,
        "scheduled_start_arrival_ns_by_rank": [
          744674940606780,
          744674939917798,
          744674940363128,
          744674940325415
        ],
        "scheduled_start_target_ns_by_rank": [
          744674945606780,
          744674945606780,
          744674945606780,
          744674945606780
        ],
        "start_record_bracket_ns_by_rank": [
          [
            744674945607870,
            744674945640905
          ],
          [
            744674945607628,
            744674945637049
          ],
          [
            744674945607820,
            744674945638199
          ],
          [
            744674945607582,
            744674945633083
          ]
        ],
        "start_record_envelope_span_ns": 33323,
        "variant": 0
      },
      {
        "collective_only": {
          "local_ms": 0.03152000159025192,
          "rank_max_ms": 0.04032000154256821,
          "rank_ms": [
            0.03152000159025192,
            0.035392001271247864,
            0.03593600168824196,
            0.04032000154256821
          ]
        },
        "pair_attempt_id": 32,
        "pair_retry_ordinal": 0,
        "position": 1,
        "readiness_probe_exact": true,
        "ready_region": {
          "local_ms": 0.13475200533866882,
          "rank_max_ms": 0.13475200533866882,
          "rank_ms": [
            0.13475200533866882,
            0.1289920061826706,
            0.13366399705410004,
            0.13312000036239624
          ]
        },
        "sample_index": 30,
        "scheduled_start_arrival_ns_by_rank": [
          744674972360334,
          744674972324816,
          744674972619051,
          744674972603966
        ],
        "scheduled_start_target_ns_by_rank": [
          744674977619051,
          744674977619051,
          744674977619051,
          744674977619051
        ],
        "start_record_bracket_ns_by_rank": [
          [
            744674977620396,
            744674977655882
          ],
          [
            744674977620438,
            744674977652914
          ],
          [
            744674977620071,
            744674977653526
          ],
          [
            744674977619892,
            744674977647562
          ]
        ],
        "start_record_envelope_span_ns": 35990,
        "variant": 1
      },
      {
        "collective_only": {
          "local_ms": 0.031199999153614044,
          "rank_max_ms": 0.040511999279260635,
          "rank_ms": [
            0.031199999153614044,
            0.034432001411914825,
            0.03385600075125694,
            0.040511999279260635
          ]
        },
        "pair_attempt_id": 33,
        "pair_retry_ordinal": 0,
        "position": 0,
        "readiness_probe_exact": true,
        "ready_region": {
          "local_ms": 0.15360000729560852,
          "rank_max_ms": 0.15360000729560852,
          "rank_ms": [
            0.15360000729560852,
            0.1491519957780838,
            0.14553600549697876,
            0.14159999787807465
          ]
        },
        "sample_index": 31,
        "scheduled_start_arrival_ns_by_rank": [
          744674981108083,
          744674980890476,
          744674980943152,
          744674980905533
        ],
        "scheduled_start_target_ns_by_rank": [
          744674986108083,
          744674986108083,
          744674986108083,
          744674986108083
        ],
        "start_record_bracket_ns_by_rank": [
          [
            744674986109048,
            744674986145410
          ],
          [
            744674986109255,
            744674986144061
          ],
          [
            744674986108946,
            744674986143298
          ],
          [
            744674986108870,
            744674986136862
          ]
        ],
        "start_record_envelope_span_ns": 36540,
        "variant": 0
      },
      {
        "collective_only": {
          "local_ms": 0.025151999667286873,
          "rank_max_ms": 0.03436800092458725,
          "rank_ms": [
            0.025151999667286873,
            0.029823999851942062,
            0.029920000582933426,
            0.03436800092458725
          ]
        },
        "pair_attempt_id": 34,
        "pair_retry_ordinal": 0,
        "position": 1,
        "readiness_probe_exact": true,
        "ready_region": {
          "local_ms": 0.11648000031709671,
          "rank_max_ms": 0.11948800086975098,
          "rank_ms": [
            0.11648000031709671,
            0.11884800344705582,
            0.11695999652147293,
            0.11948800086975098
          ]
        },
        "sample_index": 32,
        "scheduled_start_arrival_ns_by_rank": [
          744675012308385,
          744675011838714,
          744675012164417,
          744675011994605
        ],
        "scheduled_start_target_ns_by_rank": [
          744675017308385,
          744675017308385,
          744675017308385,
          744675017308385
        ],
        "start_record_bracket_ns_by_rank": [
          [
            744675017309547,
            744675017339065
          ],
          [
            744675017309194,
            744675017338434
          ],
          [
            744675017309326,
            744675017337829
          ],
          [
            744675017309303,
            744675017334002
          ]
        ],
        "start_record_envelope_span_ns": 29871,
        "variant": 1
      },
      {
        "collective_only": {
          "local_ms": 0.03017600066959858,
          "rank_max_ms": 0.03734400123357773,
          "rank_ms": [
            0.03017600066959858,
            0.030912000685930252,
            0.029440000653266907,
            0.03734400123357773
          ]
        },
        "pair_attempt_id": 35,
        "pair_retry_ordinal": 0,
        "position": 0,
        "readiness_probe_exact": true,
        "ready_region": {
          "local_ms": 0.12089599668979645,
          "rank_max_ms": 0.12220799922943115,
          "rank_ms": [
            0.12089599668979645,
            0.12118399888277054,
            0.12220799922943115,
            0.11760000139474869
          ]
        },
        "sample_index": 33,
        "scheduled_start_arrival_ns_by_rank": [
          744675022478570,
          744675022508370,
          744675022446771,
          744675022580751
        ],
        "scheduled_start_target_ns_by_rank": [
          744675027580751,
          744675027580751,
          744675027580751,
          744675027580751
        ],
        "start_record_bracket_ns_by_rank": [
          [
            744675027581679,
            744675027611878
          ],
          [
            744675027581652,
            744675027611070
          ],
          [
            744675027581706,
            744675027612210
          ],
          [
            744675027581599,
            744675027605082
          ]
        ],
        "start_record_envelope_span_ns": 30611,
        "variant": 0
      },
      {
        "collective_only": {
          "local_ms": 0.03292800113558769,
          "rank_max_ms": 0.04416000097990036,
          "rank_ms": [
            0.03292800113558769,
            0.033824000507593155,
            0.03417599946260452,
            0.04416000097990036
          ]
        },
        "pair_attempt_id": 36,
        "pair_retry_ordinal": 0,
        "position": 1,
        "readiness_probe_exact": true,
        "ready_region": {
          "local_ms": 0.16617600619792938,
          "rank_max_ms": 0.16617600619792938,
          "rank_ms": [
            0.16617600619792938,
            0.16211199760437012,
            0.16448000073432922,
            0.15676799416542053
          ]
        },
        "sample_index": 34,
        "scheduled_start_arrival_ns_by_rank": [
          744675053100283,
          744675052528853,
          744675052904140,
          744675053045909
        ],
        "scheduled_start_target_ns_by_rank": [
          744675058100283,
          744675058100283,
          744675058100283,
          744675058100283
        ],
        "start_record_bracket_ns_by_rank": [
          [
            744675058101469,
            744675058138731
          ],
          [
            744675058101266,
            744675058138137
          ],
          [
            744675058101105,
            744675058139045
          ],
          [
            744675058101161,
            744675058128931
          ]
        ],
        "start_record_envelope_span_ns": 37940,
        "variant": 1
      },
      {
        "collective_only": {
          "local_ms": 0.03593600168824196,
          "rank_max_ms": 0.06159999966621399,
          "rank_ms": [
            0.03593600168824196,
            0.04105599969625473,
            0.06159999966621399,
            0.04800000041723251
          ]
        },
        "pair_attempt_id": 37,
        "pair_retry_ordinal": 0,
        "position": 0,
        "readiness_probe_exact": true,
        "ready_region": {
          "local_ms": 0.17126399278640747,
          "rank_max_ms": 0.17126399278640747,
          "rank_ms": [
            0.17126399278640747,
            0.16758400201797485,
            0.12134400010108948,
            0.16847999393939972
          ]
        },
        "sample_index": 35,
        "scheduled_start_arrival_ns_by_rank": [
          744675063364496,
          744675063218706,
          744675062966851,
          744675063317317
        ],
        "scheduled_start_target_ns_by_rank": [
          744675068364496,
          744675068364496,
          744675068364496,
          744675068364496
        ],
        "start_record_bracket_ns_by_rank": [
          [
            744675068365701,
            744675068411603
          ],
          [
            744675068365628,
            744675068409859
          ],
          [
            744675068364913,
            744675068388441
          ],
          [
            744675068365498,
            744675068401883
          ]
        ],
        "start_record_envelope_span_ns": 46690,
        "variant": 0
      },
      {
        "collective_only": {
          "local_ms": 0.031007999554276466,
          "rank_max_ms": 0.036896001547575,
          "rank_ms": [
            0.031007999554276466,
            0.030079999938607216,
            0.03340800106525421,
            0.036896001547575
          ]
        },
        "pair_attempt_id": 38,
        "pair_retry_ordinal": 0,
        "position": 1,
        "readiness_probe_exact": true,
        "ready_region": {
          "local_ms": 0.12300799787044525,
          "rank_max_ms": 0.1260479986667633,
          "rank_ms": [
            0.12300799787044525,
            0.12374400347471237,
            0.12243200093507767,
            0.1260479986667633
          ]
        },
        "sample_index": 36,
        "scheduled_start_arrival_ns_by_rank": [
          744675093447217,
          744675093293878,
          744675093391448,
          744675093438985
        ],
        "scheduled_start_target_ns_by_rank": [
          744675098447217,
          744675098447217,
          744675098447217,
          744675098447217
        ],
        "start_record_bracket_ns_by_rank": [
          [
            744675098448261,
            744675098479953
          ],
          [
            744675098448584,
            744675098479734
          ],
          [
            744675098448059,
            744675098477681
          ],
          [
            744675098447971,
            744675098474117
          ]
        ],
        "start_record_envelope_span_ns": 31982,
        "variant": 1
      },
      {
        "collective_only": {
          "local_ms": 0.034752000123262405,
          "rank_max_ms": 0.04016000032424927,
          "rank_ms": [
            0.034752000123262405,
            0.030559999868273735,
            0.03558399900794029,
            0.04016000032424927
          ]
        },
        "pair_attempt_id": 39,
        "pair_retry_ordinal": 0,
        "position": 0,
        "readiness_probe_exact": true,
        "ready_region": {
          "local_ms": 0.12278400361537933,
          "rank_max_ms": 0.13366399705410004,
          "rank_ms": [
            0.12278400361537933,
            0.13366399705410004,
            0.1233920007944107,
            0.12179200351238251
          ]
        },
        "sample_index": 37,
        "scheduled_start_arrival_ns_by_rank": [
          744675102826838,
          744675102451579,
          744675102804271,
          744675102539385
        ],
        "scheduled_start_target_ns_by_rank": [
          744675107826838,
          744675107826838,
          744675107826838,
          744675107826838
        ],
        "start_record_bracket_ns_by_rank": [
          [
            744675107827618,
            744675107859476
          ],
          [
            744675107827638,
            744675107861310
          ],
          [
            744675107827627,
            744675107858903
          ],
          [
            744675107827490,
            744675107853086
          ]
        ],
        "start_record_envelope_span_ns": 33820,
        "variant": 0
      },
      {
        "collective_only": {
          "local_ms": 0.032127998769283295,
          "rank_max_ms": 0.041152000427246094,
          "rank_ms": [
            0.032127998769283295,
            0.03407999873161316,
            0.032255999743938446,
            0.041152000427246094
          ]
        },
        "pair_attempt_id": 40,
        "pair_retry_ordinal": 0,
        "position": 1,
        "readiness_probe_exact": true,
        "ready_region": {
          "local_ms": 0.130048006772995,
          "rank_max_ms": 0.13571199774742126,
          "rank_ms": [
            0.130048006772995,
            0.13340799510478973,
            0.13571199774742126,
            0.1311040073633194
          ]
        },
        "sample_index": 38,
        "scheduled_start_arrival_ns_by_rank": [
          744675132553727,
          744675132614565,
          744675132597074,
          744675132508609
        ],
        "scheduled_start_target_ns_by_rank": [
          744675137614565,
          744675137614565,
          744675137614565,
          744675137614565
        ],
        "start_record_bracket_ns_by_rank": [
          [
            744675137615611,
            744675137648717
          ],
          [
            744675137615558,
            744675137647812
          ],
          [
            744675137615543,
            744675137649025
          ],
          [
            744675137615458,
            744675137641516
          ]
        ],
        "start_record_envelope_span_ns": 33567,
        "variant": 1
      },
      {
        "collective_only": {
          "local_ms": 0.2144639939069748,
          "rank_max_ms": 0.22249600291252136,
          "rank_ms": [
            0.2144639939069748,
            0.21721599996089935,
            0.031968001276254654,
            0.22249600291252136
          ]
        },
        "pair_attempt_id": 41,
        "pair_retry_ordinal": 0,
        "position": 0,
        "readiness_probe_exact": true,
        "ready_region": {
          "local_ms": 0.2234559953212738,
          "rank_max_ms": 0.23241600394248962,
          "rank_ms": [
            0.2234559953212738,
            0.22646400332450867,
            0.17084799706935883,
            0.23241600394248962
          ]
        },
        "sample_index": 39,
        "scheduled_start_arrival_ns_by_rank": [
          744675141896013,
          744675141533945,
          744675141831496,
          744675141742905
        ],
        "scheduled_start_target_ns_by_rank": [
          744675146896013,
          744675146896013,
          744675146896013,
          744675146896013
        ],
        "start_record_bracket_ns_by_rank": [
          [
            744675146896784,
            744675146937641
          ],
          [
            744675146896855,
            744675146935008
          ],
          [
            744675147081937,
            744675147118100
          ],
          [
            744675146896663,
            744675146927980
          ]
        ],
        "start_record_envelope_span_ns": 221437,
        "variant": 0
      },
      {
        "collective_only": {
          "local_ms": 0.026048000901937485,
          "rank_max_ms": 0.04163200035691261,
          "rank_ms": [
            0.026048000901937485,
            0.029632000252604485,
            0.029823999851942062,
            0.04163200035691261
          ]
        },
        "pair_attempt_id": 42,
        "pair_retry_ordinal": 0,
        "position": 1,
        "readiness_probe_exact": true,
        "ready_region": {
          "local_ms": 0.11321599781513214,
          "rank_max_ms": 0.11321599781513214,
          "rank_ms": [
            0.11321599781513214,
            0.10867200046777725,
            0.11212799698114395,
            0.09247999638319016
          ]
        },
        "sample_index": 40,
        "scheduled_start_arrival_ns_by_rank": [
          744675169367814,
          744675168866182,
          744675169399266,
          744675169134724
        ],
        "scheduled_start_target_ns_by_rank": [
          744675174399266,
          744675174399266,
          744675174399266,
          744675174399266
        ],
        "start_record_bracket_ns_by_rank": [
          [
            744675174400429,
            744675174428098
          ],
          [
            744675174399814,
            744675174426957
          ],
          [
            744675174399957,
            744675174427008
          ],
          [
            744675174399842,
            744675174414640
          ]
        ],
        "start_record_envelope_span_ns": 28284,
        "variant": 1
      },
      {
        "collective_only": {
          "local_ms": 0.03219199925661087,
          "rank_max_ms": 0.03622400015592575,
          "rank_ms": [
            0.03219199925661087,
            0.027807999402284622,
            0.031136000528931618,
            0.03622400015592575
          ]
        },
        "pair_attempt_id": 43,
        "pair_retry_ordinal": 0,
        "position": 0,
        "readiness_probe_exact": true,
        "ready_region": {
          "local_ms": 0.1318719983100891,
          "rank_max_ms": 0.13836799561977386,
          "rank_ms": [
            0.1318719983100891,
            0.13836799561977386,
            0.1348479986190796,
            0.12969599664211273
          ]
        },
        "sample_index": 41,
        "scheduled_start_arrival_ns_by_rank": [
          744675178846829,
          744675178571140,
          744675178788471,
          744675178922792
        ],
        "scheduled_start_target_ns_by_rank": [
          744675183922792,
          744675183922792,
          744675183922792,
          744675183922792
        ],
        "start_record_bracket_ns_by_rank": [
          [
            744675183923642,
            744675183953249
          ],
          [
            744675183923880,
            744675183955292
          ],
          [
            744675183923591,
            744675183953935
          ],
          [
            744675183923603,
            744675183948157
          ]
        ],
        "start_record_envelope_span_ns": 31701,
        "variant": 0
      },
      {
        "collective_only": {
          "local_ms": 0.029600000008940697,
          "rank_max_ms": 0.03551999852061272,
          "rank_ms": [
            0.029600000008940697,
            0.02796800062060356,
            0.030208000913262367,
            0.03551999852061272
          ]
        },
        "pair_attempt_id": 44,
        "pair_retry_ordinal": 0,
        "position": 1,
        "readiness_probe_exact": true,
        "ready_region": {
          "local_ms": 0.11369600147008896,
          "rank_max_ms": 0.13283200562000275,
          "rank_ms": [
            0.11369600147008896,
            0.13283200562000275,
            0.11660800129175186,
            0.11452800035476685
          ]
        },
        "sample_index": 42,
        "scheduled_start_arrival_ns_by_rank": [
          744675210863915,
          744675210933364,
          744675211037253,
          744675211024540
        ],
        "scheduled_start_target_ns_by_rank": [
          744675216037253,
          744675216037253,
          744675216037253,
          744675216037253
        ],
        "start_record_bracket_ns_by_rank": [
          [
            744675216038162,
            744675216066790
          ],
          [
            744675216038006,
            744675216067530
          ],
          [
            744675216038202,
            744675216067487
          ],
          [
            744675216038108,
            744675216061370
          ]
        ],
        "start_record_envelope_span_ns": 29524,
        "variant": 1
      },
      {
        "collective_only": {
          "local_ms": 0.027904000133275986,
          "rank_max_ms": 0.03718400001525879,
          "rank_ms": [
            0.027904000133275986,
            0.030688000842928886,
            0.03235200047492981,
            0.03718400001525879
          ]
        },
        "pair_attempt_id": 45,
        "pair_retry_ordinal": 0,
        "position": 0,
        "readiness_probe_exact": true,
        "ready_region": {
          "local_ms": 0.12028799951076508,
          "rank_max_ms": 0.12156800180673599,
          "rank_ms": [
            0.12028799951076508,
            0.12156800180673599,
            0.11680000275373459,
            0.11369600147008896
          ]
        },
        "sample_index": 43,
        "scheduled_start_arrival_ns_by_rank": [
          744675219798041,
          744675220075731,
          744675220496679,
          744675220029511
        ],
        "scheduled_start_target_ns_by_rank": [
          744675225496679,
          744675225496679,
          744675225496679,
          744675225496679
        ],
        "start_record_bracket_ns_by_rank": [
          [
            744675225497649,
            744675225527990
          ],
          [
            744675225497466,
            744675225526973
          ],
          [
            744675225497405,
            744675225526045
          ],
          [
            744675225497419,
            744675225520337
          ]
        ],
        "start_record_envelope_span_ns": 30585,
        "variant": 0
      },
      {
        "collective_only": {
          "local_ms": 0.026976000517606735,
          "rank_max_ms": 0.038336001336574554,
          "rank_ms": [
            0.026976000517606735,
            0.030432000756263733,
            0.030592000111937523,
            0.038336001336574554
          ]
        },
        "pair_attempt_id": 46,
        "pair_retry_ordinal": 0,
        "position": 1,
        "readiness_probe_exact": true,
        "ready_region": {
          "local_ms": 0.11878400295972824,
          "rank_max_ms": 0.11878400295972824,
          "rank_ms": [
            0.11878400295972824,
            0.1173119992017746,
            0.11747200042009354,
            0.10092800110578537
          ]
        },
        "sample_index": 44,
        "scheduled_start_arrival_ns_by_rank": [
          744675250551096,
          744675250037679,
          744675250366623,
          744675250339313
        ],
        "scheduled_start_target_ns_by_rank": [
          744675255551096,
          744675255551096,
          744675255551096,
          744675255551096
        ],
        "start_record_bracket_ns_by_rank": [
          [
            744675255552122,
            744675255581376
          ],
          [
            744675255551803,
            744675255580331
          ],
          [
            744675255551818,
            744675255580020
          ],
          [
            744675255551729,
            744675255573087
          ]
        ],
        "start_record_envelope_span_ns": 29647,
        "variant": 1
      },
      {
        "collective_only": {
          "local_ms": 0.029952000826597214,
          "rank_max_ms": 0.04495999962091446,
          "rank_ms": [
            0.029952000826597214,
            0.03267199918627739,
            0.03209599852561951,
            0.04495999962091446
          ]
        },
        "pair_attempt_id": 47,
        "pair_retry_ordinal": 0,
        "position": 0,
        "readiness_probe_exact": true,
        "ready_region": {
          "local_ms": 0.12108799815177917,
          "rank_max_ms": 0.12108799815177917,
          "rank_ms": [
            0.12108799815177917,
            0.11791999638080597,
            0.11695999652147293,
            0.09292799979448318
          ]
        },
        "sample_index": 45,
        "scheduled_start_arrival_ns_by_rank": [
          744675260383842,
          744675260173363,
          744675260310165,
          744675260307291
        ],
        "scheduled_start_target_ns_by_rank": [
          744675265383842,
          744675265383842,
          744675265383842,
          744675265383842
        ],
        "start_record_bracket_ns_by_rank": [
          [
            744675265384613,
            744675265411647
          ],
          [
            744675265384515,
            744675265412645
          ],
          [
            744675265384636,
            744675265412938
          ],
          [
            744675265384311,
            744675265398940
          ]
        ],
        "start_record_envelope_span_ns": 28627,
        "variant": 0
      },
      {
        "collective_only": {
          "local_ms": 0.026688000187277794,
          "rank_max_ms": 0.03542400151491165,
          "rank_ms": [
            0.026688000187277794,
            0.03139200061559677,
            0.030688000842928886,
            0.03542400151491165
          ]
        },
        "pair_attempt_id": 48,
        "pair_retry_ordinal": 0,
        "position": 1,
        "readiness_probe_exact": true,
        "ready_region": {
          "local_ms": 0.11788800358772278,
          "rank_max_ms": 0.11788800358772278,
          "rank_ms": [
            0.11788800358772278,
            0.11481600254774094,
            0.11558400094509125,
            0.1122559979557991
          ]
        },
        "sample_index": 46,
        "scheduled_start_arrival_ns_by_rank": [
          744675289542704,
          744675289318561,
          744675289351021,
          744675289339417
        ],
        "scheduled_start_target_ns_by_rank": [
          744675294542704,
          744675294542704,
          744675294542704,
          744675294542704
        ],
        "start_record_bracket_ns_by_rank": [
          [
            744675294543654,
            744675294573530
          ],
          [
            744675294543540,
            744675294571154
          ],
          [
            744675294543441,
            744675294571450
          ],
          [
            744675294543527,
            744675294566588
          ]
        ],
        "start_record_envelope_span_ns": 30089,
        "variant": 1
      },
      {
        "collective_only": {
          "local_ms": 0.027103999629616737,
          "rank_max_ms": 0.03215999901294708,
          "rank_ms": [
            0.027103999629616737,
            0.02844800055027008,
            0.029152000322937965,
            0.03215999901294708
          ]
        },
        "pair_attempt_id": 49,
        "pair_retry_ordinal": 0,
        "position": 0,
        "readiness_probe_exact": true,
        "ready_region": {
          "local_ms": 0.11164800077676773,
          "rank_max_ms": 0.11164800077676773,
          "rank_ms": [
            0.11164800077676773,
            0.1090880036354065,
            0.10953599959611893,
            0.11011199653148651
          ]
        },
        "sample_index": 47,
        "scheduled_start_arrival_ns_by_rank": [
          744675298406226,
          744675298487604,
          744675298502050,
          744675298645471
        ],
        "scheduled_start_target_ns_by_rank": [
          744675303645471,
          744675303645471,
          744675303645471,
          744675303645471
        ],
        "start_record_bracket_ns_by_rank": [
          [
            744675303646283,
            744675303673185
          ],
          [
            744675303646146,
            744675303672565
          ],
          [
            744675303646194,
            744675303672324
          ],
          [
            744675303646221,
            744675303669265
          ]
        ],
        "start_record_envelope_span_ns": 27039,
        "variant": 0
      },
      {
        "collective_only": {
          "local_ms": 0.028960000723600388,
          "rank_max_ms": 0.040352001786231995,
          "rank_ms": [
            0.028960000723600388,
            0.03404799848794937,
            0.03468799963593483,
            0.040352001786231995
          ]
        },
        "pair_attempt_id": 50,
        "pair_retry_ordinal": 0,
        "position": 1,
        "readiness_probe_exact": true,
        "ready_region": {
          "local_ms": 0.12940800189971924,
          "rank_max_ms": 0.13094399869441986,
          "rank_ms": [
            0.12940800189971924,
            0.12323199957609177,
            0.13094399869441986,
            0.12912000715732574
          ]
        },
        "sample_index": 48,
        "scheduled_start_arrival_ns_by_rank": [
          744675328276065,
          744675327819515,
          744675327699312,
          744675328123207
        ],
        "scheduled_start_target_ns_by_rank": [
          744675333276065,
          744675333276065,
          744675333276065,
          744675333276065
        ],
        "start_record_bracket_ns_by_rank": [
          [
            744675333277107,
            744675333312266
          ],
          [
            744675333276811,
            744675333309789
          ],
          [
            744675333277102,
            744675333309729
          ],
          [
            744675333276885,
            744675333303851
          ]
        ],
        "start_record_envelope_span_ns": 35455,
        "variant": 1
      },
      {
        "collective_only": {
          "local_ms": 0.02723200060427189,
          "rank_max_ms": 0.03686400130391121,
          "rank_ms": [
            0.02723200060427189,
            0.031808000057935715,
            0.03315199911594391,
            0.03686400130391121
          ]
        },
        "pair_attempt_id": 51,
        "pair_retry_ordinal": 0,
        "position": 0,
        "readiness_probe_exact": true,
        "ready_region": {
          "local_ms": 0.12294399738311768,
          "rank_max_ms": 0.12428800016641617,
          "rank_ms": [
            0.12294399738311768,
            0.11715199798345566,
            0.1125119999051094,
            0.12428800016641617
          ]
        },
        "sample_index": 49,
        "scheduled_start_arrival_ns_by_rank": [
          744675338361005,
          744675337968883,
          744675338309501,
          744675338333362
        ],
        "scheduled_start_target_ns_by_rank": [
          744675343361005,
          744675343361005,
          744675343361005,
          744675343361005
        ],
        "start_record_bracket_ns_by_rank": [
          [
            744675343361780,
            744675343393146
          ],
          [
            744675343361977,
            744675343391871
          ],
          [
            744675343361611,
            744675343389112
          ],
          [
            744675343361762,
            744675343386757
          ]
        ],
        "start_record_envelope_span_ns": 31535,
        "variant": 0
      },
      {
        "collective_only": {
          "local_ms": 0.03270399942994118,
          "rank_max_ms": 0.04201599955558777,
          "rank_ms": [
            0.03270399942994118,
            0.038176000118255615,
            0.03683200106024742,
            0.04201599955558777
          ]
        },
        "pair_attempt_id": 52,
        "pair_retry_ordinal": 0,
        "position": 1,
        "readiness_probe_exact": true,
        "ready_region": {
          "local_ms": 0.1377599984407425,
          "rank_max_ms": 0.1377599984407425,
          "rank_ms": [
            0.1377599984407425,
            0.13247999548912048,
            0.13369600474834442,
            0.13398399949073792
          ]
        },
        "sample_index": 50,
        "scheduled_start_arrival_ns_by_rank": [
          744675368330150,
          744675368222344,
          744675368299595,
          744675368387895
        ],
        "scheduled_start_target_ns_by_rank": [
          744675373387895,
          744675373387895,
          744675373387895,
          744675373387895
        ],
        "start_record_bracket_ns_by_rank": [
          [
            744675373389041,
            744675373425231
          ],
          [
            744675373388629,
            744675373421514
          ],
          [
            744675373388641,
            744675373422724
          ],
          [
            744675373388713,
            744675373416330
          ]
        ],
        "start_record_envelope_span_ns": 36602,
        "variant": 1
      },
      {
        "collective_only": {
          "local_ms": 0.028192000463604927,
          "rank_max_ms": 0.03884800150990486,
          "rank_ms": [
            0.028192000463604927,
            0.03340800106525421,
            0.02969600073993206,
            0.03884800150990486
          ]
        },
        "pair_attempt_id": 53,
        "pair_retry_ordinal": 0,
        "position": 0,
        "readiness_probe_exact": true,
        "ready_region": {
          "local_ms": 0.12998400628566742,
          "rank_max_ms": 0.12998400628566742,
          "rank_ms": [
            0.12998400628566742,
            0.12204799801111221,
            0.12492799758911133,
            0.12716799974441528
          ]
        },
        "sample_index": 51,
        "scheduled_start_arrival_ns_by_rank": [
          744675378621393,
          744675378255799,
          744675378601848,
          744675378616493
        ],
        "scheduled_start_target_ns_by_rank": [
          744675383621393,
          744675383621393,
          744675383621393,
          744675383621393
        ],
        "start_record_bracket_ns_by_rank": [
          [
            744675383622370,
            744675383654868
          ],
          [
            744675383622200,
            744675383653047
          ],
          [
            744675383622276,
            744675383653202
          ],
          [
            744675383622177,
            744675383646367
          ]
        ],
        "start_record_envelope_span_ns": 32691,
        "variant": 0
      },
      {
        "collective_only": {
          "local_ms": 0.03110400028526783,
          "rank_max_ms": 0.036959998309612274,
          "rank_ms": [
            0.03110400028526783,
            0.029823999851942062,
            0.03232000023126602,
            0.036959998309612274
          ]
        },
        "pair_attempt_id": 54,
        "pair_retry_ordinal": 0,
        "position": 1,
        "readiness_probe_exact": true,
        "ready_region": {
          "local_ms": 0.12172800302505493,
          "rank_max_ms": 0.13209599256515503,
          "rank_ms": [
            0.12172800302505493,
            0.13209599256515503,
            0.11980800330638885,
            0.12854400277137756
          ]
        },
        "sample_index": 52,
        "scheduled_start_arrival_ns_by_rank": [
          744675407076083,
          744675407081166,
          744675407307785,
          744675407337634
        ],
        "scheduled_start_target_ns_by_rank": [
          744675412337634,
          744675412337634,
          744675412337634,
          744675412337634
        ],
        "start_record_bracket_ns_by_rank": [
          [
            744675412338830,
            744675412369499
          ],
          [
            744675412338611,
            744675412370401
          ],
          [
            744675412338520,
            744675412368381
          ],
          [
            744675412338594,
            744675412365149
          ]
        ],
        "start_record_envelope_span_ns": 31881,
        "variant": 1
      },
      {
        "collective_only": {
          "local_ms": 0.02879999950528145,
          "rank_max_ms": 0.036768000572919846,
          "rank_ms": [
            0.02879999950528145,
            0.031072000041604042,
            0.03174399957060814,
            0.036768000572919846
          ]
        },
        "pair_attempt_id": 55,
        "pair_retry_ordinal": 0,
        "position": 0,
        "readiness_probe_exact": true,
        "ready_region": {
          "local_ms": 0.14480000734329224,
          "rank_max_ms": 0.14480000734329224,
          "rank_ms": [
            0.14480000734329224,
            0.14476799964904785,
            0.14185599982738495,
            0.1311360001564026
          ]
        },
        "sample_index": 53,
        "scheduled_start_arrival_ns_by_rank": [
          744675415652086,
          744675415780126,
          744675416047819,
          744675415818558
        ],
        "scheduled_start_target_ns_by_rank": [
          744675421047819,
          744675421047819,
          744675421047819,
          744675421047819
        ],
        "start_record_bracket_ns_by_rank": [
          [
            744675421048634,
            744675421078632
          ],
          [
            744675421048664,
            744675421078543
          ],
          [
            744675421048702,
            744675421078454
          ],
          [
            744675421048532,
            744675421072147
          ]
        ],
        "start_record_envelope_span_ns": 30100,
        "variant": 0
      },
      {
        "collective_only": {
          "local_ms": 0.027424000203609467,
          "rank_max_ms": 0.03840000182390213,
          "rank_ms": [
            0.027424000203609467,
            0.0318400003015995,
            0.033504001796245575,
            0.03840000182390213
          ]
        },
        "pair_attempt_id": 56,
        "pair_retry_ordinal": 0,
        "position": 1,
        "readiness_probe_exact": true,
        "ready_region": {
          "local_ms": 0.11734399944543839,
          "rank_max_ms": 0.12508800625801086,
          "rank_ms": [
            0.11734399944543839,
            0.12508800625801086,
            0.12121599912643433,
            0.11785600334405899
          ]
        },
        "sample_index": 54,
        "scheduled_start_arrival_ns_by_rank": [
          744675445786971,
          744675445493460,
          744675445822236,
          744675445545063
        ],
        "scheduled_start_target_ns_by_rank": [
          744675450822236,
          744675450822236,
          744675450822236,
          744675450822236
        ],
        "start_record_bracket_ns_by_rank": [
          [
            744675450826738,
            744675450857028
          ],
          [
            744675450823139,
            744675450854535
          ],
          [
            744675450823068,
            744675450852938
          ],
          [
            744675450823010,
            744675450846644
          ]
        ],
        "start_record_envelope_span_ns": 34018,
        "variant": 1
      },
      {
        "collective_only": {
          "local_ms": 0.027456000447273254,
          "rank_max_ms": 0.03510399907827377,
          "rank_ms": [
            0.027456000447273254,
            0.03177599981427193,
            0.029472000896930695,
            0.03510399907827377
          ]
        },
        "pair_attempt_id": 57,
        "pair_retry_ordinal": 0,
        "position": 0,
        "readiness_probe_exact": true,
        "ready_region": {
          "local_ms": 0.12044800072908401,
          "rank_max_ms": 0.12348800152540207,
          "rank_ms": [
            0.12044800072908401,
            0.12284799665212631,
            0.12348800152540207,
            0.11955200135707855
          ]
        },
        "sample_index": 55,
        "scheduled_start_arrival_ns_by_rank": [
          744675455343409,
          744675455379865,
          744675455576876,
          744675455371208
        ],
        "scheduled_start_target_ns_by_rank": [
          744675460576876,
          744675460576876,
          744675460576876,
          744675460576876
        ],
        "start_record_bracket_ns_by_rank": [
          [
            744675460577697,
            744675460608271
          ],
          [
            744675460577697,
            744675460607168
          ],
          [
            744675460577722,
            744675460606658
          ],
          [
            744675460577894,
            744675460602487
          ]
        ],
        "start_record_envelope_span_ns": 30574,
        "variant": 0
      },
      {
        "collective_only": {
          "local_ms": 0.030688000842928886,
          "rank_max_ms": 0.03251200169324875,
          "rank_ms": [
            0.030688000842928886,
            0.030368000268936157,
            0.030592000111937523,
            0.03251200169324875
          ]
        },
        "pair_attempt_id": 58,
        "pair_retry_ordinal": 0,
        "position": 1,
        "readiness_probe_exact": true,
        "ready_region": {
          "local_ms": 0.08736000210046768,
          "rank_max_ms": 0.09587199985980988,
          "rank_ms": [
            0.08736000210046768,
            0.09587199985980988,
            0.08966399729251862,
            0.08710400015115738
          ]
        },
        "sample_index": 56,
        "scheduled_start_arrival_ns_by_rank": [
          744675475323569,
          744675475276978,
          744675475266460,
          744675475269842
        ],
        "scheduled_start_target_ns_by_rank": [
          744675480323569,
          744675480323569,
          744675480323569,
          744675480323569
        ],
        "start_record_bracket_ns_by_rank": [
          [
            744675480324035,
            744675480339983
          ],
          [
            744675480324322,
            744675480340573
          ],
          [
            744675480324064,
            744675480340322
          ],
          [
            744675480324046,
            744675480338007
          ]
        ],
        "start_record_envelope_span_ns": 16538,
        "variant": 1
      },
      {
        "collective_only": {
          "local_ms": 0.024032000452280045,
          "rank_max_ms": 0.02831999957561493,
          "rank_ms": [
            0.024032000452280045,
            0.02739199995994568,
            0.025887999683618546,
            0.02831999957561493
          ]
        },
        "pair_attempt_id": 59,
        "pair_retry_ordinal": 0,
        "position": 0,
        "readiness_probe_exact": true,
        "ready_region": {
          "local_ms": 0.0859839990735054,
          "rank_max_ms": 0.0859839990735054,
          "rank_ms": [
            0.0859839990735054,
            0.08339200168848038,
            0.08377599716186523,
            0.08457600325345993
          ]
        },
        "sample_index": 57,
        "scheduled_start_arrival_ns_by_rank": [
          744675482179193,
          744675482173992,
          744675482169009,
          744675482161895
        ],
        "scheduled_start_target_ns_by_rank": [
          744675487179193,
          744675487179193,
          744675487179193,
          744675487179193
        ],
        "start_record_bracket_ns_by_rank": [
          [
            744675487179576,
            744675487206123
          ],
          [
            744675487179822,
            744675487204097
          ],
          [
            744675487179600,
            744675487205017
          ],
          [
            744675487179597,
            744675487202818
          ]
        ],
        "start_record_envelope_span_ns": 26547,
        "variant": 0
      },
      {
        "collective_only": {
          "local_ms": 0.030688000842928886,
          "rank_max_ms": 0.04041599854826927,
          "rank_ms": [
            0.030688000842928886,
            0.03081599995493889,
            0.03302399814128876,
            0.04041599854826927
          ]
        },
        "pair_attempt_id": 60,
        "pair_retry_ordinal": 0,
        "position": 1,
        "readiness_probe_exact": true,
        "ready_region": {
          "local_ms": 0.1459520012140274,
          "rank_max_ms": 0.15939199924468994,
          "rank_ms": [
            0.1459520012140274,
            0.15939199924468994,
            0.14230400323867798,
            0.133760005235672
          ]
        },
        "sample_index": 58,
        "scheduled_start_arrival_ns_by_rank": [
          744675511645244,
          744675511842097,
          744675511914490,
          744675511829591
        ],
        "scheduled_start_target_ns_by_rank": [
          744675516914490,
          744675516914490,
          744675516914490,
          744675516914490
        ],
        "start_record_bracket_ns_by_rank": [
          [
            744675516915420,
            744675516948928
          ],
          [
            744675516915401,
            744675516949095
          ],
          [
            744675516915332,
            744675516947421
          ],
          [
            744675516915230,
            744675516939221
          ]
        ],
        "start_record_envelope_span_ns": 33865,
        "variant": 1
      },
      {
        "collective_only": {
          "local_ms": 0.03129599988460541,
          "rank_max_ms": 0.03734400123357773,
          "rank_ms": [
            0.03129599988460541,
            0.03206399828195572,
            0.03292800113558769,
            0.03734400123357773
          ]
        },
        "pair_attempt_id": 61,
        "pair_retry_ordinal": 0,
        "position": 0,
        "readiness_probe_exact": true,
        "ready_region": {
          "local_ms": 0.13180799782276154,
          "rank_max_ms": 0.1363839954137802,
          "rank_ms": [
            0.13180799782276154,
            0.13407999277114868,
            0.13180799782276154,
            0.1363839954137802
          ]
        },
        "sample_index": 59,
        "scheduled_start_arrival_ns_by_rank": [
          744675521424881,
          744675521387999,
          744675521647265,
          744675521362054
        ],
        "scheduled_start_target_ns_by_rank": [
          744675526647265,
          744675526647265,
          744675526647265,
          744675526647265
        ],
        "start_record_bracket_ns_by_rank": [
          [
            744675526648067,
            744675526682159
          ],
          [
            744675526648288,
            744675526681641
          ],
          [
            744675526648561,
            744675526680756
          ],
          [
            744675526648144,
            744675526676641
          ]
        ],
        "start_record_envelope_span_ns": 34092,
        "variant": 0
      },
      {
        "collective_only": {
          "local_ms": 0.03152000159025192,
          "rank_max_ms": 0.03513599932193756,
          "rank_ms": [
            0.03152000159025192,
            0.0350399985909462,
            0.03513599932193756,
            0.03296000137925148
          ]
        },
        "pair_attempt_id": 62,
        "pair_retry_ordinal": 0,
        "position": 1,
        "readiness_probe_exact": true,
        "ready_region": {
          "local_ms": 0.13619199395179749,
          "rank_max_ms": 0.13619199395179749,
          "rank_ms": [
            0.13619199395179749,
            0.127360001206398,
            0.12508800625801086,
            0.1353279948234558
          ]
        },
        "sample_index": 60,
        "scheduled_start_arrival_ns_by_rank": [
          744675551157593,
          744675551117459,
          744675551441832,
          744675551335667
        ],
        "scheduled_start_target_ns_by_rank": [
          744675556441832,
          744675556441832,
          744675556441832,
          744675556441832
        ],
        "start_record_bracket_ns_by_rank": [
          [
            744675556443092,
            744675556474073
          ],
          [
            744675556442889,
            744675556471655
          ],
          [
            744675556442922,
            744675556471676
          ],
          [
            744675556443051,
            744675556471005
          ]
        ],
        "start_record_envelope_span_ns": 31184,
        "variant": 1
      },
      {
        "collective_only": {
          "local_ms": 0.04188799858093262,
          "rank_max_ms": 0.04188799858093262,
          "rank_ms": [
            0.04188799858093262,
            0.029759999364614487,
            0.03363199904561043,
            0.03923200070858002
          ]
        },
        "pair_attempt_id": 63,
        "pair_retry_ordinal": 0,
        "position": 0,
        "readiness_probe_exact": true,
        "ready_region": {
          "local_ms": 0.11324799805879593,
          "rank_max_ms": 0.14262400567531586,
          "rank_ms": [
            0.11324799805879593,
            0.14262400567531586,
            0.13788799941539764,
            0.13699199259281158
          ]
        },
        "sample_index": 61,
        "scheduled_start_arrival_ns_by_rank": [
          744675559897308,
          744675559597510,
          744675559726821,
          744675559833920
        ],
        "scheduled_start_target_ns_by_rank": [
          744675564897308,
          744675564897308,
          744675564897308,
          744675564897308
        ],
        "start_record_bracket_ns_by_rank": [
          [
            744675564897725,
            744675564916303
          ],
          [
            744675564898262,
            744675564928916
          ],
          [
            744675564898394,
            744675564926444
          ],
          [
            744675564898064,
            744675564922129
          ]
        ],
        "start_record_envelope_span_ns": 31191,
        "variant": 0
      },
      {
        "collective_only": {
          "local_ms": 0.028063999488949776,
          "rank_max_ms": 0.04105599969625473,
          "rank_ms": [
            0.028063999488949776,
            0.030848000198602676,
            0.04105599969625473,
            0.036639999598264694
          ]
        },
        "pair_attempt_id": 64,
        "pair_retry_ordinal": 0,
        "position": 1,
        "readiness_probe_exact": true,
        "ready_region": {
          "local_ms": 0.12092799693346024,
          "rank_max_ms": 0.12092799693346024,
          "rank_ms": [
            0.12092799693346024,
            0.1204800009727478,
            0.09356799721717834,
            0.12041600048542023
          ]
        },
        "sample_index": 62,
        "scheduled_start_arrival_ns_by_rank": [
          744675586257003,
          744675586025038,
          744675585844325,
          744675586091340
        ],
        "scheduled_start_target_ns_by_rank": [
          744675591257003,
          744675591257003,
          744675591257003,
          744675591257003
        ],
        "start_record_bracket_ns_by_rank": [
          [
            744675591258041,
            744675591288517
          ],
          [
            744675591257908,
            744675591287451
          ],
          [
            744675591257438,
            744675591275762
          ],
          [
            744675591257782,
            744675591281781
          ]
        ],
        "start_record_envelope_span_ns": 31079,
        "variant": 1
      },
      {
        "collective_only": {
          "local_ms": 0.03155200183391571,
          "rank_max_ms": 0.0390079990029335,
          "rank_ms": [
            0.03155200183391571,
            0.03046399913728237,
            0.03465599939227104,
            0.0390079990029335
          ]
        },
        "pair_attempt_id": 65,
        "pair_retry_ordinal": 0,
        "position": 0,
        "readiness_probe_exact": true,
        "ready_region": {
          "local_ms": 0.1382720023393631,
          "rank_max_ms": 0.1382720023393631,
          "rank_ms": [
            0.1382720023393631,
            0.13158400356769562,
            0.13174399733543396,
            0.1318719983100891
          ]
        },
        "sample_index": 63,
        "scheduled_start_arrival_ns_by_rank": [
          744675596641943,
          744675596325015,
          744675595569421,
          744675596429455
        ],
        "scheduled_start_target_ns_by_rank": [
          744675601641943,
          744675601641943,
          744675601641943,
          744675601641943
        ],
        "start_record_bracket_ns_by_rank": [
          [
            744675601642909,
            744675601676685
          ],
          [
            744675601642983,
            744675601676544
          ],
          [
            744675601642648,
            744675601671903
          ],
          [
            744675601642696,
            744675601669797
          ]
        ],
        "start_record_envelope_span_ns": 34037,
        "variant": 0
      },
      {
        "collective_only": {
          "local_ms": 0.040192000567913055,
          "rank_max_ms": 0.04262400045990944,
          "rank_ms": [
            0.040192000567913055,
            0.03545600175857544,
            0.0323840007185936,
            0.04262400045990944
          ]
        },
        "pair_attempt_id": 66,
        "pair_retry_ordinal": 0,
        "position": 1,
        "readiness_probe_exact": true,
        "ready_region": {
          "local_ms": 0.12511999905109406,
          "rank_max_ms": 0.1446399986743927,
          "rank_ms": [
            0.12511999905109406,
            0.13792000710964203,
            0.1446399986743927,
            0.13894400000572205
          ]
        },
        "sample_index": 64,
        "scheduled_start_arrival_ns_by_rank": [
          744675623422936,
          744675623629245,
          744675623630006,
          744675623549516
        ],
        "scheduled_start_target_ns_by_rank": [
          744675628630006,
          744675628630006,
          744675628630006,
          744675628630006
        ],
        "start_record_bracket_ns_by_rank": [
          [
            744675628630823,
            744675628661416
          ],
          [
            744675628630864,
            744675628665434
          ],
          [
            744675628630913,
            744675628667544
          ],
          [
            744675628630758,
            744675628657180
          ]
        ],
        "start_record_envelope_span_ns": 36786,
        "variant": 1
      },
      {
        "collective_only": {
          "local_ms": 0.09216000139713287,
          "rank_max_ms": 0.10847999900579453,
          "rank_ms": [
            0.09216000139713287,
            0.08806400001049042,
            0.07798399776220322,
            0.10847999900579453
          ]
        },
        "pair_attempt_id": 67,
        "pair_retry_ordinal": 0,
        "position": 0,
        "readiness_probe_exact": true,
        "ready_region": {
          "local_ms": 0.15993599593639374,
          "rank_max_ms": 0.2451840043067932,
          "rank_ms": [
            0.15993599593639374,
            0.1770240068435669,
            0.2451840043067932,
            0.13840000331401825
          ]
        },
        "sample_index": 65,
        "scheduled_start_arrival_ns_by_rank": [
          744675637103714,
          744675636762799,
          744675636496498,
          744675636704366
        ],
        "scheduled_start_target_ns_by_rank": [
          744675642103714,
          744675642103714,
          744675642103714,
          744675642103714
        ],
        "start_record_bracket_ns_by_rank": [
          [
            744675642104591,
            744675642142034
          ],
          [
            744675642104678,
            744675642145900
          ],
          [
            744675642106860,
            744675642160457
          ],
          [
            744675642104265,
            744675642126736
          ]
        ],
        "start_record_envelope_span_ns": 56192,
        "variant": 0
      },
      {
        "collective_only": {
          "local_ms": 0.04214400053024292,
          "rank_max_ms": 0.049855999648571014,
          "rank_ms": [
            0.04214400053024292,
            0.031936001032590866,
            0.049855999648571014,
            0.040991999208927155
          ]
        },
        "pair_attempt_id": 68,
        "pair_retry_ordinal": 0,
        "position": 1,
        "readiness_probe_exact": true,
        "ready_region": {
          "local_ms": 0.11795199662446976,
          "rank_max_ms": 0.14425599575042725,
          "rank_ms": [
            0.11795199662446976,
            0.14425599575042725,
            0.1101439967751503,
            0.14108799397945404
          ]
        },
        "sample_index": 66,
        "scheduled_start_arrival_ns_by_rank": [
          744675661707048,
          744675662104453,
          744675661686257,
          744675662321130
        ],
        "scheduled_start_target_ns_by_rank": [
          744675667321130,
          744675667321130,
          744675667321130,
          744675667321130
        ],
        "start_record_bracket_ns_by_rank": [
          [
            744675667321622,
            744675667346961
          ],
          [
            744675667321942,
            744675667359024
          ],
          [
            744675667321594,
            744675667343128
          ],
          [
            744675667322094,
            744675667351111
          ]
        ],
        "start_record_envelope_span_ns": 37430,
        "variant": 1
      },
      {
        "collective_only": {
          "local_ms": 0.048287998884916306,
          "rank_max_ms": 0.05318399891257286,
          "rank_ms": [
            0.048287998884916306,
            0.036159999668598175,
            0.05318399891257286,
            0.043136000633239746
          ]
        },
        "pair_attempt_id": 69,
        "pair_retry_ordinal": 0,
        "position": 0,
        "readiness_probe_exact": true,
        "ready_region": {
          "local_ms": 0.1265600025653839,
          "rank_max_ms": 0.16099199652671814,
          "rank_ms": [
            0.1265600025653839,
            0.15836800634860992,
            0.11945600062608719,
            0.16099199652671814
          ]
        },
        "sample_index": 67,
        "scheduled_start_arrival_ns_by_rank": [
          744675672140721,
          744675672362261,
          744675672083091,
          744675672399601
        ],
        "scheduled_start_target_ns_by_rank": [
          744675677399601,
          744675677399601,
          744675677399601,
          744675677399601
        ],
        "start_record_bracket_ns_by_rank": [
          [
            744675677400211,
            744675677428531
          ],
          [
            744675677400624,
            744675677439774
          ],
          [
            744675677400124,
            744675677423567
          ],
          [
            744675677400483,
            744675677433056
          ]
        ],
        "start_record_envelope_span_ns": 39650,
        "variant": 0
      },
      {
        "collective_only": {
          "local_ms": 0.025536000728607178,
          "rank_max_ms": 0.03513599932193756,
          "rank_ms": [
            0.025536000728607178,
            0.03110400028526783,
            0.033215999603271484,
            0.03513599932193756
          ]
        },
        "pair_attempt_id": 70,
        "pair_retry_ordinal": 0,
        "position": 1,
        "readiness_probe_exact": true,
        "ready_region": {
          "local_ms": 0.1149120032787323,
          "rank_max_ms": 0.1149120032787323,
          "rank_ms": [
            0.1149120032787323,
            0.11100800335407257,
            0.10454399883747101,
            0.11318399757146835
          ]
        },
        "sample_index": 68,
        "scheduled_start_arrival_ns_by_rank": [
          744675702473164,
          744675702367609,
          744675702469306,
          744675702441998
        ],
        "scheduled_start_target_ns_by_rank": [
          744675707473164,
          744675707473164,
          744675707473164,
          744675707473164
        ],
        "start_record_bracket_ns_by_rank": [
          [
            744675707474198,
            744675707503296
          ],
          [
            744675707473867,
            744675707499896
          ],
          [
            744675707473795,
            744675707498945
          ],
          [
            744675707474156,
            744675707497363
          ]
        ],
        "start_record_envelope_span_ns": 29501,
        "variant": 1
      },
      {
        "collective_only": {
          "local_ms": 0.02908799983561039,
          "rank_max_ms": 0.03811199963092804,
          "rank_ms": [
            0.02908799983561039,
            0.03254399821162224,
            0.03328000009059906,
            0.03811199963092804
          ]
        },
        "pair_attempt_id": 71,
        "pair_retry_ordinal": 0,
        "position": 0,
        "readiness_probe_exact": true,
        "ready_region": {
          "local_ms": 0.12307199835777283,
          "rank_max_ms": 0.12307199835777283,
          "rank_ms": [
            0.12307199835777283,
            0.11919999867677689,
            0.11638399958610535,
            0.11641599982976913
          ]
        },
        "sample_index": 69,
        "scheduled_start_arrival_ns_by_rank": [
          744675711564696,
          744675711564454,
          744675711510659,
          744675711515150
        ],
        "scheduled_start_target_ns_by_rank": [
          744675716564696,
          744675716564696,
          744675716564696,
          744675716564696
        ],
        "start_record_bracket_ns_by_rank": [
          [
            744675716565526,
            744675716596185
          ],
          [
            744675716565756,
            744675716594343
          ],
          [
            744675716565726,
            744675716593662
          ],
          [
            744675716565432,
            744675716588402
          ]
        ],
        "start_record_envelope_span_ns": 30753,
        "variant": 0
      },
      {
        "collective_only": {
          "local_ms": 0.028831999748945236,
          "rank_max_ms": 0.03811199963092804,
          "rank_ms": [
            0.028831999748945236,
            0.03030399978160858,
            0.033215999603271484,
            0.03811199963092804
          ]
        },
        "pair_attempt_id": 72,
        "pair_retry_ordinal": 0,
        "position": 1,
        "readiness_probe_exact": true,
        "ready_region": {
          "local_ms": 0.12329600006341934,
          "rank_max_ms": 0.12329600006341934,
          "rank_ms": [
            0.12329600006341934,
            0.12041600048542023,
            0.11417599767446518,
            0.1133119985461235
          ]
        },
        "sample_index": 70,
        "scheduled_start_arrival_ns_by_rank": [
          744675739369083,
          744675739033735,
          744675739210860,
          744675739112323
        ],
        "scheduled_start_target_ns_by_rank": [
          744675744369083,
          744675744369083,
          744675744369083,
          744675744369083
        ],
        "start_record_bracket_ns_by_rank": [
          [
            744675744370135,
            744675744400295
          ],
          [
            744675744369853,
            744675744399255
          ],
          [
            744675744369870,
            744675744396432
          ],
          [
            744675744369814,
            744675744391981
          ]
        ],
        "start_record_envelope_span_ns": 30481,
        "variant": 1
      },
      {
        "collective_only": {
          "local_ms": 0.04092799872159958,
          "rank_max_ms": 0.05283199995756149,
          "rank_ms": [
            0.04092799872159958,
            0.044895999133586884,
            0.047488000243902206,
            0.05283199995756149
          ]
        },
        "pair_attempt_id": 73,
        "pair_retry_ordinal": 0,
        "position": 0,
        "readiness_probe_exact": true,
        "ready_region": {
          "local_ms": 0.14127999544143677,
          "rank_max_ms": 0.14127999544143677,
          "rank_ms": [
            0.14127999544143677,
            0.1380160003900528,
            0.1316480040550232,
            0.11971200257539749
          ]
        },
        "sample_index": 71,
        "scheduled_start_arrival_ns_by_rank": [
          744675748739016,
          744675748979734,
          744675748956315,
          744675749142485
        ],
        "scheduled_start_target_ns_by_rank": [
          744675754142485,
          744675754142485,
          744675754142485,
          744675754142485
        ],
        "start_record_bracket_ns_by_rank": [
          [
            744675754143324,
            744675754173085
          ],
          [
            744675754143278,
            744675754171368
          ],
          [
            744675754143288,
            744675754170444
          ],
          [
            744675754143056,
            744675754164271
          ]
        ],
        "start_record_envelope_span_ns": 30029,
        "variant": 0
      },
      {
        "collective_only": {
          "local_ms": 0.027583999559283257,
          "rank_max_ms": 0.03379200026392937,
          "rank_ms": [
            0.027583999559283257,
            0.02816000021994114,
            0.03139200061559677,
            0.03379200026392937
          ]
        },
        "pair_attempt_id": 74,
        "pair_retry_ordinal": 0,
        "position": 1,
        "readiness_probe_exact": true,
        "ready_region": {
          "local_ms": 0.11286400258541107,
          "rank_max_ms": 0.11420799791812897,
          "rank_ms": [
            0.11286400258541107,
            0.11420799791812897,
            0.1074879989027977,
            0.1042879968881607
          ]
        },
        "sample_index": 72,
        "scheduled_start_arrival_ns_by_rank": [
          744675776488760,
          744675776332163,
          744675776486909,
          744675776297560
        ],
        "scheduled_start_target_ns_by_rank": [
          744675781488760,
          744675781488760,
          744675781488760,
          744675781488760
        ],
        "start_record_bracket_ns_by_rank": [
          [
            744675781489588,
            744675781515992
          ],
          [
            744675781489513,
            744675781515192
          ],
          [
            744675781489554,
            744675781514574
          ],
          [
            744675781489382,
            744675781510767
          ]
        ],
        "start_record_envelope_span_ns": 26610,
        "variant": 1
      },
      {
        "collective_only": {
          "local_ms": 0.030239999294281006,
          "rank_max_ms": 0.033535998314619064,
          "rank_ms": [
            0.030239999294281006,
            0.02723200060427189,
            0.03030399978160858,
            0.033535998314619064
          ]
        },
        "pair_attempt_id": 75,
        "pair_retry_ordinal": 0,
        "position": 0,
        "readiness_probe_exact": true,
        "ready_region": {
          "local_ms": 0.10291200131177902,
          "rank_max_ms": 0.11257600039243698,
          "rank_ms": [
            0.10291200131177902,
            0.11257600039243698,
            0.10883200168609619,
            0.1117440015077591
          ]
        },
        "sample_index": 73,
        "scheduled_start_arrival_ns_by_rank": [
          744675785524082,
          744675785617118,
          744675785697770,
          744675785623416
        ],
        "scheduled_start_target_ns_by_rank": [
          744675790697770,
          744675790697770,
          744675790697770,
          744675790697770
        ],
        "start_record_bracket_ns_by_rank": [
          [
            744675790698525,
            744675790723615
          ],
          [
            744675790698585,
            744675790726348
          ],
          [
            744675790698575,
            744675790724436
          ],
          [
            744675790698515,
            744675790721195
          ]
        ],
        "start_record_envelope_span_ns": 27833,
        "variant": 0
      },
      {
        "collective_only": {
          "local_ms": 0.036896001547575,
          "rank_max_ms": 0.0451200008392334,
          "rank_ms": [
            0.036896001547575,
            0.04259200021624565,
            0.043776001781225204,
            0.0451200008392334
          ]
        },
        "pair_attempt_id": 76,
        "pair_retry_ordinal": 0,
        "position": 1,
        "readiness_probe_exact": true,
        "ready_region": {
          "local_ms": 0.12348800152540207,
          "rank_max_ms": 0.12348800152540207,
          "rank_ms": [
            0.12348800152540207,
            0.11980800330638885,
            0.11580800265073776,
            0.12083200365304947
          ]
        },
        "sample_index": 74,
        "scheduled_start_arrival_ns_by_rank": [
          744675812926031,
          744675812942084,
          744675812912021,
          744675812956384
        ],
        "scheduled_start_target_ns_by_rank": [
          744675817956384,
          744675817956384,
          744675817956384,
          744675817956384
        ],
        "start_record_bracket_ns_by_rank": [
          [
            744675817957229,
            744675817984503
          ],
          [
            744675817957077,
            744675817981757
          ],
          [
            744675817957124,
            744675817980971
          ],
          [
            744675817957056,
            744675817978885
          ]
        ],
        "start_record_envelope_span_ns": 27447,
        "variant": 1
      },
      {
        "collective_only": {
          "local_ms": 0.027712000533938408,
          "rank_max_ms": 0.036479998379945755,
          "rank_ms": [
            0.027712000533938408,
            0.029023999348282814,
            0.03187200054526329,
            0.036479998379945755
          ]
        },
        "pair_attempt_id": 77,
        "pair_retry_ordinal": 0,
        "position": 0,
        "readiness_probe_exact": true,
        "ready_region": {
          "local_ms": 0.11932799965143204,
          "rank_max_ms": 0.11964800208806992,
          "rank_ms": [
            0.11932799965143204,
            0.11964800208806992,
            0.1117440015077591,
            0.1117440015077591
          ]
        },
        "sample_index": 75,
        "scheduled_start_arrival_ns_by_rank": [
          744675822657970,
          744675822312136,
          744675822442009,
          744675822401643
        ],
        "scheduled_start_target_ns_by_rank": [
          744675827657970,
          744675827657970,
          744675827657970,
          744675827657970
        ],
        "start_record_bracket_ns_by_rank": [
          [
            744675827659106,
            744675827688841
          ],
          [
            744675827658833,
            744675827687758
          ],
          [
            744675827658789,
            744675827685502
          ],
          [
            744675827658810,
            744675827680631
          ]
        ],
        "start_record_envelope_span_ns": 30052,
        "variant": 0
      },
      {
        "collective_only": {
          "local_ms": 0.03097599931061268,
          "rank_max_ms": 0.042527999728918076,
          "rank_ms": [
            0.03097599931061268,
            0.03478400036692619,
            0.03500799834728241,
            0.042527999728918076
          ]
        },
        "pair_attempt_id": 78,
        "pair_retry_ordinal": 0,
        "position": 1,
        "readiness_probe_exact": true,
        "ready_region": {
          "local_ms": 0.12201599776744843,
          "rank_max_ms": 0.12201599776744843,
          "rank_ms": [
            0.12201599776744843,
            0.12080000340938568,
            0.11673600226640701,
            0.10393600165843964
          ]
        },
        "sample_index": 76,
        "scheduled_start_arrival_ns_by_rank": [
          744675852637764,
          744675852414531,
          744675851978865,
          744675852556586
        ],
        "scheduled_start_target_ns_by_rank": [
          744675857637764,
          744675857637764,
          744675857637764,
          744675857637764
        ],
        "start_record_bracket_ns_by_rank": [
          [
            744675857638637,
            744675857667001
          ],
          [
            744675857638550,
            744675857666048
          ],
          [
            744675857638476,
            744675857665661
          ],
          [
            744675857638424,
            744675857658822
          ]
        ],
        "start_record_envelope_span_ns": 28577,
        "variant": 1
      },
      {
        "collective_only": {
          "local_ms": 0.02768000029027462,
          "rank_max_ms": 0.033663999289274216,
          "rank_ms": [
            0.02768000029027462,
            0.029184000566601753,
            0.02675200067460537,
            0.033663999289274216
          ]
        },
        "pair_attempt_id": 79,
        "pair_retry_ordinal": 0,
        "position": 0,
        "readiness_probe_exact": true,
        "ready_region": {
          "local_ms": 0.12403199821710587,
          "rank_max_ms": 0.12403199821710587,
          "rank_ms": [
            0.12403199821710587,
            0.12272000312805176,
            0.10902400314807892,
            0.10704000294208527
          ]
        },
        "sample_index": 77,
        "scheduled_start_arrival_ns_by_rank": [
          744675862863155,
          744675862619793,
          744675862693655,
          744675862800708
        ],
        "scheduled_start_target_ns_by_rank": [
          744675867863155,
          744675867863155,
          744675867863155,
          744675867863155
        ],
        "start_record_bracket_ns_by_rank": [
          [
            744675867863785,
            744675867891171
          ],
          [
            744675867863873,
            744675867890693
          ],
          [
            744675867863848,
            744675867889020
          ],
          [
            744675867863753,
            744675867885345
          ]
        ],
        "start_record_envelope_span_ns": 27418,
        "variant": 0
      },
      {
        "collective_only": {
          "local_ms": 0.030592000111937523,
          "rank_max_ms": 0.03907199949026108,
          "rank_ms": [
            0.030592000111937523,
            0.031936001032590866,
            0.03235200047492981,
            0.03907199949026108
          ]
        },
        "pair_attempt_id": 80,
        "pair_retry_ordinal": 0,
        "position": 1,
        "readiness_probe_exact": true,
        "ready_region": {
          "local_ms": 0.13308799266815186,
          "rank_max_ms": 0.13308799266815186,
          "rank_ms": [
            0.13308799266815186,
            0.12374400347471237,
            0.13232000172138214,
            0.12438400089740753
          ]
        },
        "sample_index": 78,
        "scheduled_start_arrival_ns_by_rank": [
          744675890758122,
          744675890603968,
          744675890555450,
          744675890701077
        ],
        "scheduled_start_target_ns_by_rank": [
          744675895758122,
          744675895758122,
          744675895758122,
          744675895758122
        ],
        "start_record_bracket_ns_by_rank": [
          [
            744675895759087,
            744675895791230
          ],
          [
            744675895759034,
            744675895789983
          ],
          [
            744675895758867,
            744675895789972
          ],
          [
            744675895758984,
            744675895782931
          ]
        ],
        "start_record_envelope_span_ns": 32363,
        "variant": 1
      },
      {
        "collective_only": {
          "local_ms": 0.027712000533938408,
          "rank_max_ms": 0.03465599939227104,
          "rank_ms": [
            0.027712000533938408,
            0.029920000582933426,
            0.03347200155258179,
            0.03465599939227104
          ]
        },
        "pair_attempt_id": 81,
        "pair_retry_ordinal": 0,
        "position": 0,
        "readiness_probe_exact": true,
        "ready_region": {
          "local_ms": 0.11990399658679962,
          "rank_max_ms": 0.12147200107574463,
          "rank_ms": [
            0.11990399658679962,
            0.12147200107574463,
            0.10851199924945831,
            0.11990399658679962
          ]
        },
        "sample_index": 79,
        "scheduled_start_arrival_ns_by_rank": [
          744675899814749,
          744675899626911,
          744675899799171,
          744675899830105
        ],
        "scheduled_start_target_ns_by_rank": [
          744675904830105,
          744675904830105,
          744675904830105,
          744675904830105
        ],
        "start_record_bracket_ns_by_rank": [
          [
            744675904830967,
            744675904861376
          ],
          [
            744675904830857,
            744675904859967
          ],
          [
            744675904830759,
            744675904857009
          ],
          [
            744675904830900,
            744675904854856
          ]
        ],
        "start_record_envelope_span_ns": 30617,
        "variant": 0
      },
      {
        "collective_only": {
          "local_ms": 0.032607998698949814,
          "rank_max_ms": 0.040863998234272,
          "rank_ms": [
            0.032607998698949814,
            0.035679999738931656,
            0.03030399978160858,
            0.040863998234272
          ]
        },
        "pair_attempt_id": 82,
        "pair_retry_ordinal": 0,
        "position": 1,
        "readiness_probe_exact": true,
        "ready_region": {
          "local_ms": 0.1157120019197464,
          "rank_max_ms": 0.13017599284648895,
          "rank_ms": [
            0.1157120019197464,
            0.11011199653148651,
            0.13017599284648895,
            0.10979200154542923
          ]
        },
        "sample_index": 80,
        "scheduled_start_arrival_ns_by_rank": [
          744675928694875,
          744675928558339,
          744675928461806,
          744675928661845
        ],
        "scheduled_start_target_ns_by_rank": [
          744675933694875,
          744675933694875,
          744675933694875,
          744675933694875
        ],
        "start_record_bracket_ns_by_rank": [
          [
            744675933695783,
            744675933724893
          ],
          [
            744675933695683,
            744675933722479
          ],
          [
            744675933695811,
            744675933727200
          ],
          [
            744675933695567,
            744675933717115
          ]
        ],
        "start_record_envelope_span_ns": 31633,
        "variant": 1
      },
      {
        "collective_only": {
          "local_ms": 0.026208000257611275,
          "rank_max_ms": 0.03651199862360954,
          "rank_ms": [
            0.026208000257611275,
            0.031488001346588135,
            0.03155200183391571,
            0.03651199862360954
          ]
        },
        "pair_attempt_id": 83,
        "pair_retry_ordinal": 0,
        "position": 0,
        "readiness_probe_exact": true,
        "ready_region": {
          "local_ms": 0.13180799782276154,
          "rank_max_ms": 0.1348479986190796,
          "rank_ms": [
            0.13180799782276154,
            0.1260800063610077,
            0.1348479986190796,
            0.11577600240707397
          ]
        },
        "sample_index": 81,
        "scheduled_start_arrival_ns_by_rank": [
          744675938939136,
          744675938605161,
          744675938525847,
          744675938847513
        ],
        "scheduled_start_target_ns_by_rank": [
          744675943939136,
          744675943939136,
          744675943939136,
          744675943939136
        ],
        "start_record_bracket_ns_by_rank": [
          [
            744675943939858,
            744675943970300
          ],
          [
            744675943939821,
            744675943967521
          ],
          [
            744675943940004,
            744675943967130
          ],
          [
            744675943939741,
            744675943963438
          ]
        ],
        "start_record_envelope_span_ns": 30559,
        "variant": 0
      },
      {
        "collective_only": {
          "local_ms": 0.4277440011501312,
          "rank_max_ms": 0.4277440011501312,
          "rank_ms": [
            0.4277440011501312,
            0.10595200210809708,
            0.024032000452280045,
            0.12732799351215363
          ]
        },
        "pair_attempt_id": 84,
        "pair_retry_ordinal": 0,
        "position": 1,
        "readiness_probe_exact": true,
        "ready_region": {
          "local_ms": 0.43696001172065735,
          "rank_max_ms": 0.43696001172065735,
          "rank_ms": [
            0.43696001172065735,
            0.1181119978427887,
            0.10796800255775452,
            0.13651199638843536
          ]
        },
        "sample_index": 82,
        "scheduled_start_arrival_ns_by_rank": [
          744675968559782,
          744675968500996,
          744675968552319,
          744675968502465
        ],
        "scheduled_start_target_ns_by_rank": [
          744675973559782,
          744675973559782,
          744675973559782,
          744675973559782
        ],
        "start_record_bracket_ns_by_rank": [
          [
            744675973921058,
            744675973950619
          ],
          [
            744675974244053,
            744675974273110
          ],
          [
            744675974322037,
            744675974350455
          ],
          [
            744675974226350,
            744675974250328
          ]
        ],
        "start_record_envelope_span_ns": 429397,
        "variant": 1
      },
      {
        "collective_only": {
          "local_ms": 0.02796800062060356,
          "rank_max_ms": 0.03711999952793121,
          "rank_ms": [
            0.02796800062060356,
            0.03296000137925148,
            0.03292800113558769,
            0.03711999952793121
          ]
        },
        "pair_attempt_id": 85,
        "pair_retry_ordinal": 0,
        "position": 0,
        "readiness_probe_exact": true,
        "ready_region": {
          "local_ms": 0.1255359947681427,
          "rank_max_ms": 0.1255359947681427,
          "rank_ms": [
            0.1255359947681427,
            0.11961600184440613,
            0.11670400202274323,
            0.12278400361537933
          ]
        },
        "sample_index": 83,
        "scheduled_start_arrival_ns_by_rank": [
          744675978645811,
          744675978611810,
          744675978680984,
          744675978577729
        ],
        "scheduled_start_target_ns_by_rank": [
          744675983680984,
          744675983680984,
          744675983680984,
          744675983680984
        ],
        "start_record_bracket_ns_by_rank": [
          [
            744675983681734,
            744675983713228
          ],
          [
            744675983681864,
            744675983710273
          ],
          [
            744675983681996,
            744675983710664
          ],
          [
            744675983681806,
            744675983706313
          ]
        ],
        "start_record_envelope_span_ns": 31494,
        "variant": 0
      },
      {
        "collective_only": {
          "local_ms": 0.028960000723600388,
          "rank_max_ms": 0.03993599861860275,
          "rank_ms": [
            0.028960000723600388,
            0.03411199897527695,
            0.03376000002026558,
            0.03993599861860275
          ]
        },
        "pair_attempt_id": 86,
        "pair_retry_ordinal": 0,
        "position": 1,
        "readiness_probe_exact": true,
        "ready_region": {
          "local_ms": 0.13344000279903412,
          "rank_max_ms": 0.13344000279903412,
          "rank_ms": [
            0.13344000279903412,
            0.1276800036430359,
            0.13132800161838531,
            0.13327999413013458
          ]
        },
        "sample_index": 84,
        "scheduled_start_arrival_ns_by_rank": [
          744676008447336,
          744676008142638,
          744676008237484,
          744676008149500
        ],
        "scheduled_start_target_ns_by_rank": [
          744676013447336,
          744676013447336,
          744676013447336,
          744676013447336
        ],
        "start_record_bracket_ns_by_rank": [
          [
            744676013448416,
            744676013482537
          ],
          [
            744676013448378,
            744676013480132
          ],
          [
            744676013448386,
            744676013481258
          ],
          [
            744676013448240,
            744676013474947
          ]
        ],
        "start_record_envelope_span_ns": 34297,
        "variant": 1
      },
      {
        "collective_only": {
          "local_ms": 0.030271999537944794,
          "rank_max_ms": 0.03759999945759773,
          "rank_ms": [
            0.030271999537944794,
            0.03126399964094162,
            0.03283200040459633,
            0.03759999945759773
          ]
        },
        "pair_attempt_id": 87,
        "pair_retry_ordinal": 0,
        "position": 0,
        "readiness_probe_exact": true,
        "ready_region": {
          "local_ms": 0.12812800705432892,
          "rank_max_ms": 0.1281599998474121,
          "rank_ms": [
            0.12812800705432892,
            0.1281599998474121,
            0.12652799487113953,
            0.12457600235939026
          ]
        },
        "sample_index": 85,
        "scheduled_start_arrival_ns_by_rank": [
          744676018392512,
          744676017818141,
          744676017896491,
          744676017820376
        ],
        "scheduled_start_target_ns_by_rank": [
          744676023392512,
          744676023392512,
          744676023392512,
          744676023392512
        ],
        "start_record_bracket_ns_by_rank": [
          [
            744676023393439,
            744676023426112
          ],
          [
            744676023393264,
            744676023425255
          ],
          [
            744676023393394,
            744676023424532
          ],
          [
            744676023393249,
            744676023418566
          ]
        ],
        "start_record_envelope_span_ns": 32863,
        "variant": 0
      },
      {
        "collective_only": {
          "local_ms": 0.029791999608278275,
          "rank_max_ms": 0.03622400015592575,
          "rank_ms": [
            0.029791999608278275,
            0.026240000501275063,
            0.03311999887228012,
            0.03622400015592575
          ]
        },
        "pair_attempt_id": 88,
        "pair_retry_ordinal": 0,
        "position": 1,
        "readiness_probe_exact": true,
        "ready_region": {
          "local_ms": 0.10745599865913391,
          "rank_max_ms": 0.1088000014424324,
          "rank_ms": [
            0.10745599865913391,
            0.10438399761915207,
            0.1088000014424324,
            0.10335999727249146
          ]
        },
        "sample_index": 86,
        "scheduled_start_arrival_ns_by_rank": [
          744676047376017,
          744676047026781,
          744676047377721,
          744676047226035
        ],
        "scheduled_start_target_ns_by_rank": [
          744676052377721,
          744676052377721,
          744676052377721,
          744676052377721
        ],
        "start_record_bracket_ns_by_rank": [
          [
            744676052378623,
            744676052404256
          ],
          [
            744676052378447,
            744676052408212
          ],
          [
            744676052378481,
            744676052403005
          ],
          [
            744676052378354,
            744676052399664
          ]
        ],
        "start_record_envelope_span_ns": 29858,
        "variant": 1
      },
      {
        "collective_only": {
          "local_ms": 0.026815999299287796,
          "rank_max_ms": 0.029983999207615852,
          "rank_ms": [
            0.026815999299287796,
            0.025407999753952026,
            0.02703999914228916,
            0.029983999207615852
          ]
        },
        "pair_attempt_id": 89,
        "pair_retry_ordinal": 0,
        "position": 0,
        "readiness_probe_exact": true,
        "ready_region": {
          "local_ms": 0.1072319969534874,
          "rank_max_ms": 0.1072319969534874,
          "rank_ms": [
            0.1072319969534874,
            0.10259199887514114,
            0.10009600222110748,
            0.10595200210809708
          ]
        },
        "sample_index": 87,
        "scheduled_start_arrival_ns_by_rank": [
          744676057521754,
          744676057440256,
          744676057543058,
          744676057592074
        ],
        "scheduled_start_target_ns_by_rank": [
          744676062592074,
          744676062592074,
          744676062592074,
          744676062592074
        ],
        "start_record_bracket_ns_by_rank": [
          [
            744676062592839,
            744676062616603
          ],
          [
            744676062592840,
            744676062617052
          ],
          [
            744676062592772,
            744676062616187
          ],
          [
            744676062592941,
            744676062614238
          ]
        ],
        "start_record_envelope_span_ns": 24280,
        "variant": 0
      },
      {
        "collective_only": {
          "local_ms": 0.026655999943614006,
          "rank_max_ms": 0.03433600068092346,
          "rank_ms": [
            0.026655999943614006,
            0.028063999488949776,
            0.02876799926161766,
            0.03433600068092346
          ]
        },
        "pair_attempt_id": 90,
        "pair_retry_ordinal": 0,
        "position": 1,
        "readiness_probe_exact": true,
        "ready_region": {
          "local_ms": 0.12483199685811996,
          "rank_max_ms": 0.1356160044670105,
          "rank_ms": [
            0.12483199685811996,
            0.1356160044670105,
            0.125791996717453,
            0.12035199999809265
          ]
        },
        "sample_index": 88,
        "scheduled_start_arrival_ns_by_rank": [
          744676086097152,
          744676085756738,
          744676085552935,
          744676085964824
        ],
        "scheduled_start_target_ns_by_rank": [
          744676091097152,
          744676091097152,
          744676091097152,
          744676091097152
        ],
        "start_record_bracket_ns_by_rank": [
          [
            744676091098104,
            744676091125053
          ],
          [
            744676091097955,
            744676091124629
          ],
          [
            744676091097898,
            744676091123369
          ],
          [
            744676091097805,
            744676091118818
          ]
        ],
        "start_record_envelope_span_ns": 27248,
        "variant": 1
      },
      {
        "collective_only": {
          "local_ms": 0.030400000512599945,
          "rank_max_ms": 0.0379519984126091,
          "rank_ms": [
            0.030400000512599945,
            0.03510399907827377,
            0.03542400151491165,
            0.0379519984126091
          ]
        },
        "pair_attempt_id": 91,
        "pair_retry_ordinal": 0,
        "position": 0,
        "readiness_probe_exact": true,
        "ready_region": {
          "local_ms": 0.13840000331401825,
          "rank_max_ms": 0.13840000331401825,
          "rank_ms": [
            0.13840000331401825,
            0.11526399850845337,
            0.11318399757146835,
            0.11644800007343292
          ]
        },
        "sample_index": 89,
        "scheduled_start_arrival_ns_by_rank": [
          744676095645458,
          744676095565534,
          744676095343820,
          744676095596474
        ],
        "scheduled_start_target_ns_by_rank": [
          744676100645458,
          744676100645458,
          744676100645458,
          744676100645458
        ],
        "start_record_bracket_ns_by_rank": [
          [
            744676100646307,
            744676100677827
          ],
          [
            744676100646166,
            744676100674633
          ],
          [
            744676100646130,
            744676100673569
          ],
          [
            744676100646241,
            744676100671594
          ]
        ],
        "start_record_envelope_span_ns": 31697,
        "variant": 0
      },
      {
        "collective_only": {
          "local_ms": 0.03468799963593483,
          "rank_max_ms": 0.038015998899936676,
          "rank_ms": [
            0.03468799963593483,
            0.038015998899936676,
            0.03590400144457817,
            0.03270399942994118
          ]
        },
        "pair_attempt_id": 92,
        "pair_retry_ordinal": 0,
        "position": 1,
        "readiness_probe_exact": true,
        "ready_region": {
          "local_ms": 0.10819199681282043,
          "rank_max_ms": 0.14560000598430634,
          "rank_ms": [
            0.10819199681282043,
            0.1053759977221489,
            0.1103999987244606,
            0.14560000598430634
          ]
        },
        "sample_index": 90,
        "scheduled_start_arrival_ns_by_rank": [
          744676124139199,
          744676123784066,
          744676124150481,
          744676124269037
        ],
        "scheduled_start_target_ns_by_rank": [
          744676129269037,
          744676129269037,
          744676129269037,
          744676129269037
        ],
        "start_record_bracket_ns_by_rank": [
          [
            744676129269797,
            744676129296551
          ],
          [
            744676129269668,
            744676129294468
          ],
          [
            744676129269740,
            744676129294964
          ],
          [
            744676129270498,
            744676129298831
          ]
        ],
        "start_record_envelope_span_ns": 29163,
        "variant": 1
      },
      {
        "collective_only": {
          "local_ms": 0.029279999434947968,
          "rank_max_ms": 0.04307200014591217,
          "rank_ms": [
            0.029279999434947968,
            0.028031999245285988,
            0.03001599945127964,
            0.04307200014591217
          ]
        },
        "pair_attempt_id": 93,
        "pair_retry_ordinal": 0,
        "position": 0,
        "readiness_probe_exact": true,
        "ready_region": {
          "local_ms": 0.11478400230407715,
          "rank_max_ms": 0.11561600118875504,
          "rank_ms": [
            0.11478400230407715,
            0.11561600118875504,
            0.11340799927711487,
            0.09267199784517288
          ]
        },
        "sample_index": 91,
        "scheduled_start_arrival_ns_by_rank": [
          744676133573527,
          744676133165951,
          744676133130669,
          744676132988570
        ],
        "scheduled_start_target_ns_by_rank": [
          744676138573527,
          744676138573527,
          744676138573527,
          744676138573527
        ],
        "start_record_bracket_ns_by_rank": [
          [
            744676138574420,
            744676138601937
          ],
          [
            744676138574374,
            744676138602167
          ],
          [
            744676138574319,
            744676138601703
          ],
          [
            744676138574094,
            744676138588670
          ]
        ],
        "start_record_envelope_span_ns": 28073,
        "variant": 0
      },
      {
        "collective_only": {
          "local_ms": 0.028416000306606293,
          "rank_max_ms": 0.041152000427246094,
          "rank_ms": [
            0.028416000306606293,
            0.027775999158620834,
            0.041152000427246094,
            0.03612799942493439
          ]
        },
        "pair_attempt_id": 94,
        "pair_retry_ordinal": 0,
        "position": 1,
        "readiness_probe_exact": true,
        "ready_region": {
          "local_ms": 0.12038400024175644,
          "rank_max_ms": 0.12038400024175644,
          "rank_ms": [
            0.12038400024175644,
            0.11612799763679504,
            0.0923520028591156,
            0.10982400178909302
          ]
        },
        "sample_index": 92,
        "scheduled_start_arrival_ns_by_rank": [
          744676159551156,
          744676159521360,
          744676159472012,
          744676159459289
        ],
        "scheduled_start_target_ns_by_rank": [
          744676164551156,
          744676164551156,
          744676164551156,
          744676164551156
        ],
        "start_record_bracket_ns_by_rank": [
          [
            744676164552055,
            744676164580889
          ],
          [
            744676164552185,
            744676164581349
          ],
          [
            744676164551614,
            744676164569034
          ],
          [
            744676164551819,
            744676164573940
          ]
        ],
        "start_record_envelope_span_ns": 29735,
        "variant": 1
      },
      {
        "collective_only": {
          "local_ms": 0.03167999908328056,
          "rank_max_ms": 0.05244800075888634,
          "rank_ms": [
            0.03167999908328056,
            0.037087999284267426,
            0.04787199944257736,
            0.05244800075888634
          ]
        },
        "pair_attempt_id": 95,
        "pair_retry_ordinal": 0,
        "position": 0,
        "readiness_probe_exact": true,
        "ready_region": {
          "local_ms": 0.1364479959011078,
          "rank_max_ms": 0.1364479959011078,
          "rank_ms": [
            0.1364479959011078,
            0.12166400253772736,
            0.09478399902582169,
            0.0947519987821579
          ]
        },
        "sample_index": 93,
        "scheduled_start_arrival_ns_by_rank": [
          744676169389762,
          744676169370376,
          744676169419824,
          744676169259474
        ],
        "scheduled_start_target_ns_by_rank": [
          744676174419824,
          744676174419824,
          744676174419824,
          744676174419824
        ],
        "start_record_bracket_ns_by_rank": [
          [
            744676174421879,
            744676174455827
          ],
          [
            744676174420865,
            744676174450737
          ],
          [
            744676174420320,
            744676174439761
          ],
          [
            744676174420295,
            744676174435613
          ]
        ],
        "start_record_envelope_span_ns": 35532,
        "variant": 0
      },
      {
        "collective_only": {
          "local_ms": 0.0331839993596077,
          "rank_max_ms": 0.054207999259233475,
          "rank_ms": [
            0.0331839993596077,
            0.042847998440265656,
            0.042847998440265656,
            0.054207999259233475
          ]
        },
        "pair_attempt_id": 96,
        "pair_retry_ordinal": 0,
        "position": 1,
        "readiness_probe_exact": true,
        "ready_region": {
          "local_ms": 0.1635199934244156,
          "rank_max_ms": 0.1635199934244156,
          "rank_ms": [
            0.1635199934244156,
            0.12457600235939026,
            0.12441600114107132,
            0.0981760025024414
          ]
        },
        "sample_index": 94,
        "scheduled_start_arrival_ns_by_rank": [
          744676194807046,
          744676194848399,
          744676195109650,
          744676194686378
        ],
        "scheduled_start_target_ns_by_rank": [
          744676200109650,
          744676200109650,
          744676200109650,
          744676200109650
        ],
        "start_record_bracket_ns_by_rank": [
          [
            744676200111800,
            744676200146152
          ],
          [
            744676200110558,
            744676200138033
          ],
          [
            744676200110490,
            744676200137238
          ],
          [
            744676200110097,
            744676200123760
          ]
        ],
        "start_record_envelope_span_ns": 36055,
        "variant": 1
      },
      {
        "collective_only": {
          "local_ms": 0.048128001391887665,
          "rank_max_ms": 0.048128001391887665,
          "rank_ms": [
            0.048128001391887665,
            0.04009599983692169,
            0.03187200054526329,
            0.04652800038456917
          ]
        },
        "pair_attempt_id": 97,
        "pair_retry_ordinal": 0,
        "position": 0,
        "readiness_probe_exact": true,
        "ready_region": {
          "local_ms": 0.100832000374794,
          "rank_max_ms": 0.1486400067806244,
          "rank_ms": [
            0.100832000374794,
            0.12889599800109863,
            0.1486400067806244,
            0.12243200093507767
          ]
        },
        "sample_index": 95,
        "scheduled_start_arrival_ns_by_rank": [
          744676203953678,
          744676203942382,
          744676204079635,
          744676204018674
        ],
        "scheduled_start_target_ns_by_rank": [
          744676209079635,
          744676209079635,
          744676209079635,
          744676209079635
        ],
        "start_record_bracket_ns_by_rank": [
          [
            744676209080159,
            744676209098253
          ],
          [
            744676209080450,
            744676209107823
          ],
          [
            744676209081253,
            744676209116090
          ],
          [
            744676209080376,
            744676209102055
          ]
        ],
        "start_record_envelope_span_ns": 35931,
        "variant": 0
      },
      {
        "collective_only": {
          "local_ms": 0.02566399984061718,
          "rank_max_ms": 0.040991999208927155,
          "rank_ms": [
            0.02566399984061718,
            0.029343999922275543,
            0.030912000685930252,
            0.040991999208927155
          ]
        },
        "pair_attempt_id": 98,
        "pair_retry_ordinal": 0,
        "position": 1,
        "readiness_probe_exact": true,
        "ready_region": {
          "local_ms": 0.11046399921178818,
          "rank_max_ms": 0.11235199868679047,
          "rank_ms": [
            0.11046399921178818,
            0.11110399663448334,
            0.11235199868679047,
            0.08707199990749359
          ]
        },
        "sample_index": 96,
        "scheduled_start_arrival_ns_by_rank": [
          744676232451934,
          744676232421488,
          744676232264744,
          744676232421753
        ],
        "scheduled_start_target_ns_by_rank": [
          744676237451934,
          744676237451934,
          744676237451934,
          744676237451934
        ],
        "start_record_bracket_ns_by_rank": [
          [
            744676237452802,
            744676237479481
          ],
          [
            744676237452803,
            744676237478434
          ],
          [
            744676237452741,
            744676237477794
          ],
          [
            744676237452362,
            744676237465721
          ]
        ],
        "start_record_envelope_span_ns": 27119,
        "variant": 1
      },
      {
        "collective_only": {
          "local_ms": 0.03254399821162224,
          "rank_max_ms": 0.04588799923658371,
          "rank_ms": [
            0.03254399821162224,
            0.026623999699950218,
            0.03440000116825104,
            0.04588799923658371
          ]
        },
        "pair_attempt_id": 99,
        "pair_retry_ordinal": 0,
        "position": 0,
        "readiness_probe_exact": true,
        "ready_region": {
          "local_ms": 0.11126399785280228,
          "rank_max_ms": 0.11126399785280228,
          "rank_ms": [
            0.11126399785280228,
            0.10860799998044968,
            0.10911999642848969,
            0.08268799632787704
          ]
        },
        "sample_index": 97,
        "scheduled_start_arrival_ns_by_rank": [
          744676242718728,
          744676242365347,
          744676242267637,
          744676242279438
        ],
        "scheduled_start_target_ns_by_rank": [
          744676247718728,
          744676247718728,
          744676247718728,
          744676247718728
        ],
        "start_record_bracket_ns_by_rank": [
          [
            744676247719778,
            744676247747013
          ],
          [
            744676247719690,
            744676247750674
          ],
          [
            744676247719504,
            744676247749612
          ],
          [
            744676247719189,
            744676247732031
          ]
        ],
        "start_record_envelope_span_ns": 31485,
        "variant": 0
      },
      {
        "collective_only": {
          "local_ms": 0.02985600009560585,
          "rank_max_ms": 0.04028800129890442,
          "rank_ms": [
            0.02985600009560585,
            0.02831999957561493,
            0.03267199918627739,
            0.04028800129890442
          ]
        },
        "pair_attempt_id": 100,
        "pair_retry_ordinal": 0,
        "position": 1,
        "readiness_probe_exact": true,
        "ready_region": {
          "local_ms": 0.11027199774980545,
          "rank_max_ms": 0.11801599711179733,
          "rank_ms": [
            0.11027199774980545,
            0.11801599711179733,
            0.11072000116109848,
            0.10035199671983719
          ]
        },
        "sample_index": 98,
        "scheduled_start_arrival_ns_by_rank": [
          744676271240321,
          744676270720110,
          744676270994673,
          744676271053934
        ],
        "scheduled_start_target_ns_by_rank": [
          744676276240321,
          744676276240321,
          744676276240321,
          744676276240321
        ],
        "start_record_bracket_ns_by_rank": [
          [
            744676276241672,
            744676276270239
          ],
          [
            744676276241203,
            744676276270565
          ],
          [
            744676276241055,
            744676276267447
          ],
          [
            744676276241107,
            744676276259562
          ]
        ],
        "start_record_envelope_span_ns": 29510,
        "variant": 1
      },
      {
        "collective_only": {
          "local_ms": 0.028991999104619026,
          "rank_max_ms": 0.03830400109291077,
          "rank_ms": [
            0.028991999104619026,
            0.029152000322937965,
            0.03171199932694435,
            0.03830400109291077
          ]
        },
        "pair_attempt_id": 101,
        "pair_retry_ordinal": 0,
        "position": 0,
        "readiness_probe_exact": true,
        "ready_region": {
          "local_ms": 0.11222399771213531,
          "rank_max_ms": 0.11929599940776825,
          "rank_ms": [
            0.11222399771213531,
            0.11929599940776825,
            0.11552000045776367,
            0.10713600367307663
          ]
        },
        "sample_index": 99,
        "scheduled_start_arrival_ns_by_rank": [
          744676281520615,
          744676281482053,
          744676281222803,
          744676281588463
        ],
        "scheduled_start_target_ns_by_rank": [
          744676286588463,
          744676286588463,
          744676286588463,
          744676286588463
        ],
        "start_record_bracket_ns_by_rank": [
          [
            744676286589228,
            744676286617058
          ],
          [
            744676286589162,
            744676286617628
          ],
          [
            744676286589221,
            744676286616750
          ],
          [
            744676286589093,
            744676286610103
          ]
        ],
        "start_record_envelope_span_ns": 28535,
        "variant": 0
      }
    ],
    "measured_order": [
      [
        "reference",
        "candidate"
      ],
      [
        "candidate",
        "reference"
      ],
      [
        "reference",
        "candidate"
      ],
      [
        "candidate",
        "reference"
      ],
      [
        "reference",
        "candidate"
      ],
      [
        "candidate",
        "reference"
      ],
      [
        "reference",
        "candidate"
      ],
      [
        "candidate",
        "reference"
      ],
      [
        "reference",
        "candidate"
      ],
      [
        "candidate",
        "reference"
      ],
      [
        "reference",
        "candidate"
      ],
      [
        "candidate",
        "reference"
      ],
      [
        "reference",
        "candidate"
      ],
      [
        "candidate",
        "reference"
      ],
      [
        "reference",
        "candidate"
      ],
      [
        "candidate",
        "reference"
      ],
      [
        "reference",
        "candidate"
      ],
      [
        "candidate",
        "reference"
      ],
      [
        "reference",
        "candidate"
      ],
      [
        "candidate",
        "reference"
      ],
      [
        "reference",
        "candidate"
      ],
      [
        "candidate",
        "reference"
      ],
      [
        "reference",
        "candidate"
      ],
      [
        "candidate",
        "reference"
      ],
      [
        "reference",
        "candidate"
      ],
      [
        "candidate",
        "reference"
      ],
      [
        "reference",
        "candidate"
      ],
      [
        "candidate",
        "reference"
      ],
      [
        "reference",
        "candidate"
      ],
      [
        "candidate",
        "reference"
      ],
      [
        "reference",
        "candidate"
      ],
      [
        "candidate",
        "reference"
      ],
      [
        "reference",
        "candidate"
      ],
      [
        "candidate",
        "reference"
      ],
      [
        "reference",
        "candidate"
      ],
      [
        "candidate",
        "reference"
      ],
      [
        "reference",
        "candidate"
      ],
      [
        "candidate",
        "reference"
      ],
      [
        "reference",
        "candidate"
      ],
      [
        "candidate",
        "reference"
      ],
      [
        "reference",
        "candidate"
      ],
      [
        "candidate",
        "reference"
      ],
      [
        "reference",
        "candidate"
      ],
      [
        "candidate",
        "reference"
      ],
      [
        "reference",
        "candidate"
      ],
      [
        "candidate",
        "reference"
      ],
      [
        "reference",
        "candidate"
      ],
      [
        "candidate",
        "reference"
      ],
      [
        "reference",
        "candidate"
      ],
      [
        "candidate",
        "reference"
      ],
      [
        "reference",
        "candidate"
      ],
      [
        "candidate",
        "reference"
      ],
      [
        "reference",
        "candidate"
      ],
      [
        "candidate",
        "reference"
      ],
      [
        "reference",
        "candidate"
      ],
      [
        "candidate",
        "reference"
      ],
      [
        "reference",
        "candidate"
      ],
      [
        "candidate",
        "reference"
      ],
      [
        "reference",
        "candidate"
      ],
      [
        "candidate",
        "reference"
      ],
      [
        "reference",
        "candidate"
      ],
      [
        "candidate",
        "reference"
      ],
      [
        "reference",
        "candidate"
      ],
      [
        "candidate",
        "reference"
      ],
      [
        "reference",
        "candidate"
      ],
      [
        "candidate",
        "reference"
      ],
      [
        "reference",
        "candidate"
      ],
      [
        "candidate",
        "reference"
      ],
      [
        "reference",
        "candidate"
      ],
      [
        "candidate",
        "reference"
      ],
      [
        "reference",
        "candidate"
      ],
      [
        "candidate",
        "reference"
      ],
      [
        "reference",
        "candidate"
      ],
      [
        "candidate",
        "reference"
      ],
      [
        "reference",
        "candidate"
      ],
      [
        "candidate",
        "reference"
      ],
      [
        "reference",
        "candidate"
      ],
      [
        "candidate",
        "reference"
      ],
      [
        "reference",
        "candidate"
      ],
      [
        "candidate",
        "reference"
      ],
      [
        "reference",
        "candidate"
      ],
      [
        "candidate",
        "reference"
      ],
      [
        "reference",
        "candidate"
      ],
      [
        "candidate",
        "reference"
      ],
      [
        "reference",
        "candidate"
      ],
      [
        "candidate",
        "reference"
      ],
      [
        "reference",
        "candidate"
      ],
      [
        "candidate",
        "reference"
      ],
      [
        "reference",
        "candidate"
      ],
      [
        "candidate",
        "reference"
      ],
      [
        "reference",
        "candidate"
      ],
      [
        "candidate",
        "reference"
      ],
      [
        "reference",
        "candidate"
      ],
      [
        "candidate",
        "reference"
      ],
      [
        "reference",
        "candidate"
      ],
      [
        "candidate",
        "reference"
      ],
      [
        "reference",
        "candidate"
      ],
      [
        "candidate",
        "reference"
      ],
      [
        "reference",
        "candidate"
      ],
      [
        "candidate",
        "reference"
      ]
    ],
    "measurement_attempts": [
      {
        "accepted": true,
        "attempt_id": 0,
        "logical_pair_index": 0,
        "order": [
          "reference",
          "candidate"
        ],
        "rejection_reasons": [],
        "retry_ordinal": 0,
        "samples": {
          "candidate": {
            "collective_only": {
              "local_ms": 0.0318400003015995,
              "rank_max_ms": 0.03920000046491623,
              "rank_ms": [
                0.0318400003015995,
                0.03254399821162224,
                0.030368000268936157,
                0.03920000046491623
              ]
            },
            "pair_attempt_id": 0,
            "pair_retry_ordinal": 0,
            "position": 1,
            "readiness_probe_exact": true,
            "ready_region": {
              "local_ms": 0.12297599762678146,
              "rank_max_ms": 0.12758399546146393,
              "rank_ms": [
                0.12297599762678146,
                0.12041600048542023,
                0.12758399546146393,
                0.10700800269842148
              ]
            },
            "sample_index": 0,
            "scheduled_start_arrival_ns_by_rank": [
              744674336246145,
              744674335990335,
              744674336232093,
              744674336082372
            ],
            "scheduled_start_target_ns_by_rank": [
              744674341246145,
              744674341246145,
              744674341246145,
              744674341246145
            ],
            "start_record_bracket_ns_by_rank": [
              [
                744674341247207,
                744674341278177
              ],
              [
                744674341247125,
                744674341276265
              ],
              [
                744674341247356,
                744674341278762
              ],
              [
                744674341246661,
                744674341269807
              ]
            ],
            "start_record_envelope_span_ns": 32101,
            "variant": 1
          },
          "reference": {
            "collective_only": {
              "local_ms": 0.03167999908328056,
              "rank_max_ms": 0.03683200106024742,
              "rank_ms": [
                0.03167999908328056,
                0.03683200106024742,
                0.03558399900794029,
                0.03551999852061272
              ]
            },
            "pair_attempt_id": 0,
            "pair_retry_ordinal": 0,
            "position": 0,
            "readiness_probe_exact": true,
            "ready_region": {
              "local_ms": 0.1401599943637848,
              "rank_max_ms": 0.14025600254535675,
              "rank_ms": [
                0.1401599943637848,
                0.1327359974384308,
                0.13990400731563568,
                0.14025600254535675
              ]
            },
            "sample_index": 0,
            "scheduled_start_arrival_ns_by_rank": [
              744674326298836,
              744674325655494,
              744674326161686,
              744674325652736
            ],
            "scheduled_start_target_ns_by_rank": [
              744674331298836,
              744674331298836,
              744674331298836,
              744674331298836
            ],
            "start_record_bracket_ns_by_rank": [
              [
                744674331299877,
                744674331335988
              ],
              [
                744674331299729,
                744674331332579
              ],
              [
                744674331300036,
                744674331334179
              ],
              [
                744674331299810,
                744674331331726
              ]
            ],
            "start_record_envelope_span_ns": 36259,
            "variant": 1
          }
        },
        "variant": 1
      },
      {
        "accepted": true,
        "attempt_id": 1,
        "logical_pair_index": 1,
        "order": [
          "candidate",
          "reference"
        ],
        "rejection_reasons": [],
        "retry_ordinal": 0,
        "samples": {
          "candidate": {
            "collective_only": {
              "local_ms": 0.033984001725912094,
              "rank_max_ms": 0.05407999828457832,
              "rank_ms": [
                0.033984001725912094,
                0.03308799862861633,
                0.03580800071358681,
                0.05407999828457832
              ]
            },
            "pair_attempt_id": 1,
            "pair_retry_ordinal": 0,
            "position": 0,
            "readiness_probe_exact": true,
            "ready_region": {
              "local_ms": 0.13884800672531128,
              "rank_max_ms": 0.14105600118637085,
              "rank_ms": [
                0.13884800672531128,
                0.13894400000572205,
                0.14105600118637085,
                0.0987199991941452
              ]
            },
            "sample_index": 1,
            "scheduled_start_arrival_ns_by_rank": [
              744674345778336,
              744674345600439,
              744674345778546,
              744674345446633
            ],
            "scheduled_start_target_ns_by_rank": [
              744674350778546,
              744674350778546,
              744674350778546,
              744674350778546
            ],
            "start_record_bracket_ns_by_rank": [
              [
                744674350779459,
                744674350815327
              ],
              [
                744674350779759,
                744674350815793
              ],
              [
                744674350779697,
                744674350814653
              ],
              [
                744674350778973,
                744674350794322
              ]
            ],
            "start_record_envelope_span_ns": 36820,
            "variant": 0
          },
          "reference": {
            "collective_only": {
              "local_ms": 0.034272000193595886,
              "rank_max_ms": 0.054816000163555145,
              "rank_ms": [
                0.034272000193595886,
                0.03721600025892258,
                0.03481600061058998,
                0.054816000163555145
              ]
            },
            "pair_attempt_id": 1,
            "pair_retry_ordinal": 0,
            "position": 1,
            "readiness_probe_exact": true,
            "ready_region": {
              "local_ms": 0.14611199498176575,
              "rank_max_ms": 0.14611199498176575,
              "rank_ms": [
                0.14611199498176575,
                0.1390399932861328,
                0.14591999351978302,
                0.1024319976568222
              ]
            },
            "sample_index": 1,
            "scheduled_start_arrival_ns_by_rank": [
              744674356286903,
              744674355796056,
              744674356258197,
              744674355605303
            ],
            "scheduled_start_target_ns_by_rank": [
              744674361286903,
              744674361286903,
              744674361286903,
              744674361286903
            ],
            "start_record_bracket_ns_by_rank": [
              [
                744674361288049,
                744674361325254
              ],
              [
                744674361287708,
                744674361321455
              ],
              [
                744674361288321,
                744674361325571
              ],
              [
                744674361287255,
                744674361302619
              ]
            ],
            "start_record_envelope_span_ns": 38316,
            "variant": 0
          }
        },
        "variant": 0
      },
      {
        "accepted": true,
        "attempt_id": 2,
        "logical_pair_index": 2,
        "order": [
          "reference",
          "candidate"
        ],
        "rejection_reasons": [],
        "retry_ordinal": 0,
        "samples": {
          "candidate": {
            "collective_only": {
              "local_ms": 0.04927999898791313,
              "rank_max_ms": 0.07497599720954895,
              "rank_ms": [
                0.04927999898791313,
                0.051263999193906784,
                0.06403200328350067,
                0.07497599720954895
              ]
            },
            "pair_attempt_id": 2,
            "pair_retry_ordinal": 0,
            "position": 1,
            "readiness_probe_exact": true,
            "ready_region": {
              "local_ms": 0.1820479929447174,
              "rank_max_ms": 0.18371200561523438,
              "rank_ms": [
                0.1820479929447174,
                0.18371200561523438,
                0.1515520066022873,
                0.1356479972600937
              ]
            },
            "sample_index": 2,
            "scheduled_start_arrival_ns_by_rank": [
              744674375112555,
              744674375123638,
              744674375121335,
              744674374967603
            ],
            "scheduled_start_target_ns_by_rank": [
              744674380123638,
              744674380123638,
              744674380123638,
              744674380123638
            ],
            "start_record_bracket_ns_by_rank": [
              [
                744674380125042,
                744674380168317
              ],
              [
                744674380124968,
                744674380166750
              ],
              [
                744674380124190,
                744674380155730
              ],
              [
                744674380124081,
                744674380143766
              ]
            ],
            "start_record_envelope_span_ns": 44236,
            "variant": 1
          },
          "reference": {
            "collective_only": {
              "local_ms": 0.038176000118255615,
              "rank_max_ms": 0.044576000422239304,
              "rank_ms": [
                0.038176000118255615,
                0.038656000047922134,
                0.03209599852561951,
                0.044576000422239304
              ]
            },
            "pair_attempt_id": 2,
            "pair_retry_ordinal": 0,
            "position": 0,
            "readiness_probe_exact": true,
            "ready_region": {
              "local_ms": 0.13286399841308594,
              "rank_max_ms": 0.1499200016260147,
              "rank_ms": [
                0.13286399841308594,
                0.13468800485134125,
                0.1499200016260147,
                0.1297599971294403
              ]
            },
            "sample_index": 2,
            "scheduled_start_arrival_ns_by_rank": [
              744674365545349,
              744674365449979,
              744674365213076,
              744674365222655
            ],
            "scheduled_start_target_ns_by_rank": [
              744674370545349,
              744674370545349,
              744674370545349,
              744674370545349
            ],
            "start_record_bracket_ns_by_rank": [
              [
                744674370546462,
                744674370581148
              ],
              [
                744674370546477,
                744674370579294
              ],
              [
                744674370546961,
                744674370584342
              ],
              [
                744674370546059,
                744674370573529
              ]
            ],
            "start_record_envelope_span_ns": 38283,
            "variant": 1
          }
        },
        "variant": 1
      },
      {
        "accepted": true,
        "attempt_id": 3,
        "logical_pair_index": 3,
        "order": [
          "candidate",
          "reference"
        ],
        "rejection_reasons": [],
        "retry_ordinal": 0,
        "samples": {
          "candidate": {
            "collective_only": {
              "local_ms": 0.052191998809576035,
              "rank_max_ms": 0.06572800129652023,
              "rank_ms": [
                0.052191998809576035,
                0.05676800012588501,
                0.05164799839258194,
                0.06572800129652023
              ]
            },
            "pair_attempt_id": 3,
            "pair_retry_ordinal": 0,
            "position": 0,
            "readiness_probe_exact": true,
            "ready_region": {
              "local_ms": 0.20076799392700195,
              "rank_max_ms": 0.21715199947357178,
              "rank_ms": [
                0.20076799392700195,
                0.20345599949359894,
                0.21715199947357178,
                0.19708800315856934
              ]
            },
            "sample_index": 3,
            "scheduled_start_arrival_ns_by_rank": [
              744674385617338,
              744674385521928,
              744674385648645,
              744674385555876
            ],
            "scheduled_start_target_ns_by_rank": [
              744674390648645,
              744674390648645,
              744674390648645,
              744674390648645
            ],
            "start_record_bracket_ns_by_rank": [
              [
                744674390649872,
                744674390705976
              ],
              [
                744674390649929,
                744674390703773
              ],
              [
                744674390650063,
                744674390709774
              ],
              [
                744674390649703,
                744674390691477
              ]
            ],
            "start_record_envelope_span_ns": 60071,
            "variant": 0
          },
          "reference": {
            "collective_only": {
              "local_ms": 0.031328000128269196,
              "rank_max_ms": 0.04428799822926521,
              "rank_ms": [
                0.031328000128269196,
                0.03734400123357773,
                0.03728000074625015,
                0.04428799822926521
              ]
            },
            "pair_attempt_id": 3,
            "pair_retry_ordinal": 0,
            "position": 1,
            "readiness_probe_exact": true,
            "ready_region": {
              "local_ms": 0.1462399959564209,
              "rank_max_ms": 0.1462399959564209,
              "rank_ms": [
                0.1462399959564209,
                0.13926400244235992,
                0.14336000382900238,
                0.13836799561977386
              ]
            },
            "sample_index": 3,
            "scheduled_start_arrival_ns_by_rank": [
              744674396262673,
              744674395991433,
              744674396394159,
              744674395969294
            ],
            "scheduled_start_target_ns_by_rank": [
              744674401394159,
              744674401394159,
              744674401394159,
              744674401394159
            ],
            "start_record_bracket_ns_by_rank": [
              [
                744674401395445,
                744674401433848
              ],
              [
                744674401395215,
                744674401430009
              ],
              [
                744674401395040,
                744674401431125
              ],
              [
                744674401395148,
                744674401422716
              ]
            ],
            "start_record_envelope_span_ns": 38808,
            "variant": 0
          }
        },
        "variant": 0
      },
      {
        "accepted": true,
        "attempt_id": 4,
        "logical_pair_index": 4,
        "order": [
          "reference",
          "candidate"
        ],
        "rejection_reasons": [],
        "retry_ordinal": 0,
        "samples": {
          "candidate": {
            "collective_only": {
              "local_ms": 0.03484800085425377,
              "rank_max_ms": 0.04729599878191948,
              "rank_ms": [
                0.03484800085425377,
                0.03843199834227562,
                0.03964800015091896,
                0.04729599878191948
              ]
            },
            "pair_attempt_id": 4,
            "pair_retry_ordinal": 0,
            "position": 1,
            "readiness_probe_exact": true,
            "ready_region": {
              "local_ms": 0.16950400173664093,
              "rank_max_ms": 0.16950400173664093,
              "rank_ms": [
                0.16950400173664093,
                0.1661120057106018,
                0.16681599617004395,
                0.15411199629306793
              ]
            },
            "sample_index": 4,
            "scheduled_start_arrival_ns_by_rank": [
              744674417389157,
              744674417145611,
              744674417661140,
              744674417348115
            ],
            "scheduled_start_target_ns_by_rank": [
              744674422661140,
              744674422661140,
              744674422661140,
              744674422661140
            ],
            "start_record_bracket_ns_by_rank": [
              [
                744674422662407,
                744674422705265
              ],
              [
                744674422662381,
                744674422703627
              ],
              [
                744674422662262,
                744674422703609
              ],
              [
                744674422662055,
                744674422694185
              ]
            ],
            "start_record_envelope_span_ns": 43210,
            "variant": 1
          },
          "reference": {
            "collective_only": {
              "local_ms": 0.03791999816894531,
              "rank_max_ms": 0.04646399989724159,
              "rank_ms": [
                0.03791999816894531,
                0.039135999977588654,
                0.03577600046992302,
                0.04646399989724159
              ]
            },
            "pair_attempt_id": 4,
            "pair_retry_ordinal": 0,
            "position": 0,
            "readiness_probe_exact": true,
            "ready_region": {
              "local_ms": 0.16131199896335602,
              "rank_max_ms": 0.16131199896335602,
              "rank_ms": [
                0.16131199896335602,
                0.15478399395942688,
                0.1592639982700348,
                0.16073599457740784
              ]
            },
            "sample_index": 4,
            "scheduled_start_arrival_ns_by_rank": [
              744674407247692,
              744674407137153,
              744674407489040,
              744674407287179
            ],
            "scheduled_start_target_ns_by_rank": [
              744674412489040,
              744674412489040,
              744674412489040,
              744674412489040
            ],
            "start_record_bracket_ns_by_rank": [
              [
                744674412490094,
                744674412531470
              ],
              [
                744674412489962,
                744674412529073
              ],
              [
                744674412490456,
                744674412532907
              ],
              [
                744674412489990,
                744674412523871
              ]
            ],
            "start_record_envelope_span_ns": 42945,
            "variant": 1
          }
        },
        "variant": 1
      },
      {
        "accepted": true,
        "attempt_id": 5,
        "logical_pair_index": 5,
        "order": [
          "candidate",
          "reference"
        ],
        "rejection_reasons": [],
        "retry_ordinal": 0,
        "samples": {
          "candidate": {
            "collective_only": {
              "local_ms": 0.03699199855327606,
              "rank_max_ms": 0.06035200133919716,
              "rank_ms": [
                0.03699199855327606,
                0.06035200133919716,
                0.04198399931192398,
                0.060127999633550644
              ]
            },
            "pair_attempt_id": 5,
            "pair_retry_ordinal": 0,
            "position": 0,
            "readiness_probe_exact": true,
            "ready_region": {
              "local_ms": 0.1757120043039322,
              "rank_max_ms": 0.1757120043039322,
              "rank_ms": [
                0.1757120043039322,
                0.1329919993877411,
                0.16543999314308167,
                0.12985600531101227
              ]
            },
            "sample_index": 5,
            "scheduled_start_arrival_ns_by_rank": [
              744674428308323,
              744674427655505,
              744674428171697,
              744674428106237
            ],
            "scheduled_start_target_ns_by_rank": [
              744674433308323,
              744674433308323,
              744674433308323,
              744674433308323
            ],
            "start_record_bracket_ns_by_rank": [
              [
                744674433309538,
                744674433355964
              ],
              [
                744674433308847,
                744674433334328
              ],
              [
                744674433309256,
                744674433353071
              ],
              [
                744674433308927,
                744674433334298
              ]
            ],
            "start_record_envelope_span_ns": 47117,
            "variant": 0
          },
          "reference": {
            "collective_only": {
              "local_ms": 0.043935999274253845,
              "rank_max_ms": 0.06601600348949432,
              "rank_ms": [
                0.043935999274253845,
                0.06601600348949432,
                0.04419200122356415,
                0.06380800157785416
              ]
            },
            "pair_attempt_id": 5,
            "pair_retry_ordinal": 0,
            "position": 1,
            "readiness_probe_exact": true,
            "ready_region": {
              "local_ms": 0.1855359971523285,
              "rank_max_ms": 0.19103999435901642,
              "rank_ms": [
                0.1855359971523285,
                0.12748800218105316,
                0.19103999435901642,
                0.14767999947071075
              ]
            },
            "sample_index": 5,
            "scheduled_start_arrival_ns_by_rank": [
              744674439233420,
              744674438156437,
              744674438172081,
              744674438500859
            ],
            "scheduled_start_target_ns_by_rank": [
              744674444233420,
              744674444233420,
              744674444233420,
              744674444233420
            ],
            "start_record_bracket_ns_by_rank": [
              [
                744674444235011,
                744674444285260
              ],
              [
                744674444233861,
                744674444260489
              ],
              [
                744674444234952,
                744674444285034
              ],
              [
                744674444234057,
                744674444263035
              ]
            ],
            "start_record_envelope_span_ns": 51399,
            "variant": 0
          }
        },
        "variant": 0
      },
      {
        "accepted": true,
        "attempt_id": 6,
        "logical_pair_index": 6,
        "order": [
          "reference",
          "candidate"
        ],
        "rejection_reasons": [],
        "retry_ordinal": 0,
        "samples": {
          "candidate": {
            "collective_only": {
              "local_ms": 0.035232000052928925,
              "rank_max_ms": 0.056352000683546066,
              "rank_ms": [
                0.035232000052928925,
                0.036639999598264694,
                0.03702399879693985,
                0.056352000683546066
              ]
            },
            "pair_attempt_id": 6,
            "pair_retry_ordinal": 0,
            "position": 1,
            "readiness_probe_exact": true,
            "ready_region": {
              "local_ms": 0.15043200552463531,
              "rank_max_ms": 0.1586879938840866,
              "rank_ms": [
                0.15043200552463531,
                0.15647999942302704,
                0.1586879938840866,
                0.11980800330638885
              ]
            },
            "sample_index": 6,
            "scheduled_start_arrival_ns_by_rank": [
              744674458552572,
              744674458430284,
              744674458290935,
              744674458336168
            ],
            "scheduled_start_target_ns_by_rank": [
              744674463552572,
              744674463552572,
              744674463552572,
              744674463552572
            ],
            "start_record_bracket_ns_by_rank": [
              [
                744674463553941,
                744674463594606
              ],
              [
                744674463553528,
                744674463593647
              ],
              [
                744674463553583,
                744674463593531
              ],
              [
                744674463553035,
                744674463573142
              ]
            ],
            "start_record_envelope_span_ns": 41571,
            "variant": 1
          },
          "reference": {
            "collective_only": {
              "local_ms": 0.0363520011305809,
              "rank_max_ms": 0.05673599988222122,
              "rank_ms": [
                0.0363520011305809,
                0.04022400081157684,
                0.037248000502586365,
                0.05673599988222122
              ]
            },
            "pair_attempt_id": 6,
            "pair_retry_ordinal": 0,
            "position": 0,
            "readiness_probe_exact": true,
            "ready_region": {
              "local_ms": 0.15535999834537506,
              "rank_max_ms": 0.1626880019903183,
              "rank_ms": [
                0.15535999834537506,
                0.14127999544143677,
                0.1626880019903183,
                0.12265600264072418
              ]
            },
            "sample_index": 6,
            "scheduled_start_arrival_ns_by_rank": [
              744674448363004,
              744674447763299,
              744674448345454,
              744674448306587
            ],
            "scheduled_start_target_ns_by_rank": [
              744674453363004,
              744674453363004,
              744674453363004,
              744674453363004
            ],
            "start_record_bracket_ns_by_rank": [
              [
                744674453364193,
                744674453404731
              ],
              [
                744674453363619,
                744674453402348
              ],
              [
                744674453364024,
                744674453405308
              ],
              [
                744674453363458,
                744674453382477
              ]
            ],
            "start_record_envelope_span_ns": 41850,
            "variant": 1
          }
        },
        "variant": 1
      },
      {
        "accepted": false,
        "attempt_id": 7,
        "logical_pair_index": 7,
        "order": [
          "candidate",
          "reference"
        ],
        "rejection_reasons": [
          {
            "limit_ns": 500000,
            "side": "candidate",
            "start_record_envelope_span_ns": 1251540
          }
        ],
        "retry_ordinal": 0,
        "samples": {
          "candidate": {
            "collective_only": {
              "local_ms": 1.2727999687194824,
              "rank_max_ms": 1.2863359451293945,
              "rank_ms": [
                1.2727999687194824,
                1.273792028427124,
                0.06140799820423126,
                1.2863359451293945
              ]
            },
            "pair_attempt_id": 7,
            "pair_retry_ordinal": 0,
            "position": 0,
            "readiness_probe_exact": true,
            "ready_region": {
              "local_ms": 1.28220796585083,
              "rank_max_ms": 1.2965120077133179,
              "rank_ms": [
                1.28220796585083,
                1.2832640409469604,
                0.18624000251293182,
                1.2965120077133179
              ]
            },
            "sample_index": 7,
            "scheduled_start_arrival_ns_by_rank": [
              744674469740370,
              744674469274381,
              744674469058208,
              744674469077876
            ],
            "scheduled_start_target_ns_by_rank": [
              744674474740370,
              744674474740370,
              744674474740370,
              744674474740370
            ],
            "start_record_bracket_ns_by_rank": [
              [
                744674474741404,
                744674474784280
              ],
              [
                744674474741421,
                744674474782981
              ],
              [
                744674475952483,
                744674475992830
              ],
              [
                744674474741290,
                744674474769220
              ]
            ],
            "start_record_envelope_span_ns": 1251540,
            "variant": 0
          },
          "reference": {
            "collective_only": {
              "local_ms": 0.03811199963092804,
              "rank_max_ms": 0.053408000618219376,
              "rank_ms": [
                0.03811199963092804,
                0.04483199864625931,
                0.04335999861359596,
                0.053408000618219376
              ]
            },
            "pair_attempt_id": 7,
            "pair_retry_ordinal": 0,
            "position": 1,
            "readiness_probe_exact": true,
            "ready_region": {
              "local_ms": 0.17523199319839478,
              "rank_max_ms": 0.17523199319839478,
              "rank_ms": [
                0.17523199319839478,
                0.16518400609493256,
                0.1700800061225891,
                0.16947199404239655
              ]
            },
            "sample_index": 7,
            "scheduled_start_arrival_ns_by_rank": [
              744674481228760,
              744674481098037,
              744674481301058,
              744674481366997
            ],
            "scheduled_start_target_ns_by_rank": [
              744674486366997,
              744674486366997,
              744674486366997,
              744674486366997
            ],
            "start_record_bracket_ns_by_rank": [
              [
                744674486368311,
                744674486415157
              ],
              [
                744674486368043,
                744674486410167
              ],
              [
                744674486368066,
                744674486412875
              ],
              [
                744674486367973,
                744674486403013
              ]
            ],
            "start_record_envelope_span_ns": 47184,
            "variant": 0
          }
        },
        "variant": 0
      },
      {
        "accepted": true,
        "attempt_id": 8,
        "logical_pair_index": 7,
        "order": [
          "candidate",
          "reference"
        ],
        "rejection_reasons": [],
        "retry_ordinal": 1,
        "samples": {
          "candidate": {
            "collective_only": {
              "local_ms": 0.036288000643253326,
              "rank_max_ms": 0.04483199864625931,
              "rank_ms": [
                0.036288000643253326,
                0.03577600046992302,
                0.03580800071358681,
                0.04483199864625931
              ]
            },
            "pair_attempt_id": 8,
            "pair_retry_ordinal": 1,
            "position": 0,
            "readiness_probe_exact": true,
            "ready_region": {
              "local_ms": 0.15056000649929047,
              "rank_max_ms": 0.1650879979133606,
              "rank_ms": [
                0.15056000649929047,
                0.1650879979133606,
                0.1491200029850006,
                0.15756799280643463
              ]
            },
            "sample_index": 7,
            "scheduled_start_arrival_ns_by_rank": [
              744674493592565,
              744674492849366,
              744674493430189,
              744674492907595
            ],
            "scheduled_start_target_ns_by_rank": [
              744674498592565,
              744674498592565,
              744674498592565,
              744674498592565
            ],
            "start_record_bracket_ns_by_rank": [
              [
                744674498593572,
                744674498633596
              ],
              [
                744674498593557,
                744674498635083
              ],
              [
                744674498593752,
                744674498633227
              ],
              [
                744674498593622,
                744674498625862
              ]
            ],
            "start_record_envelope_span_ns": 41526,
            "variant": 1
          },
          "reference": {
            "collective_only": {
              "local_ms": 0.03625600039958954,
              "rank_max_ms": 0.04588799923658371,
              "rank_ms": [
                0.03625600039958954,
                0.03731200098991394,
                0.04012800008058548,
                0.04588799923658371
              ]
            },
            "pair_attempt_id": 8,
            "pair_retry_ordinal": 1,
            "position": 1,
            "readiness_probe_exact": true,
            "ready_region": {
              "local_ms": 0.1581760048866272,
              "rank_max_ms": 0.16150400042533875,
              "rank_ms": [
                0.1581760048866272,
                0.16150400042533875,
                0.15692800283432007,
                0.15647999942302704
              ]
            },
            "sample_index": 7,
            "scheduled_start_arrival_ns_by_rank": [
              744674504649450,
              744674504556723,
              744674504722494,
              744674504695646
            ],
            "scheduled_start_target_ns_by_rank": [
              744674509722494,
              744674509722494,
              744674509722494,
              744674509722494
            ],
            "start_record_bracket_ns_by_rank": [
              [
                744674509723831,
                744674509766045
              ],
              [
                744674509723531,
                744674509765915
              ],
              [
                744674509723675,
                744674509764491
              ],
              [
                744674509723493,
                744674509755902
              ]
            ],
            "start_record_envelope_span_ns": 42552,
            "variant": 1
          }
        },
        "variant": 1
      },
      {
        "accepted": true,
        "attempt_id": 9,
        "logical_pair_index": 8,
        "order": [
          "reference",
          "candidate"
        ],
        "rejection_reasons": [],
        "retry_ordinal": 0,
        "samples": {
          "candidate": {
            "collective_only": {
              "local_ms": 0.041152000427246094,
              "rank_max_ms": 0.05027199909090996,
              "rank_ms": [
                0.041152000427246094,
                0.04259200021624565,
                0.03903999924659729,
                0.05027199909090996
              ]
            },
            "pair_attempt_id": 9,
            "pair_retry_ordinal": 0,
            "position": 1,
            "readiness_probe_exact": true,
            "ready_region": {
              "local_ms": 0.14972800016403198,
              "rank_max_ms": 0.1563200056552887,
              "rank_ms": [
                0.14972800016403198,
                0.15507200360298157,
                0.1563200056552887,
                0.14547200500965118
              ]
            },
            "sample_index": 8,
            "scheduled_start_arrival_ns_by_rank": [
              744674525277029,
              744674525226294,
              744674525206329,
              744674525366274
            ],
            "scheduled_start_target_ns_by_rank": [
              744674530366274,
              744674530366274,
              744674530366274,
              744674530366274
            ],
            "start_record_bracket_ns_by_rank": [
              [
                744674530367315,
                744674530406699
              ],
              [
                744674530367251,
                744674530406568
              ],
              [
                744674530367355,
                744674530407968
              ],
              [
                744674530367166,
                744674530398384
              ]
            ],
            "start_record_envelope_span_ns": 40802,
            "variant": 0
          },
          "reference": {
            "collective_only": {
              "local_ms": 0.03452799841761589,
              "rank_max_ms": 0.044704001396894455,
              "rank_ms": [
                0.03452799841761589,
                0.03702399879693985,
                0.03753599897027016,
                0.044704001396894455
              ]
            },
            "pair_attempt_id": 9,
            "pair_retry_ordinal": 0,
            "position": 0,
            "readiness_probe_exact": true,
            "ready_region": {
              "local_ms": 0.15004800260066986,
              "rank_max_ms": 0.1534080058336258,
              "rank_ms": [
                0.15004800260066986,
                0.1509760022163391,
                0.14764800667762756,
                0.1534080058336258
              ]
            },
            "sample_index": 8,
            "scheduled_start_arrival_ns_by_rank": [
              744674515466010,
              744674515399169,
              744674515698342,
              744674515422403
            ],
            "scheduled_start_target_ns_by_rank": [
              744674520698342,
              744674520698342,
              744674520698342,
              744674520698342
            ],
            "start_record_bracket_ns_by_rank": [
              [
                744674520699389,
                744674520739690
              ],
              [
                744674520699375,
                744674520738273
              ],
              [
                744674520699463,
                744674520738421
              ],
              [
                744674520699167,
                744674520730377
              ]
            ],
            "start_record_envelope_span_ns": 40523,
            "variant": 0
          }
        },
        "variant": 0
      },
      {
        "accepted": true,
        "attempt_id": 10,
        "logical_pair_index": 9,
        "order": [
          "candidate",
          "reference"
        ],
        "rejection_reasons": [],
        "retry_ordinal": 0,
        "samples": {
          "candidate": {
            "collective_only": {
              "local_ms": 0.0344959981739521,
              "rank_max_ms": 0.048928000032901764,
              "rank_ms": [
                0.0344959981739521,
                0.04371200129389763,
                0.03759999945759773,
                0.048928000032901764
              ]
            },
            "pair_attempt_id": 10,
            "pair_retry_ordinal": 0,
            "position": 0,
            "readiness_probe_exact": true,
            "ready_region": {
              "local_ms": 0.16288000345230103,
              "rank_max_ms": 0.16288000345230103,
              "rank_ms": [
                0.16288000345230103,
                0.15644800662994385,
                0.1592320054769516,
                0.15852800011634827
              ]
            },
            "sample_index": 9,
            "scheduled_start_arrival_ns_by_rank": [
              744674536332837,
              744674536342909,
              744674536372483,
              744674536325990
            ],
            "scheduled_start_target_ns_by_rank": [
              744674541372483,
              744674541372483,
              744674541372483,
              744674541372483
            ],
            "start_record_bracket_ns_by_rank": [
              [
                744674541373648,
                744674541421140
              ],
              [
                744674541373557,
                744674541414174
              ],
              [
                744674541373791,
                744674541417218
              ],
              [
                744674541373322,
                744674541407277
              ]
            ],
            "start_record_envelope_span_ns": 47818,
            "variant": 1
          },
          "reference": {
            "collective_only": {
              "local_ms": 0.032896000891923904,
              "rank_max_ms": 0.03455999866127968,
              "rank_ms": [
                0.032896000891923904,
                0.03347200155258179,
                0.03254399821162224,
                0.03455999866127968
              ]
            },
            "pair_attempt_id": 10,
            "pair_retry_ordinal": 0,
            "position": 1,
            "readiness_probe_exact": true,
            "ready_region": {
              "local_ms": 0.13990400731563568,
              "rank_max_ms": 0.15955199301242828,
              "rank_ms": [
                0.13990400731563568,
                0.14828799664974213,
                0.14054399728775024,
                0.15955199301242828
              ]
            },
            "sample_index": 9,
            "scheduled_start_arrival_ns_by_rank": [
              744674545484918,
              744674545461692,
              744674545544621,
              744674545625652
            ],
            "scheduled_start_target_ns_by_rank": [
              744674550625652,
              744674550625652,
              744674550625652,
              744674550625652
            ],
            "start_record_bracket_ns_by_rank": [
              [
                744674550626716,
                744674550661583
              ],
              [
                744674550626963,
                744674550661294
              ],
              [
                744674550626672,
                744674550662398
              ],
              [
                744674550626375,
                744674550659487
              ]
            ],
            "start_record_envelope_span_ns": 36023,
            "variant": 1
          }
        },
        "variant": 1
      },
      {
        "accepted": true,
        "attempt_id": 11,
        "logical_pair_index": 10,
        "order": [
          "reference",
          "candidate"
        ],
        "rejection_reasons": [],
        "retry_ordinal": 0,
        "samples": {
          "candidate": {
            "collective_only": {
              "local_ms": 0.03014400042593479,
              "rank_max_ms": 0.04630399867892265,
              "rank_ms": [
                0.03014400042593479,
                0.03267199918627739,
                0.04630399867892265,
                0.03951999917626381
              ]
            },
            "pair_attempt_id": 11,
            "pair_retry_ordinal": 0,
            "position": 1,
            "readiness_probe_exact": true,
            "ready_region": {
              "local_ms": 0.14963200688362122,
              "rank_max_ms": 0.14963200688362122,
              "rank_ms": [
                0.14963200688362122,
                0.13862399756908417,
                0.0990080013871193,
                0.13142399489879608
              ]
            },
            "sample_index": 10,
            "scheduled_start_arrival_ns_by_rank": [
              744674562717496,
              744674562590936,
              744674563042829,
              744674562716067
            ],
            "scheduled_start_target_ns_by_rank": [
              744674568042829,
              744674568042829,
              744674568042829,
              744674568042829
            ],
            "start_record_bracket_ns_by_rank": [
              [
                744674568043800,
                744674568076330
              ],
              [
                744674568043794,
                744674568073656
              ],
              [
                744674568043285,
                744674568061550
              ],
              [
                744674568043509,
                744674568067181
              ]
            ],
            "start_record_envelope_span_ns": 33045,
            "variant": 0
          },
          "reference": {
            "collective_only": {
              "local_ms": 0.03046399913728237,
              "rank_max_ms": 0.03625600039958954,
              "rank_ms": [
                0.03046399913728237,
                0.03510399907827377,
                0.03625600039958954,
                0.035392001271247864
              ]
            },
            "pair_attempt_id": 11,
            "pair_retry_ordinal": 0,
            "position": 0,
            "readiness_probe_exact": true,
            "ready_region": {
              "local_ms": 0.13625599443912506,
              "rank_max_ms": 0.13731199502944946,
              "rank_ms": [
                0.13625599443912506,
                0.1358720064163208,
                0.12668800354003906,
                0.13731199502944946
              ]
            },
            "sample_index": 10,
            "scheduled_start_arrival_ns_by_rank": [
              744674553712866,
              744674553613801,
              744674553619027,
              744674553387673
            ],
            "scheduled_start_target_ns_by_rank": [
              744674558712866,
              744674558712866,
              744674558712866,
              744674558712866
            ],
            "start_record_bracket_ns_by_rank": [
              [
                744674558713653,
                744674558748440
              ],
              [
                744674558713776,
                744674558746624
              ],
              [
                744674558713712,
                744674558744674
              ],
              [
                744674558714624,
                744674558744166
              ]
            ],
            "start_record_envelope_span_ns": 34787,
            "variant": 0
          }
        },
        "variant": 0
      },
      {
        "accepted": true,
        "attempt_id": 12,
        "logical_pair_index": 11,
        "order": [
          "candidate",
          "reference"
        ],
        "rejection_reasons": [],
        "retry_ordinal": 0,
        "samples": {
          "candidate": {
            "collective_only": {
              "local_ms": 0.031039999797940254,
              "rank_max_ms": 0.04217600077390671,
              "rank_ms": [
                0.031039999797940254,
                0.0342399999499321,
                0.03155200183391571,
                0.04217600077390671
              ]
            },
            "pair_attempt_id": 12,
            "pair_retry_ordinal": 0,
            "position": 0,
            "readiness_probe_exact": true,
            "ready_region": {
              "local_ms": 0.15187199413776398,
              "rank_max_ms": 0.15187199413776398,
              "rank_ms": [
                0.15187199413776398,
                0.14800000190734863,
                0.14457599818706512,
                0.1345279961824417
              ]
            },
            "sample_index": 11,
            "scheduled_start_arrival_ns_by_rank": [
              744674571628591,
              744674571688083,
              744674571886600,
              744674571636460
            ],
            "scheduled_start_target_ns_by_rank": [
              744674576886600,
              744674576886600,
              744674576886600,
              744674576886600
            ],
            "start_record_bracket_ns_by_rank": [
              [
                744674576887634,
                744674576923140
              ],
              [
                744674576887442,
                744674576919512
              ],
              [
                744674576887399,
                744674576924010
              ],
              [
                744674576887390,
                744674576911129
              ]
            ],
            "start_record_envelope_span_ns": 36620,
            "variant": 1
          },
          "reference": {
            "collective_only": {
              "local_ms": 0.030368000268936157,
              "rank_max_ms": 0.04153599962592125,
              "rank_ms": [
                0.030368000268936157,
                0.03404799848794937,
                0.038047999143600464,
                0.04153599962592125
              ]
            },
            "pair_attempt_id": 12,
            "pair_retry_ordinal": 0,
            "position": 1,
            "readiness_probe_exact": true,
            "ready_region": {
              "local_ms": 0.14182400703430176,
              "rank_max_ms": 0.14182400703430176,
              "rank_ms": [
                0.14182400703430176,
                0.139615997672081,
                0.13023999333381653,
                0.13500800728797913
              ]
            },
            "sample_index": 11,
            "scheduled_start_arrival_ns_by_rank": [
              744674581738494,
              744674581354310,
              744674581367197,
              744674581383299
            ],
            "scheduled_start_target_ns_by_rank": [
              744674586738494,
              744674586738494,
              744674586738494,
              744674586738494
            ],
            "start_record_bracket_ns_by_rank": [
              [
                744674586739455,
                744674586775166
              ],
              [
                744674586739381,
                744674586773903
              ],
              [
                744674586739425,
                744674586771583
              ],
              [
                744674586739278,
                744674586766895
              ]
            ],
            "start_record_envelope_span_ns": 35888,
            "variant": 1
          }
        },
        "variant": 1
      },
      {
        "accepted": true,
        "attempt_id": 13,
        "logical_pair_index": 12,
        "order": [
          "reference",
          "candidate"
        ],
        "rejection_reasons": [],
        "retry_ordinal": 0,
        "samples": {
          "candidate": {
            "collective_only": {
              "local_ms": 0.02751999907195568,
              "rank_max_ms": 0.03622400015592575,
              "rank_ms": [
                0.02751999907195568,
                0.029823999851942062,
                0.03177599981427193,
                0.03622400015592575
              ]
            },
            "pair_attempt_id": 13,
            "pair_retry_ordinal": 0,
            "position": 1,
            "readiness_probe_exact": true,
            "ready_region": {
              "local_ms": 0.11580800265073776,
              "rank_max_ms": 0.11718399822711945,
              "rank_ms": [
                0.11580800265073776,
                0.11718399822711945,
                0.10969600081443787,
                0.11302399635314941
              ]
            },
            "sample_index": 12,
            "scheduled_start_arrival_ns_by_rank": [
              744674600236982,
              744674599815931,
              744674599527327,
              744674599922371
            ],
            "scheduled_start_target_ns_by_rank": [
              744674605236982,
              744674605236982,
              744674605236982,
              744674605236982
            ],
            "start_record_bracket_ns_by_rank": [
              [
                744674605238041,
                744674605267242
              ],
              [
                744674605237834,
                744674605266055
              ],
              [
                744674605237478,
                744674605264649
              ],
              [
                744674605237714,
                744674605260191
              ]
            ],
            "start_record_envelope_span_ns": 29764,
            "variant": 0
          },
          "reference": {
            "collective_only": {
              "local_ms": 0.03001599945127964,
              "rank_max_ms": 0.03903999924659729,
              "rank_ms": [
                0.03001599945127964,
                0.03283200040459633,
                0.03468799963593483,
                0.03903999924659729
              ]
            },
            "pair_attempt_id": 13,
            "pair_retry_ordinal": 0,
            "position": 0,
            "readiness_probe_exact": true,
            "ready_region": {
              "local_ms": 0.14444799721240997,
              "rank_max_ms": 0.14528000354766846,
              "rank_ms": [
                0.14444799721240997,
                0.14528000354766846,
                0.13683199882507324,
                0.14035199582576752
              ]
            },
            "sample_index": 12,
            "scheduled_start_arrival_ns_by_rank": [
              744674590887078,
              744674590729283,
              744674590573510,
              744674590873111
            ],
            "scheduled_start_target_ns_by_rank": [
              744674595887078,
              744674595887078,
              744674595887078,
              744674595887078
            ],
            "start_record_bracket_ns_by_rank": [
              [
                744674595888038,
                744674595920537
              ],
              [
                744674595888068,
                744674595919195
              ],
              [
                744674595888001,
                744674595917806
              ],
              [
                744674595887781,
                744674595913528
              ]
            ],
            "start_record_envelope_span_ns": 32756,
            "variant": 0
          }
        },
        "variant": 0
      },
      {
        "accepted": true,
        "attempt_id": 14,
        "logical_pair_index": 13,
        "order": [
          "candidate",
          "reference"
        ],
        "rejection_reasons": [],
        "retry_ordinal": 0,
        "samples": {
          "candidate": {
            "collective_only": {
              "local_ms": 0.02921600081026554,
              "rank_max_ms": 0.04102399945259094,
              "rank_ms": [
                0.02921600081026554,
                0.0272000003606081,
                0.04102399945259094,
                0.0350399985909462
              ]
            },
            "pair_attempt_id": 14,
            "pair_retry_ordinal": 0,
            "position": 0,
            "readiness_probe_exact": true,
            "ready_region": {
              "local_ms": 0.11343999952077866,
              "rank_max_ms": 0.11343999952077866,
              "rank_ms": [
                0.11343999952077866,
                0.11273600161075592,
                0.08419200032949448,
                0.1096000000834465
              ]
            },
            "sample_index": 13,
            "scheduled_start_arrival_ns_by_rank": [
              744674609526663,
              744674609482418,
              744674609198821,
              744674609437452
            ],
            "scheduled_start_target_ns_by_rank": [
              744674614526663,
              744674614526663,
              744674614526663,
              744674614526663
            ],
            "start_record_bracket_ns_by_rank": [
              [
                744674614527345,
                744674614554735
              ],
              [
                744674614527622,
                744674614555364
              ],
              [
                744674614527057,
                744674614541325
              ],
              [
                744674614527365,
                744674614548923
              ]
            ],
            "start_record_envelope_span_ns": 28307,
            "variant": 1
          },
          "reference": {
            "collective_only": {
              "local_ms": 0.047520000487565994,
              "rank_max_ms": 0.05193600058555603,
              "rank_ms": [
                0.047520000487565994,
                0.03561599925160408,
                0.048767998814582825,
                0.05193600058555603
              ]
            },
            "pair_attempt_id": 14,
            "pair_retry_ordinal": 0,
            "position": 1,
            "readiness_probe_exact": true,
            "ready_region": {
              "local_ms": 0.12595200538635254,
              "rank_max_ms": 0.14787200093269348,
              "rank_ms": [
                0.12595200538635254,
                0.14787200093269348,
                0.13040000200271606,
                0.13052800297737122
              ]
            },
            "sample_index": 13,
            "scheduled_start_arrival_ns_by_rank": [
              744674619153187,
              744674618547940,
              744674618975822,
              744674618788252
            ],
            "scheduled_start_target_ns_by_rank": [
              744674624153187,
              744674624153187,
              744674624153187,
              744674624153187
            ],
            "start_record_bracket_ns_by_rank": [
              [
                744674624154074,
                744674624190558
              ],
              [
                744674624154220,
                744674624196936
              ],
              [
                744674624154148,
                744674624191506
              ],
              [
                744674624153915,
                744674624178206
              ]
            ],
            "start_record_envelope_span_ns": 43021,
            "variant": 1
          }
        },
        "variant": 1
      },
      {
        "accepted": true,
        "attempt_id": 15,
        "logical_pair_index": 14,
        "order": [
          "reference",
          "candidate"
        ],
        "rejection_reasons": [],
        "retry_ordinal": 0,
        "samples": {
          "candidate": {
            "collective_only": {
              "local_ms": 0.036031998693943024,
              "rank_max_ms": 0.04179200157523155,
              "rank_ms": [
                0.036031998693943024,
                0.03574400022625923,
                0.032607998698949814,
                0.04179200157523155
              ]
            },
            "pair_attempt_id": 15,
            "pair_retry_ordinal": 0,
            "position": 1,
            "readiness_probe_exact": true,
            "ready_region": {
              "local_ms": 0.13900800049304962,
              "rank_max_ms": 0.14691199362277985,
              "rank_ms": [
                0.13900800049304962,
                0.14230400323867798,
                0.14684799313545227,
                0.14691199362277985
              ]
            },
            "sample_index": 14,
            "scheduled_start_arrival_ns_by_rank": [
              744674638169485,
              744674638082903,
              744674638210835,
              744674638225819
            ],
            "scheduled_start_target_ns_by_rank": [
              744674643225819,
              744674643225819,
              744674643225819,
              744674643225819
            ],
            "start_record_bracket_ns_by_rank": [
              [
                744674643226766,
                744674643262245
              ],
              [
                744674643226747,
                744674643262395
              ],
              [
                744674643226986,
                744674643264191
              ],
              [
                744674643226785,
                744674643257213
              ]
            ],
            "start_record_envelope_span_ns": 37444,
            "variant": 0
          },
          "reference": {
            "collective_only": {
              "local_ms": 0.034591998904943466,
              "rank_max_ms": 0.0435199998319149,
              "rank_ms": [
                0.034591998904943466,
                0.03766399994492531,
                0.036607999354600906,
                0.0435199998319149
              ]
            },
            "pair_attempt_id": 15,
            "pair_retry_ordinal": 0,
            "position": 0,
            "readiness_probe_exact": true,
            "ready_region": {
              "local_ms": 0.1470080018043518,
              "rank_max_ms": 0.14796799421310425,
              "rank_ms": [
                0.1470080018043518,
                0.14796799421310425,
                0.14070400595664978,
                0.13603200018405914
              ]
            },
            "sample_index": 14,
            "scheduled_start_arrival_ns_by_rank": [
              744674628973224,
              744674628794812,
              744674628778512,
              744674629050839
            ],
            "scheduled_start_target_ns_by_rank": [
              744674634050839,
              744674634050839,
              744674634050839,
              744674634050839
            ],
            "start_record_bracket_ns_by_rank": [
              [
                744674634051713,
                744674634084195
              ],
              [
                744674634051721,
                744674634083268
              ],
              [
                744674634052100,
                744674634084322
              ],
              [
                744674634051559,
                744674634076773
              ]
            ],
            "start_record_envelope_span_ns": 32763,
            "variant": 0
          }
        },
        "variant": 0
      },
      {
        "accepted": true,
        "attempt_id": 16,
        "logical_pair_index": 15,
        "order": [
          "candidate",
          "reference"
        ],
        "rejection_reasons": [],
        "retry_ordinal": 0,
        "samples": {
          "candidate": {
            "collective_only": {
              "local_ms": 0.03142400085926056,
              "rank_max_ms": 0.03721600025892258,
              "rank_ms": [
                0.03142400085926056,
                0.03062400035560131,
                0.03280000016093254,
                0.03721600025892258
              ]
            },
            "pair_attempt_id": 16,
            "pair_retry_ordinal": 0,
            "position": 0,
            "readiness_probe_exact": true,
            "ready_region": {
              "local_ms": 0.1302720010280609,
              "rank_max_ms": 0.1302720010280609,
              "rank_ms": [
                0.1302720010280609,
                0.1287039965391159,
                0.12720000743865967,
                0.1255359947681427
              ]
            },
            "sample_index": 15,
            "scheduled_start_arrival_ns_by_rank": [
              744674647603216,
              744674647209663,
              744674647300430,
              744674647461759
            ],
            "scheduled_start_target_ns_by_rank": [
              744674652603216,
              744674652603216,
              744674652603216,
              744674652603216
            ],
            "start_record_bracket_ns_by_rank": [
              [
                744674652604057,
                744674652636190
              ],
              [
                744674652604227,
                744674652636644
              ],
              [
                744674652604095,
                744674652634857
              ],
              [
                744674652604020,
                744674652630367
              ]
            ],
            "start_record_envelope_span_ns": 32624,
            "variant": 1
          },
          "reference": {
            "collective_only": {
              "local_ms": 0.02739199995994568,
              "rank_max_ms": 0.03532800078392029,
              "rank_ms": [
                0.02739199995994568,
                0.03340800106525421,
                0.032255999743938446,
                0.03532800078392029
              ]
            },
            "pair_attempt_id": 16,
            "pair_retry_ordinal": 0,
            "position": 1,
            "readiness_probe_exact": true,
            "ready_region": {
              "local_ms": 0.12300799787044525,
              "rank_max_ms": 0.12300799787044525,
              "rank_ms": [
                0.12300799787044525,
                0.11686400324106216,
                0.1189119964838028,
                0.12179200351238251
              ]
            },
            "sample_index": 15,
            "scheduled_start_arrival_ns_by_rank": [
              744674657478873,
              744674657385385,
              744674657323423,
              744674657583002
            ],
            "scheduled_start_target_ns_by_rank": [
              744674662583002,
              744674662583002,
              744674662583002,
              744674662583002
            ],
            "start_record_bracket_ns_by_rank": [
              [
                744674662584038,
                744674662615062
              ],
              [
                744674662584046,
                744674662612458
              ],
              [
                744674662583749,
                744674662612141
              ],
              [
                744674662583923,
                744674662610275
              ]
            ],
            "start_record_envelope_span_ns": 31313,
            "variant": 1
          }
        },
        "variant": 1
      },
      {
        "accepted": true,
        "attempt_id": 17,
        "logical_pair_index": 16,
        "order": [
          "reference",
          "candidate"
        ],
        "rejection_reasons": [],
        "retry_ordinal": 0,
        "samples": {
          "candidate": {
            "collective_only": {
              "local_ms": 0.02768000029027462,
              "rank_max_ms": 0.033215999603271484,
              "rank_ms": [
                0.02768000029027462,
                0.02921600081026554,
                0.03017600066959858,
                0.033215999603271484
              ]
            },
            "pair_attempt_id": 17,
            "pair_retry_ordinal": 0,
            "position": 1,
            "readiness_probe_exact": true,
            "ready_region": {
              "local_ms": 0.11417599767446518,
              "rank_max_ms": 0.11958400160074234,
              "rank_ms": [
                0.11417599767446518,
                0.11958400160074234,
                0.11260800063610077,
                0.1143679991364479
              ]
            },
            "sample_index": 16,
            "scheduled_start_arrival_ns_by_rank": [
              744674677310136,
              744674676875969,
              744674677482405,
              744674677123638
            ],
            "scheduled_start_target_ns_by_rank": [
              744674682482405,
              744674682482405,
              744674682482405,
              744674682482405
            ],
            "start_record_bracket_ns_by_rank": [
              [
                744674682483356,
                744674682511038
              ],
              [
                744674682483248,
                744674682510083
              ],
              [
                744674682483141,
                744674682509286
              ],
              [
                744674682483261,
                744674682505689
              ]
            ],
            "start_record_envelope_span_ns": 27897,
            "variant": 0
          },
          "reference": {
            "collective_only": {
              "local_ms": 0.027712000533938408,
              "rank_max_ms": 0.03440000116825104,
              "rank_ms": [
                0.027712000533938408,
                0.029184000566601753,
                0.029920000582933426,
                0.03440000116825104
              ]
            },
            "pair_attempt_id": 17,
            "pair_retry_ordinal": 0,
            "position": 0,
            "readiness_probe_exact": true,
            "ready_region": {
              "local_ms": 0.12601600587368011,
              "rank_max_ms": 0.12620800733566284,
              "rank_ms": [
                0.12601600587368011,
                0.12217599898576736,
                0.1233920007944107,
                0.12620800733566284
              ]
            },
            "sample_index": 16,
            "scheduled_start_arrival_ns_by_rank": [
              744674667115693,
              744674666918388,
              744674666712546,
              744674667074339
            ],
            "scheduled_start_target_ns_by_rank": [
              744674672115693,
              744674672115693,
              744674672115693,
              744674672115693
            ],
            "start_record_bracket_ns_by_rank": [
              [
                744674672116610,
                744674672145005
              ],
              [
                744674672116514,
                744674672144370
              ],
              [
                744674672116401,
                744674672143610
              ],
              [
                744674672116475,
                744674672139629
              ]
            ],
            "start_record_envelope_span_ns": 28604,
            "variant": 0
          }
        },
        "variant": 0
      },
      {
        "accepted": true,
        "attempt_id": 18,
        "logical_pair_index": 17,
        "order": [
          "candidate",
          "reference"
        ],
        "rejection_reasons": [],
        "retry_ordinal": 0,
        "samples": {
          "candidate": {
            "collective_only": {
              "local_ms": 0.027456000447273254,
              "rank_max_ms": 0.034623999148607254,
              "rank_ms": [
                0.027456000447273254,
                0.02848000079393387,
                0.030912000685930252,
                0.034623999148607254
              ]
            },
            "pair_attempt_id": 18,
            "pair_retry_ordinal": 0,
            "position": 0,
            "readiness_probe_exact": true,
            "ready_region": {
              "local_ms": 0.11603199690580368,
              "rank_max_ms": 0.11603199690580368,
              "rank_ms": [
                0.11603199690580368,
                0.1122559979557991,
                0.11148799955844879,
                0.11055999994277954
              ]
            },
            "sample_index": 17,
            "scheduled_start_arrival_ns_by_rank": [
              744674687556630,
              744674687148936,
              744674686951735,
              744674687140321
            ],
            "scheduled_start_target_ns_by_rank": [
              744674692556630,
              744674692556630,
              744674692556630,
              744674692556630
            ],
            "start_record_bracket_ns_by_rank": [
              [
                744674692557410,
                744674692584922
              ],
              [
                744674692557488,
                744674692584568
              ],
              [
                744674692557415,
                744674692583402
              ],
              [
                744674692557334,
                744674692580084
              ]
            ],
            "start_record_envelope_span_ns": 27588,
            "variant": 1
          },
          "reference": {
            "collective_only": {
              "local_ms": 0.02707199938595295,
              "rank_max_ms": 0.03436800092458725,
              "rank_ms": [
                0.02707199938595295,
                0.030239999294281006,
                0.031007999554276466,
                0.03436800092458725
              ]
            },
            "pair_attempt_id": 18,
            "pair_retry_ordinal": 0,
            "position": 1,
            "readiness_probe_exact": true,
            "ready_region": {
              "local_ms": 0.11747200042009354,
              "rank_max_ms": 0.11747200042009354,
              "rank_ms": [
                0.11747200042009354,
                0.11542399972677231,
                0.11343999952077866,
                0.11718399822711945
              ]
            },
            "sample_index": 17,
            "scheduled_start_arrival_ns_by_rank": [
              744674697300178,
              744674696866365,
              744674696642153,
              744674697065500
            ],
            "scheduled_start_target_ns_by_rank": [
              744674702300178,
              744674702300178,
              744674702300178,
              744674702300178
            ],
            "start_record_bracket_ns_by_rank": [
              [
                744674702301173,
                744674702329264
              ],
              [
                744674702301160,
                744674702328375
              ],
              [
                744674702300963,
                744674702327763
              ],
              [
                744674702301167,
                744674702325141
              ]
            ],
            "start_record_envelope_span_ns": 28301,
            "variant": 1
          }
        },
        "variant": 1
      },
      {
        "accepted": true,
        "attempt_id": 19,
        "logical_pair_index": 18,
        "order": [
          "reference",
          "candidate"
        ],
        "rejection_reasons": [],
        "retry_ordinal": 0,
        "samples": {
          "candidate": {
            "collective_only": {
              "local_ms": 0.03081599995493889,
              "rank_max_ms": 0.035551998764276505,
              "rank_ms": [
                0.03081599995493889,
                0.03161599859595299,
                0.027936000376939774,
                0.035551998764276505
              ]
            },
            "pair_attempt_id": 19,
            "pair_retry_ordinal": 0,
            "position": 1,
            "readiness_probe_exact": true,
            "ready_region": {
              "local_ms": 0.11247999966144562,
              "rank_max_ms": 0.1210239976644516,
              "rank_ms": [
                0.11247999966144562,
                0.11481600254774094,
                0.1210239976644516,
                0.11427199840545654
              ]
            },
            "sample_index": 18,
            "scheduled_start_arrival_ns_by_rank": [
              744674716386774,
              744674716328233,
              744674716483131,
              744674716364939
            ],
            "scheduled_start_target_ns_by_rank": [
              744674721483131,
              744674721483131,
              744674721483131,
              744674721483131
            ],
            "start_record_bracket_ns_by_rank": [
              [
                744674721483952,
                744674721511720
              ],
              [
                744674721483966,
                744674721511449
              ],
              [
                744674721483797,
                744674721512632
              ],
              [
                744674721483690,
                744674721506132
              ]
            ],
            "start_record_envelope_span_ns": 28942,
            "variant": 0
          },
          "reference": {
            "collective_only": {
              "local_ms": 0.02630399912595749,
              "rank_max_ms": 0.03574400022625923,
              "rank_ms": [
                0.02630399912595749,
                0.031199999153614044,
                0.0318400003015995,
                0.03574400022625923
              ]
            },
            "pair_attempt_id": 19,
            "pair_retry_ordinal": 0,
            "position": 0,
            "readiness_probe_exact": true,
            "ready_region": {
              "local_ms": 0.11856000125408173,
              "rank_max_ms": 0.1194240003824234,
              "rank_ms": [
                0.11856000125408173,
                0.1194240003824234,
                0.1154559999704361,
                0.11699199676513672
              ]
            },
            "sample_index": 18,
            "scheduled_start_arrival_ns_by_rank": [
              744674707369615,
              744674706856266,
              744674706922423,
              744674706907289
            ],
            "scheduled_start_target_ns_by_rank": [
              744674712369615,
              744674712369615,
              744674712369615,
              744674712369615
            ],
            "start_record_bracket_ns_by_rank": [
              [
                744674712370604,
                744674712399780
              ],
              [
                744674712370487,
                744674712398570
              ],
              [
                744674712370403,
                744674712398211
              ],
              [
                744674712370344,
                744674712392935
              ]
            ],
            "start_record_envelope_span_ns": 29436,
            "variant": 0
          }
        },
        "variant": 0
      },
      {
        "accepted": false,
        "attempt_id": 20,
        "logical_pair_index": 19,
        "order": [
          "candidate",
          "reference"
        ],
        "rejection_reasons": [
          {
            "limit_ns": 500000,
            "side": "reference",
            "start_record_envelope_span_ns": 523521
          }
        ],
        "retry_ordinal": 0,
        "samples": {
          "candidate": {
            "collective_only": {
              "local_ms": 0.030719999223947525,
              "rank_max_ms": 0.0390079990029335,
              "rank_ms": [
                0.030719999223947525,
                0.030912000685930252,
                0.03292800113558769,
                0.0390079990029335
              ]
            },
            "pair_attempt_id": 20,
            "pair_retry_ordinal": 0,
            "position": 0,
            "readiness_probe_exact": true,
            "ready_region": {
              "local_ms": 0.1281599998474121,
              "rank_max_ms": 0.13007999956607819,
              "rank_ms": [
                0.1281599998474121,
                0.13007999956607819,
                0.12902399897575378,
                0.12089599668979645
              ]
            },
            "sample_index": 19,
            "scheduled_start_arrival_ns_by_rank": [
              744674725580115,
              744674725451866,
              744674725474091,
              744674725464998
            ],
            "scheduled_start_target_ns_by_rank": [
              744674730580115,
              744674730580115,
              744674730580115,
              744674730580115
            ],
            "start_record_bracket_ns_by_rank": [
              [
                744674730580936,
                744674730612806
              ],
              [
                744674730581034,
                744674730613320
              ],
              [
                744674730580964,
                744674730611811
              ],
              [
                744674730580935,
                744674730604798
              ]
            ],
            "start_record_envelope_span_ns": 32385,
            "variant": 1
          },
          "reference": {
            "collective_only": {
              "local_ms": 0.02521600015461445,
              "rank_max_ms": 0.5203199982643127,
              "rank_ms": [
                0.02521600015461445,
                0.5203199982643127,
                0.3277119994163513,
                0.4225279986858368
              ]
            },
            "pair_attempt_id": 20,
            "pair_retry_ordinal": 0,
            "position": 1,
            "readiness_probe_exact": true,
            "ready_region": {
              "local_ms": 0.1329919993877411,
              "rank_max_ms": 0.5294079780578613,
              "rank_ms": [
                0.1329919993877411,
                0.5294079780578613,
                0.33692800998687744,
                0.4317440092563629
              ]
            },
            "sample_index": 19,
            "scheduled_start_arrival_ns_by_rank": [
              744674735639911,
              744674735315175,
              744674735210227,
              744674735475033
            ],
            "scheduled_start_target_ns_by_rank": [
              744674740639911,
              744674740639911,
              744674740639911,
              744674740639911
            ],
            "start_record_bracket_ns_by_rank": [
              [
                744674741857266,
                744674741885715
              ],
              [
                744674741362194,
                744674741392571
              ],
              [
                744674741558375,
                744674741584835
              ],
              [
                744674741468696,
                744674741490356
              ]
            ],
            "start_record_envelope_span_ns": 523521,
            "variant": 1
          }
        },
        "variant": 1
      },
      {
        "accepted": true,
        "attempt_id": 21,
        "logical_pair_index": 19,
        "order": [
          "candidate",
          "reference"
        ],
        "rejection_reasons": [],
        "retry_ordinal": 1,
        "samples": {
          "candidate": {
            "collective_only": {
              "local_ms": 0.029055999591946602,
              "rank_max_ms": 0.03484800085425377,
              "rank_ms": [
                0.029055999591946602,
                0.02844800055027008,
                0.03049599938094616,
                0.03484800085425377
              ]
            },
            "pair_attempt_id": 21,
            "pair_retry_ordinal": 1,
            "position": 0,
            "readiness_probe_exact": true,
            "ready_region": {
              "local_ms": 0.1324480026960373,
              "rank_max_ms": 0.13359999656677246,
              "rank_ms": [
                0.1324480026960373,
                0.13359999656677246,
                0.1316480040550232,
                0.12064000219106674
              ]
            },
            "sample_index": 19,
            "scheduled_start_arrival_ns_by_rank": [
              744674746072918,
              744674745549420,
              744674745903686,
              744674745744180
            ],
            "scheduled_start_target_ns_by_rank": [
              744674751072918,
              744674751072918,
              744674751072918,
              744674751072918
            ],
            "start_record_bracket_ns_by_rank": [
              [
                744674751073704,
                744674751101802
              ],
              [
                744674751073677,
                744674751101892
              ],
              [
                744674751073731,
                744674751101107
              ],
              [
                744674751073549,
                744674751095234
              ]
            ],
            "start_record_envelope_span_ns": 28343,
            "variant": 0
          },
          "reference": {
            "collective_only": {
              "local_ms": 0.026528000831604004,
              "rank_max_ms": 0.0387520007789135,
              "rank_ms": [
                0.026528000831604004,
                0.033824000507593155,
                0.032575998455286026,
                0.0387520007789135
              ]
            },
            "pair_attempt_id": 21,
            "pair_retry_ordinal": 1,
            "position": 1,
            "readiness_probe_exact": true,
            "ready_region": {
              "local_ms": 0.12249600142240524,
              "rank_max_ms": 0.1225920021533966,
              "rank_ms": [
                0.12249600142240524,
                0.1225920021533966,
                0.12012799829244614,
                0.11203200370073318
              ]
            },
            "sample_index": 19,
            "scheduled_start_arrival_ns_by_rank": [
              744674755622104,
              744674755254955,
              744674755284695,
              744674755330792
            ],
            "scheduled_start_target_ns_by_rank": [
              744674760622104,
              744674760622104,
              744674760622104,
              744674760622104
            ],
            "start_record_bracket_ns_by_rank": [
              [
                744674760623043,
                744674760655426
              ],
              [
                744674760622911,
                744674760652142
              ],
              [
                744674760622860,
                744674760652208
              ],
              [
                744674760622812,
                744674760645090
              ]
            ],
            "start_record_envelope_span_ns": 32614,
            "variant": 0
          }
        },
        "variant": 0
      },
      {
        "accepted": true,
        "attempt_id": 22,
        "logical_pair_index": 20,
        "order": [
          "reference",
          "candidate"
        ],
        "rejection_reasons": [],
        "retry_ordinal": 0,
        "samples": {
          "candidate": {
            "collective_only": {
              "local_ms": 0.032127998769283295,
              "rank_max_ms": 0.04025600105524063,
              "rank_ms": [
                0.032127998769283295,
                0.038495998829603195,
                0.03513599932193756,
                0.04025600105524063
              ]
            },
            "pair_attempt_id": 22,
            "pair_retry_ordinal": 0,
            "position": 1,
            "readiness_probe_exact": true,
            "ready_region": {
              "local_ms": 0.1454080045223236,
              "rank_max_ms": 0.1454080045223236,
              "rank_ms": [
                0.1454080045223236,
                0.142752006649971,
                0.14239999651908875,
                0.1406400054693222
              ]
            },
            "sample_index": 20,
            "scheduled_start_arrival_ns_by_rank": [
              744674775657128,
              744674775307548,
              744674775484228,
              744674775548659
            ],
            "scheduled_start_target_ns_by_rank": [
              744674780657128,
              744674780657128,
              744674780657128,
              744674780657128
            ],
            "start_record_bracket_ns_by_rank": [
              [
                744674780658351,
                744674780695926
              ],
              [
                744674780658453,
                744674780691303
              ],
              [
                744674780658108,
                744674780692189
              ],
              [
                744674780658064,
                744674780688729
              ]
            ],
            "start_record_envelope_span_ns": 37862,
            "variant": 1
          },
          "reference": {
            "collective_only": {
              "local_ms": 0.030368000268936157,
              "rank_max_ms": 0.039455998688936234,
              "rank_ms": [
                0.030368000268936157,
                0.032896000891923904,
                0.03436800092458725,
                0.039455998688936234
              ]
            },
            "pair_attempt_id": 22,
            "pair_retry_ordinal": 0,
            "position": 0,
            "readiness_probe_exact": true,
            "ready_region": {
              "local_ms": 0.1316159963607788,
              "rank_max_ms": 0.13232000172138214,
              "rank_ms": [
                0.1316159963607788,
                0.13232000172138214,
                0.12748800218105316,
                0.12822400033473969
              ]
            },
            "sample_index": 20,
            "scheduled_start_arrival_ns_by_rank": [
              744674765511723,
              744674765437667,
              744674765233587,
              744674765616340
            ],
            "scheduled_start_target_ns_by_rank": [
              744674770616340,
              744674770616340,
              744674770616340,
              744674770616340
            ],
            "start_record_bracket_ns_by_rank": [
              [
                744674770617284,
                744674770651090
              ],
              [
                744674770617324,
                744674770649004
              ],
              [
                744674770617341,
                744674770649042
              ],
              [
                744674770617321,
                744674770642814
              ]
            ],
            "start_record_envelope_span_ns": 33806,
            "variant": 1
          }
        },
        "variant": 1
      },
      {
        "accepted": true,
        "attempt_id": 23,
        "logical_pair_index": 21,
        "order": [
          "candidate",
          "reference"
        ],
        "rejection_reasons": [],
        "retry_ordinal": 0,
        "samples": {
          "candidate": {
            "collective_only": {
              "local_ms": 0.029759999364614487,
              "rank_max_ms": 0.05135999992489815,
              "rank_ms": [
                0.029759999364614487,
                0.03478400036692619,
                0.034272000193595886,
                0.05135999992489815
              ]
            },
            "pair_attempt_id": 23,
            "pair_retry_ordinal": 0,
            "position": 0,
            "readiness_probe_exact": true,
            "ready_region": {
              "local_ms": 0.14159999787807465,
              "rank_max_ms": 0.14159999787807465,
              "rank_ms": [
                0.14159999787807465,
                0.13391999900341034,
                0.1383039951324463,
                0.10371199995279312
              ]
            },
            "sample_index": 21,
            "scheduled_start_arrival_ns_by_rank": [
              744674784761877,
              744674784966236,
              744674785444090,
              744674784587790
            ],
            "scheduled_start_target_ns_by_rank": [
              744674790444090,
              744674790444090,
              744674790444090,
              744674790444090
            ],
            "start_record_bracket_ns_by_rank": [
              [
                744674790445064,
                744674790480363
              ],
              [
                744674790444987,
                744674790477493
              ],
              [
                744674790444839,
                744674790478639
              ],
              [
                744674790444508,
                744674790460302
              ]
            ],
            "start_record_envelope_span_ns": 35855,
            "variant": 0
          },
          "reference": {
            "collective_only": {
              "local_ms": 0.037408001720905304,
              "rank_max_ms": 0.06550399959087372,
              "rank_ms": [
                0.037408001720905304,
                0.03619199991226196,
                0.04233599826693535,
                0.06550399959087372
              ]
            },
            "pair_attempt_id": 23,
            "pair_retry_ordinal": 0,
            "position": 1,
            "readiness_probe_exact": true,
            "ready_region": {
              "local_ms": 0.18131199479103088,
              "rank_max_ms": 0.18326400220394135,
              "rank_ms": [
                0.18131199479103088,
                0.18326400220394135,
                0.178847998380661,
                0.11110399663448334
              ]
            },
            "sample_index": 21,
            "scheduled_start_arrival_ns_by_rank": [
              744674796050575,
              744674795682944,
              744674795801724,
              744674795576659
            ],
            "scheduled_start_target_ns_by_rank": [
              744674801050575,
              744674801050575,
              744674801050575,
              744674801050575
            ],
            "start_record_bracket_ns_by_rank": [
              [
                744674801051698,
                744674801094074
              ],
              [
                744674801051469,
                744674801094069
              ],
              [
                744674801051458,
                744674801091559
              ],
              [
                744674801051007,
                744674801066013
              ]
            ],
            "start_record_envelope_span_ns": 43067,
            "variant": 0
          }
        },
        "variant": 0
      },
      {
        "accepted": true,
        "attempt_id": 24,
        "logical_pair_index": 22,
        "order": [
          "reference",
          "candidate"
        ],
        "rejection_reasons": [],
        "retry_ordinal": 0,
        "samples": {
          "candidate": {
            "collective_only": {
              "local_ms": 0.030751999467611313,
              "rank_max_ms": 0.040991999208927155,
              "rank_ms": [
                0.030751999467611313,
                0.03452799841761589,
                0.035840000957250595,
                0.040991999208927155
              ]
            },
            "pair_attempt_id": 24,
            "pair_retry_ordinal": 0,
            "position": 1,
            "readiness_probe_exact": true,
            "ready_region": {
              "local_ms": 0.13996799290180206,
              "rank_max_ms": 0.13996799290180206,
              "rank_ms": [
                0.13996799290180206,
                0.1279039978981018,
                0.1271039992570877,
                0.12559999525547028
              ]
            },
            "sample_index": 22,
            "scheduled_start_arrival_ns_by_rank": [
              744674816341765,
              744674815911980,
              744674815973160,
              744674816058977
            ],
            "scheduled_start_target_ns_by_rank": [
              744674821341765,
              744674821341765,
              744674821341765,
              744674821341765
            ],
            "start_record_bracket_ns_by_rank": [
              [
                744674821343042,
                744674821377564
              ],
              [
                744674821342689,
                744674821374036
              ],
              [
                744674821342595,
                744674821374288
              ],
              [
                744674821342563,
                744674821367452
              ]
            ],
            "start_record_envelope_span_ns": 35001,
            "variant": 1
          },
          "reference": {
            "collective_only": {
              "local_ms": 0.05488000065088272,
              "rank_max_ms": 0.056832000613212585,
              "rank_ms": [
                0.05488000065088272,
                0.05471999943256378,
                0.040832001715898514,
                0.056832000613212585
              ]
            },
            "pair_attempt_id": 24,
            "pair_retry_ordinal": 0,
            "position": 0,
            "readiness_probe_exact": true,
            "ready_region": {
              "local_ms": 0.12828800082206726,
              "rank_max_ms": 0.1817599982023239,
              "rank_ms": [
                0.12828800082206726,
                0.132192000746727,
                0.1817599982023239,
                0.1363839954137802
              ]
            },
            "sample_index": 22,
            "scheduled_start_arrival_ns_by_rank": [
              744674805758790,
              744674805536374,
              744674805063068,
              744674805464427
            ],
            "scheduled_start_target_ns_by_rank": [
              744674810758790,
              744674810758790,
              744674810758790,
              744674810758790
            ],
            "start_record_bracket_ns_by_rank": [
              [
                744674810759549,
                744674810792695
              ],
              [
                744674810759717,
                744674810792487
              ],
              [
                744674810761262,
                744674810807677
              ],
              [
                744674810759567,
                744674810790975
              ]
            ],
            "start_record_envelope_span_ns": 48128,
            "variant": 1
          }
        },
        "variant": 1
      },
      {
        "accepted": true,
        "attempt_id": 25,
        "logical_pair_index": 23,
        "order": [
          "candidate",
          "reference"
        ],
        "rejection_reasons": [],
        "retry_ordinal": 0,
        "samples": {
          "candidate": {
            "collective_only": {
              "local_ms": 0.032255999743938446,
              "rank_max_ms": 0.04198399931192398,
              "rank_ms": [
                0.032255999743938446,
                0.03331200033426285,
                0.03577600046992302,
                0.04198399931192398
              ]
            },
            "pair_attempt_id": 25,
            "pair_retry_ordinal": 0,
            "position": 0,
            "readiness_probe_exact": true,
            "ready_region": {
              "local_ms": 0.15587200224399567,
              "rank_max_ms": 0.1595200002193451,
              "rank_ms": [
                0.15587200224399567,
                0.1595200002193451,
                0.15663999319076538,
                0.15343999862670898
              ]
            },
            "sample_index": 23,
            "scheduled_start_arrival_ns_by_rank": [
              744674826868959,
              744674826465423,
              744674826145011,
              744674826581287
            ],
            "scheduled_start_target_ns_by_rank": [
              744674831868959,
              744674831868959,
              744674831868959,
              744674831868959
            ],
            "start_record_bracket_ns_by_rank": [
              [
                744674831869879,
                744674831906817
              ],
              [
                744674831869911,
                744674831905802
              ],
              [
                744674831869945,
                744674831904345
              ],
              [
                744674831870050,
                744674831898289
              ]
            ],
            "start_record_envelope_span_ns": 36938,
            "variant": 0
          },
          "reference": {
            "collective_only": {
              "local_ms": 0.03286400064826012,
              "rank_max_ms": 0.04217600077390671,
              "rank_ms": [
                0.03286400064826012,
                0.037728000432252884,
                0.03872000053524971,
                0.04217600077390671
              ]
            },
            "pair_attempt_id": 25,
            "pair_retry_ordinal": 0,
            "position": 1,
            "readiness_probe_exact": true,
            "ready_region": {
              "local_ms": 0.14127999544143677,
              "rank_max_ms": 0.14127999544143677,
              "rank_ms": [
                0.14127999544143677,
                0.1401280015707016,
                0.1319359987974167,
                0.13600000739097595
              ]
            },
            "sample_index": 23,
            "scheduled_start_arrival_ns_by_rank": [
              744674836605291,
              744674836297836,
              744674836323095,
              744674836465668
            ],
            "scheduled_start_target_ns_by_rank": [
              744674841605291,
              744674841605291,
              744674841605291,
              744674841605291
            ],
            "start_record_bracket_ns_by_rank": [
              [
                744674841606810,
                744674841643778
              ],
              [
                744674841606070,
                744674841640763
              ],
              [
                744674841606014,
                744674841639558
              ],
              [
                744674841606093,
                744674841634443
              ]
            ],
            "start_record_envelope_span_ns": 37764,
            "variant": 0
          }
        },
        "variant": 0
      },
      {
        "accepted": true,
        "attempt_id": 26,
        "logical_pair_index": 24,
        "order": [
          "reference",
          "candidate"
        ],
        "rejection_reasons": [],
        "retry_ordinal": 0,
        "samples": {
          "candidate": {
            "collective_only": {
              "local_ms": 0.0398080013692379,
              "rank_max_ms": 0.04726399853825569,
              "rank_ms": [
                0.0398080013692379,
                0.04092799872159958,
                0.04073600098490715,
                0.04726399853825569
              ]
            },
            "pair_attempt_id": 26,
            "pair_retry_ordinal": 0,
            "position": 1,
            "readiness_probe_exact": true,
            "ready_region": {
              "local_ms": 0.1313920021057129,
              "rank_max_ms": 0.1313920021057129,
              "rank_ms": [
                0.1313920021057129,
                0.13023999333381653,
                0.1297920048236847,
                0.12336000055074692
              ]
            },
            "sample_index": 24,
            "scheduled_start_arrival_ns_by_rank": [
              744674854932702,
              744674854860851,
              744674854668977,
              744674855145821
            ],
            "scheduled_start_target_ns_by_rank": [
              744674860145821,
              744674860145821,
              744674860145821,
              744674860145821
            ],
            "start_record_bracket_ns_by_rank": [
              [
                744674860146649,
                744674860174696
              ],
              [
                744674860146785,
                744674860175010
              ],
              [
                744674860146609,
                744674860174240
              ],
              [
                744674860146525,
                744674860167992
              ]
            ],
            "start_record_envelope_span_ns": 28485,
            "variant": 1
          },
          "reference": {
            "collective_only": {
              "local_ms": 0.02579200081527233,
              "rank_max_ms": 0.21638399362564087,
              "rank_ms": [
                0.02579200081527233,
                0.036288000643253326,
                0.21638399362564087,
                0.11631999909877777
              ]
            },
            "pair_attempt_id": 26,
            "pair_retry_ordinal": 0,
            "position": 0,
            "readiness_probe_exact": true,
            "ready_region": {
              "local_ms": 0.11587200313806534,
              "rank_max_ms": 0.225600004196167,
              "rank_ms": [
                0.11587200313806534,
                0.11619199812412262,
                0.225600004196167,
                0.12617599964141846
              ]
            },
            "sample_index": 24,
            "scheduled_start_arrival_ns_by_rank": [
              744674846338257,
              744674845794913,
              744674846083775,
              744674845891981
            ],
            "scheduled_start_target_ns_by_rank": [
              744674851338257,
              744674851338257,
              744674851338257,
              744674851338257
            ],
            "start_record_bracket_ns_by_rank": [
              [
                744674851739584,
                744674851768501
              ],
              [
                744674851733377,
                744674851761704
              ],
              [
                744674851553657,
                744674851580355
              ],
              [
                744674851665564,
                744674851681013
              ]
            ],
            "start_record_envelope_span_ns": 214844,
            "variant": 1
          }
        },
        "variant": 1
      },
      {
        "accepted": true,
        "attempt_id": 27,
        "logical_pair_index": 25,
        "order": [
          "candidate",
          "reference"
        ],
        "rejection_reasons": [],
        "retry_ordinal": 0,
        "samples": {
          "candidate": {
            "collective_only": {
              "local_ms": 0.02800000086426735,
              "rank_max_ms": 0.03452799841761589,
              "rank_ms": [
                0.02800000086426735,
                0.0318400003015995,
                0.03283200040459633,
                0.03452799841761589
              ]
            },
            "pair_attempt_id": 27,
            "pair_retry_ordinal": 0,
            "position": 0,
            "readiness_probe_exact": true,
            "ready_region": {
              "local_ms": 0.13254399597644806,
              "rank_max_ms": 0.13283200562000275,
              "rank_ms": [
                0.13254399597644806,
                0.12595200538635254,
                0.12284799665212631,
                0.13283200562000275
              ]
            },
            "sample_index": 25,
            "scheduled_start_arrival_ns_by_rank": [
              744674864825095,
              744674864775197,
              744674864517970,
              744674865103779
            ],
            "scheduled_start_target_ns_by_rank": [
              744674870103779,
              744674870103779,
              744674870103779,
              744674870103779
            ],
            "start_record_bracket_ns_by_rank": [
              [
                744674870104657,
                744674870134723
              ],
              [
                744674870104720,
                744674870132618
              ],
              [
                744674870104513,
                744674870131230
              ],
              [
                744674870104654,
                744674870129556
              ]
            ],
            "start_record_envelope_span_ns": 30210,
            "variant": 0
          },
          "reference": {
            "collective_only": {
              "local_ms": 0.03324799984693527,
              "rank_max_ms": 0.04095999896526337,
              "rank_ms": [
                0.03324799984693527,
                0.0326399989426136,
                0.03779200091958046,
                0.04095999896526337
              ]
            },
            "pair_attempt_id": 27,
            "pair_retry_ordinal": 0,
            "position": 1,
            "readiness_probe_exact": true,
            "ready_region": {
              "local_ms": 0.12121599912643433,
              "rank_max_ms": 0.12425599992275238,
              "rank_ms": [
                0.12121599912643433,
                0.12425599992275238,
                0.11350400000810623,
                0.11462400108575821
              ]
            },
            "sample_index": 25,
            "scheduled_start_arrival_ns_by_rank": [
              744674874549763,
              744674874074394,
              744674874227720,
              744674874301857
            ],
            "scheduled_start_target_ns_by_rank": [
              744674879549763,
              744674879549763,
              744674879549763,
              744674879549763
            ],
            "start_record_bracket_ns_by_rank": [
              [
                744674879550768,
                744674879581156
              ],
              [
                744674879550502,
                744674879583869
              ],
              [
                744674879550549,
                744674879578283
              ],
              [
                744674879550509,
                744674879574126
              ]
            ],
            "start_record_envelope_span_ns": 33367,
            "variant": 0
          }
        },
        "variant": 0
      },
      {
        "accepted": true,
        "attempt_id": 28,
        "logical_pair_index": 26,
        "order": [
          "reference",
          "candidate"
        ],
        "rejection_reasons": [],
        "retry_ordinal": 0,
        "samples": {
          "candidate": {
            "collective_only": {
              "local_ms": 0.029664000496268272,
              "rank_max_ms": 0.03347200155258179,
              "rank_ms": [
                0.029664000496268272,
                0.027871999889612198,
                0.02848000079393387,
                0.03347200155258179
              ]
            },
            "pair_attempt_id": 28,
            "pair_retry_ordinal": 0,
            "position": 1,
            "readiness_probe_exact": true,
            "ready_region": {
              "local_ms": 0.11641599982976913,
              "rank_max_ms": 0.1207360029220581,
              "rank_ms": [
                0.11641599982976913,
                0.1207360029220581,
                0.11628799885511398,
                0.11407999694347382
              ]
            },
            "sample_index": 26,
            "scheduled_start_arrival_ns_by_rank": [
              744674893276244,
              744674893261326,
              744674893064083,
              744674893413302
            ],
            "scheduled_start_target_ns_by_rank": [
              744674898413302,
              744674898413302,
              744674898413302,
              744674898413302
            ],
            "start_record_bracket_ns_by_rank": [
              [
                744674898414305,
                744674898442339
              ],
              [
                744674898414140,
                744674898442755
              ],
              [
                744674898414001,
                744674898442011
              ],
              [
                744674898414038,
                744674898438667
              ]
            ],
            "start_record_envelope_span_ns": 28754,
            "variant": 1
          },
          "reference": {
            "collective_only": {
              "local_ms": 0.02751999907195568,
              "rank_max_ms": 0.033952001482248306,
              "rank_ms": [
                0.02751999907195568,
                0.029791999608278275,
                0.02921600081026554,
                0.033952001482248306
              ]
            },
            "pair_attempt_id": 28,
            "pair_retry_ordinal": 0,
            "position": 0,
            "readiness_probe_exact": true,
            "ready_region": {
              "local_ms": 0.11488000303506851,
              "rank_max_ms": 0.11488000303506851,
              "rank_ms": [
                0.11488000303506851,
                0.11417599767446518,
                0.11184000223875046,
                0.11350400000810623
              ]
            },
            "sample_index": 26,
            "scheduled_start_arrival_ns_by_rank": [
              744674884381866,
              744674884251730,
              744674884312361,
              744674884426398
            ],
            "scheduled_start_target_ns_by_rank": [
              744674889426398,
              744674889426398,
              744674889426398,
              744674889426398
            ],
            "start_record_bracket_ns_by_rank": [
              [
                744674889427253,
                744674889454855
              ],
              [
                744674889427125,
                744674889454129
              ],
              [
                744674889427284,
                744674889453857
              ],
              [
                744674889427091,
                744674889449765
              ]
            ],
            "start_record_envelope_span_ns": 27764,
            "variant": 1
          }
        },
        "variant": 1
      },
      {
        "accepted": true,
        "attempt_id": 29,
        "logical_pair_index": 27,
        "order": [
          "candidate",
          "reference"
        ],
        "rejection_reasons": [],
        "retry_ordinal": 0,
        "samples": {
          "candidate": {
            "collective_only": {
              "local_ms": 0.03167999908328056,
              "rank_max_ms": 0.03513599932193756,
              "rank_ms": [
                0.03167999908328056,
                0.030559999868273735,
                0.02800000086426735,
                0.03513599932193756
              ]
            },
            "pair_attempt_id": 29,
            "pair_retry_ordinal": 0,
            "position": 0,
            "readiness_probe_exact": true,
            "ready_region": {
              "local_ms": 0.11804799735546112,
              "rank_max_ms": 0.12358400225639343,
              "rank_ms": [
                0.11804799735546112,
                0.12358400225639343,
                0.1204800009727478,
                0.12137600034475327
              ]
            },
            "sample_index": 27,
            "scheduled_start_arrival_ns_by_rank": [
              744674902820150,
              744674902364611,
              744674902435040,
              744674902513141
            ],
            "scheduled_start_target_ns_by_rank": [
              744674907820150,
              744674907820150,
              744674907820150,
              744674907820150
            ],
            "start_record_bracket_ns_by_rank": [
              [
                744674907820805,
                744674907850102
              ],
              [
                744674907820952,
                744674907849546
              ],
              [
                744674907821037,
                744674907851298
              ],
              [
                744674907820886,
                744674907845962
              ]
            ],
            "start_record_envelope_span_ns": 30493,
            "variant": 0
          },
          "reference": {
            "collective_only": {
              "local_ms": 0.027456000447273254,
              "rank_max_ms": 0.04025600105524063,
              "rank_ms": [
                0.027456000447273254,
                0.03280000016093254,
                0.03311999887228012,
                0.04025600105524063
              ]
            },
            "pair_attempt_id": 29,
            "pair_retry_ordinal": 0,
            "position": 1,
            "readiness_probe_exact": true,
            "ready_region": {
              "local_ms": 0.1260479986667633,
              "rank_max_ms": 0.1260479986667633,
              "rank_ms": [
                0.1260479986667633,
                0.11913599818944931,
                0.12166400253772736,
                0.11641599982976913
              ]
            },
            "sample_index": 27,
            "scheduled_start_arrival_ns_by_rank": [
              744674912258329,
              744674911715532,
              744674911541893,
              744674911813057
            ],
            "scheduled_start_target_ns_by_rank": [
              744674917258329,
              744674917258329,
              744674917258329,
              744674917258329
            ],
            "start_record_bracket_ns_by_rank": [
              [
                744674917260627,
                744674917292281
              ],
              [
                744674917260031,
                744674917289568
              ],
              [
                744674917259565,
                744674917289685
              ],
              [
                744674917259323,
                744674917282681
              ]
            ],
            "start_record_envelope_span_ns": 32958,
            "variant": 0
          }
        },
        "variant": 0
      },
      {
        "accepted": true,
        "attempt_id": 30,
        "logical_pair_index": 28,
        "order": [
          "reference",
          "candidate"
        ],
        "rejection_reasons": [],
        "retry_ordinal": 0,
        "samples": {
          "candidate": {
            "collective_only": {
              "local_ms": 0.027456000447273254,
              "rank_max_ms": 0.03500799834728241,
              "rank_ms": [
                0.027456000447273254,
                0.03139200061559677,
                0.030559999868273735,
                0.03500799834728241
              ]
            },
            "pair_attempt_id": 30,
            "pair_retry_ordinal": 0,
            "position": 1,
            "readiness_probe_exact": true,
            "ready_region": {
              "local_ms": 0.12435200065374374,
              "rank_max_ms": 0.1249919980764389,
              "rank_ms": [
                0.12435200065374374,
                0.1196800023317337,
                0.12172800302505493,
                0.1249919980764389
              ]
            },
            "sample_index": 28,
            "scheduled_start_arrival_ns_by_rank": [
              744674930505394,
              744674930416053,
              744674930558793,
              744674930548873
            ],
            "scheduled_start_target_ns_by_rank": [
              744674935558793,
              744674935558793,
              744674935558793,
              744674935558793
            ],
            "start_record_bracket_ns_by_rank": [
              [
                744674935559804,
                744674935591036
              ],
              [
                744674935559688,
                744674935588834
              ],
              [
                744674935559657,
                744674935589737
              ],
              [
                744674935559608,
                744674935584926
              ]
            ],
            "start_record_envelope_span_ns": 31428,
            "variant": 1
          },
          "reference": {
            "collective_only": {
              "local_ms": 0.0289280004799366,
              "rank_max_ms": 0.04124800115823746,
              "rank_ms": [
                0.0289280004799366,
                0.03446400165557861,
                0.03494400158524513,
                0.04124800115823746
              ]
            },
            "pair_attempt_id": 30,
            "pair_retry_ordinal": 0,
            "position": 0,
            "readiness_probe_exact": true,
            "ready_region": {
              "local_ms": 0.13340799510478973,
              "rank_max_ms": 0.13340799510478973,
              "rank_ms": [
                0.13340799510478973,
                0.12726399302482605,
                0.13094399869441986,
                0.132192000746727
              ]
            },
            "sample_index": 28,
            "scheduled_start_arrival_ns_by_rank": [
              744674921266163,
              744674920808072,
              744674920931654,
              744674920918535
            ],
            "scheduled_start_target_ns_by_rank": [
              744674926266163,
              744674926266163,
              744674926266163,
              744674926266163
            ],
            "start_record_bracket_ns_by_rank": [
              [
                744674926267200,
                744674926304120
              ],
              [
                744674926267164,
                744674926301217
              ],
              [
                744674926267101,
                744674926301978
              ],
              [
                744674926266938,
                744674926295092
              ]
            ],
            "start_record_envelope_span_ns": 37182,
            "variant": 1
          }
        },
        "variant": 1
      },
      {
        "accepted": true,
        "attempt_id": 31,
        "logical_pair_index": 29,
        "order": [
          "candidate",
          "reference"
        ],
        "rejection_reasons": [],
        "retry_ordinal": 0,
        "samples": {
          "candidate": {
            "collective_only": {
              "local_ms": 0.027295999228954315,
              "rank_max_ms": 0.03734400123357773,
              "rank_ms": [
                0.027295999228954315,
                0.034912001341581345,
                0.03248000144958496,
                0.03734400123357773
              ]
            },
            "pair_attempt_id": 31,
            "pair_retry_ordinal": 0,
            "position": 0,
            "readiness_probe_exact": true,
            "ready_region": {
              "local_ms": 0.12467200309038162,
              "rank_max_ms": 0.12467200309038162,
              "rank_ms": [
                0.12467200309038162,
                0.11984000355005264,
                0.12160000205039978,
                0.122079998254776
              ]
            },
            "sample_index": 29,
            "scheduled_start_arrival_ns_by_rank": [
              744674940606780,
              744674939917798,
              744674940363128,
              744674940325415
            ],
            "scheduled_start_target_ns_by_rank": [
              744674945606780,
              744674945606780,
              744674945606780,
              744674945606780
            ],
            "start_record_bracket_ns_by_rank": [
              [
                744674945607870,
                744674945640905
              ],
              [
                744674945607628,
                744674945637049
              ],
              [
                744674945607820,
                744674945638199
              ],
              [
                744674945607582,
                744674945633083
              ]
            ],
            "start_record_envelope_span_ns": 33323,
            "variant": 0
          },
          "reference": {
            "collective_only": {
              "local_ms": 0.027936000376939774,
              "rank_max_ms": 0.0344959981739521,
              "rank_ms": [
                0.027936000376939774,
                0.02985600009560585,
                0.029600000008940697,
                0.0344959981739521
              ]
            },
            "pair_attempt_id": 31,
            "pair_retry_ordinal": 0,
            "position": 1,
            "readiness_probe_exact": true,
            "ready_region": {
              "local_ms": 0.11497599631547928,
              "rank_max_ms": 0.11750400066375732,
              "rank_ms": [
                0.11497599631547928,
                0.11750400066375732,
                0.11539199948310852,
                0.11299200356006622
              ]
            },
            "sample_index": 29,
            "scheduled_start_arrival_ns_by_rank": [
              744674950346492,
              744674949994702,
              744674950157347,
              744674950207402
            ],
            "scheduled_start_target_ns_by_rank": [
              744674955346492,
              744674955346492,
              744674955346492,
              744674955346492
            ],
            "start_record_bracket_ns_by_rank": [
              [
                744674955347366,
                744674955376163
              ],
              [
                744674955347275,
                744674955375438
              ],
              [
                744674955347221,
                744674955375145
              ],
              [
                744674955347200,
                744674955369713
              ]
            ],
            "start_record_envelope_span_ns": 28963,
            "variant": 0
          }
        },
        "variant": 0
      },
      {
        "accepted": true,
        "attempt_id": 32,
        "logical_pair_index": 30,
        "order": [
          "reference",
          "candidate"
        ],
        "rejection_reasons": [],
        "retry_ordinal": 0,
        "samples": {
          "candidate": {
            "collective_only": {
              "local_ms": 0.03152000159025192,
              "rank_max_ms": 0.04032000154256821,
              "rank_ms": [
                0.03152000159025192,
                0.035392001271247864,
                0.03593600168824196,
                0.04032000154256821
              ]
            },
            "pair_attempt_id": 32,
            "pair_retry_ordinal": 0,
            "position": 1,
            "readiness_probe_exact": true,
            "ready_region": {
              "local_ms": 0.13475200533866882,
              "rank_max_ms": 0.13475200533866882,
              "rank_ms": [
                0.13475200533866882,
                0.1289920061826706,
                0.13366399705410004,
                0.13312000036239624
              ]
            },
            "sample_index": 30,
            "scheduled_start_arrival_ns_by_rank": [
              744674972360334,
              744674972324816,
              744674972619051,
              744674972603966
            ],
            "scheduled_start_target_ns_by_rank": [
              744674977619051,
              744674977619051,
              744674977619051,
              744674977619051
            ],
            "start_record_bracket_ns_by_rank": [
              [
                744674977620396,
                744674977655882
              ],
              [
                744674977620438,
                744674977652914
              ],
              [
                744674977620071,
                744674977653526
              ],
              [
                744674977619892,
                744674977647562
              ]
            ],
            "start_record_envelope_span_ns": 35990,
            "variant": 1
          },
          "reference": {
            "collective_only": {
              "local_ms": 0.030368000268936157,
              "rank_max_ms": 0.038047999143600464,
              "rank_ms": [
                0.030368000268936157,
                0.03235200047492981,
                0.033440001308918,
                0.038047999143600464
              ]
            },
            "pair_attempt_id": 32,
            "pair_retry_ordinal": 0,
            "position": 0,
            "readiness_probe_exact": true,
            "ready_region": {
              "local_ms": 0.1319040060043335,
              "rank_max_ms": 0.1319040060043335,
              "rank_ms": [
                0.1319040060043335,
                0.13017599284648895,
                0.12547199428081512,
                0.12105599790811539
              ]
            },
            "sample_index": 30,
            "scheduled_start_arrival_ns_by_rank": [
              744674961222896,
              744674960702671,
              744674960819109,
              744674960886799
            ],
            "scheduled_start_target_ns_by_rank": [
              744674966222896,
              744674966222896,
              744674966222896,
              744674966222896
            ],
            "start_record_bracket_ns_by_rank": [
              [
                744674966223629,
                744674966256309
              ],
              [
                744674966223900,
                744674966255861
              ],
              [
                744674966223645,
                744674966255041
              ],
              [
                744674966223872,
                744674966249345
              ]
            ],
            "start_record_envelope_span_ns": 32680,
            "variant": 1
          }
        },
        "variant": 1
      },
      {
        "accepted": true,
        "attempt_id": 33,
        "logical_pair_index": 31,
        "order": [
          "candidate",
          "reference"
        ],
        "rejection_reasons": [],
        "retry_ordinal": 0,
        "samples": {
          "candidate": {
            "collective_only": {
              "local_ms": 0.031199999153614044,
              "rank_max_ms": 0.040511999279260635,
              "rank_ms": [
                0.031199999153614044,
                0.034432001411914825,
                0.03385600075125694,
                0.040511999279260635
              ]
            },
            "pair_attempt_id": 33,
            "pair_retry_ordinal": 0,
            "position": 0,
            "readiness_probe_exact": true,
            "ready_region": {
              "local_ms": 0.15360000729560852,
              "rank_max_ms": 0.15360000729560852,
              "rank_ms": [
                0.15360000729560852,
                0.1491519957780838,
                0.14553600549697876,
                0.14159999787807465
              ]
            },
            "sample_index": 31,
            "scheduled_start_arrival_ns_by_rank": [
              744674981108083,
              744674980890476,
              744674980943152,
              744674980905533
            ],
            "scheduled_start_target_ns_by_rank": [
              744674986108083,
              744674986108083,
              744674986108083,
              744674986108083
            ],
            "start_record_bracket_ns_by_rank": [
              [
                744674986109048,
                744674986145410
              ],
              [
                744674986109255,
                744674986144061
              ],
              [
                744674986108946,
                744674986143298
              ],
              [
                744674986108870,
                744674986136862
              ]
            ],
            "start_record_envelope_span_ns": 36540,
            "variant": 0
          },
          "reference": {
            "collective_only": {
              "local_ms": 0.03446400165557861,
              "rank_max_ms": 0.03920000046491623,
              "rank_ms": [
                0.03446400165557861,
                0.028672000393271446,
                0.033824000507593155,
                0.03920000046491623
              ]
            },
            "pair_attempt_id": 33,
            "pair_retry_ordinal": 0,
            "position": 1,
            "readiness_probe_exact": true,
            "ready_region": {
              "local_ms": 0.1459839940071106,
              "rank_max_ms": 0.14713600277900696,
              "rank_ms": [
                0.1459839940071106,
                0.14713600277900696,
                0.14560000598430634,
                0.1467200070619583
              ]
            },
            "sample_index": 31,
            "scheduled_start_arrival_ns_by_rank": [
              744674990710493,
              744674990858903,
              744674990894779,
              744674990789784
            ],
            "scheduled_start_target_ns_by_rank": [
              744674995894779,
              744674995894779,
              744674995894779,
              744674995894779
            ],
            "start_record_bracket_ns_by_rank": [
              [
                744674995895783,
                744674995927983
              ],
              [
                744674995895929,
                744674995929980
              ],
              [
                744674995895549,
                744674995928274
              ],
              [
                744674995895577,
                744674995922427
              ]
            ],
            "start_record_envelope_span_ns": 34431,
            "variant": 0
          }
        },
        "variant": 0
      },
      {
        "accepted": true,
        "attempt_id": 34,
        "logical_pair_index": 32,
        "order": [
          "reference",
          "candidate"
        ],
        "rejection_reasons": [],
        "retry_ordinal": 0,
        "samples": {
          "candidate": {
            "collective_only": {
              "local_ms": 0.025151999667286873,
              "rank_max_ms": 0.03436800092458725,
              "rank_ms": [
                0.025151999667286873,
                0.029823999851942062,
                0.029920000582933426,
                0.03436800092458725
              ]
            },
            "pair_attempt_id": 34,
            "pair_retry_ordinal": 0,
            "position": 1,
            "readiness_probe_exact": true,
            "ready_region": {
              "local_ms": 0.11648000031709671,
              "rank_max_ms": 0.11948800086975098,
              "rank_ms": [
                0.11648000031709671,
                0.11884800344705582,
                0.11695999652147293,
                0.11948800086975098
              ]
            },
            "sample_index": 32,
            "scheduled_start_arrival_ns_by_rank": [
              744675012308385,
              744675011838714,
              744675012164417,
              744675011994605
            ],
            "scheduled_start_target_ns_by_rank": [
              744675017308385,
              744675017308385,
              744675017308385,
              744675017308385
            ],
            "start_record_bracket_ns_by_rank": [
              [
                744675017309547,
                744675017339065
              ],
              [
                744675017309194,
                744675017338434
              ],
              [
                744675017309326,
                744675017337829
              ],
              [
                744675017309303,
                744675017334002
              ]
            ],
            "start_record_envelope_span_ns": 29871,
            "variant": 1
          },
          "reference": {
            "collective_only": {
              "local_ms": 0.0331839993596077,
              "rank_max_ms": 0.04016000032424927,
              "rank_ms": [
                0.0331839993596077,
                0.03062400035560131,
                0.03254399821162224,
                0.04016000032424927
              ]
            },
            "pair_attempt_id": 34,
            "pair_retry_ordinal": 0,
            "position": 0,
            "readiness_probe_exact": true,
            "ready_region": {
              "local_ms": 0.1305920034646988,
              "rank_max_ms": 0.13715200126171112,
              "rank_ms": [
                0.1305920034646988,
                0.13715200126171112,
                0.1345600038766861,
                0.13516800105571747
              ]
            },
            "sample_index": 32,
            "scheduled_start_arrival_ns_by_rank": [
              744675000785648,
              744675000736554,
              744675000560210,
              744675000705443
            ],
            "scheduled_start_target_ns_by_rank": [
              744675005785648,
              744675005785648,
              744675005785648,
              744675005785648
            ],
            "start_record_bracket_ns_by_rank": [
              [
                744675005786764,
                744675005820621
              ],
              [
                744675005786419,
                744675005821106
              ],
              [
                744675005786467,
                744675005820475
              ],
              [
                744675005786385,
                744675005814118
              ]
            ],
            "start_record_envelope_span_ns": 34721,
            "variant": 1
          }
        },
        "variant": 1
      },
      {
        "accepted": true,
        "attempt_id": 35,
        "logical_pair_index": 33,
        "order": [
          "candidate",
          "reference"
        ],
        "rejection_reasons": [],
        "retry_ordinal": 0,
        "samples": {
          "candidate": {
            "collective_only": {
              "local_ms": 0.03017600066959858,
              "rank_max_ms": 0.03734400123357773,
              "rank_ms": [
                0.03017600066959858,
                0.030912000685930252,
                0.029440000653266907,
                0.03734400123357773
              ]
            },
            "pair_attempt_id": 35,
            "pair_retry_ordinal": 0,
            "position": 0,
            "readiness_probe_exact": true,
            "ready_region": {
              "local_ms": 0.12089599668979645,
              "rank_max_ms": 0.12220799922943115,
              "rank_ms": [
                0.12089599668979645,
                0.12118399888277054,
                0.12220799922943115,
                0.11760000139474869
              ]
            },
            "sample_index": 33,
            "scheduled_start_arrival_ns_by_rank": [
              744675022478570,
              744675022508370,
              744675022446771,
              744675022580751
            ],
            "scheduled_start_target_ns_by_rank": [
              744675027580751,
              744675027580751,
              744675027580751,
              744675027580751
            ],
            "start_record_bracket_ns_by_rank": [
              [
                744675027581679,
                744675027611878
              ],
              [
                744675027581652,
                744675027611070
              ],
              [
                744675027581706,
                744675027612210
              ],
              [
                744675027581599,
                744675027605082
              ]
            ],
            "start_record_envelope_span_ns": 30611,
            "variant": 0
          },
          "reference": {
            "collective_only": {
              "local_ms": 0.03651199862360954,
              "rank_max_ms": 0.054816000163555145,
              "rank_ms": [
                0.03651199862360954,
                0.03411199897527695,
                0.03951999917626381,
                0.054816000163555145
              ]
            },
            "pair_attempt_id": 35,
            "pair_retry_ordinal": 0,
            "position": 1,
            "readiness_probe_exact": true,
            "ready_region": {
              "local_ms": 0.14284799993038177,
              "rank_max_ms": 0.14284799993038177,
              "rank_ms": [
                0.14284799993038177,
                0.13964800536632538,
                0.13264000415802002,
                0.14179199934005737
              ]
            },
            "sample_index": 33,
            "scheduled_start_arrival_ns_by_rank": [
              744675032153392,
              744675031817727,
              744675031730660,
              744675031962087
            ],
            "scheduled_start_target_ns_by_rank": [
              744675037153392,
              744675037153392,
              744675037153392,
              744675037153392
            ],
            "start_record_bracket_ns_by_rank": [
              [
                744675037154218,
                744675037199706
              ],
              [
                744675037154186,
                744675037200948
              ],
              [
                744675037153888,
                744675037197906
              ],
              [
                744675037154122,
                744675037180181
              ]
            ],
            "start_record_envelope_span_ns": 47060,
            "variant": 0
          }
        },
        "variant": 0
      },
      {
        "accepted": true,
        "attempt_id": 36,
        "logical_pair_index": 34,
        "order": [
          "reference",
          "candidate"
        ],
        "rejection_reasons": [],
        "retry_ordinal": 0,
        "samples": {
          "candidate": {
            "collective_only": {
              "local_ms": 0.03292800113558769,
              "rank_max_ms": 0.04416000097990036,
              "rank_ms": [
                0.03292800113558769,
                0.033824000507593155,
                0.03417599946260452,
                0.04416000097990036
              ]
            },
            "pair_attempt_id": 36,
            "pair_retry_ordinal": 0,
            "position": 1,
            "readiness_probe_exact": true,
            "ready_region": {
              "local_ms": 0.16617600619792938,
              "rank_max_ms": 0.16617600619792938,
              "rank_ms": [
                0.16617600619792938,
                0.16211199760437012,
                0.16448000073432922,
                0.15676799416542053
              ]
            },
            "sample_index": 34,
            "scheduled_start_arrival_ns_by_rank": [
              744675053100283,
              744675052528853,
              744675052904140,
              744675053045909
            ],
            "scheduled_start_target_ns_by_rank": [
              744675058100283,
              744675058100283,
              744675058100283,
              744675058100283
            ],
            "start_record_bracket_ns_by_rank": [
              [
                744675058101469,
                744675058138731
              ],
              [
                744675058101266,
                744675058138137
              ],
              [
                744675058101105,
                744675058139045
              ],
              [
                744675058101161,
                744675058128931
              ]
            ],
            "start_record_envelope_span_ns": 37940,
            "variant": 1
          },
          "reference": {
            "collective_only": {
              "local_ms": 0.03254399821162224,
              "rank_max_ms": 0.042047999799251556,
              "rank_ms": [
                0.03254399821162224,
                0.03235200047492981,
                0.03747199848294258,
                0.042047999799251556
              ]
            },
            "pair_attempt_id": 36,
            "pair_retry_ordinal": 0,
            "position": 0,
            "readiness_probe_exact": true,
            "ready_region": {
              "local_ms": 0.13129599392414093,
              "rank_max_ms": 0.13817599415779114,
              "rank_ms": [
                0.13129599392414093,
                0.13817599415779114,
                0.13036799430847168,
                0.1303039938211441
              ]
            },
            "sample_index": 34,
            "scheduled_start_arrival_ns_by_rank": [
              744675042338638,
              744675041960246,
              744675042444710,
              744675042375299
            ],
            "scheduled_start_target_ns_by_rank": [
              744675047444710,
              744675047444710,
              744675047444710,
              744675047444710
            ],
            "start_record_bracket_ns_by_rank": [
              [
                744675047445495,
                744675047480289
              ],
              [
                744675047445654,
                744675047481762
              ],
              [
                744675047445502,
                744675047478748
              ],
              [
                744675047445584,
                744675047472164
              ]
            ],
            "start_record_envelope_span_ns": 36267,
            "variant": 1
          }
        },
        "variant": 1
      },
      {
        "accepted": true,
        "attempt_id": 37,
        "logical_pair_index": 35,
        "order": [
          "candidate",
          "reference"
        ],
        "rejection_reasons": [],
        "retry_ordinal": 0,
        "samples": {
          "candidate": {
            "collective_only": {
              "local_ms": 0.03593600168824196,
              "rank_max_ms": 0.06159999966621399,
              "rank_ms": [
                0.03593600168824196,
                0.04105599969625473,
                0.06159999966621399,
                0.04800000041723251
              ]
            },
            "pair_attempt_id": 37,
            "pair_retry_ordinal": 0,
            "position": 0,
            "readiness_probe_exact": true,
            "ready_region": {
              "local_ms": 0.17126399278640747,
              "rank_max_ms": 0.17126399278640747,
              "rank_ms": [
                0.17126399278640747,
                0.16758400201797485,
                0.12134400010108948,
                0.16847999393939972
              ]
            },
            "sample_index": 35,
            "scheduled_start_arrival_ns_by_rank": [
              744675063364496,
              744675063218706,
              744675062966851,
              744675063317317
            ],
            "scheduled_start_target_ns_by_rank": [
              744675068364496,
              744675068364496,
              744675068364496,
              744675068364496
            ],
            "start_record_bracket_ns_by_rank": [
              [
                744675068365701,
                744675068411603
              ],
              [
                744675068365628,
                744675068409859
              ],
              [
                744675068364913,
                744675068388441
              ],
              [
                744675068365498,
                744675068401883
              ]
            ],
            "start_record_envelope_span_ns": 46690,
            "variant": 0
          },
          "reference": {
            "collective_only": {
              "local_ms": 0.030592000111937523,
              "rank_max_ms": 0.042527999728918076,
              "rank_ms": [
                0.030592000111937523,
                0.03484800085425377,
                0.03433600068092346,
                0.042527999728918076
              ]
            },
            "pair_attempt_id": 37,
            "pair_retry_ordinal": 0,
            "position": 1,
            "readiness_probe_exact": true,
            "ready_region": {
              "local_ms": 0.14319999516010284,
              "rank_max_ms": 0.14319999516010284,
              "rank_ms": [
                0.14319999516010284,
                0.13884800672531128,
                0.13971200585365295,
                0.13203200697898865
              ]
            },
            "sample_index": 35,
            "scheduled_start_arrival_ns_by_rank": [
              744675074506829,
              744675073940613,
              744675074416962,
              744675074218413
            ],
            "scheduled_start_target_ns_by_rank": [
              744675079506829,
              744675079506829,
              744675079506829,
              744675079506829
            ],
            "start_record_bracket_ns_by_rank": [
              [
                744675079507853,
                744675079544682
              ],
              [
                744675079507893,
                744675079542444
              ],
              [
                744675079507752,
                744675079543427
              ],
              [
                744675079507558,
                744675079535711
              ]
            ],
            "start_record_envelope_span_ns": 37124,
            "variant": 0
          }
        },
        "variant": 0
      },
      {
        "accepted": true,
        "attempt_id": 38,
        "logical_pair_index": 36,
        "order": [
          "reference",
          "candidate"
        ],
        "rejection_reasons": [],
        "retry_ordinal": 0,
        "samples": {
          "candidate": {
            "collective_only": {
              "local_ms": 0.031007999554276466,
              "rank_max_ms": 0.036896001547575,
              "rank_ms": [
                0.031007999554276466,
                0.030079999938607216,
                0.03340800106525421,
                0.036896001547575
              ]
            },
            "pair_attempt_id": 38,
            "pair_retry_ordinal": 0,
            "position": 1,
            "readiness_probe_exact": true,
            "ready_region": {
              "local_ms": 0.12300799787044525,
              "rank_max_ms": 0.1260479986667633,
              "rank_ms": [
                0.12300799787044525,
                0.12374400347471237,
                0.12243200093507767,
                0.1260479986667633
              ]
            },
            "sample_index": 36,
            "scheduled_start_arrival_ns_by_rank": [
              744675093447217,
              744675093293878,
              744675093391448,
              744675093438985
            ],
            "scheduled_start_target_ns_by_rank": [
              744675098447217,
              744675098447217,
              744675098447217,
              744675098447217
            ],
            "start_record_bracket_ns_by_rank": [
              [
                744675098448261,
                744675098479953
              ],
              [
                744675098448584,
                744675098479734
              ],
              [
                744675098448059,
                744675098477681
              ],
              [
                744675098447971,
                744675098474117
              ]
            ],
            "start_record_envelope_span_ns": 31982,
            "variant": 1
          },
          "reference": {
            "collective_only": {
              "local_ms": 0.03136000037193298,
              "rank_max_ms": 0.03574400022625923,
              "rank_ms": [
                0.03136000037193298,
                0.030271999537944794,
                0.030527999624609947,
                0.03574400022625923
              ]
            },
            "pair_attempt_id": 38,
            "pair_retry_ordinal": 0,
            "position": 0,
            "readiness_probe_exact": true,
            "ready_region": {
              "local_ms": 0.12323199957609177,
              "rank_max_ms": 0.12876799702644348,
              "rank_ms": [
                0.12323199957609177,
                0.12611199915409088,
                0.12876799702644348,
                0.127360001206398
              ]
            },
            "sample_index": 36,
            "scheduled_start_arrival_ns_by_rank": [
              744675083795525,
              744675083665397,
              744675083823261,
              744675083728060
            ],
            "scheduled_start_target_ns_by_rank": [
              744675088823261,
              744675088823261,
              744675088823261,
              744675088823261
            ],
            "start_record_bracket_ns_by_rank": [
              [
                744675088824194,
                744675088855956
              ],
              [
                744675088824138,
                744675088856202
              ],
              [
                744675088824283,
                744675088856842
              ],
              [
                744675088824136,
                744675088850970
              ]
            ],
            "start_record_envelope_span_ns": 32706,
            "variant": 1
          }
        },
        "variant": 1
      },
      {
        "accepted": true,
        "attempt_id": 39,
        "logical_pair_index": 37,
        "order": [
          "candidate",
          "reference"
        ],
        "rejection_reasons": [],
        "retry_ordinal": 0,
        "samples": {
          "candidate": {
            "collective_only": {
              "local_ms": 0.034752000123262405,
              "rank_max_ms": 0.04016000032424927,
              "rank_ms": [
                0.034752000123262405,
                0.030559999868273735,
                0.03558399900794029,
                0.04016000032424927
              ]
            },
            "pair_attempt_id": 39,
            "pair_retry_ordinal": 0,
            "position": 0,
            "readiness_probe_exact": true,
            "ready_region": {
              "local_ms": 0.12278400361537933,
              "rank_max_ms": 0.13366399705410004,
              "rank_ms": [
                0.12278400361537933,
                0.13366399705410004,
                0.1233920007944107,
                0.12179200351238251
              ]
            },
            "sample_index": 37,
            "scheduled_start_arrival_ns_by_rank": [
              744675102826838,
              744675102451579,
              744675102804271,
              744675102539385
            ],
            "scheduled_start_target_ns_by_rank": [
              744675107826838,
              744675107826838,
              744675107826838,
              744675107826838
            ],
            "start_record_bracket_ns_by_rank": [
              [
                744675107827618,
                744675107859476
              ],
              [
                744675107827638,
                744675107861310
              ],
              [
                744675107827627,
                744675107858903
              ],
              [
                744675107827490,
                744675107853086
              ]
            ],
            "start_record_envelope_span_ns": 33820,
            "variant": 0
          },
          "reference": {
            "collective_only": {
              "local_ms": 0.033535998314619064,
              "rank_max_ms": 0.04124800115823746,
              "rank_ms": [
                0.033535998314619064,
                0.034623999148607254,
                0.03612799942493439,
                0.04124800115823746
              ]
            },
            "pair_attempt_id": 39,
            "pair_retry_ordinal": 0,
            "position": 1,
            "readiness_probe_exact": true,
            "ready_region": {
              "local_ms": 0.14137600362300873,
              "rank_max_ms": 0.14137600362300873,
              "rank_ms": [
                0.14137600362300873,
                0.1398400068283081,
                0.13743999600410461,
                0.13868799805641174
              ]
            },
            "sample_index": 37,
            "scheduled_start_arrival_ns_by_rank": [
              744675113152405,
              744675112676499,
              744675113176755,
              744675113281012
            ],
            "scheduled_start_target_ns_by_rank": [
              744675118281012,
              744675118281012,
              744675118281012,
              744675118281012
            ],
            "start_record_bracket_ns_by_rank": [
              [
                744675118282093,
                744675118317340
              ],
              [
                744675118281896,
                744675118317263
              ],
              [
                744675118281907,
                744675118315778
              ],
              [
                744675118281777,
                744675118309935
              ]
            ],
            "start_record_envelope_span_ns": 35563,
            "variant": 0
          }
        },
        "variant": 0
      },
      {
        "accepted": true,
        "attempt_id": 40,
        "logical_pair_index": 38,
        "order": [
          "reference",
          "candidate"
        ],
        "rejection_reasons": [],
        "retry_ordinal": 0,
        "samples": {
          "candidate": {
            "collective_only": {
              "local_ms": 0.032127998769283295,
              "rank_max_ms": 0.041152000427246094,
              "rank_ms": [
                0.032127998769283295,
                0.03407999873161316,
                0.032255999743938446,
                0.041152000427246094
              ]
            },
            "pair_attempt_id": 40,
            "pair_retry_ordinal": 0,
            "position": 1,
            "readiness_probe_exact": true,
            "ready_region": {
              "local_ms": 0.130048006772995,
              "rank_max_ms": 0.13571199774742126,
              "rank_ms": [
                0.130048006772995,
                0.13340799510478973,
                0.13571199774742126,
                0.1311040073633194
              ]
            },
            "sample_index": 38,
            "scheduled_start_arrival_ns_by_rank": [
              744675132553727,
              744675132614565,
              744675132597074,
              744675132508609
            ],
            "scheduled_start_target_ns_by_rank": [
              744675137614565,
              744675137614565,
              744675137614565,
              744675137614565
            ],
            "start_record_bracket_ns_by_rank": [
              [
                744675137615611,
                744675137648717
              ],
              [
                744675137615558,
                744675137647812
              ],
              [
                744675137615543,
                744675137649025
              ],
              [
                744675137615458,
                744675137641516
              ]
            ],
            "start_record_envelope_span_ns": 33567,
            "variant": 1
          },
          "reference": {
            "collective_only": {
              "local_ms": 0.03750399872660637,
              "rank_max_ms": 0.05536000058054924,
              "rank_ms": [
                0.03750399872660637,
                0.036639999598264694,
                0.039423998445272446,
                0.05536000058054924
              ]
            },
            "pair_attempt_id": 40,
            "pair_retry_ordinal": 0,
            "position": 0,
            "readiness_probe_exact": true,
            "ready_region": {
              "local_ms": 0.15641599893569946,
              "rank_max_ms": 0.1666879951953888,
              "rank_ms": [
                0.15641599893569946,
                0.1568319946527481,
                0.15535999834537506,
                0.1666879951953888
              ]
            },
            "sample_index": 38,
            "scheduled_start_arrival_ns_by_rank": [
              744675123980374,
              744675123733936,
              744675124145895,
              744675123991818
            ],
            "scheduled_start_target_ns_by_rank": [
              744675129145895,
              744675129145895,
              744675129145895,
              744675129145895
            ],
            "start_record_bracket_ns_by_rank": [
              [
                744675129146936,
                744675129198188
              ],
              [
                744675129147206,
                744675129198457
              ],
              [
                744675129147022,
                744675129196512
              ],
              [
                744675129146948,
                744675129179014
              ]
            ],
            "start_record_envelope_span_ns": 51521,
            "variant": 1
          }
        },
        "variant": 1
      },
      {
        "accepted": true,
        "attempt_id": 41,
        "logical_pair_index": 39,
        "order": [
          "candidate",
          "reference"
        ],
        "rejection_reasons": [],
        "retry_ordinal": 0,
        "samples": {
          "candidate": {
            "collective_only": {
              "local_ms": 0.2144639939069748,
              "rank_max_ms": 0.22249600291252136,
              "rank_ms": [
                0.2144639939069748,
                0.21721599996089935,
                0.031968001276254654,
                0.22249600291252136
              ]
            },
            "pair_attempt_id": 41,
            "pair_retry_ordinal": 0,
            "position": 0,
            "readiness_probe_exact": true,
            "ready_region": {
              "local_ms": 0.2234559953212738,
              "rank_max_ms": 0.23241600394248962,
              "rank_ms": [
                0.2234559953212738,
                0.22646400332450867,
                0.17084799706935883,
                0.23241600394248962
              ]
            },
            "sample_index": 39,
            "scheduled_start_arrival_ns_by_rank": [
              744675141896013,
              744675141533945,
              744675141831496,
              744675141742905
            ],
            "scheduled_start_target_ns_by_rank": [
              744675146896013,
              744675146896013,
              744675146896013,
              744675146896013
            ],
            "start_record_bracket_ns_by_rank": [
              [
                744675146896784,
                744675146937641
              ],
              [
                744675146896855,
                744675146935008
              ],
              [
                744675147081937,
                744675147118100
              ],
              [
                744675146896663,
                744675146927980
              ]
            ],
            "start_record_envelope_span_ns": 221437,
            "variant": 0
          },
          "reference": {
            "collective_only": {
              "local_ms": 0.031231999397277832,
              "rank_max_ms": 0.038943998515605927,
              "rank_ms": [
                0.031231999397277832,
                0.03222399950027466,
                0.03532800078392029,
                0.038943998515605927
              ]
            },
            "pair_attempt_id": 41,
            "pair_retry_ordinal": 0,
            "position": 1,
            "readiness_probe_exact": true,
            "ready_region": {
              "local_ms": 0.13014400005340576,
              "rank_max_ms": 0.13014400005340576,
              "rank_ms": [
                0.13014400005340576,
                0.1271039992570877,
                0.1207360029220581,
                0.11955200135707855
              ]
            },
            "sample_index": 39,
            "scheduled_start_arrival_ns_by_rank": [
              744675151415341,
              744675151244180,
              744675151590994,
              744675151499153
            ],
            "scheduled_start_target_ns_by_rank": [
              744675156590994,
              744675156590994,
              744675156590994,
              744675156590994
            ],
            "start_record_bracket_ns_by_rank": [
              [
                744675156592016,
                744675156624527
              ],
              [
                744675156592130,
                744675156624855
              ],
              [
                744675156592040,
                744675156621952
              ],
              [
                744675156591828,
                744675156616593
              ]
            ],
            "start_record_envelope_span_ns": 33027,
            "variant": 0
          }
        },
        "variant": 0
      },
      {
        "accepted": true,
        "attempt_id": 42,
        "logical_pair_index": 40,
        "order": [
          "reference",
          "candidate"
        ],
        "rejection_reasons": [],
        "retry_ordinal": 0,
        "samples": {
          "candidate": {
            "collective_only": {
              "local_ms": 0.026048000901937485,
              "rank_max_ms": 0.04163200035691261,
              "rank_ms": [
                0.026048000901937485,
                0.029632000252604485,
                0.029823999851942062,
                0.04163200035691261
              ]
            },
            "pair_attempt_id": 42,
            "pair_retry_ordinal": 0,
            "position": 1,
            "readiness_probe_exact": true,
            "ready_region": {
              "local_ms": 0.11321599781513214,
              "rank_max_ms": 0.11321599781513214,
              "rank_ms": [
                0.11321599781513214,
                0.10867200046777725,
                0.11212799698114395,
                0.09247999638319016
              ]
            },
            "sample_index": 40,
            "scheduled_start_arrival_ns_by_rank": [
              744675169367814,
              744675168866182,
              744675169399266,
              744675169134724
            ],
            "scheduled_start_target_ns_by_rank": [
              744675174399266,
              744675174399266,
              744675174399266,
              744675174399266
            ],
            "start_record_bracket_ns_by_rank": [
              [
                744675174400429,
                744675174428098
              ],
              [
                744675174399814,
                744675174426957
              ],
              [
                744675174399957,
                744675174427008
              ],
              [
                744675174399842,
                744675174414640
              ]
            ],
            "start_record_envelope_span_ns": 28284,
            "variant": 1
          },
          "reference": {
            "collective_only": {
              "local_ms": 0.03254399821162224,
              "rank_max_ms": 0.034432001411914825,
              "rank_ms": [
                0.03254399821162224,
                0.034432001411914825,
                0.028351999819278717,
                0.03340800106525421
              ]
            },
            "pair_attempt_id": 42,
            "pair_retry_ordinal": 0,
            "position": 0,
            "readiness_probe_exact": true,
            "ready_region": {
              "local_ms": 0.11856000125408173,
              "rank_max_ms": 0.12240000069141388,
              "rank_ms": [
                0.11856000125408173,
                0.11376000195741653,
                0.12160000205039978,
                0.12240000069141388
              ]
            },
            "sample_index": 40,
            "scheduled_start_arrival_ns_by_rank": [
              744675160623224,
              744675160242814,
              744675160485814,
              744675160431836
            ],
            "scheduled_start_target_ns_by_rank": [
              744675165623224,
              744675165623224,
              744675165623224,
              744675165623224
            ],
            "start_record_bracket_ns_by_rank": [
              [
                744675165624062,
                744675165654693
              ],
              [
                744675165623816,
                744675165654223
              ],
              [
                744675165624112,
                744675165658992
              ],
              [
                744675165624122,
                744675165654839
              ]
            ],
            "start_record_envelope_span_ns": 35176,
            "variant": 1
          }
        },
        "variant": 1
      },
      {
        "accepted": true,
        "attempt_id": 43,
        "logical_pair_index": 41,
        "order": [
          "candidate",
          "reference"
        ],
        "rejection_reasons": [],
        "retry_ordinal": 0,
        "samples": {
          "candidate": {
            "collective_only": {
              "local_ms": 0.03219199925661087,
              "rank_max_ms": 0.03622400015592575,
              "rank_ms": [
                0.03219199925661087,
                0.027807999402284622,
                0.031136000528931618,
                0.03622400015592575
              ]
            },
            "pair_attempt_id": 43,
            "pair_retry_ordinal": 0,
            "position": 0,
            "readiness_probe_exact": true,
            "ready_region": {
              "local_ms": 0.1318719983100891,
              "rank_max_ms": 0.13836799561977386,
              "rank_ms": [
                0.1318719983100891,
                0.13836799561977386,
                0.1348479986190796,
                0.12969599664211273
              ]
            },
            "sample_index": 41,
            "scheduled_start_arrival_ns_by_rank": [
              744675178846829,
              744675178571140,
              744675178788471,
              744675178922792
            ],
            "scheduled_start_target_ns_by_rank": [
              744675183922792,
              744675183922792,
              744675183922792,
              744675183922792
            ],
            "start_record_bracket_ns_by_rank": [
              [
                744675183923642,
                744675183953249
              ],
              [
                744675183923880,
                744675183955292
              ],
              [
                744675183923591,
                744675183953935
              ],
              [
                744675183923603,
                744675183948157
              ]
            ],
            "start_record_envelope_span_ns": 31701,
            "variant": 0
          },
          "reference": {
            "collective_only": {
              "local_ms": 0.03561599925160408,
              "rank_max_ms": 0.04255999997258186,
              "rank_ms": [
                0.03561599925160408,
                0.03452799841761589,
                0.03657599911093712,
                0.04255999997258186
              ]
            },
            "pair_attempt_id": 43,
            "pair_retry_ordinal": 0,
            "position": 1,
            "readiness_probe_exact": true,
            "ready_region": {
              "local_ms": 0.13743999600410461,
              "rank_max_ms": 0.14108799397945404,
              "rank_ms": [
                0.13743999600410461,
                0.14108799397945404,
                0.1377280056476593,
                0.1353919953107834
              ]
            },
            "sample_index": 41,
            "scheduled_start_arrival_ns_by_rank": [
              744675191914837,
              744675191542230,
              744675191662874,
              744675191582174
            ],
            "scheduled_start_target_ns_by_rank": [
              744675196914837,
              744675196914837,
              744675196914837,
              744675196914837
            ],
            "start_record_bracket_ns_by_rank": [
              [
                744675196915642,
                744675196946352
              ],
              [
                744675196915589,
                744675196946331
              ],
              [
                744675196915550,
                744675196945072
              ],
              [
                744675196915466,
                744675196938667
              ]
            ],
            "start_record_envelope_span_ns": 30886,
            "variant": 0
          }
        },
        "variant": 0
      },
      {
        "accepted": true,
        "attempt_id": 44,
        "logical_pair_index": 42,
        "order": [
          "reference",
          "candidate"
        ],
        "rejection_reasons": [],
        "retry_ordinal": 0,
        "samples": {
          "candidate": {
            "collective_only": {
              "local_ms": 0.029600000008940697,
              "rank_max_ms": 0.03551999852061272,
              "rank_ms": [
                0.029600000008940697,
                0.02796800062060356,
                0.030208000913262367,
                0.03551999852061272
              ]
            },
            "pair_attempt_id": 44,
            "pair_retry_ordinal": 0,
            "position": 1,
            "readiness_probe_exact": true,
            "ready_region": {
              "local_ms": 0.11369600147008896,
              "rank_max_ms": 0.13283200562000275,
              "rank_ms": [
                0.11369600147008896,
                0.13283200562000275,
                0.11660800129175186,
                0.11452800035476685
              ]
            },
            "sample_index": 42,
            "scheduled_start_arrival_ns_by_rank": [
              744675210863915,
              744675210933364,
              744675211037253,
              744675211024540
            ],
            "scheduled_start_target_ns_by_rank": [
              744675216037253,
              744675216037253,
              744675216037253,
              744675216037253
            ],
            "start_record_bracket_ns_by_rank": [
              [
                744675216038162,
                744675216066790
              ],
              [
                744675216038006,
                744675216067530
              ],
              [
                744675216038202,
                744675216067487
              ],
              [
                744675216038108,
                744675216061370
              ]
            ],
            "start_record_envelope_span_ns": 29524,
            "variant": 1
          },
          "reference": {
            "collective_only": {
              "local_ms": 0.028255999088287354,
              "rank_max_ms": 0.03916800022125244,
              "rank_ms": [
                0.028255999088287354,
                0.033824000507593155,
                0.03328000009059906,
                0.03916800022125244
              ]
            },
            "pair_attempt_id": 44,
            "pair_retry_ordinal": 0,
            "position": 0,
            "readiness_probe_exact": true,
            "ready_region": {
              "local_ms": 0.12758399546146393,
              "rank_max_ms": 0.12758399546146393,
              "rank_ms": [
                0.12758399546146393,
                0.11900799721479416,
                0.1260800063610077,
                0.12124799937009811
              ]
            },
            "sample_index": 42,
            "scheduled_start_arrival_ns_by_rank": [
              744675201467199,
              744675201169442,
              744675201383041,
              744675201303999
            ],
            "scheduled_start_target_ns_by_rank": [
              744675206467199,
              744675206467199,
              744675206467199,
              744675206467199
            ],
            "start_record_bracket_ns_by_rank": [
              [
                744675206468068,
                744675206500963
              ],
              [
                744675206468039,
                744675206497598
              ],
              [
                744675206468075,
                744675206499159
              ],
              [
                744675206468001,
                744675206492081
              ]
            ],
            "start_record_envelope_span_ns": 32962,
            "variant": 1
          }
        },
        "variant": 1
      },
      {
        "accepted": true,
        "attempt_id": 45,
        "logical_pair_index": 43,
        "order": [
          "candidate",
          "reference"
        ],
        "rejection_reasons": [],
        "retry_ordinal": 0,
        "samples": {
          "candidate": {
            "collective_only": {
              "local_ms": 0.027904000133275986,
              "rank_max_ms": 0.03718400001525879,
              "rank_ms": [
                0.027904000133275986,
                0.030688000842928886,
                0.03235200047492981,
                0.03718400001525879
              ]
            },
            "pair_attempt_id": 45,
            "pair_retry_ordinal": 0,
            "position": 0,
            "readiness_probe_exact": true,
            "ready_region": {
              "local_ms": 0.12028799951076508,
              "rank_max_ms": 0.12156800180673599,
              "rank_ms": [
                0.12028799951076508,
                0.12156800180673599,
                0.11680000275373459,
                0.11369600147008896
              ]
            },
            "sample_index": 43,
            "scheduled_start_arrival_ns_by_rank": [
              744675219798041,
              744675220075731,
              744675220496679,
              744675220029511
            ],
            "scheduled_start_target_ns_by_rank": [
              744675225496679,
              744675225496679,
              744675225496679,
              744675225496679
            ],
            "start_record_bracket_ns_by_rank": [
              [
                744675225497649,
                744675225527990
              ],
              [
                744675225497466,
                744675225526973
              ],
              [
                744675225497405,
                744675225526045
              ],
              [
                744675225497419,
                744675225520337
              ]
            ],
            "start_record_envelope_span_ns": 30585,
            "variant": 0
          },
          "reference": {
            "collective_only": {
              "local_ms": 0.030208000913262367,
              "rank_max_ms": 0.04076800122857094,
              "rank_ms": [
                0.030208000913262367,
                0.03267199918627739,
                0.03417599946260452,
                0.04076800122857094
              ]
            },
            "pair_attempt_id": 45,
            "pair_retry_ordinal": 0,
            "position": 1,
            "readiness_probe_exact": true,
            "ready_region": {
              "local_ms": 0.12886400520801544,
              "rank_max_ms": 0.12886400520801544,
              "rank_ms": [
                0.12886400520801544,
                0.12851199507713318,
                0.12515200674533844,
                0.11897599697113037
              ]
            },
            "sample_index": 43,
            "scheduled_start_arrival_ns_by_rank": [
              744675230487463,
              744675230349667,
              744675230313090,
              744675230484726
            ],
            "scheduled_start_target_ns_by_rank": [
              744675235487463,
              744675235487463,
              744675235487463,
              744675235487463
            ],
            "start_record_bracket_ns_by_rank": [
              [
                744675235488666,
                744675235521374
              ],
              [
                744675235488285,
                744675235520323
              ],
              [
                744675235488228,
                744675235518470
              ],
              [
                744675235488174,
                744675235512396
              ]
            ],
            "start_record_envelope_span_ns": 33200,
            "variant": 0
          }
        },
        "variant": 0
      },
      {
        "accepted": true,
        "attempt_id": 46,
        "logical_pair_index": 44,
        "order": [
          "reference",
          "candidate"
        ],
        "rejection_reasons": [],
        "retry_ordinal": 0,
        "samples": {
          "candidate": {
            "collective_only": {
              "local_ms": 0.026976000517606735,
              "rank_max_ms": 0.038336001336574554,
              "rank_ms": [
                0.026976000517606735,
                0.030432000756263733,
                0.030592000111937523,
                0.038336001336574554
              ]
            },
            "pair_attempt_id": 46,
            "pair_retry_ordinal": 0,
            "position": 1,
            "readiness_probe_exact": true,
            "ready_region": {
              "local_ms": 0.11878400295972824,
              "rank_max_ms": 0.11878400295972824,
              "rank_ms": [
                0.11878400295972824,
                0.1173119992017746,
                0.11747200042009354,
                0.10092800110578537
              ]
            },
            "sample_index": 44,
            "scheduled_start_arrival_ns_by_rank": [
              744675250551096,
              744675250037679,
              744675250366623,
              744675250339313
            ],
            "scheduled_start_target_ns_by_rank": [
              744675255551096,
              744675255551096,
              744675255551096,
              744675255551096
            ],
            "start_record_bracket_ns_by_rank": [
              [
                744675255552122,
                744675255581376
              ],
              [
                744675255551803,
                744675255580331
              ],
              [
                744675255551818,
                744675255580020
              ],
              [
                744675255551729,
                744675255573087
              ]
            ],
            "start_record_envelope_span_ns": 29647,
            "variant": 1
          },
          "reference": {
            "collective_only": {
              "local_ms": 0.028416000306606293,
              "rank_max_ms": 0.03916800022125244,
              "rank_ms": [
                0.028416000306606293,
                0.03379200026392937,
                0.03372799977660179,
                0.03916800022125244
              ]
            },
            "pair_attempt_id": 46,
            "pair_retry_ordinal": 0,
            "position": 0,
            "readiness_probe_exact": true,
            "ready_region": {
              "local_ms": 0.1297920048236847,
              "rank_max_ms": 0.1297920048236847,
              "rank_ms": [
                0.1297920048236847,
                0.12326399981975555,
                0.12531200051307678,
                0.12332800030708313
              ]
            },
            "sample_index": 44,
            "scheduled_start_arrival_ns_by_rank": [
              744675241632228,
              744675241241382,
              744675241029231,
              744675241396720
            ],
            "scheduled_start_target_ns_by_rank": [
              744675246632228,
              744675246632228,
              744675246632228,
              744675246632228
            ],
            "start_record_bracket_ns_by_rank": [
              [
                744675246633161,
                744675246666150
              ],
              [
                744675246633026,
                744675246663264
              ],
              [
                744675246633207,
                744675246664563
              ],
              [
                744675246632956,
                744675246658312
              ]
            ],
            "start_record_envelope_span_ns": 33194,
            "variant": 1
          }
        },
        "variant": 1
      },
      {
        "accepted": true,
        "attempt_id": 47,
        "logical_pair_index": 45,
        "order": [
          "candidate",
          "reference"
        ],
        "rejection_reasons": [],
        "retry_ordinal": 0,
        "samples": {
          "candidate": {
            "collective_only": {
              "local_ms": 0.029952000826597214,
              "rank_max_ms": 0.04495999962091446,
              "rank_ms": [
                0.029952000826597214,
                0.03267199918627739,
                0.03209599852561951,
                0.04495999962091446
              ]
            },
            "pair_attempt_id": 47,
            "pair_retry_ordinal": 0,
            "position": 0,
            "readiness_probe_exact": true,
            "ready_region": {
              "local_ms": 0.12108799815177917,
              "rank_max_ms": 0.12108799815177917,
              "rank_ms": [
                0.12108799815177917,
                0.11791999638080597,
                0.11695999652147293,
                0.09292799979448318
              ]
            },
            "sample_index": 45,
            "scheduled_start_arrival_ns_by_rank": [
              744675260383842,
              744675260173363,
              744675260310165,
              744675260307291
            ],
            "scheduled_start_target_ns_by_rank": [
              744675265383842,
              744675265383842,
              744675265383842,
              744675265383842
            ],
            "start_record_bracket_ns_by_rank": [
              [
                744675265384613,
                744675265411647
              ],
              [
                744675265384515,
                744675265412645
              ],
              [
                744675265384636,
                744675265412938
              ],
              [
                744675265384311,
                744675265398940
              ]
            ],
            "start_record_envelope_span_ns": 28627,
            "variant": 0
          },
          "reference": {
            "collective_only": {
              "local_ms": 0.030559999868273735,
              "rank_max_ms": 0.03452799841761589,
              "rank_ms": [
                0.030559999868273735,
                0.029664000496268272,
                0.028511999174952507,
                0.03452799841761589
              ]
            },
            "pair_attempt_id": 47,
            "pair_retry_ordinal": 0,
            "position": 1,
            "readiness_probe_exact": true,
            "ready_region": {
              "local_ms": 0.11939200013875961,
              "rank_max_ms": 0.12505599856376648,
              "rank_ms": [
                0.11939200013875961,
                0.11859200149774551,
                0.11932799965143204,
                0.12505599856376648
              ]
            },
            "sample_index": 45,
            "scheduled_start_arrival_ns_by_rank": [
              744675270165164,
              744675270071935,
              744675269796612,
              744675270205179
            ],
            "scheduled_start_target_ns_by_rank": [
              744675275205179,
              744675275205179,
              744675275205179,
              744675275205179
            ],
            "start_record_bracket_ns_by_rank": [
              [
                744675275206318,
                744675275235208
              ],
              [
                744675275206004,
                744675275234548
              ],
              [
                744675275205987,
                744675275234708
              ],
              [
                744675275205729,
                744675275231366
              ]
            ],
            "start_record_envelope_span_ns": 29479,
            "variant": 0
          }
        },
        "variant": 0
      },
      {
        "accepted": true,
        "attempt_id": 48,
        "logical_pair_index": 46,
        "order": [
          "reference",
          "candidate"
        ],
        "rejection_reasons": [],
        "retry_ordinal": 0,
        "samples": {
          "candidate": {
            "collective_only": {
              "local_ms": 0.026688000187277794,
              "rank_max_ms": 0.03542400151491165,
              "rank_ms": [
                0.026688000187277794,
                0.03139200061559677,
                0.030688000842928886,
                0.03542400151491165
              ]
            },
            "pair_attempt_id": 48,
            "pair_retry_ordinal": 0,
            "position": 1,
            "readiness_probe_exact": true,
            "ready_region": {
              "local_ms": 0.11788800358772278,
              "rank_max_ms": 0.11788800358772278,
              "rank_ms": [
                0.11788800358772278,
                0.11481600254774094,
                0.11558400094509125,
                0.1122559979557991
              ]
            },
            "sample_index": 46,
            "scheduled_start_arrival_ns_by_rank": [
              744675289542704,
              744675289318561,
              744675289351021,
              744675289339417
            ],
            "scheduled_start_target_ns_by_rank": [
              744675294542704,
              744675294542704,
              744675294542704,
              744675294542704
            ],
            "start_record_bracket_ns_by_rank": [
              [
                744675294543654,
                744675294573530
              ],
              [
                744675294543540,
                744675294571154
              ],
              [
                744675294543441,
                744675294571450
              ],
              [
                744675294543527,
                744675294566588
              ]
            ],
            "start_record_envelope_span_ns": 30089,
            "variant": 1
          },
          "reference": {
            "collective_only": {
              "local_ms": 0.02768000029027462,
              "rank_max_ms": 0.034912001341581345,
              "rank_ms": [
                0.02768000029027462,
                0.029023999348282814,
                0.030400000512599945,
                0.034912001341581345
              ]
            },
            "pair_attempt_id": 48,
            "pair_retry_ordinal": 0,
            "position": 0,
            "readiness_probe_exact": true,
            "ready_region": {
              "local_ms": 0.11231999844312668,
              "rank_max_ms": 0.11231999844312668,
              "rank_ms": [
                0.11231999844312668,
                0.11168000102043152,
                0.1058880016207695,
                0.10198400169610977
              ]
            },
            "sample_index": 46,
            "scheduled_start_arrival_ns_by_rank": [
              744675279468530,
              744675278776683,
              744675279165298,
              744675278946072
            ],
            "scheduled_start_target_ns_by_rank": [
              744675284468530,
              744675284468530,
              744675284468530,
              744675284468530
            ],
            "start_record_bracket_ns_by_rank": [
              [
                744675284469503,
                744675284497256
              ],
              [
                744675284469310,
                744675284496162
              ],
              [
                744675284469190,
                744675284494728
              ],
              [
                744675284469158,
                744675284489995
              ]
            ],
            "start_record_envelope_span_ns": 28098,
            "variant": 1
          }
        },
        "variant": 1
      },
      {
        "accepted": true,
        "attempt_id": 49,
        "logical_pair_index": 47,
        "order": [
          "candidate",
          "reference"
        ],
        "rejection_reasons": [],
        "retry_ordinal": 0,
        "samples": {
          "candidate": {
            "collective_only": {
              "local_ms": 0.027103999629616737,
              "rank_max_ms": 0.03215999901294708,
              "rank_ms": [
                0.027103999629616737,
                0.02844800055027008,
                0.029152000322937965,
                0.03215999901294708
              ]
            },
            "pair_attempt_id": 49,
            "pair_retry_ordinal": 0,
            "position": 0,
            "readiness_probe_exact": true,
            "ready_region": {
              "local_ms": 0.11164800077676773,
              "rank_max_ms": 0.11164800077676773,
              "rank_ms": [
                0.11164800077676773,
                0.1090880036354065,
                0.10953599959611893,
                0.11011199653148651
              ]
            },
            "sample_index": 47,
            "scheduled_start_arrival_ns_by_rank": [
              744675298406226,
              744675298487604,
              744675298502050,
              744675298645471
            ],
            "scheduled_start_target_ns_by_rank": [
              744675303645471,
              744675303645471,
              744675303645471,
              744675303645471
            ],
            "start_record_bracket_ns_by_rank": [
              [
                744675303646283,
                744675303673185
              ],
              [
                744675303646146,
                744675303672565
              ],
              [
                744675303646194,
                744675303672324
              ],
              [
                744675303646221,
                744675303669265
              ]
            ],
            "start_record_envelope_span_ns": 27039,
            "variant": 0
          },
          "reference": {
            "collective_only": {
              "local_ms": 0.028224000707268715,
              "rank_max_ms": 0.03734400123357773,
              "rank_ms": [
                0.028224000707268715,
                0.03203200176358223,
                0.03356799855828285,
                0.03734400123357773
              ]
            },
            "pair_attempt_id": 49,
            "pair_retry_ordinal": 0,
            "position": 1,
            "readiness_probe_exact": true,
            "ready_region": {
              "local_ms": 0.13711999356746674,
              "rank_max_ms": 0.1393280029296875,
              "rank_ms": [
                0.13711999356746674,
                0.1393280029296875,
                0.12691199779510498,
                0.1271039992570877
              ]
            },
            "sample_index": 47,
            "scheduled_start_arrival_ns_by_rank": [
              744675307817034,
              744675307849530,
              744675307765983,
              744675308058207
            ],
            "scheduled_start_target_ns_by_rank": [
              744675313058207,
              744675313058207,
              744675313058207,
              744675313058207
            ],
            "start_record_bracket_ns_by_rank": [
              [
                744675313059184,
                744675313089899
              ],
              [
                744675313059037,
                744675313087678
              ],
              [
                744675313059002,
                744675313086284
              ],
              [
                744675313058935,
                744675313081734
              ]
            ],
            "start_record_envelope_span_ns": 30964,
            "variant": 0
          }
        },
        "variant": 0
      },
      {
        "accepted": true,
        "attempt_id": 50,
        "logical_pair_index": 48,
        "order": [
          "reference",
          "candidate"
        ],
        "rejection_reasons": [],
        "retry_ordinal": 0,
        "samples": {
          "candidate": {
            "collective_only": {
              "local_ms": 0.028960000723600388,
              "rank_max_ms": 0.040352001786231995,
              "rank_ms": [
                0.028960000723600388,
                0.03404799848794937,
                0.03468799963593483,
                0.040352001786231995
              ]
            },
            "pair_attempt_id": 50,
            "pair_retry_ordinal": 0,
            "position": 1,
            "readiness_probe_exact": true,
            "ready_region": {
              "local_ms": 0.12940800189971924,
              "rank_max_ms": 0.13094399869441986,
              "rank_ms": [
                0.12940800189971924,
                0.12323199957609177,
                0.13094399869441986,
                0.12912000715732574
              ]
            },
            "sample_index": 48,
            "scheduled_start_arrival_ns_by_rank": [
              744675328276065,
              744675327819515,
              744675327699312,
              744675328123207
            ],
            "scheduled_start_target_ns_by_rank": [
              744675333276065,
              744675333276065,
              744675333276065,
              744675333276065
            ],
            "start_record_bracket_ns_by_rank": [
              [
                744675333277107,
                744675333312266
              ],
              [
                744675333276811,
                744675333309789
              ],
              [
                744675333277102,
                744675333309729
              ],
              [
                744675333276885,
                744675333303851
              ]
            ],
            "start_record_envelope_span_ns": 35455,
            "variant": 1
          },
          "reference": {
            "collective_only": {
              "local_ms": 0.029023999348282814,
              "rank_max_ms": 0.04047999903559685,
              "rank_ms": [
                0.029023999348282814,
                0.03094400092959404,
                0.037408001720905304,
                0.04047999903559685
              ]
            },
            "pair_attempt_id": 50,
            "pair_retry_ordinal": 0,
            "position": 0,
            "readiness_probe_exact": true,
            "ready_region": {
              "local_ms": 0.13199999928474426,
              "rank_max_ms": 0.14166399836540222,
              "rank_ms": [
                0.13199999928474426,
                0.14166399836540222,
                0.12307199835777283,
                0.13155199587345123
              ]
            },
            "sample_index": 48,
            "scheduled_start_arrival_ns_by_rank": [
              744675317487288,
              744675317324073,
              744675317271322,
              744675317334391
            ],
            "scheduled_start_target_ns_by_rank": [
              744675322487288,
              744675322487288,
              744675322487288,
              744675322487288
            ],
            "start_record_bracket_ns_by_rank": [
              [
                744675322488253,
                744675322521740
              ],
              [
                744675322488063,
                744675322522063
              ],
              [
                744675322488159,
                744675322518148
              ],
              [
                744675322488023,
                744675322514944
              ]
            ],
            "start_record_envelope_span_ns": 34040,
            "variant": 1
          }
        },
        "variant": 1
      },
      {
        "accepted": true,
        "attempt_id": 51,
        "logical_pair_index": 49,
        "order": [
          "candidate",
          "reference"
        ],
        "rejection_reasons": [],
        "retry_ordinal": 0,
        "samples": {
          "candidate": {
            "collective_only": {
              "local_ms": 0.02723200060427189,
              "rank_max_ms": 0.03686400130391121,
              "rank_ms": [
                0.02723200060427189,
                0.031808000057935715,
                0.03315199911594391,
                0.03686400130391121
              ]
            },
            "pair_attempt_id": 51,
            "pair_retry_ordinal": 0,
            "position": 0,
            "readiness_probe_exact": true,
            "ready_region": {
              "local_ms": 0.12294399738311768,
              "rank_max_ms": 0.12428800016641617,
              "rank_ms": [
                0.12294399738311768,
                0.11715199798345566,
                0.1125119999051094,
                0.12428800016641617
              ]
            },
            "sample_index": 49,
            "scheduled_start_arrival_ns_by_rank": [
              744675338361005,
              744675337968883,
              744675338309501,
              744675338333362
            ],
            "scheduled_start_target_ns_by_rank": [
              744675343361005,
              744675343361005,
              744675343361005,
              744675343361005
            ],
            "start_record_bracket_ns_by_rank": [
              [
                744675343361780,
                744675343393146
              ],
              [
                744675343361977,
                744675343391871
              ],
              [
                744675343361611,
                744675343389112
              ],
              [
                744675343361762,
                744675343386757
              ]
            ],
            "start_record_envelope_span_ns": 31535,
            "variant": 0
          },
          "reference": {
            "collective_only": {
              "local_ms": 0.029311999678611755,
              "rank_max_ms": 0.039744000881910324,
              "rank_ms": [
                0.029311999678611755,
                0.03302399814128876,
                0.03519999980926514,
                0.039744000881910324
              ]
            },
            "pair_attempt_id": 51,
            "pair_retry_ordinal": 0,
            "position": 1,
            "readiness_probe_exact": true,
            "ready_region": {
              "local_ms": 0.13264000415802002,
              "rank_max_ms": 0.13264000415802002,
              "rank_ms": [
                0.13264000415802002,
                0.12745599448680878,
                0.12783999741077423,
                0.13036799430847168
              ]
            },
            "sample_index": 49,
            "scheduled_start_arrival_ns_by_rank": [
              744675348369823,
              744675347982511,
              744675347608007,
              744675348033720
            ],
            "scheduled_start_target_ns_by_rank": [
              744675353369823,
              744675353369823,
              744675353369823,
              744675353369823
            ],
            "start_record_bracket_ns_by_rank": [
              [
                744675353372129,
                744675353408652
              ],
              [
                744675353371542,
                744675353406748
              ],
              [
                744675353371148,
                744675353404578
              ],
              [
                744675353371086,
                744675353400100
              ]
            ],
            "start_record_envelope_span_ns": 37566,
            "variant": 0
          }
        },
        "variant": 0
      },
      {
        "accepted": true,
        "attempt_id": 52,
        "logical_pair_index": 50,
        "order": [
          "reference",
          "candidate"
        ],
        "rejection_reasons": [],
        "retry_ordinal": 0,
        "samples": {
          "candidate": {
            "collective_only": {
              "local_ms": 0.03270399942994118,
              "rank_max_ms": 0.04201599955558777,
              "rank_ms": [
                0.03270399942994118,
                0.038176000118255615,
                0.03683200106024742,
                0.04201599955558777
              ]
            },
            "pair_attempt_id": 52,
            "pair_retry_ordinal": 0,
            "position": 1,
            "readiness_probe_exact": true,
            "ready_region": {
              "local_ms": 0.1377599984407425,
              "rank_max_ms": 0.1377599984407425,
              "rank_ms": [
                0.1377599984407425,
                0.13247999548912048,
                0.13369600474834442,
                0.13398399949073792
              ]
            },
            "sample_index": 50,
            "scheduled_start_arrival_ns_by_rank": [
              744675368330150,
              744675368222344,
              744675368299595,
              744675368387895
            ],
            "scheduled_start_target_ns_by_rank": [
              744675373387895,
              744675373387895,
              744675373387895,
              744675373387895
            ],
            "start_record_bracket_ns_by_rank": [
              [
                744675373389041,
                744675373425231
              ],
              [
                744675373388629,
                744675373421514
              ],
              [
                744675373388641,
                744675373422724
              ],
              [
                744675373388713,
                744675373416330
              ]
            ],
            "start_record_envelope_span_ns": 36602,
            "variant": 1
          },
          "reference": {
            "collective_only": {
              "local_ms": 0.03734400123357773,
              "rank_max_ms": 0.04694399982690811,
              "rank_ms": [
                0.03734400123357773,
                0.033440001308918,
                0.03718400001525879,
                0.04694399982690811
              ]
            },
            "pair_attempt_id": 52,
            "pair_retry_ordinal": 0,
            "position": 0,
            "readiness_probe_exact": true,
            "ready_region": {
              "local_ms": 0.1499519944190979,
              "rank_max_ms": 0.15455999970436096,
              "rank_ms": [
                0.1499519944190979,
                0.15455999970436096,
                0.14614400267601013,
                0.13942399621009827
              ]
            },
            "sample_index": 50,
            "scheduled_start_arrival_ns_by_rank": [
              744675358802717,
              744675358602298,
              744675358625352,
              744675358546381
            ],
            "scheduled_start_target_ns_by_rank": [
              744675363802717,
              744675363802717,
              744675363802717,
              744675363802717
            ],
            "start_record_bracket_ns_by_rank": [
              [
                744675363803532,
                744675363841986
              ],
              [
                744675363803544,
                744675363842906
              ],
              [
                744675363803658,
                744675363840616
              ],
              [
                744675363803531,
                744675363832083
              ]
            ],
            "start_record_envelope_span_ns": 39375,
            "variant": 1
          }
        },
        "variant": 1
      },
      {
        "accepted": true,
        "attempt_id": 53,
        "logical_pair_index": 51,
        "order": [
          "candidate",
          "reference"
        ],
        "rejection_reasons": [],
        "retry_ordinal": 0,
        "samples": {
          "candidate": {
            "collective_only": {
              "local_ms": 0.028192000463604927,
              "rank_max_ms": 0.03884800150990486,
              "rank_ms": [
                0.028192000463604927,
                0.03340800106525421,
                0.02969600073993206,
                0.03884800150990486
              ]
            },
            "pair_attempt_id": 53,
            "pair_retry_ordinal": 0,
            "position": 0,
            "readiness_probe_exact": true,
            "ready_region": {
              "local_ms": 0.12998400628566742,
              "rank_max_ms": 0.12998400628566742,
              "rank_ms": [
                0.12998400628566742,
                0.12204799801111221,
                0.12492799758911133,
                0.12716799974441528
              ]
            },
            "sample_index": 51,
            "scheduled_start_arrival_ns_by_rank": [
              744675378621393,
              744675378255799,
              744675378601848,
              744675378616493
            ],
            "scheduled_start_target_ns_by_rank": [
              744675383621393,
              744675383621393,
              744675383621393,
              744675383621393
            ],
            "start_record_bracket_ns_by_rank": [
              [
                744675383622370,
                744675383654868
              ],
              [
                744675383622200,
                744675383653047
              ],
              [
                744675383622276,
                744675383653202
              ],
              [
                744675383622177,
                744675383646367
              ]
            ],
            "start_record_envelope_span_ns": 32691,
            "variant": 0
          },
          "reference": {
            "collective_only": {
              "local_ms": 0.03542400151491165,
              "rank_max_ms": 0.04131200164556503,
              "rank_ms": [
                0.03542400151491165,
                0.03558399900794029,
                0.03161599859595299,
                0.04131200164556503
              ]
            },
            "pair_attempt_id": 53,
            "pair_retry_ordinal": 0,
            "position": 1,
            "readiness_probe_exact": true,
            "ready_region": {
              "local_ms": 0.12038400024175644,
              "rank_max_ms": 0.1340479999780655,
              "rank_ms": [
                0.12038400024175644,
                0.12886400520801544,
                0.1340479999780655,
                0.12601600587368011
              ]
            },
            "sample_index": 51,
            "scheduled_start_arrival_ns_by_rank": [
              744675388512015,
              744675388400787,
              744675388542028,
              744675388543391
            ],
            "scheduled_start_target_ns_by_rank": [
              744675393543391,
              744675393543391,
              744675393543391,
              744675393543391
            ],
            "start_record_bracket_ns_by_rank": [
              [
                744675393544797,
                744675393575494
              ],
              [
                744675393544290,
                744675393576365
              ],
              [
                744675393545184,
                744675393579177
              ],
              [
                744675393544174,
                744675393570428
              ]
            ],
            "start_record_envelope_span_ns": 35003,
            "variant": 0
          }
        },
        "variant": 0
      },
      {
        "accepted": true,
        "attempt_id": 54,
        "logical_pair_index": 52,
        "order": [
          "reference",
          "candidate"
        ],
        "rejection_reasons": [],
        "retry_ordinal": 0,
        "samples": {
          "candidate": {
            "collective_only": {
              "local_ms": 0.03110400028526783,
              "rank_max_ms": 0.036959998309612274,
              "rank_ms": [
                0.03110400028526783,
                0.029823999851942062,
                0.03232000023126602,
                0.036959998309612274
              ]
            },
            "pair_attempt_id": 54,
            "pair_retry_ordinal": 0,
            "position": 1,
            "readiness_probe_exact": true,
            "ready_region": {
              "local_ms": 0.12172800302505493,
              "rank_max_ms": 0.13209599256515503,
              "rank_ms": [
                0.12172800302505493,
                0.13209599256515503,
                0.11980800330638885,
                0.12854400277137756
              ]
            },
            "sample_index": 52,
            "scheduled_start_arrival_ns_by_rank": [
              744675407076083,
              744675407081166,
              744675407307785,
              744675407337634
            ],
            "scheduled_start_target_ns_by_rank": [
              744675412337634,
              744675412337634,
              744675412337634,
              744675412337634
            ],
            "start_record_bracket_ns_by_rank": [
              [
                744675412338830,
                744675412369499
              ],
              [
                744675412338611,
                744675412370401
              ],
              [
                744675412338520,
                744675412368381
              ],
              [
                744675412338594,
                744675412365149
              ]
            ],
            "start_record_envelope_span_ns": 31881,
            "variant": 1
          },
          "reference": {
            "collective_only": {
              "local_ms": 0.02831999957561493,
              "rank_max_ms": 0.03936000168323517,
              "rank_ms": [
                0.02831999957561493,
                0.03404799848794937,
                0.03619199991226196,
                0.03936000168323517
              ]
            },
            "pair_attempt_id": 54,
            "pair_retry_ordinal": 0,
            "position": 0,
            "readiness_probe_exact": true,
            "ready_region": {
              "local_ms": 0.1430719941854477,
              "rank_max_ms": 0.1430719941854477,
              "rank_ms": [
                0.1430719941854477,
                0.13971200585365295,
                0.13680000603199005,
                0.13504000008106232
              ]
            },
            "sample_index": 52,
            "scheduled_start_arrival_ns_by_rank": [
              744675397912106,
              744675397869372,
              744675397896106,
              744675397905704
            ],
            "scheduled_start_target_ns_by_rank": [
              744675402912106,
              744675402912106,
              744675402912106,
              744675402912106
            ],
            "start_record_bracket_ns_by_rank": [
              [
                744675402913114,
                744675402946357
              ],
              [
                744675402913030,
                744675402943484
              ],
              [
                744675402913001,
                744675402941824
              ],
              [
                744675402912919,
                744675402937793
              ]
            ],
            "start_record_envelope_span_ns": 33438,
            "variant": 1
          }
        },
        "variant": 1
      },
      {
        "accepted": true,
        "attempt_id": 55,
        "logical_pair_index": 53,
        "order": [
          "candidate",
          "reference"
        ],
        "rejection_reasons": [],
        "retry_ordinal": 0,
        "samples": {
          "candidate": {
            "collective_only": {
              "local_ms": 0.02879999950528145,
              "rank_max_ms": 0.036768000572919846,
              "rank_ms": [
                0.02879999950528145,
                0.031072000041604042,
                0.03174399957060814,
                0.036768000572919846
              ]
            },
            "pair_attempt_id": 55,
            "pair_retry_ordinal": 0,
            "position": 0,
            "readiness_probe_exact": true,
            "ready_region": {
              "local_ms": 0.14480000734329224,
              "rank_max_ms": 0.14480000734329224,
              "rank_ms": [
                0.14480000734329224,
                0.14476799964904785,
                0.14185599982738495,
                0.1311360001564026
              ]
            },
            "sample_index": 53,
            "scheduled_start_arrival_ns_by_rank": [
              744675415652086,
              744675415780126,
              744675416047819,
              744675415818558
            ],
            "scheduled_start_target_ns_by_rank": [
              744675421047819,
              744675421047819,
              744675421047819,
              744675421047819
            ],
            "start_record_bracket_ns_by_rank": [
              [
                744675421048634,
                744675421078632
              ],
              [
                744675421048664,
                744675421078543
              ],
              [
                744675421048702,
                744675421078454
              ],
              [
                744675421048532,
                744675421072147
              ]
            ],
            "start_record_envelope_span_ns": 30100,
            "variant": 0
          },
          "reference": {
            "collective_only": {
              "local_ms": 0.03094400092959404,
              "rank_max_ms": 0.04044799879193306,
              "rank_ms": [
                0.03094400092959404,
                0.03561599925160408,
                0.035360001027584076,
                0.04044799879193306
              ]
            },
            "pair_attempt_id": 55,
            "pair_retry_ordinal": 0,
            "position": 1,
            "readiness_probe_exact": true,
            "ready_region": {
              "local_ms": 0.12415999919176102,
              "rank_max_ms": 0.12415999919176102,
              "rank_ms": [
                0.12415999919176102,
                0.11488000303506851,
                0.12012799829244614,
                0.1191679984331131
              ]
            },
            "sample_index": 53,
            "scheduled_start_arrival_ns_by_rank": [
              744675424559698,
              744675424500719,
              744675424492755,
              744675424498334
            ],
            "scheduled_start_target_ns_by_rank": [
              744675429559698,
              744675429559698,
              744675429559698,
              744675429559698
            ],
            "start_record_bracket_ns_by_rank": [
              [
                744675429560669,
                744675429591012
              ],
              [
                744675429560497,
                744675429588215
              ],
              [
                744675429560568,
                744675429590442
              ],
              [
                744675429560510,
                744675429584075
              ]
            ],
            "start_record_envelope_span_ns": 30515,
            "variant": 0
          }
        },
        "variant": 0
      },
      {
        "accepted": true,
        "attempt_id": 56,
        "logical_pair_index": 54,
        "order": [
          "reference",
          "candidate"
        ],
        "rejection_reasons": [],
        "retry_ordinal": 0,
        "samples": {
          "candidate": {
            "collective_only": {
              "local_ms": 0.027424000203609467,
              "rank_max_ms": 0.03840000182390213,
              "rank_ms": [
                0.027424000203609467,
                0.0318400003015995,
                0.033504001796245575,
                0.03840000182390213
              ]
            },
            "pair_attempt_id": 56,
            "pair_retry_ordinal": 0,
            "position": 1,
            "readiness_probe_exact": true,
            "ready_region": {
              "local_ms": 0.11734399944543839,
              "rank_max_ms": 0.12508800625801086,
              "rank_ms": [
                0.11734399944543839,
                0.12508800625801086,
                0.12121599912643433,
                0.11785600334405899
              ]
            },
            "sample_index": 54,
            "scheduled_start_arrival_ns_by_rank": [
              744675445786971,
              744675445493460,
              744675445822236,
              744675445545063
            ],
            "scheduled_start_target_ns_by_rank": [
              744675450822236,
              744675450822236,
              744675450822236,
              744675450822236
            ],
            "start_record_bracket_ns_by_rank": [
              [
                744675450826738,
                744675450857028
              ],
              [
                744675450823139,
                744675450854535
              ],
              [
                744675450823068,
                744675450852938
              ],
              [
                744675450823010,
                744675450846644
              ]
            ],
            "start_record_envelope_span_ns": 34018,
            "variant": 1
          },
          "reference": {
            "collective_only": {
              "local_ms": 0.031039999797940254,
              "rank_max_ms": 0.043007999658584595,
              "rank_ms": [
                0.031039999797940254,
                0.037696000188589096,
                0.03824000060558319,
                0.043007999658584595
              ]
            },
            "pair_attempt_id": 56,
            "pair_retry_ordinal": 0,
            "position": 0,
            "readiness_probe_exact": true,
            "ready_region": {
              "local_ms": 0.1424960047006607,
              "rank_max_ms": 0.1424960047006607,
              "rank_ms": [
                0.1424960047006607,
                0.13222399353981018,
                0.12854400277137756,
                0.1305920034646988
              ]
            },
            "sample_index": 54,
            "scheduled_start_arrival_ns_by_rank": [
              744675435521246,
              744675435343739,
              744675435589160,
              744675435430189
            ],
            "scheduled_start_target_ns_by_rank": [
              744675440589160,
              744675440589160,
              744675440589160,
              744675440589160
            ],
            "start_record_bracket_ns_by_rank": [
              [
                744675440590215,
                744675440626954
              ],
              [
                744675440590064,
                744675440623117
              ],
              [
                744675440590072,
                744675440622771
              ],
              [
                744675440589971,
                744675440616079
              ]
            ],
            "start_record_envelope_span_ns": 36983,
            "variant": 1
          }
        },
        "variant": 1
      },
      {
        "accepted": true,
        "attempt_id": 57,
        "logical_pair_index": 55,
        "order": [
          "candidate",
          "reference"
        ],
        "rejection_reasons": [],
        "retry_ordinal": 0,
        "samples": {
          "candidate": {
            "collective_only": {
              "local_ms": 0.027456000447273254,
              "rank_max_ms": 0.03510399907827377,
              "rank_ms": [
                0.027456000447273254,
                0.03177599981427193,
                0.029472000896930695,
                0.03510399907827377
              ]
            },
            "pair_attempt_id": 57,
            "pair_retry_ordinal": 0,
            "position": 0,
            "readiness_probe_exact": true,
            "ready_region": {
              "local_ms": 0.12044800072908401,
              "rank_max_ms": 0.12348800152540207,
              "rank_ms": [
                0.12044800072908401,
                0.12284799665212631,
                0.12348800152540207,
                0.11955200135707855
              ]
            },
            "sample_index": 55,
            "scheduled_start_arrival_ns_by_rank": [
              744675455343409,
              744675455379865,
              744675455576876,
              744675455371208
            ],
            "scheduled_start_target_ns_by_rank": [
              744675460576876,
              744675460576876,
              744675460576876,
              744675460576876
            ],
            "start_record_bracket_ns_by_rank": [
              [
                744675460577697,
                744675460608271
              ],
              [
                744675460577697,
                744675460607168
              ],
              [
                744675460577722,
                744675460606658
              ],
              [
                744675460577894,
                744675460602487
              ]
            ],
            "start_record_envelope_span_ns": 30574,
            "variant": 0
          },
          "reference": {
            "collective_only": {
              "local_ms": 0.025760000571608543,
              "rank_max_ms": 0.031136000528931618,
              "rank_ms": [
                0.025760000571608543,
                0.02707199938595295,
                0.030368000268936157,
                0.031136000528931618
              ]
            },
            "pair_attempt_id": 57,
            "pair_retry_ordinal": 0,
            "position": 1,
            "readiness_probe_exact": true,
            "ready_region": {
              "local_ms": 0.0990080013871193,
              "rank_max_ms": 0.0990080013871193,
              "rank_ms": [
                0.0990080013871193,
                0.09743999689817429,
                0.09161599725484848,
                0.09625600278377533
              ]
            },
            "sample_index": 55,
            "scheduled_start_arrival_ns_by_rank": [
              744675462286423,
              744675462361138,
              744675462365508,
              744675462251751
            ],
            "scheduled_start_target_ns_by_rank": [
              744675467365508,
              744675467365508,
              744675467365508,
              744675467365508
            ],
            "start_record_bracket_ns_by_rank": [
              [
                744675467366170,
                744675467385400
              ],
              [
                744675467366019,
                744675467385276
              ],
              [
                744675467366881,
                744675467383062
              ],
              [
                744675467366223,
                744675467381925
              ]
            ],
            "start_record_envelope_span_ns": 19381,
            "variant": 0
          }
        },
        "variant": 0
      },
      {
        "accepted": true,
        "attempt_id": 58,
        "logical_pair_index": 56,
        "order": [
          "reference",
          "candidate"
        ],
        "rejection_reasons": [],
        "retry_ordinal": 0,
        "samples": {
          "candidate": {
            "collective_only": {
              "local_ms": 0.030688000842928886,
              "rank_max_ms": 0.03251200169324875,
              "rank_ms": [
                0.030688000842928886,
                0.030368000268936157,
                0.030592000111937523,
                0.03251200169324875
              ]
            },
            "pair_attempt_id": 58,
            "pair_retry_ordinal": 0,
            "position": 1,
            "readiness_probe_exact": true,
            "ready_region": {
              "local_ms": 0.08736000210046768,
              "rank_max_ms": 0.09587199985980988,
              "rank_ms": [
                0.08736000210046768,
                0.09587199985980988,
                0.08966399729251862,
                0.08710400015115738
              ]
            },
            "sample_index": 56,
            "scheduled_start_arrival_ns_by_rank": [
              744675475323569,
              744675475276978,
              744675475266460,
              744675475269842
            ],
            "scheduled_start_target_ns_by_rank": [
              744675480323569,
              744675480323569,
              744675480323569,
              744675480323569
            ],
            "start_record_bracket_ns_by_rank": [
              [
                744675480324035,
                744675480339983
              ],
              [
                744675480324322,
                744675480340573
              ],
              [
                744675480324064,
                744675480340322
              ],
              [
                744675480324046,
                744675480338007
              ]
            ],
            "start_record_envelope_span_ns": 16538,
            "variant": 1
          },
          "reference": {
            "collective_only": {
              "local_ms": 0.026976000517606735,
              "rank_max_ms": 0.02816000021994114,
              "rank_ms": [
                0.026976000517606735,
                0.02672000043094158,
                0.02707199938595295,
                0.02816000021994114
              ]
            },
            "pair_attempt_id": 58,
            "pair_retry_ordinal": 0,
            "position": 0,
            "readiness_probe_exact": true,
            "ready_region": {
              "local_ms": 0.09241600334644318,
              "rank_max_ms": 0.09516800194978714,
              "rank_ms": [
                0.09241600334644318,
                0.09513600170612335,
                0.09516800194978714,
                0.09244800359010696
              ]
            },
            "sample_index": 56,
            "scheduled_start_arrival_ns_by_rank": [
              744675468836754,
              744675468825119,
              744675468801400,
              744675468812890
            ],
            "scheduled_start_target_ns_by_rank": [
              744675473836754,
              744675473836754,
              744675473836754,
              744675473836754
            ],
            "start_record_bracket_ns_by_rank": [
              [
                744675473837254,
                744675473852584
              ],
              [
                744675473837311,
                744675473853152
              ],
              [
                744675473837168,
                744675473852887
              ],
              [
                744675473837314,
                744675473851219
              ]
            ],
            "start_record_envelope_span_ns": 15984,
            "variant": 1
          }
        },
        "variant": 1
      },
      {
        "accepted": true,
        "attempt_id": 59,
        "logical_pair_index": 57,
        "order": [
          "candidate",
          "reference"
        ],
        "rejection_reasons": [],
        "retry_ordinal": 0,
        "samples": {
          "candidate": {
            "collective_only": {
              "local_ms": 0.024032000452280045,
              "rank_max_ms": 0.02831999957561493,
              "rank_ms": [
                0.024032000452280045,
                0.02739199995994568,
                0.025887999683618546,
                0.02831999957561493
              ]
            },
            "pair_attempt_id": 59,
            "pair_retry_ordinal": 0,
            "position": 0,
            "readiness_probe_exact": true,
            "ready_region": {
              "local_ms": 0.0859839990735054,
              "rank_max_ms": 0.0859839990735054,
              "rank_ms": [
                0.0859839990735054,
                0.08339200168848038,
                0.08377599716186523,
                0.08457600325345993
              ]
            },
            "sample_index": 57,
            "scheduled_start_arrival_ns_by_rank": [
              744675482179193,
              744675482173992,
              744675482169009,
              744675482161895
            ],
            "scheduled_start_target_ns_by_rank": [
              744675487179193,
              744675487179193,
              744675487179193,
              744675487179193
            ],
            "start_record_bracket_ns_by_rank": [
              [
                744675487179576,
                744675487206123
              ],
              [
                744675487179822,
                744675487204097
              ],
              [
                744675487179600,
                744675487205017
              ],
              [
                744675487179597,
                744675487202818
              ]
            ],
            "start_record_envelope_span_ns": 26547,
            "variant": 0
          },
          "reference": {
            "collective_only": {
              "local_ms": 0.028831999748945236,
              "rank_max_ms": 0.0382080003619194,
              "rank_ms": [
                0.028831999748945236,
                0.033376000821590424,
                0.033504001796245575,
                0.0382080003619194
              ]
            },
            "pair_attempt_id": 59,
            "pair_retry_ordinal": 0,
            "position": 1,
            "readiness_probe_exact": true,
            "ready_region": {
              "local_ms": 0.12134400010108948,
              "rank_max_ms": 0.12134400010108948,
              "rank_ms": [
                0.12134400010108948,
                0.10364799946546555,
                0.11212799698114395,
                0.11443199962377548
              ]
            },
            "sample_index": 57,
            "scheduled_start_arrival_ns_by_rank": [
              744675492351458,
              744675491968846,
              744675491910588,
              744675492372027
            ],
            "scheduled_start_target_ns_by_rank": [
              744675497372027,
              744675497372027,
              744675497372027,
              744675497372027
            ],
            "start_record_bracket_ns_by_rank": [
              [
                744675497373023,
                744675497403074
              ],
              [
                744675497372622,
                744675497398825
              ],
              [
                744675497372897,
                744675497399824
              ],
              [
                744675497372678,
                744675497395085
              ]
            ],
            "start_record_envelope_span_ns": 30452,
            "variant": 0
          }
        },
        "variant": 0
      },
      {
        "accepted": true,
        "attempt_id": 60,
        "logical_pair_index": 58,
        "order": [
          "reference",
          "candidate"
        ],
        "rejection_reasons": [],
        "retry_ordinal": 0,
        "samples": {
          "candidate": {
            "collective_only": {
              "local_ms": 0.030688000842928886,
              "rank_max_ms": 0.04041599854826927,
              "rank_ms": [
                0.030688000842928886,
                0.03081599995493889,
                0.03302399814128876,
                0.04041599854826927
              ]
            },
            "pair_attempt_id": 60,
            "pair_retry_ordinal": 0,
            "position": 1,
            "readiness_probe_exact": true,
            "ready_region": {
              "local_ms": 0.1459520012140274,
              "rank_max_ms": 0.15939199924468994,
              "rank_ms": [
                0.1459520012140274,
                0.15939199924468994,
                0.14230400323867798,
                0.133760005235672
              ]
            },
            "sample_index": 58,
            "scheduled_start_arrival_ns_by_rank": [
              744675511645244,
              744675511842097,
              744675511914490,
              744675511829591
            ],
            "scheduled_start_target_ns_by_rank": [
              744675516914490,
              744675516914490,
              744675516914490,
              744675516914490
            ],
            "start_record_bracket_ns_by_rank": [
              [
                744675516915420,
                744675516948928
              ],
              [
                744675516915401,
                744675516949095
              ],
              [
                744675516915332,
                744675516947421
              ],
              [
                744675516915230,
                744675516939221
              ]
            ],
            "start_record_envelope_span_ns": 33865,
            "variant": 1
          },
          "reference": {
            "collective_only": {
              "local_ms": 0.0289280004799366,
              "rank_max_ms": 0.03699199855327606,
              "rank_ms": [
                0.0289280004799366,
                0.03177599981427193,
                0.03315199911594391,
                0.03699199855327606
              ]
            },
            "pair_attempt_id": 60,
            "pair_retry_ordinal": 0,
            "position": 0,
            "readiness_probe_exact": true,
            "ready_region": {
              "local_ms": 0.12495999783277512,
              "rank_max_ms": 0.12495999783277512,
              "rank_ms": [
                0.12495999783277512,
                0.11599999666213989,
                0.11382400244474411,
                0.12163200229406357
              ]
            },
            "sample_index": 58,
            "scheduled_start_arrival_ns_by_rank": [
              744675502492315,
              744675502283096,
              744675502718164,
              744675502745645
            ],
            "scheduled_start_target_ns_by_rank": [
              744675507745645,
              744675507745645,
              744675507745645,
              744675507745645
            ],
            "start_record_bracket_ns_by_rank": [
              [
                744675507746526,
                744675507778011
              ],
              [
                744675507746417,
                744675507775475
              ],
              [
                744675507746648,
                744675507775161
              ],
              [
                744675507746471,
                744675507771216
              ]
            ],
            "start_record_envelope_span_ns": 31594,
            "variant": 1
          }
        },
        "variant": 1
      },
      {
        "accepted": true,
        "attempt_id": 61,
        "logical_pair_index": 59,
        "order": [
          "candidate",
          "reference"
        ],
        "rejection_reasons": [],
        "retry_ordinal": 0,
        "samples": {
          "candidate": {
            "collective_only": {
              "local_ms": 0.03129599988460541,
              "rank_max_ms": 0.03734400123357773,
              "rank_ms": [
                0.03129599988460541,
                0.03206399828195572,
                0.03292800113558769,
                0.03734400123357773
              ]
            },
            "pair_attempt_id": 61,
            "pair_retry_ordinal": 0,
            "position": 0,
            "readiness_probe_exact": true,
            "ready_region": {
              "local_ms": 0.13180799782276154,
              "rank_max_ms": 0.1363839954137802,
              "rank_ms": [
                0.13180799782276154,
                0.13407999277114868,
                0.13180799782276154,
                0.1363839954137802
              ]
            },
            "sample_index": 59,
            "scheduled_start_arrival_ns_by_rank": [
              744675521424881,
              744675521387999,
              744675521647265,
              744675521362054
            ],
            "scheduled_start_target_ns_by_rank": [
              744675526647265,
              744675526647265,
              744675526647265,
              744675526647265
            ],
            "start_record_bracket_ns_by_rank": [
              [
                744675526648067,
                744675526682159
              ],
              [
                744675526648288,
                744675526681641
              ],
              [
                744675526648561,
                744675526680756
              ],
              [
                744675526648144,
                744675526676641
              ]
            ],
            "start_record_envelope_span_ns": 34092,
            "variant": 0
          },
          "reference": {
            "collective_only": {
              "local_ms": 0.030912000685930252,
              "rank_max_ms": 0.04585599899291992,
              "rank_ms": [
                0.030912000685930252,
                0.03433600068092346,
                0.04585599899291992,
                0.03951999917626381
              ]
            },
            "pair_attempt_id": 61,
            "pair_retry_ordinal": 0,
            "position": 1,
            "readiness_probe_exact": true,
            "ready_region": {
              "local_ms": 0.13116799294948578,
              "rank_max_ms": 0.13116799294948578,
              "rank_ms": [
                0.13116799294948578,
                0.12617599964141846,
                0.10028800368309021,
                0.12889599800109863
              ]
            },
            "sample_index": 59,
            "scheduled_start_arrival_ns_by_rank": [
              744675531407356,
              744675531560365,
              744675531341313,
              744675531682654
            ],
            "scheduled_start_target_ns_by_rank": [
              744675536682654,
              744675536682654,
              744675536682654,
              744675536682654
            ],
            "start_record_bracket_ns_by_rank": [
              [
                744675536683606,
                744675536717858
              ],
              [
                744675536683497,
                744675536715665
              ],
              [
                744675536683246,
                744675536703137
              ],
              [
                744675536683494,
                744675536710549
              ]
            ],
            "start_record_envelope_span_ns": 34612,
            "variant": 0
          }
        },
        "variant": 0
      },
      {
        "accepted": true,
        "attempt_id": 62,
        "logical_pair_index": 60,
        "order": [
          "reference",
          "candidate"
        ],
        "rejection_reasons": [],
        "retry_ordinal": 0,
        "samples": {
          "candidate": {
            "collective_only": {
              "local_ms": 0.03152000159025192,
              "rank_max_ms": 0.03513599932193756,
              "rank_ms": [
                0.03152000159025192,
                0.0350399985909462,
                0.03513599932193756,
                0.03296000137925148
              ]
            },
            "pair_attempt_id": 62,
            "pair_retry_ordinal": 0,
            "position": 1,
            "readiness_probe_exact": true,
            "ready_region": {
              "local_ms": 0.13619199395179749,
              "rank_max_ms": 0.13619199395179749,
              "rank_ms": [
                0.13619199395179749,
                0.127360001206398,
                0.12508800625801086,
                0.1353279948234558
              ]
            },
            "sample_index": 60,
            "scheduled_start_arrival_ns_by_rank": [
              744675551157593,
              744675551117459,
              744675551441832,
              744675551335667
            ],
            "scheduled_start_target_ns_by_rank": [
              744675556441832,
              744675556441832,
              744675556441832,
              744675556441832
            ],
            "start_record_bracket_ns_by_rank": [
              [
                744675556443092,
                744675556474073
              ],
              [
                744675556442889,
                744675556471655
              ],
              [
                744675556442922,
                744675556471676
              ],
              [
                744675556443051,
                744675556471005
              ]
            ],
            "start_record_envelope_span_ns": 31184,
            "variant": 1
          },
          "reference": {
            "collective_only": {
              "local_ms": 0.03171199932694435,
              "rank_max_ms": 0.041760001331567764,
              "rank_ms": [
                0.03171199932694435,
                0.03734400123357773,
                0.03836800158023834,
                0.041760001331567764
              ]
            },
            "pair_attempt_id": 62,
            "pair_retry_ordinal": 0,
            "position": 0,
            "readiness_probe_exact": true,
            "ready_region": {
              "local_ms": 0.13990400731563568,
              "rank_max_ms": 0.13990400731563568,
              "rank_ms": [
                0.13990400731563568,
                0.13152000308036804,
                0.13087999820709229,
                0.1367039978504181
              ]
            },
            "sample_index": 60,
            "scheduled_start_arrival_ns_by_rank": [
              744675541381636,
              744675541379799,
              744675541569890,
              744675541385128
            ],
            "scheduled_start_target_ns_by_rank": [
              744675546569890,
              744675546569890,
              744675546569890,
              744675546569890
            ],
            "start_record_bracket_ns_by_rank": [
              [
                744675546570761,
                744675546608075
              ],
              [
                744675546570860,
                744675546604294
              ],
              [
                744675546570979,
                744675546603529
              ],
              [
                744675546570915,
                744675546599362
              ]
            ],
            "start_record_envelope_span_ns": 37314,
            "variant": 1
          }
        },
        "variant": 1
      },
      {
        "accepted": true,
        "attempt_id": 63,
        "logical_pair_index": 61,
        "order": [
          "candidate",
          "reference"
        ],
        "rejection_reasons": [],
        "retry_ordinal": 0,
        "samples": {
          "candidate": {
            "collective_only": {
              "local_ms": 0.04188799858093262,
              "rank_max_ms": 0.04188799858093262,
              "rank_ms": [
                0.04188799858093262,
                0.029759999364614487,
                0.03363199904561043,
                0.03923200070858002
              ]
            },
            "pair_attempt_id": 63,
            "pair_retry_ordinal": 0,
            "position": 0,
            "readiness_probe_exact": true,
            "ready_region": {
              "local_ms": 0.11324799805879593,
              "rank_max_ms": 0.14262400567531586,
              "rank_ms": [
                0.11324799805879593,
                0.14262400567531586,
                0.13788799941539764,
                0.13699199259281158
              ]
            },
            "sample_index": 61,
            "scheduled_start_arrival_ns_by_rank": [
              744675559897308,
              744675559597510,
              744675559726821,
              744675559833920
            ],
            "scheduled_start_target_ns_by_rank": [
              744675564897308,
              744675564897308,
              744675564897308,
              744675564897308
            ],
            "start_record_bracket_ns_by_rank": [
              [
                744675564897725,
                744675564916303
              ],
              [
                744675564898262,
                744675564928916
              ],
              [
                744675564898394,
                744675564926444
              ],
              [
                744675564898064,
                744675564922129
              ]
            ],
            "start_record_envelope_span_ns": 31191,
            "variant": 0
          },
          "reference": {
            "collective_only": {
              "local_ms": 0.02956799976527691,
              "rank_max_ms": 0.04076800122857094,
              "rank_ms": [
                0.02956799976527691,
                0.03190400078892708,
                0.04076800122857094,
                0.03702399879693985
              ]
            },
            "pair_attempt_id": 63,
            "pair_retry_ordinal": 0,
            "position": 1,
            "readiness_probe_exact": true,
            "ready_region": {
              "local_ms": 0.12703999876976013,
              "rank_max_ms": 0.12963199615478516,
              "rank_ms": [
                0.12703999876976013,
                0.12643200159072876,
                0.11190400272607803,
                0.12963199615478516
              ]
            },
            "sample_index": 61,
            "scheduled_start_arrival_ns_by_rank": [
              744675568212093,
              744675568086633,
              744675567960406,
              744675568265648
            ],
            "scheduled_start_target_ns_by_rank": [
              744675573265648,
              744675573265648,
              744675573265648,
              744675573265648
            ],
            "start_record_bracket_ns_by_rank": [
              [
                744675573266671,
                744675573297668
              ],
              [
                744675573266520,
                744675573296894
              ],
              [
                744675573266137,
                744675573288605
              ],
              [
                744675573266467,
                744675573292513
              ]
            ],
            "start_record_envelope_span_ns": 31531,
            "variant": 0
          }
        },
        "variant": 0
      },
      {
        "accepted": true,
        "attempt_id": 64,
        "logical_pair_index": 62,
        "order": [
          "reference",
          "candidate"
        ],
        "rejection_reasons": [],
        "retry_ordinal": 0,
        "samples": {
          "candidate": {
            "collective_only": {
              "local_ms": 0.028063999488949776,
              "rank_max_ms": 0.04105599969625473,
              "rank_ms": [
                0.028063999488949776,
                0.030848000198602676,
                0.04105599969625473,
                0.036639999598264694
              ]
            },
            "pair_attempt_id": 64,
            "pair_retry_ordinal": 0,
            "position": 1,
            "readiness_probe_exact": true,
            "ready_region": {
              "local_ms": 0.12092799693346024,
              "rank_max_ms": 0.12092799693346024,
              "rank_ms": [
                0.12092799693346024,
                0.1204800009727478,
                0.09356799721717834,
                0.12041600048542023
              ]
            },
            "sample_index": 62,
            "scheduled_start_arrival_ns_by_rank": [
              744675586257003,
              744675586025038,
              744675585844325,
              744675586091340
            ],
            "scheduled_start_target_ns_by_rank": [
              744675591257003,
              744675591257003,
              744675591257003,
              744675591257003
            ],
            "start_record_bracket_ns_by_rank": [
              [
                744675591258041,
                744675591288517
              ],
              [
                744675591257908,
                744675591287451
              ],
              [
                744675591257438,
                744675591275762
              ],
              [
                744675591257782,
                744675591281781
              ]
            ],
            "start_record_envelope_span_ns": 31079,
            "variant": 1
          },
          "reference": {
            "collective_only": {
              "local_ms": 0.028095999732613564,
              "rank_max_ms": 0.042367998510599136,
              "rank_ms": [
                0.028095999732613564,
                0.031968001276254654,
                0.042367998510599136,
                0.0398080013692379
              ]
            },
            "pair_attempt_id": 64,
            "pair_retry_ordinal": 0,
            "position": 0,
            "readiness_probe_exact": true,
            "ready_region": {
              "local_ms": 0.12460800260305405,
              "rank_max_ms": 0.12460800260305405,
              "rank_ms": [
                0.12460800260305405,
                0.11727999895811081,
                0.10003200173377991,
                0.11718399822711945
              ]
            },
            "sample_index": 62,
            "scheduled_start_arrival_ns_by_rank": [
              744675577255276,
              744675576713125,
              744675576652729,
              744675576921812
            ],
            "scheduled_start_target_ns_by_rank": [
              744675582255276,
              744675582255276,
              744675582255276,
              744675582255276
            ],
            "start_record_bracket_ns_by_rank": [
              [
                744675582256096,
                744675582287782
              ],
              [
                744675582256094,
                744675582285593
              ],
              [
                744675582255733,
                744675582276475
              ],
              [
                744675582256071,
                744675582279561
              ]
            ],
            "start_record_envelope_span_ns": 32049,
            "variant": 1
          }
        },
        "variant": 1
      },
      {
        "accepted": true,
        "attempt_id": 65,
        "logical_pair_index": 63,
        "order": [
          "candidate",
          "reference"
        ],
        "rejection_reasons": [],
        "retry_ordinal": 0,
        "samples": {
          "candidate": {
            "collective_only": {
              "local_ms": 0.03155200183391571,
              "rank_max_ms": 0.0390079990029335,
              "rank_ms": [
                0.03155200183391571,
                0.03046399913728237,
                0.03465599939227104,
                0.0390079990029335
              ]
            },
            "pair_attempt_id": 65,
            "pair_retry_ordinal": 0,
            "position": 0,
            "readiness_probe_exact": true,
            "ready_region": {
              "local_ms": 0.1382720023393631,
              "rank_max_ms": 0.1382720023393631,
              "rank_ms": [
                0.1382720023393631,
                0.13158400356769562,
                0.13174399733543396,
                0.1318719983100891
              ]
            },
            "sample_index": 63,
            "scheduled_start_arrival_ns_by_rank": [
              744675596641943,
              744675596325015,
              744675595569421,
              744675596429455
            ],
            "scheduled_start_target_ns_by_rank": [
              744675601641943,
              744675601641943,
              744675601641943,
              744675601641943
            ],
            "start_record_bracket_ns_by_rank": [
              [
                744675601642909,
                744675601676685
              ],
              [
                744675601642983,
                744675601676544
              ],
              [
                744675601642648,
                744675601671903
              ],
              [
                744675601642696,
                744675601669797
              ]
            ],
            "start_record_envelope_span_ns": 34037,
            "variant": 0
          },
          "reference": {
            "collective_only": {
              "local_ms": 0.030751999467611313,
              "rank_max_ms": 0.042080000042915344,
              "rank_ms": [
                0.030751999467611313,
                0.03324799984693527,
                0.03711999952793121,
                0.042080000042915344
              ]
            },
            "pair_attempt_id": 65,
            "pair_retry_ordinal": 0,
            "position": 1,
            "readiness_probe_exact": true,
            "ready_region": {
              "local_ms": 0.14416000247001648,
              "rank_max_ms": 0.15033599734306335,
              "rank_ms": [
                0.14416000247001648,
                0.15033599734306335,
                0.12214399874210358,
                0.12559999525547028
              ]
            },
            "sample_index": 63,
            "scheduled_start_arrival_ns_by_rank": [
              744675605848362,
              744675605525525,
              744675605585398,
              744675605647121
            ],
            "scheduled_start_target_ns_by_rank": [
              744675610848362,
              744675610848362,
              744675610848362,
              744675610848362
            ],
            "start_record_bracket_ns_by_rank": [
              [
                744675610849376,
                744675610882339
              ],
              [
                744675610849286,
                744675610880774
              ],
              [
                744675610849310,
                744675610878947
              ],
              [
                744675610849156,
                744675610874351
              ]
            ],
            "start_record_envelope_span_ns": 33183,
            "variant": 0
          }
        },
        "variant": 0
      },
      {
        "accepted": true,
        "attempt_id": 66,
        "logical_pair_index": 64,
        "order": [
          "reference",
          "candidate"
        ],
        "rejection_reasons": [],
        "retry_ordinal": 0,
        "samples": {
          "candidate": {
            "collective_only": {
              "local_ms": 0.040192000567913055,
              "rank_max_ms": 0.04262400045990944,
              "rank_ms": [
                0.040192000567913055,
                0.03545600175857544,
                0.0323840007185936,
                0.04262400045990944
              ]
            },
            "pair_attempt_id": 66,
            "pair_retry_ordinal": 0,
            "position": 1,
            "readiness_probe_exact": true,
            "ready_region": {
              "local_ms": 0.12511999905109406,
              "rank_max_ms": 0.1446399986743927,
              "rank_ms": [
                0.12511999905109406,
                0.13792000710964203,
                0.1446399986743927,
                0.13894400000572205
              ]
            },
            "sample_index": 64,
            "scheduled_start_arrival_ns_by_rank": [
              744675623422936,
              744675623629245,
              744675623630006,
              744675623549516
            ],
            "scheduled_start_target_ns_by_rank": [
              744675628630006,
              744675628630006,
              744675628630006,
              744675628630006
            ],
            "start_record_bracket_ns_by_rank": [
              [
                744675628630823,
                744675628661416
              ],
              [
                744675628630864,
                744675628665434
              ],
              [
                744675628630913,
                744675628667544
              ],
              [
                744675628630758,
                744675628657180
              ]
            ],
            "start_record_envelope_span_ns": 36786,
            "variant": 1
          },
          "reference": {
            "collective_only": {
              "local_ms": 0.028991999104619026,
              "rank_max_ms": 0.037567999213933945,
              "rank_ms": [
                0.028991999104619026,
                0.03200000151991844,
                0.03404799848794937,
                0.037567999213933945
              ]
            },
            "pair_attempt_id": 66,
            "pair_retry_ordinal": 0,
            "position": 0,
            "readiness_probe_exact": true,
            "ready_region": {
              "local_ms": 0.12988799810409546,
              "rank_max_ms": 0.12988799810409546,
              "rank_ms": [
                0.12988799810409546,
                0.12822400033473969,
                0.12508800625801086,
                0.12585599720478058
              ]
            },
            "sample_index": 64,
            "scheduled_start_arrival_ns_by_rank": [
              744675615432750,
              744675615372415,
              744675615264861,
              744675615620083
            ],
            "scheduled_start_target_ns_by_rank": [
              744675620620083,
              744675620620083,
              744675620620083,
              744675620620083
            ],
            "start_record_bracket_ns_by_rank": [
              [
                744675620621081,
                744675620653959
              ],
              [
                744675620621079,
                744675620652472
              ],
              [
                744675620620921,
                744675620651673
              ],
              [
                744675620621019,
                744675620646961
              ]
            ],
            "start_record_envelope_span_ns": 33038,
            "variant": 1
          }
        },
        "variant": 1
      },
      {
        "accepted": true,
        "attempt_id": 67,
        "logical_pair_index": 65,
        "order": [
          "candidate",
          "reference"
        ],
        "rejection_reasons": [],
        "retry_ordinal": 0,
        "samples": {
          "candidate": {
            "collective_only": {
              "local_ms": 0.09216000139713287,
              "rank_max_ms": 0.10847999900579453,
              "rank_ms": [
                0.09216000139713287,
                0.08806400001049042,
                0.07798399776220322,
                0.10847999900579453
              ]
            },
            "pair_attempt_id": 67,
            "pair_retry_ordinal": 0,
            "position": 0,
            "readiness_probe_exact": true,
            "ready_region": {
              "local_ms": 0.15993599593639374,
              "rank_max_ms": 0.2451840043067932,
              "rank_ms": [
                0.15993599593639374,
                0.1770240068435669,
                0.2451840043067932,
                0.13840000331401825
              ]
            },
            "sample_index": 65,
            "scheduled_start_arrival_ns_by_rank": [
              744675637103714,
              744675636762799,
              744675636496498,
              744675636704366
            ],
            "scheduled_start_target_ns_by_rank": [
              744675642103714,
              744675642103714,
              744675642103714,
              744675642103714
            ],
            "start_record_bracket_ns_by_rank": [
              [
                744675642104591,
                744675642142034
              ],
              [
                744675642104678,
                744675642145900
              ],
              [
                744675642106860,
                744675642160457
              ],
              [
                744675642104265,
                744675642126736
              ]
            ],
            "start_record_envelope_span_ns": 56192,
            "variant": 0
          },
          "reference": {
            "collective_only": {
              "local_ms": 0.03551999852061272,
              "rank_max_ms": 0.05459199845790863,
              "rank_ms": [
                0.03551999852061272,
                0.03174399957060814,
                0.04896000027656555,
                0.05459199845790863
              ]
            },
            "pair_attempt_id": 67,
            "pair_retry_ordinal": 0,
            "position": 1,
            "readiness_probe_exact": true,
            "ready_region": {
              "local_ms": 0.13331200182437897,
              "rank_max_ms": 0.1457280069589615,
              "rank_ms": [
                0.13331200182437897,
                0.1457280069589615,
                0.11164800077676773,
                0.10790400207042694
              ]
            },
            "sample_index": 65,
            "scheduled_start_arrival_ns_by_rank": [
              744675645079121,
              744675645339947,
              744675645053564,
              744675644884065
            ],
            "scheduled_start_target_ns_by_rank": [
              744675650339947,
              744675650339947,
              744675650339947,
              744675650339947
            ],
            "start_record_bracket_ns_by_rank": [
              [
                744675650340873,
                744675650374544
              ],
              [
                744675650341133,
                744675650378516
              ],
              [
                744675650340429,
                744675650362835
              ],
              [
                744675650340563,
                744675650356993
              ]
            ],
            "start_record_envelope_span_ns": 38087,
            "variant": 0
          }
        },
        "variant": 0
      },
      {
        "accepted": true,
        "attempt_id": 68,
        "logical_pair_index": 66,
        "order": [
          "reference",
          "candidate"
        ],
        "rejection_reasons": [],
        "retry_ordinal": 0,
        "samples": {
          "candidate": {
            "collective_only": {
              "local_ms": 0.04214400053024292,
              "rank_max_ms": 0.049855999648571014,
              "rank_ms": [
                0.04214400053024292,
                0.031936001032590866,
                0.049855999648571014,
                0.040991999208927155
              ]
            },
            "pair_attempt_id": 68,
            "pair_retry_ordinal": 0,
            "position": 1,
            "readiness_probe_exact": true,
            "ready_region": {
              "local_ms": 0.11795199662446976,
              "rank_max_ms": 0.14425599575042725,
              "rank_ms": [
                0.11795199662446976,
                0.14425599575042725,
                0.1101439967751503,
                0.14108799397945404
              ]
            },
            "sample_index": 66,
            "scheduled_start_arrival_ns_by_rank": [
              744675661707048,
              744675662104453,
              744675661686257,
              744675662321130
            ],
            "scheduled_start_target_ns_by_rank": [
              744675667321130,
              744675667321130,
              744675667321130,
              744675667321130
            ],
            "start_record_bracket_ns_by_rank": [
              [
                744675667321622,
                744675667346961
              ],
              [
                744675667321942,
                744675667359024
              ],
              [
                744675667321594,
                744675667343128
              ],
              [
                744675667322094,
                744675667351111
              ]
            ],
            "start_record_envelope_span_ns": 37430,
            "variant": 1
          },
          "reference": {
            "collective_only": {
              "local_ms": 0.05071999877691269,
              "rank_max_ms": 0.05488000065088272,
              "rank_ms": [
                0.05071999877691269,
                0.0363520011305809,
                0.05488000065088272,
                0.04601600021123886
              ]
            },
            "pair_attempt_id": 68,
            "pair_retry_ordinal": 0,
            "position": 0,
            "readiness_probe_exact": true,
            "ready_region": {
              "local_ms": 0.12083200365304947,
              "rank_max_ms": 0.16070400178432465,
              "rank_ms": [
                0.12083200365304947,
                0.16070400178432465,
                0.11875200271606445,
                0.15164799988269806
              ]
            },
            "sample_index": 66,
            "scheduled_start_arrival_ns_by_rank": [
              744675653168275,
              744675653180317,
              744675652882057,
              744675653291459
            ],
            "scheduled_start_target_ns_by_rank": [
              744675658291459,
              744675658291459,
              744675658291459,
              744675658291459
            ],
            "start_record_bracket_ns_by_rank": [
              [
                744675658292061,
                744675658317838
              ],
              [
                744675658292832,
                744675658334139
              ],
              [
                744675658291989,
                744675658316145
              ],
              [
                744675658292456,
                744675658323602
              ]
            ],
            "start_record_envelope_span_ns": 42150,
            "variant": 1
          }
        },
        "variant": 1
      },
      {
        "accepted": true,
        "attempt_id": 69,
        "logical_pair_index": 67,
        "order": [
          "candidate",
          "reference"
        ],
        "rejection_reasons": [],
        "retry_ordinal": 0,
        "samples": {
          "candidate": {
            "collective_only": {
              "local_ms": 0.048287998884916306,
              "rank_max_ms": 0.05318399891257286,
              "rank_ms": [
                0.048287998884916306,
                0.036159999668598175,
                0.05318399891257286,
                0.043136000633239746
              ]
            },
            "pair_attempt_id": 69,
            "pair_retry_ordinal": 0,
            "position": 0,
            "readiness_probe_exact": true,
            "ready_region": {
              "local_ms": 0.1265600025653839,
              "rank_max_ms": 0.16099199652671814,
              "rank_ms": [
                0.1265600025653839,
                0.15836800634860992,
                0.11945600062608719,
                0.16099199652671814
              ]
            },
            "sample_index": 67,
            "scheduled_start_arrival_ns_by_rank": [
              744675672140721,
              744675672362261,
              744675672083091,
              744675672399601
            ],
            "scheduled_start_target_ns_by_rank": [
              744675677399601,
              744675677399601,
              744675677399601,
              744675677399601
            ],
            "start_record_bracket_ns_by_rank": [
              [
                744675677400211,
                744675677428531
              ],
              [
                744675677400624,
                744675677439774
              ],
              [
                744675677400124,
                744675677423567
              ],
              [
                744675677400483,
                744675677433056
              ]
            ],
            "start_record_envelope_span_ns": 39650,
            "variant": 0
          },
          "reference": {
            "collective_only": {
              "local_ms": 0.06803199648857117,
              "rank_max_ms": 0.07036799937486649,
              "rank_ms": [
                0.06803199648857117,
                0.039264000952243805,
                0.07036799937486649,
                0.029952000826597214
              ]
            },
            "pair_attempt_id": 69,
            "pair_retry_ordinal": 0,
            "position": 1,
            "readiness_probe_exact": true,
            "ready_region": {
              "local_ms": 0.12559999525547028,
              "rank_max_ms": 0.14006400108337402,
              "rank_ms": [
                0.12559999525547028,
                0.14006400108337402,
                0.1218239963054657,
                0.13942399621009827
              ]
            },
            "sample_index": 67,
            "scheduled_start_arrival_ns_by_rank": [
              744675681641366,
              744675682162066,
              744675681924019,
              744675682112573
            ],
            "scheduled_start_target_ns_by_rank": [
              744675687162066,
              744675687162066,
              744675687162066,
              744675687162066
            ],
            "start_record_bracket_ns_by_rank": [
              [
                744675687162521,
                744675687201156
              ],
              [
                744675687163172,
                744675687213866
              ],
              [
                744675687162496,
                744675687181693
              ],
              [
                744675687163064,
                744675687221567
              ]
            ],
            "start_record_envelope_span_ns": 59071,
            "variant": 0
          }
        },
        "variant": 0
      },
      {
        "accepted": true,
        "attempt_id": 70,
        "logical_pair_index": 68,
        "order": [
          "reference",
          "candidate"
        ],
        "rejection_reasons": [],
        "retry_ordinal": 0,
        "samples": {
          "candidate": {
            "collective_only": {
              "local_ms": 0.025536000728607178,
              "rank_max_ms": 0.03513599932193756,
              "rank_ms": [
                0.025536000728607178,
                0.03110400028526783,
                0.033215999603271484,
                0.03513599932193756
              ]
            },
            "pair_attempt_id": 70,
            "pair_retry_ordinal": 0,
            "position": 1,
            "readiness_probe_exact": true,
            "ready_region": {
              "local_ms": 0.1149120032787323,
              "rank_max_ms": 0.1149120032787323,
              "rank_ms": [
                0.1149120032787323,
                0.11100800335407257,
                0.10454399883747101,
                0.11318399757146835
              ]
            },
            "sample_index": 68,
            "scheduled_start_arrival_ns_by_rank": [
              744675702473164,
              744675702367609,
              744675702469306,
              744675702441998
            ],
            "scheduled_start_target_ns_by_rank": [
              744675707473164,
              744675707473164,
              744675707473164,
              744675707473164
            ],
            "start_record_bracket_ns_by_rank": [
              [
                744675707474198,
                744675707503296
              ],
              [
                744675707473867,
                744675707499896
              ],
              [
                744675707473795,
                744675707498945
              ],
              [
                744675707474156,
                744675707497363
              ]
            ],
            "start_record_envelope_span_ns": 29501,
            "variant": 1
          },
          "reference": {
            "collective_only": {
              "local_ms": 0.029055999591946602,
              "rank_max_ms": 0.03743999823927879,
              "rank_ms": [
                0.029055999591946602,
                0.034272000193595886,
                0.03308799862861633,
                0.03743999823927879
              ]
            },
            "pair_attempt_id": 70,
            "pair_retry_ordinal": 0,
            "position": 0,
            "readiness_probe_exact": true,
            "ready_region": {
              "local_ms": 0.1263040006160736,
              "rank_max_ms": 0.1263040006160736,
              "rank_ms": [
                0.1263040006160736,
                0.12336000055074692,
                0.12323199957609177,
                0.1257600039243698
              ]
            },
            "sample_index": 68,
            "scheduled_start_arrival_ns_by_rank": [
              744675692354640,
              744675692265033,
              744675692683039,
              744675692739388
            ],
            "scheduled_start_target_ns_by_rank": [
              744675697739388,
              744675697739388,
              744675697739388,
              744675697739388
            ],
            "start_record_bracket_ns_by_rank": [
              [
                744675697740302,
                744675697773009
              ],
              [
                744675697740272,
                744675697770308
              ],
              [
                744675697740220,
                744675697770789
              ],
              [
                744675697740280,
                744675697766058
              ]
            ],
            "start_record_envelope_span_ns": 32789,
            "variant": 1
          }
        },
        "variant": 1
      },
      {
        "accepted": true,
        "attempt_id": 71,
        "logical_pair_index": 69,
        "order": [
          "candidate",
          "reference"
        ],
        "rejection_reasons": [],
        "retry_ordinal": 0,
        "samples": {
          "candidate": {
            "collective_only": {
              "local_ms": 0.02908799983561039,
              "rank_max_ms": 0.03811199963092804,
              "rank_ms": [
                0.02908799983561039,
                0.03254399821162224,
                0.03328000009059906,
                0.03811199963092804
              ]
            },
            "pair_attempt_id": 71,
            "pair_retry_ordinal": 0,
            "position": 0,
            "readiness_probe_exact": true,
            "ready_region": {
              "local_ms": 0.12307199835777283,
              "rank_max_ms": 0.12307199835777283,
              "rank_ms": [
                0.12307199835777283,
                0.11919999867677689,
                0.11638399958610535,
                0.11641599982976913
              ]
            },
            "sample_index": 69,
            "scheduled_start_arrival_ns_by_rank": [
              744675711564696,
              744675711564454,
              744675711510659,
              744675711515150
            ],
            "scheduled_start_target_ns_by_rank": [
              744675716564696,
              744675716564696,
              744675716564696,
              744675716564696
            ],
            "start_record_bracket_ns_by_rank": [
              [
                744675716565526,
                744675716596185
              ],
              [
                744675716565756,
                744675716594343
              ],
              [
                744675716565726,
                744675716593662
              ],
              [
                744675716565432,
                744675716588402
              ]
            ],
            "start_record_envelope_span_ns": 30753,
            "variant": 0
          },
          "reference": {
            "collective_only": {
              "local_ms": 0.028896000236272812,
              "rank_max_ms": 0.03836800158023834,
              "rank_ms": [
                0.028896000236272812,
                0.02860799990594387,
                0.03379200026392937,
                0.03836800158023834
              ]
            },
            "pair_attempt_id": 71,
            "pair_retry_ordinal": 0,
            "position": 1,
            "readiness_probe_exact": true,
            "ready_region": {
              "local_ms": 0.1191679984331131,
              "rank_max_ms": 0.1191679984331131,
              "rank_ms": [
                0.1191679984331131,
                0.11894399672746658,
                0.1117440015077591,
                0.11017599701881409
              ]
            },
            "sample_index": 69,
            "scheduled_start_arrival_ns_by_rank": [
              744675720541361,
              744675720582620,
              744675720719907,
              744675720576939
            ],
            "scheduled_start_target_ns_by_rank": [
              744675725719907,
              744675725719907,
              744675725719907,
              744675725719907
            ],
            "start_record_bracket_ns_by_rank": [
              [
                744675725720966,
                744675725750630
              ],
              [
                744675725721029,
                744675725750863
              ],
              [
                744675725720638,
                744675725747174
              ],
              [
                744675725720756,
                744675725742514
              ]
            ],
            "start_record_envelope_span_ns": 30225,
            "variant": 0
          }
        },
        "variant": 0
      },
      {
        "accepted": true,
        "attempt_id": 72,
        "logical_pair_index": 70,
        "order": [
          "reference",
          "candidate"
        ],
        "rejection_reasons": [],
        "retry_ordinal": 0,
        "samples": {
          "candidate": {
            "collective_only": {
              "local_ms": 0.028831999748945236,
              "rank_max_ms": 0.03811199963092804,
              "rank_ms": [
                0.028831999748945236,
                0.03030399978160858,
                0.033215999603271484,
                0.03811199963092804
              ]
            },
            "pair_attempt_id": 72,
            "pair_retry_ordinal": 0,
            "position": 1,
            "readiness_probe_exact": true,
            "ready_region": {
              "local_ms": 0.12329600006341934,
              "rank_max_ms": 0.12329600006341934,
              "rank_ms": [
                0.12329600006341934,
                0.12041600048542023,
                0.11417599767446518,
                0.1133119985461235
              ]
            },
            "sample_index": 70,
            "scheduled_start_arrival_ns_by_rank": [
              744675739369083,
              744675739033735,
              744675739210860,
              744675739112323
            ],
            "scheduled_start_target_ns_by_rank": [
              744675744369083,
              744675744369083,
              744675744369083,
              744675744369083
            ],
            "start_record_bracket_ns_by_rank": [
              [
                744675744370135,
                744675744400295
              ],
              [
                744675744369853,
                744675744399255
              ],
              [
                744675744369870,
                744675744396432
              ],
              [
                744675744369814,
                744675744391981
              ]
            ],
            "start_record_envelope_span_ns": 30481,
            "variant": 1
          },
          "reference": {
            "collective_only": {
              "local_ms": 0.02691200003027916,
              "rank_max_ms": 0.033824000507593155,
              "rank_ms": [
                0.02691200003027916,
                0.030527999624609947,
                0.031168000772595406,
                0.033824000507593155
              ]
            },
            "pair_attempt_id": 72,
            "pair_retry_ordinal": 0,
            "position": 0,
            "readiness_probe_exact": true,
            "ready_region": {
              "local_ms": 0.11139199882745743,
              "rank_max_ms": 0.11302399635314941,
              "rank_ms": [
                0.11139199882745743,
                0.10780800133943558,
                0.10771200060844421,
                0.11302399635314941
              ]
            },
            "sample_index": 70,
            "scheduled_start_arrival_ns_by_rank": [
              744675729637728,
              744675728921984,
              744675729432277,
              744675729338573
            ],
            "scheduled_start_target_ns_by_rank": [
              744675734637728,
              744675734637728,
              744675734637728,
              744675734637728
            ],
            "start_record_bracket_ns_by_rank": [
              [
                744675734638531,
                744675734666347
              ],
              [
                744675734638397,
                744675734664034
              ],
              [
                744675734638466,
                744675734663751
              ],
              [
                744675734638568,
                744675734661171
              ]
            ],
            "start_record_envelope_span_ns": 27950,
            "variant": 1
          }
        },
        "variant": 1
      },
      {
        "accepted": true,
        "attempt_id": 73,
        "logical_pair_index": 71,
        "order": [
          "candidate",
          "reference"
        ],
        "rejection_reasons": [],
        "retry_ordinal": 0,
        "samples": {
          "candidate": {
            "collective_only": {
              "local_ms": 0.04092799872159958,
              "rank_max_ms": 0.05283199995756149,
              "rank_ms": [
                0.04092799872159958,
                0.044895999133586884,
                0.047488000243902206,
                0.05283199995756149
              ]
            },
            "pair_attempt_id": 73,
            "pair_retry_ordinal": 0,
            "position": 0,
            "readiness_probe_exact": true,
            "ready_region": {
              "local_ms": 0.14127999544143677,
              "rank_max_ms": 0.14127999544143677,
              "rank_ms": [
                0.14127999544143677,
                0.1380160003900528,
                0.1316480040550232,
                0.11971200257539749
              ]
            },
            "sample_index": 71,
            "scheduled_start_arrival_ns_by_rank": [
              744675748739016,
              744675748979734,
              744675748956315,
              744675749142485
            ],
            "scheduled_start_target_ns_by_rank": [
              744675754142485,
              744675754142485,
              744675754142485,
              744675754142485
            ],
            "start_record_bracket_ns_by_rank": [
              [
                744675754143324,
                744675754173085
              ],
              [
                744675754143278,
                744675754171368
              ],
              [
                744675754143288,
                744675754170444
              ],
              [
                744675754143056,
                744675754164271
              ]
            ],
            "start_record_envelope_span_ns": 30029,
            "variant": 0
          },
          "reference": {
            "collective_only": {
              "local_ms": 0.027424000203609467,
              "rank_max_ms": 0.03484800085425377,
              "rank_ms": [
                0.027424000203609467,
                0.030112000182271004,
                0.03110400028526783,
                0.03484800085425377
              ]
            },
            "pair_attempt_id": 73,
            "pair_retry_ordinal": 0,
            "position": 1,
            "readiness_probe_exact": true,
            "ready_region": {
              "local_ms": 0.11615999788045883,
              "rank_max_ms": 0.11615999788045883,
              "rank_ms": [
                0.11615999788045883,
                0.11503999680280685,
                0.11235199868679047,
                0.11126399785280228
              ]
            },
            "sample_index": 71,
            "scheduled_start_arrival_ns_by_rank": [
              744675758382393,
              744675758332298,
              744675758341268,
              744675758466370
            ],
            "scheduled_start_target_ns_by_rank": [
              744675763466370,
              744675763466370,
              744675763466370,
              744675763466370
            ],
            "start_record_bracket_ns_by_rank": [
              [
                744675763467388,
                744675763496581
              ],
              [
                744675763467341,
                744675763495373
              ],
              [
                744675763467210,
                744675763494822
              ],
              [
                744675763467051,
                744675763490035
              ]
            ],
            "start_record_envelope_span_ns": 29530,
            "variant": 0
          }
        },
        "variant": 0
      },
      {
        "accepted": true,
        "attempt_id": 74,
        "logical_pair_index": 72,
        "order": [
          "reference",
          "candidate"
        ],
        "rejection_reasons": [],
        "retry_ordinal": 0,
        "samples": {
          "candidate": {
            "collective_only": {
              "local_ms": 0.027583999559283257,
              "rank_max_ms": 0.03379200026392937,
              "rank_ms": [
                0.027583999559283257,
                0.02816000021994114,
                0.03139200061559677,
                0.03379200026392937
              ]
            },
            "pair_attempt_id": 74,
            "pair_retry_ordinal": 0,
            "position": 1,
            "readiness_probe_exact": true,
            "ready_region": {
              "local_ms": 0.11286400258541107,
              "rank_max_ms": 0.11420799791812897,
              "rank_ms": [
                0.11286400258541107,
                0.11420799791812897,
                0.1074879989027977,
                0.1042879968881607
              ]
            },
            "sample_index": 72,
            "scheduled_start_arrival_ns_by_rank": [
              744675776488760,
              744675776332163,
              744675776486909,
              744675776297560
            ],
            "scheduled_start_target_ns_by_rank": [
              744675781488760,
              744675781488760,
              744675781488760,
              744675781488760
            ],
            "start_record_bracket_ns_by_rank": [
              [
                744675781489588,
                744675781515992
              ],
              [
                744675781489513,
                744675781515192
              ],
              [
                744675781489554,
                744675781514574
              ],
              [
                744675781489382,
                744675781510767
              ]
            ],
            "start_record_envelope_span_ns": 26610,
            "variant": 1
          },
          "reference": {
            "collective_only": {
              "local_ms": 0.02672000043094158,
              "rank_max_ms": 0.03465599939227104,
              "rank_ms": [
                0.02672000043094158,
                0.027615999802947044,
                0.030592000111937523,
                0.03465599939227104
              ]
            },
            "pair_attempt_id": 74,
            "pair_retry_ordinal": 0,
            "position": 0,
            "readiness_probe_exact": true,
            "ready_region": {
              "local_ms": 0.1074879989027977,
              "rank_max_ms": 0.11030399799346924,
              "rank_ms": [
                0.1074879989027977,
                0.11030399799346924,
                0.10198400169610977,
                0.10492800176143646
              ]
            },
            "sample_index": 72,
            "scheduled_start_arrival_ns_by_rank": [
              744675767495793,
              744675767459584,
              744675767329185,
              744675767402103
            ],
            "scheduled_start_target_ns_by_rank": [
              744675772495793,
              744675772495793,
              744675772495793,
              744675772495793
            ],
            "start_record_bracket_ns_by_rank": [
              [
                744675772496617,
                744675772522658
              ],
              [
                744675772496642,
                744675772521966
              ],
              [
                744675772496463,
                744675772520646
              ],
              [
                744675772496424,
                744675772517200
              ]
            ],
            "start_record_envelope_span_ns": 26234,
            "variant": 1
          }
        },
        "variant": 1
      },
      {
        "accepted": true,
        "attempt_id": 75,
        "logical_pair_index": 73,
        "order": [
          "candidate",
          "reference"
        ],
        "rejection_reasons": [],
        "retry_ordinal": 0,
        "samples": {
          "candidate": {
            "collective_only": {
              "local_ms": 0.030239999294281006,
              "rank_max_ms": 0.033535998314619064,
              "rank_ms": [
                0.030239999294281006,
                0.02723200060427189,
                0.03030399978160858,
                0.033535998314619064
              ]
            },
            "pair_attempt_id": 75,
            "pair_retry_ordinal": 0,
            "position": 0,
            "readiness_probe_exact": true,
            "ready_region": {
              "local_ms": 0.10291200131177902,
              "rank_max_ms": 0.11257600039243698,
              "rank_ms": [
                0.10291200131177902,
                0.11257600039243698,
                0.10883200168609619,
                0.1117440015077591
              ]
            },
            "sample_index": 73,
            "scheduled_start_arrival_ns_by_rank": [
              744675785524082,
              744675785617118,
              744675785697770,
              744675785623416
            ],
            "scheduled_start_target_ns_by_rank": [
              744675790697770,
              744675790697770,
              744675790697770,
              744675790697770
            ],
            "start_record_bracket_ns_by_rank": [
              [
                744675790698525,
                744675790723615
              ],
              [
                744675790698585,
                744675790726348
              ],
              [
                744675790698575,
                744675790724436
              ],
              [
                744675790698515,
                744675790721195
              ]
            ],
            "start_record_envelope_span_ns": 27833,
            "variant": 0
          },
          "reference": {
            "collective_only": {
              "local_ms": 0.028672000393271446,
              "rank_max_ms": 0.0344959981739521,
              "rank_ms": [
                0.028672000393271446,
                0.029343999922275543,
                0.03286400064826012,
                0.0344959981739521
              ]
            },
            "pair_attempt_id": 75,
            "pair_retry_ordinal": 0,
            "position": 1,
            "readiness_probe_exact": true,
            "ready_region": {
              "local_ms": 0.11206399649381638,
              "rank_max_ms": 0.11206399649381638,
              "rank_ms": [
                0.11206399649381638,
                0.11110399663448334,
                0.106175996363163,
                0.10579200088977814
              ]
            },
            "sample_index": 73,
            "scheduled_start_arrival_ns_by_rank": [
              744675795306166,
              744675795149996,
              744675795293464,
              744675795126607
            ],
            "scheduled_start_target_ns_by_rank": [
              744675800306166,
              744675800306166,
              744675800306166,
              744675800306166
            ],
            "start_record_bracket_ns_by_rank": [
              [
                744675800307042,
                744675800334606
              ],
              [
                744675800307029,
                744675800334084
              ],
              [
                744675800307111,
                744675800332344
              ],
              [
                744675800306930,
                744675800327519
              ]
            ],
            "start_record_envelope_span_ns": 27676,
            "variant": 0
          }
        },
        "variant": 0
      },
      {
        "accepted": true,
        "attempt_id": 76,
        "logical_pair_index": 74,
        "order": [
          "reference",
          "candidate"
        ],
        "rejection_reasons": [],
        "retry_ordinal": 0,
        "samples": {
          "candidate": {
            "collective_only": {
              "local_ms": 0.036896001547575,
              "rank_max_ms": 0.0451200008392334,
              "rank_ms": [
                0.036896001547575,
                0.04259200021624565,
                0.043776001781225204,
                0.0451200008392334
              ]
            },
            "pair_attempt_id": 76,
            "pair_retry_ordinal": 0,
            "position": 1,
            "readiness_probe_exact": true,
            "ready_region": {
              "local_ms": 0.12348800152540207,
              "rank_max_ms": 0.12348800152540207,
              "rank_ms": [
                0.12348800152540207,
                0.11980800330638885,
                0.11580800265073776,
                0.12083200365304947
              ]
            },
            "sample_index": 74,
            "scheduled_start_arrival_ns_by_rank": [
              744675812926031,
              744675812942084,
              744675812912021,
              744675812956384
            ],
            "scheduled_start_target_ns_by_rank": [
              744675817956384,
              744675817956384,
              744675817956384,
              744675817956384
            ],
            "start_record_bracket_ns_by_rank": [
              [
                744675817957229,
                744675817984503
              ],
              [
                744675817957077,
                744675817981757
              ],
              [
                744675817957124,
                744675817980971
              ],
              [
                744675817957056,
                744675817978885
              ]
            ],
            "start_record_envelope_span_ns": 27447,
            "variant": 1
          },
          "reference": {
            "collective_only": {
              "local_ms": 0.025087999179959297,
              "rank_max_ms": 0.033215999603271484,
              "rank_ms": [
                0.025087999179959297,
                0.030592000111937523,
                0.029632000252604485,
                0.033215999603271484
              ]
            },
            "pair_attempt_id": 76,
            "pair_retry_ordinal": 0,
            "position": 0,
            "readiness_probe_exact": true,
            "ready_region": {
              "local_ms": 0.13177600502967834,
              "rank_max_ms": 0.13177600502967834,
              "rank_ms": [
                0.13177600502967834,
                0.12275200337171555,
                0.13078400492668152,
                0.11747200042009354
              ]
            },
            "sample_index": 74,
            "scheduled_start_arrival_ns_by_rank": [
              744675803828460,
              744675803837461,
              744675804107439,
              744675803758100
            ],
            "scheduled_start_target_ns_by_rank": [
              744675809107439,
              744675809107439,
              744675809107439,
              744675809107439
            ],
            "start_record_bracket_ns_by_rank": [
              [
                744675809108151,
                744675809135098
              ],
              [
                744675809108228,
                744675809131970
              ],
              [
                744675809108189,
                744675809132815
              ],
              [
                744675809108164,
                744675809129296
              ]
            ],
            "start_record_envelope_span_ns": 26947,
            "variant": 1
          }
        },
        "variant": 1
      },
      {
        "accepted": true,
        "attempt_id": 77,
        "logical_pair_index": 75,
        "order": [
          "candidate",
          "reference"
        ],
        "rejection_reasons": [],
        "retry_ordinal": 0,
        "samples": {
          "candidate": {
            "collective_only": {
              "local_ms": 0.027712000533938408,
              "rank_max_ms": 0.036479998379945755,
              "rank_ms": [
                0.027712000533938408,
                0.029023999348282814,
                0.03187200054526329,
                0.036479998379945755
              ]
            },
            "pair_attempt_id": 77,
            "pair_retry_ordinal": 0,
            "position": 0,
            "readiness_probe_exact": true,
            "ready_region": {
              "local_ms": 0.11932799965143204,
              "rank_max_ms": 0.11964800208806992,
              "rank_ms": [
                0.11932799965143204,
                0.11964800208806992,
                0.1117440015077591,
                0.1117440015077591
              ]
            },
            "sample_index": 75,
            "scheduled_start_arrival_ns_by_rank": [
              744675822657970,
              744675822312136,
              744675822442009,
              744675822401643
            ],
            "scheduled_start_target_ns_by_rank": [
              744675827657970,
              744675827657970,
              744675827657970,
              744675827657970
            ],
            "start_record_bracket_ns_by_rank": [
              [
                744675827659106,
                744675827688841
              ],
              [
                744675827658833,
                744675827687758
              ],
              [
                744675827658789,
                744675827685502
              ],
              [
                744675827658810,
                744675827680631
              ]
            ],
            "start_record_envelope_span_ns": 30052,
            "variant": 0
          },
          "reference": {
            "collective_only": {
              "local_ms": 0.027327999472618103,
              "rank_max_ms": 0.030432000756263733,
              "rank_ms": [
                0.027327999472618103,
                0.028384000062942505,
                0.030432000756263733,
                0.02659199945628643
              ]
            },
            "pair_attempt_id": 77,
            "pair_retry_ordinal": 0,
            "position": 1,
            "readiness_probe_exact": true,
            "ready_region": {
              "local_ms": 0.11740799993276596,
              "rank_max_ms": 0.11740799993276596,
              "rank_ms": [
                0.11740799993276596,
                0.11660800129175186,
                0.1090560033917427,
                0.11603199690580368
              ]
            },
            "sample_index": 75,
            "scheduled_start_arrival_ns_by_rank": [
              744675832363309,
              744675832216862,
              744675832428790,
              744675832500062
            ],
            "scheduled_start_target_ns_by_rank": [
              744675837500062,
              744675837500062,
              744675837500062,
              744675837500062
            ],
            "start_record_bracket_ns_by_rank": [
              [
                744675837501098,
                744675837528860
              ],
              [
                744675837501057,
                744675837527607
              ],
              [
                744675837500730,
                744675837526187
              ],
              [
                744675837500728,
                744675837530237
              ]
            ],
            "start_record_envelope_span_ns": 29509,
            "variant": 0
          }
        },
        "variant": 0
      },
      {
        "accepted": true,
        "attempt_id": 78,
        "logical_pair_index": 76,
        "order": [
          "reference",
          "candidate"
        ],
        "rejection_reasons": [],
        "retry_ordinal": 0,
        "samples": {
          "candidate": {
            "collective_only": {
              "local_ms": 0.03097599931061268,
              "rank_max_ms": 0.042527999728918076,
              "rank_ms": [
                0.03097599931061268,
                0.03478400036692619,
                0.03500799834728241,
                0.042527999728918076
              ]
            },
            "pair_attempt_id": 78,
            "pair_retry_ordinal": 0,
            "position": 1,
            "readiness_probe_exact": true,
            "ready_region": {
              "local_ms": 0.12201599776744843,
              "rank_max_ms": 0.12201599776744843,
              "rank_ms": [
                0.12201599776744843,
                0.12080000340938568,
                0.11673600226640701,
                0.10393600165843964
              ]
            },
            "sample_index": 76,
            "scheduled_start_arrival_ns_by_rank": [
              744675852637764,
              744675852414531,
              744675851978865,
              744675852556586
            ],
            "scheduled_start_target_ns_by_rank": [
              744675857637764,
              744675857637764,
              744675857637764,
              744675857637764
            ],
            "start_record_bracket_ns_by_rank": [
              [
                744675857638637,
                744675857667001
              ],
              [
                744675857638550,
                744675857666048
              ],
              [
                744675857638476,
                744675857665661
              ],
              [
                744675857638424,
                744675857658822
              ]
            ],
            "start_record_envelope_span_ns": 28577,
            "variant": 1
          },
          "reference": {
            "collective_only": {
              "local_ms": 0.027103999629616737,
              "rank_max_ms": 0.03017600066959858,
              "rank_ms": [
                0.027103999629616737,
                0.02831999957561493,
                0.028863999992609024,
                0.03017600066959858
              ]
            },
            "pair_attempt_id": 78,
            "pair_retry_ordinal": 0,
            "position": 0,
            "readiness_probe_exact": true,
            "ready_region": {
              "local_ms": 0.10655999928712845,
              "rank_max_ms": 0.10867200046777725,
              "rank_ms": [
                0.10655999928712845,
                0.10550399869680405,
                0.10236799716949463,
                0.10867200046777725
              ]
            },
            "sample_index": 76,
            "scheduled_start_arrival_ns_by_rank": [
              744675842791346,
              744675842454759,
              744675842524785,
              744675842739635
            ],
            "scheduled_start_target_ns_by_rank": [
              744675847791346,
              744675847791346,
              744675847791346,
              744675847791346
            ],
            "start_record_bracket_ns_by_rank": [
              [
                744675847791946,
                744675847818053
              ],
              [
                744675847792017,
                744675847816909
              ],
              [
                744675847792070,
                744675847816775
              ],
              [
                744675847792083,
                744675847813441
              ]
            ],
            "start_record_envelope_span_ns": 26107,
            "variant": 1
          }
        },
        "variant": 1
      },
      {
        "accepted": true,
        "attempt_id": 79,
        "logical_pair_index": 77,
        "order": [
          "candidate",
          "reference"
        ],
        "rejection_reasons": [],
        "retry_ordinal": 0,
        "samples": {
          "candidate": {
            "collective_only": {
              "local_ms": 0.02768000029027462,
              "rank_max_ms": 0.033663999289274216,
              "rank_ms": [
                0.02768000029027462,
                0.029184000566601753,
                0.02675200067460537,
                0.033663999289274216
              ]
            },
            "pair_attempt_id": 79,
            "pair_retry_ordinal": 0,
            "position": 0,
            "readiness_probe_exact": true,
            "ready_region": {
              "local_ms": 0.12403199821710587,
              "rank_max_ms": 0.12403199821710587,
              "rank_ms": [
                0.12403199821710587,
                0.12272000312805176,
                0.10902400314807892,
                0.10704000294208527
              ]
            },
            "sample_index": 77,
            "scheduled_start_arrival_ns_by_rank": [
              744675862863155,
              744675862619793,
              744675862693655,
              744675862800708
            ],
            "scheduled_start_target_ns_by_rank": [
              744675867863155,
              744675867863155,
              744675867863155,
              744675867863155
            ],
            "start_record_bracket_ns_by_rank": [
              [
                744675867863785,
                744675867891171
              ],
              [
                744675867863873,
                744675867890693
              ],
              [
                744675867863848,
                744675867889020
              ],
              [
                744675867863753,
                744675867885345
              ]
            ],
            "start_record_envelope_span_ns": 27418,
            "variant": 0
          },
          "reference": {
            "collective_only": {
              "local_ms": 0.032127998769283295,
              "rank_max_ms": 0.03407999873161316,
              "rank_ms": [
                0.032127998769283295,
                0.03062400035560131,
                0.02844800055027008,
                0.03407999873161316
              ]
            },
            "pair_attempt_id": 79,
            "pair_retry_ordinal": 0,
            "position": 1,
            "readiness_probe_exact": true,
            "ready_region": {
              "local_ms": 0.11587200313806534,
              "rank_max_ms": 0.12166400253772736,
              "rank_ms": [
                0.11587200313806534,
                0.12166400253772736,
                0.11763200163841248,
                0.12067200243473053
              ]
            },
            "sample_index": 77,
            "scheduled_start_arrival_ns_by_rank": [
              744675873169633,
              744675872785478,
              744675872634552,
              744675873019135
            ],
            "scheduled_start_target_ns_by_rank": [
              744675878169633,
              744675878169633,
              744675878169633,
              744675878169633
            ],
            "start_record_bracket_ns_by_rank": [
              [
                744675878170673,
                744675878208297
              ],
              [
                744675878170635,
                744675878209581
              ],
              [
                744675878170315,
                744675878211853
              ],
              [
                744675878170410,
                744675878205976
              ]
            ],
            "start_record_envelope_span_ns": 41538,
            "variant": 0
          }
        },
        "variant": 0
      },
      {
        "accepted": true,
        "attempt_id": 80,
        "logical_pair_index": 78,
        "order": [
          "reference",
          "candidate"
        ],
        "rejection_reasons": [],
        "retry_ordinal": 0,
        "samples": {
          "candidate": {
            "collective_only": {
              "local_ms": 0.030592000111937523,
              "rank_max_ms": 0.03907199949026108,
              "rank_ms": [
                0.030592000111937523,
                0.031936001032590866,
                0.03235200047492981,
                0.03907199949026108
              ]
            },
            "pair_attempt_id": 80,
            "pair_retry_ordinal": 0,
            "position": 1,
            "readiness_probe_exact": true,
            "ready_region": {
              "local_ms": 0.13308799266815186,
              "rank_max_ms": 0.13308799266815186,
              "rank_ms": [
                0.13308799266815186,
                0.12374400347471237,
                0.13232000172138214,
                0.12438400089740753
              ]
            },
            "sample_index": 78,
            "scheduled_start_arrival_ns_by_rank": [
              744675890758122,
              744675890603968,
              744675890555450,
              744675890701077
            ],
            "scheduled_start_target_ns_by_rank": [
              744675895758122,
              744675895758122,
              744675895758122,
              744675895758122
            ],
            "start_record_bracket_ns_by_rank": [
              [
                744675895759087,
                744675895791230
              ],
              [
                744675895759034,
                744675895789983
              ],
              [
                744675895758867,
                744675895789972
              ],
              [
                744675895758984,
                744675895782931
              ]
            ],
            "start_record_envelope_span_ns": 32363,
            "variant": 1
          },
          "reference": {
            "collective_only": {
              "local_ms": 0.033695999532938004,
              "rank_max_ms": 0.03984000161290169,
              "rank_ms": [
                0.033695999532938004,
                0.027008000761270523,
                0.03651199862360954,
                0.03984000161290169
              ]
            },
            "pair_attempt_id": 80,
            "pair_retry_ordinal": 0,
            "position": 0,
            "readiness_probe_exact": true,
            "ready_region": {
              "local_ms": 0.11606399714946747,
              "rank_max_ms": 0.11606399714946747,
              "rank_ms": [
                0.11606399714946747,
                0.11343999952077866,
                0.10924799740314484,
                0.11407999694347382
              ]
            },
            "sample_index": 78,
            "scheduled_start_arrival_ns_by_rank": [
              744675881365302,
              744675881262928,
              744675881280908,
              744675881371539
            ],
            "scheduled_start_target_ns_by_rank": [
              744675886371539,
              744675886371539,
              744675886371539,
              744675886371539
            ],
            "start_record_bracket_ns_by_rank": [
              [
                744675886372397,
                744675886401831
              ],
              [
                744675886372278,
                744675886406138
              ],
              [
                744675886372207,
                744675886398505
              ],
              [
                744675886372194,
                744675886394999
              ]
            ],
            "start_record_envelope_span_ns": 33944,
            "variant": 1
          }
        },
        "variant": 1
      },
      {
        "accepted": true,
        "attempt_id": 81,
        "logical_pair_index": 79,
        "order": [
          "candidate",
          "reference"
        ],
        "rejection_reasons": [],
        "retry_ordinal": 0,
        "samples": {
          "candidate": {
            "collective_only": {
              "local_ms": 0.027712000533938408,
              "rank_max_ms": 0.03465599939227104,
              "rank_ms": [
                0.027712000533938408,
                0.029920000582933426,
                0.03347200155258179,
                0.03465599939227104
              ]
            },
            "pair_attempt_id": 81,
            "pair_retry_ordinal": 0,
            "position": 0,
            "readiness_probe_exact": true,
            "ready_region": {
              "local_ms": 0.11990399658679962,
              "rank_max_ms": 0.12147200107574463,
              "rank_ms": [
                0.11990399658679962,
                0.12147200107574463,
                0.10851199924945831,
                0.11990399658679962
              ]
            },
            "sample_index": 79,
            "scheduled_start_arrival_ns_by_rank": [
              744675899814749,
              744675899626911,
              744675899799171,
              744675899830105
            ],
            "scheduled_start_target_ns_by_rank": [
              744675904830105,
              744675904830105,
              744675904830105,
              744675904830105
            ],
            "start_record_bracket_ns_by_rank": [
              [
                744675904830967,
                744675904861376
              ],
              [
                744675904830857,
                744675904859967
              ],
              [
                744675904830759,
                744675904857009
              ],
              [
                744675904830900,
                744675904854856
              ]
            ],
            "start_record_envelope_span_ns": 30617,
            "variant": 0
          },
          "reference": {
            "collective_only": {
              "local_ms": 0.028416000306606293,
              "rank_max_ms": 0.03359999880194664,
              "rank_ms": [
                0.028416000306606293,
                0.028831999748945236,
                0.030432000756263733,
                0.03359999880194664
              ]
            },
            "pair_attempt_id": 81,
            "pair_retry_ordinal": 0,
            "position": 1,
            "readiness_probe_exact": true,
            "ready_region": {
              "local_ms": 0.11356800049543381,
              "rank_max_ms": 0.1138560026884079,
              "rank_ms": [
                0.11356800049543381,
                0.1138560026884079,
                0.11203200370073318,
                0.1138560026884079
              ]
            },
            "sample_index": 79,
            "scheduled_start_arrival_ns_by_rank": [
              744675910368261,
              744675910220434,
              744675910395381,
              744675910286863
            ],
            "scheduled_start_target_ns_by_rank": [
              744675915395381,
              744675915395381,
              744675915395381,
              744675915395381
            ],
            "start_record_bracket_ns_by_rank": [
              [
                744675915396268,
                744675915423952
              ],
              [
                744675915396337,
                744675915423769
              ],
              [
                744675915396076,
                744675915422663
              ],
              [
                744675915396292,
                744675915419380
              ]
            ],
            "start_record_envelope_span_ns": 27876,
            "variant": 0
          }
        },
        "variant": 0
      },
      {
        "accepted": true,
        "attempt_id": 82,
        "logical_pair_index": 80,
        "order": [
          "reference",
          "candidate"
        ],
        "rejection_reasons": [],
        "retry_ordinal": 0,
        "samples": {
          "candidate": {
            "collective_only": {
              "local_ms": 0.032607998698949814,
              "rank_max_ms": 0.040863998234272,
              "rank_ms": [
                0.032607998698949814,
                0.035679999738931656,
                0.03030399978160858,
                0.040863998234272
              ]
            },
            "pair_attempt_id": 82,
            "pair_retry_ordinal": 0,
            "position": 1,
            "readiness_probe_exact": true,
            "ready_region": {
              "local_ms": 0.1157120019197464,
              "rank_max_ms": 0.13017599284648895,
              "rank_ms": [
                0.1157120019197464,
                0.11011199653148651,
                0.13017599284648895,
                0.10979200154542923
              ]
            },
            "sample_index": 80,
            "scheduled_start_arrival_ns_by_rank": [
              744675928694875,
              744675928558339,
              744675928461806,
              744675928661845
            ],
            "scheduled_start_target_ns_by_rank": [
              744675933694875,
              744675933694875,
              744675933694875,
              744675933694875
            ],
            "start_record_bracket_ns_by_rank": [
              [
                744675933695783,
                744675933724893
              ],
              [
                744675933695683,
                744675933722479
              ],
              [
                744675933695811,
                744675933727200
              ],
              [
                744675933695567,
                744675933717115
              ]
            ],
            "start_record_envelope_span_ns": 31633,
            "variant": 1
          },
          "reference": {
            "collective_only": {
              "local_ms": 0.029184000566601753,
              "rank_max_ms": 0.03907199949026108,
              "rank_ms": [
                0.029184000566601753,
                0.03049599938094616,
                0.03215999901294708,
                0.03907199949026108
              ]
            },
            "pair_attempt_id": 82,
            "pair_retry_ordinal": 0,
            "position": 0,
            "readiness_probe_exact": true,
            "ready_region": {
              "local_ms": 0.12464000284671783,
              "rank_max_ms": 0.12464000284671783,
              "rank_ms": [
                0.12464000284671783,
                0.11977600306272507,
                0.11715199798345566,
                0.11468800157308578
              ]
            },
            "sample_index": 80,
            "scheduled_start_arrival_ns_by_rank": [
              744675919779339,
              744675919748139,
              744675919784544,
              744675919841868
            ],
            "scheduled_start_target_ns_by_rank": [
              744675924841868,
              744675924841868,
              744675924841868,
              744675924841868
            ],
            "start_record_bracket_ns_by_rank": [
              [
                744675924842781,
                744675924873839
              ],
              [
                744675924842951,
                744675924872583
              ],
              [
                744675924842742,
                744675924871472
              ],
              [
                744675924842714,
                744675924865357
              ]
            ],
            "start_record_envelope_span_ns": 31125,
            "variant": 1
          }
        },
        "variant": 1
      },
      {
        "accepted": true,
        "attempt_id": 83,
        "logical_pair_index": 81,
        "order": [
          "candidate",
          "reference"
        ],
        "rejection_reasons": [],
        "retry_ordinal": 0,
        "samples": {
          "candidate": {
            "collective_only": {
              "local_ms": 0.026208000257611275,
              "rank_max_ms": 0.03651199862360954,
              "rank_ms": [
                0.026208000257611275,
                0.031488001346588135,
                0.03155200183391571,
                0.03651199862360954
              ]
            },
            "pair_attempt_id": 83,
            "pair_retry_ordinal": 0,
            "position": 0,
            "readiness_probe_exact": true,
            "ready_region": {
              "local_ms": 0.13180799782276154,
              "rank_max_ms": 0.1348479986190796,
              "rank_ms": [
                0.13180799782276154,
                0.1260800063610077,
                0.1348479986190796,
                0.11577600240707397
              ]
            },
            "sample_index": 81,
            "scheduled_start_arrival_ns_by_rank": [
              744675938939136,
              744675938605161,
              744675938525847,
              744675938847513
            ],
            "scheduled_start_target_ns_by_rank": [
              744675943939136,
              744675943939136,
              744675943939136,
              744675943939136
            ],
            "start_record_bracket_ns_by_rank": [
              [
                744675943939858,
                744675943970300
              ],
              [
                744675943939821,
                744675943967521
              ],
              [
                744675943940004,
                744675943967130
              ],
              [
                744675943939741,
                744675943963438
              ]
            ],
            "start_record_envelope_span_ns": 30559,
            "variant": 0
          },
          "reference": {
            "collective_only": {
              "local_ms": 0.029184000566601753,
              "rank_max_ms": 0.03888000175356865,
              "rank_ms": [
                0.029184000566601753,
                0.03161599859595299,
                0.03283200040459633,
                0.03888000175356865
              ]
            },
            "pair_attempt_id": 83,
            "pair_retry_ordinal": 0,
            "position": 1,
            "readiness_probe_exact": true,
            "ready_region": {
              "local_ms": 0.14537599682807922,
              "rank_max_ms": 0.14537599682807922,
              "rank_ms": [
                0.14537599682807922,
                0.13964800536632538,
                0.14003199338912964,
                0.13766400516033173
              ]
            },
            "sample_index": 81,
            "scheduled_start_arrival_ns_by_rank": [
              744675948924695,
              744675948906080,
              744675948534330,
              744675949101553
            ],
            "scheduled_start_target_ns_by_rank": [
              744675954101553,
              744675954101553,
              744675954101553,
              744675954101553
            ],
            "start_record_bracket_ns_by_rank": [
              [
                744675954102512,
                744675954134436
              ],
              [
                744675954102518,
                744675954134180
              ],
              [
                744675954102363,
                744675954131458
              ],
              [
                744675954102453,
                744675954127180
              ]
            ],
            "start_record_envelope_span_ns": 32073,
            "variant": 0
          }
        },
        "variant": 0
      },
      {
        "accepted": true,
        "attempt_id": 84,
        "logical_pair_index": 82,
        "order": [
          "reference",
          "candidate"
        ],
        "rejection_reasons": [],
        "retry_ordinal": 0,
        "samples": {
          "candidate": {
            "collective_only": {
              "local_ms": 0.4277440011501312,
              "rank_max_ms": 0.4277440011501312,
              "rank_ms": [
                0.4277440011501312,
                0.10595200210809708,
                0.024032000452280045,
                0.12732799351215363
              ]
            },
            "pair_attempt_id": 84,
            "pair_retry_ordinal": 0,
            "position": 1,
            "readiness_probe_exact": true,
            "ready_region": {
              "local_ms": 0.43696001172065735,
              "rank_max_ms": 0.43696001172065735,
              "rank_ms": [
                0.43696001172065735,
                0.1181119978427887,
                0.10796800255775452,
                0.13651199638843536
              ]
            },
            "sample_index": 82,
            "scheduled_start_arrival_ns_by_rank": [
              744675968559782,
              744675968500996,
              744675968552319,
              744675968502465
            ],
            "scheduled_start_target_ns_by_rank": [
              744675973559782,
              744675973559782,
              744675973559782,
              744675973559782
            ],
            "start_record_bracket_ns_by_rank": [
              [
                744675973921058,
                744675973950619
              ],
              [
                744675974244053,
                744675974273110
              ],
              [
                744675974322037,
                744675974350455
              ],
              [
                744675974226350,
                744675974250328
              ]
            ],
            "start_record_envelope_span_ns": 429397,
            "variant": 1
          },
          "reference": {
            "collective_only": {
              "local_ms": 0.025919999927282333,
              "rank_max_ms": 0.036320000886917114,
              "rank_ms": [
                0.025919999927282333,
                0.033344000577926636,
                0.03232000023126602,
                0.036320000886917114
              ]
            },
            "pair_attempt_id": 84,
            "pair_retry_ordinal": 0,
            "position": 0,
            "readiness_probe_exact": true,
            "ready_region": {
              "local_ms": 0.12390399724245071,
              "rank_max_ms": 0.12435200065374374,
              "rank_ms": [
                0.12390399724245071,
                0.12435200065374374,
                0.12031999975442886,
                0.12144000083208084
              ]
            },
            "sample_index": 82,
            "scheduled_start_arrival_ns_by_rank": [
              744675958794820,
              744675958591388,
              744675958888143,
              744675958703193
            ],
            "scheduled_start_target_ns_by_rank": [
              744675963888143,
              744675963888143,
              744675963888143,
              744675963888143
            ],
            "start_record_bracket_ns_by_rank": [
              [
                744675963888934,
                744675963920136
              ],
              [
                744675963888898,
                744675963915100
              ],
              [
                744675963888842,
                744675963915098
              ],
              [
                744675963888821,
                744675963910237
              ]
            ],
            "start_record_envelope_span_ns": 31315,
            "variant": 1
          }
        },
        "variant": 1
      },
      {
        "accepted": true,
        "attempt_id": 85,
        "logical_pair_index": 83,
        "order": [
          "candidate",
          "reference"
        ],
        "rejection_reasons": [],
        "retry_ordinal": 0,
        "samples": {
          "candidate": {
            "collective_only": {
              "local_ms": 0.02796800062060356,
              "rank_max_ms": 0.03711999952793121,
              "rank_ms": [
                0.02796800062060356,
                0.03296000137925148,
                0.03292800113558769,
                0.03711999952793121
              ]
            },
            "pair_attempt_id": 85,
            "pair_retry_ordinal": 0,
            "position": 0,
            "readiness_probe_exact": true,
            "ready_region": {
              "local_ms": 0.1255359947681427,
              "rank_max_ms": 0.1255359947681427,
              "rank_ms": [
                0.1255359947681427,
                0.11961600184440613,
                0.11670400202274323,
                0.12278400361537933
              ]
            },
            "sample_index": 83,
            "scheduled_start_arrival_ns_by_rank": [
              744675978645811,
              744675978611810,
              744675978680984,
              744675978577729
            ],
            "scheduled_start_target_ns_by_rank": [
              744675983680984,
              744675983680984,
              744675983680984,
              744675983680984
            ],
            "start_record_bracket_ns_by_rank": [
              [
                744675983681734,
                744675983713228
              ],
              [
                744675983681864,
                744675983710273
              ],
              [
                744675983681996,
                744675983710664
              ],
              [
                744675983681806,
                744675983706313
              ]
            ],
            "start_record_envelope_span_ns": 31494,
            "variant": 0
          },
          "reference": {
            "collective_only": {
              "local_ms": 0.037087999284267426,
              "rank_max_ms": 0.046879999339580536,
              "rank_ms": [
                0.037087999284267426,
                0.03558399900794029,
                0.04076800122857094,
                0.046879999339580536
              ]
            },
            "pair_attempt_id": 85,
            "pair_retry_ordinal": 0,
            "position": 1,
            "readiness_probe_exact": true,
            "ready_region": {
              "local_ms": 0.13180799782276154,
              "rank_max_ms": 0.13180799782276154,
              "rank_ms": [
                0.13180799782276154,
                0.13171200454235077,
                0.127360001206398,
                0.1225920021533966
              ]
            },
            "sample_index": 83,
            "scheduled_start_arrival_ns_by_rank": [
              744675988135162,
              744675987776133,
              744675987679943,
              744675987726250
            ],
            "scheduled_start_target_ns_by_rank": [
              744675993135162,
              744675993135162,
              744675993135162,
              744675993135162
            ],
            "start_record_bracket_ns_by_rank": [
              [
                744675993136112,
                744675993166411
              ],
              [
                744675993136263,
                744675993166518
              ],
              [
                744675993135997,
                744675993163498
              ],
              [
                744675993135916,
                744675993158004
              ]
            ],
            "start_record_envelope_span_ns": 30602,
            "variant": 0
          }
        },
        "variant": 0
      },
      {
        "accepted": true,
        "attempt_id": 86,
        "logical_pair_index": 84,
        "order": [
          "reference",
          "candidate"
        ],
        "rejection_reasons": [],
        "retry_ordinal": 0,
        "samples": {
          "candidate": {
            "collective_only": {
              "local_ms": 0.028960000723600388,
              "rank_max_ms": 0.03993599861860275,
              "rank_ms": [
                0.028960000723600388,
                0.03411199897527695,
                0.03376000002026558,
                0.03993599861860275
              ]
            },
            "pair_attempt_id": 86,
            "pair_retry_ordinal": 0,
            "position": 1,
            "readiness_probe_exact": true,
            "ready_region": {
              "local_ms": 0.13344000279903412,
              "rank_max_ms": 0.13344000279903412,
              "rank_ms": [
                0.13344000279903412,
                0.1276800036430359,
                0.13132800161838531,
                0.13327999413013458
              ]
            },
            "sample_index": 84,
            "scheduled_start_arrival_ns_by_rank": [
              744676008447336,
              744676008142638,
              744676008237484,
              744676008149500
            ],
            "scheduled_start_target_ns_by_rank": [
              744676013447336,
              744676013447336,
              744676013447336,
              744676013447336
            ],
            "start_record_bracket_ns_by_rank": [
              [
                744676013448416,
                744676013482537
              ],
              [
                744676013448378,
                744676013480132
              ],
              [
                744676013448386,
                744676013481258
              ],
              [
                744676013448240,
                744676013474947
              ]
            ],
            "start_record_envelope_span_ns": 34297,
            "variant": 1
          },
          "reference": {
            "collective_only": {
              "local_ms": 0.03174399957060814,
              "rank_max_ms": 0.0344959981739521,
              "rank_ms": [
                0.03174399957060814,
                0.028543999418616295,
                0.030559999868273735,
                0.0344959981739521
              ]
            },
            "pair_attempt_id": 86,
            "pair_retry_ordinal": 0,
            "position": 0,
            "readiness_probe_exact": true,
            "ready_region": {
              "local_ms": 0.1170559972524643,
              "rank_max_ms": 0.12051200121641159,
              "rank_ms": [
                0.1170559972524643,
                0.12051200121641159,
                0.11785600334405899,
                0.11952000111341476
              ]
            },
            "sample_index": 84,
            "scheduled_start_arrival_ns_by_rank": [
              744675997510443,
              744675997302675,
              744675997275281,
              744675997468809
            ],
            "scheduled_start_target_ns_by_rank": [
              744676002510443,
              744676002510443,
              744676002510443,
              744676002510443
            ],
            "start_record_bracket_ns_by_rank": [
              [
                744676002511100,
                744676002538484
              ],
              [
                744676002511340,
                744676002541076
              ],
              [
                744676002511211,
                744676002539970
              ],
              [
                744676002511227,
                744676002535041
              ]
            ],
            "start_record_envelope_span_ns": 29976,
            "variant": 1
          }
        },
        "variant": 1
      },
      {
        "accepted": true,
        "attempt_id": 87,
        "logical_pair_index": 85,
        "order": [
          "candidate",
          "reference"
        ],
        "rejection_reasons": [],
        "retry_ordinal": 0,
        "samples": {
          "candidate": {
            "collective_only": {
              "local_ms": 0.030271999537944794,
              "rank_max_ms": 0.03759999945759773,
              "rank_ms": [
                0.030271999537944794,
                0.03126399964094162,
                0.03283200040459633,
                0.03759999945759773
              ]
            },
            "pair_attempt_id": 87,
            "pair_retry_ordinal": 0,
            "position": 0,
            "readiness_probe_exact": true,
            "ready_region": {
              "local_ms": 0.12812800705432892,
              "rank_max_ms": 0.1281599998474121,
              "rank_ms": [
                0.12812800705432892,
                0.1281599998474121,
                0.12652799487113953,
                0.12457600235939026
              ]
            },
            "sample_index": 85,
            "scheduled_start_arrival_ns_by_rank": [
              744676018392512,
              744676017818141,
              744676017896491,
              744676017820376
            ],
            "scheduled_start_target_ns_by_rank": [
              744676023392512,
              744676023392512,
              744676023392512,
              744676023392512
            ],
            "start_record_bracket_ns_by_rank": [
              [
                744676023393439,
                744676023426112
              ],
              [
                744676023393264,
                744676023425255
              ],
              [
                744676023393394,
                744676023424532
              ],
              [
                744676023393249,
                744676023418566
              ]
            ],
            "start_record_envelope_span_ns": 32863,
            "variant": 0
          },
          "reference": {
            "collective_only": {
              "local_ms": 0.027744000777602196,
              "rank_max_ms": 0.03798399865627289,
              "rank_ms": [
                0.027744000777602196,
                0.031168000772595406,
                0.031936001032590866,
                0.03798399865627289
              ]
            },
            "pair_attempt_id": 87,
            "pair_retry_ordinal": 0,
            "position": 1,
            "readiness_probe_exact": true,
            "ready_region": {
              "local_ms": 0.11689600348472595,
              "rank_max_ms": 0.11760000139474869,
              "rank_ms": [
                0.11689600348472595,
                0.11760000139474869,
                0.11347199976444244,
                0.11308799684047699
              ]
            },
            "sample_index": 85,
            "scheduled_start_arrival_ns_by_rank": [
              744676028850840,
              744676028464404,
              744676028091752,
              744676028679221
            ],
            "scheduled_start_target_ns_by_rank": [
              744676033850840,
              744676033850840,
              744676033850840,
              744676033850840
            ],
            "start_record_bracket_ns_by_rank": [
              [
                744676033851801,
                744676033881500
              ],
              [
                744676033851657,
                744676033879479
              ],
              [
                744676033851539,
                744676033878840
              ],
              [
                744676033851601,
                744676033873850
              ]
            ],
            "start_record_envelope_span_ns": 29961,
            "variant": 0
          }
        },
        "variant": 0
      },
      {
        "accepted": true,
        "attempt_id": 88,
        "logical_pair_index": 86,
        "order": [
          "reference",
          "candidate"
        ],
        "rejection_reasons": [],
        "retry_ordinal": 0,
        "samples": {
          "candidate": {
            "collective_only": {
              "local_ms": 0.029791999608278275,
              "rank_max_ms": 0.03622400015592575,
              "rank_ms": [
                0.029791999608278275,
                0.026240000501275063,
                0.03311999887228012,
                0.03622400015592575
              ]
            },
            "pair_attempt_id": 88,
            "pair_retry_ordinal": 0,
            "position": 1,
            "readiness_probe_exact": true,
            "ready_region": {
              "local_ms": 0.10745599865913391,
              "rank_max_ms": 0.1088000014424324,
              "rank_ms": [
                0.10745599865913391,
                0.10438399761915207,
                0.1088000014424324,
                0.10335999727249146
              ]
            },
            "sample_index": 86,
            "scheduled_start_arrival_ns_by_rank": [
              744676047376017,
              744676047026781,
              744676047377721,
              744676047226035
            ],
            "scheduled_start_target_ns_by_rank": [
              744676052377721,
              744676052377721,
              744676052377721,
              744676052377721
            ],
            "start_record_bracket_ns_by_rank": [
              [
                744676052378623,
                744676052404256
              ],
              [
                744676052378447,
                744676052408212
              ],
              [
                744676052378481,
                744676052403005
              ],
              [
                744676052378354,
                744676052399664
              ]
            ],
            "start_record_envelope_span_ns": 29858,
            "variant": 1
          },
          "reference": {
            "collective_only": {
              "local_ms": 0.027168000116944313,
              "rank_max_ms": 0.03347200155258179,
              "rank_ms": [
                0.027168000116944313,
                0.029343999922275543,
                0.031136000528931618,
                0.03347200155258179
              ]
            },
            "pair_attempt_id": 88,
            "pair_retry_ordinal": 0,
            "position": 0,
            "readiness_probe_exact": true,
            "ready_region": {
              "local_ms": 0.12671999633312225,
              "rank_max_ms": 0.12671999633312225,
              "rank_ms": [
                0.12671999633312225,
                0.11631999909877777,
                0.11843200027942657,
                0.11542399972677231
              ]
            },
            "sample_index": 86,
            "scheduled_start_arrival_ns_by_rank": [
              744676038616030,
              744676038830405,
              744676038867364,
              744676039076373
            ],
            "scheduled_start_target_ns_by_rank": [
              744676044076373,
              744676044076373,
              744676044076373,
              744676044076373
            ],
            "start_record_bracket_ns_by_rank": [
              [
                744676044077124,
                744676044104148
              ],
              [
                744676044077151,
                744676044102188
              ],
              [
                744676044077119,
                744676044101158
              ],
              [
                744676044077131,
                744676044098009
              ]
            ],
            "start_record_envelope_span_ns": 27029,
            "variant": 1
          }
        },
        "variant": 1
      },
      {
        "accepted": true,
        "attempt_id": 89,
        "logical_pair_index": 87,
        "order": [
          "candidate",
          "reference"
        ],
        "rejection_reasons": [],
        "retry_ordinal": 0,
        "samples": {
          "candidate": {
            "collective_only": {
              "local_ms": 0.026815999299287796,
              "rank_max_ms": 0.029983999207615852,
              "rank_ms": [
                0.026815999299287796,
                0.025407999753952026,
                0.02703999914228916,
                0.029983999207615852
              ]
            },
            "pair_attempt_id": 89,
            "pair_retry_ordinal": 0,
            "position": 0,
            "readiness_probe_exact": true,
            "ready_region": {
              "local_ms": 0.1072319969534874,
              "rank_max_ms": 0.1072319969534874,
              "rank_ms": [
                0.1072319969534874,
                0.10259199887514114,
                0.10009600222110748,
                0.10595200210809708
              ]
            },
            "sample_index": 87,
            "scheduled_start_arrival_ns_by_rank": [
              744676057521754,
              744676057440256,
              744676057543058,
              744676057592074
            ],
            "scheduled_start_target_ns_by_rank": [
              744676062592074,
              744676062592074,
              744676062592074,
              744676062592074
            ],
            "start_record_bracket_ns_by_rank": [
              [
                744676062592839,
                744676062616603
              ],
              [
                744676062592840,
                744676062617052
              ],
              [
                744676062592772,
                744676062616187
              ],
              [
                744676062592941,
                744676062614238
              ]
            ],
            "start_record_envelope_span_ns": 24280,
            "variant": 0
          },
          "reference": {
            "collective_only": {
              "local_ms": 0.02908799983561039,
              "rank_max_ms": 0.03574400022625923,
              "rank_ms": [
                0.02908799983561039,
                0.03014400042593479,
                0.03296000137925148,
                0.03574400022625923
              ]
            },
            "pair_attempt_id": 89,
            "pair_retry_ordinal": 0,
            "position": 1,
            "readiness_probe_exact": true,
            "ready_region": {
              "local_ms": 0.11062400043010712,
              "rank_max_ms": 0.11062400043010712,
              "rank_ms": [
                0.11062400043010712,
                0.10764800012111664,
                0.1000640019774437,
                0.10268799960613251
              ]
            },
            "sample_index": 87,
            "scheduled_start_arrival_ns_by_rank": [
              744676067733506,
              744676067639755,
              744676067426277,
              744676067705460
            ],
            "scheduled_start_target_ns_by_rank": [
              744676072733506,
              744676072733506,
              744676072733506,
              744676072733506
            ],
            "start_record_bracket_ns_by_rank": [
              [
                744676072734224,
                744676072759179
              ],
              [
                744676072734213,
                744676072760043
              ],
              [
                744676072734343,
                744676072758312
              ],
              [
                744676072734279,
                744676072755193
              ]
            ],
            "start_record_envelope_span_ns": 25830,
            "variant": 0
          }
        },
        "variant": 0
      },
      {
        "accepted": true,
        "attempt_id": 90,
        "logical_pair_index": 88,
        "order": [
          "reference",
          "candidate"
        ],
        "rejection_reasons": [],
        "retry_ordinal": 0,
        "samples": {
          "candidate": {
            "collective_only": {
              "local_ms": 0.026655999943614006,
              "rank_max_ms": 0.03433600068092346,
              "rank_ms": [
                0.026655999943614006,
                0.028063999488949776,
                0.02876799926161766,
                0.03433600068092346
              ]
            },
            "pair_attempt_id": 90,
            "pair_retry_ordinal": 0,
            "position": 1,
            "readiness_probe_exact": true,
            "ready_region": {
              "local_ms": 0.12483199685811996,
              "rank_max_ms": 0.1356160044670105,
              "rank_ms": [
                0.12483199685811996,
                0.1356160044670105,
                0.125791996717453,
                0.12035199999809265
              ]
            },
            "sample_index": 88,
            "scheduled_start_arrival_ns_by_rank": [
              744676086097152,
              744676085756738,
              744676085552935,
              744676085964824
            ],
            "scheduled_start_target_ns_by_rank": [
              744676091097152,
              744676091097152,
              744676091097152,
              744676091097152
            ],
            "start_record_bracket_ns_by_rank": [
              [
                744676091098104,
                744676091125053
              ],
              [
                744676091097955,
                744676091124629
              ],
              [
                744676091097898,
                744676091123369
              ],
              [
                744676091097805,
                744676091118818
              ]
            ],
            "start_record_envelope_span_ns": 27248,
            "variant": 1
          },
          "reference": {
            "collective_only": {
              "local_ms": 0.028704000636935234,
              "rank_max_ms": 0.032127998769283295,
              "rank_ms": [
                0.028704000636935234,
                0.02643200010061264,
                0.029440000653266907,
                0.032127998769283295
              ]
            },
            "pair_attempt_id": 90,
            "pair_retry_ordinal": 0,
            "position": 0,
            "readiness_probe_exact": true,
            "ready_region": {
              "local_ms": 0.11683200299739838,
              "rank_max_ms": 0.11971200257539749,
              "rank_ms": [
                0.11683200299739838,
                0.11971200257539749,
                0.11766400188207626,
                0.11292800307273865
              ]
            },
            "sample_index": 88,
            "scheduled_start_arrival_ns_by_rank": [
              744676077132369,
              744676076862827,
              744676076899334,
              744676077117135
            ],
            "scheduled_start_target_ns_by_rank": [
              744676082132369,
              744676082132369,
              744676082132369,
              744676082132369
            ],
            "start_record_bracket_ns_by_rank": [
              [
                744676082133185,
                744676082159256
              ],
              [
                744676082133092,
                744676082159012
              ],
              [
                744676082133222,
                744676082158699
              ],
              [
                744676082133094,
                744676082154342
              ]
            ],
            "start_record_envelope_span_ns": 26164,
            "variant": 1
          }
        },
        "variant": 1
      },
      {
        "accepted": true,
        "attempt_id": 91,
        "logical_pair_index": 89,
        "order": [
          "candidate",
          "reference"
        ],
        "rejection_reasons": [],
        "retry_ordinal": 0,
        "samples": {
          "candidate": {
            "collective_only": {
              "local_ms": 0.030400000512599945,
              "rank_max_ms": 0.0379519984126091,
              "rank_ms": [
                0.030400000512599945,
                0.03510399907827377,
                0.03542400151491165,
                0.0379519984126091
              ]
            },
            "pair_attempt_id": 91,
            "pair_retry_ordinal": 0,
            "position": 0,
            "readiness_probe_exact": true,
            "ready_region": {
              "local_ms": 0.13840000331401825,
              "rank_max_ms": 0.13840000331401825,
              "rank_ms": [
                0.13840000331401825,
                0.11526399850845337,
                0.11318399757146835,
                0.11644800007343292
              ]
            },
            "sample_index": 89,
            "scheduled_start_arrival_ns_by_rank": [
              744676095645458,
              744676095565534,
              744676095343820,
              744676095596474
            ],
            "scheduled_start_target_ns_by_rank": [
              744676100645458,
              744676100645458,
              744676100645458,
              744676100645458
            ],
            "start_record_bracket_ns_by_rank": [
              [
                744676100646307,
                744676100677827
              ],
              [
                744676100646166,
                744676100674633
              ],
              [
                744676100646130,
                744676100673569
              ],
              [
                744676100646241,
                744676100671594
              ]
            ],
            "start_record_envelope_span_ns": 31697,
            "variant": 0
          },
          "reference": {
            "collective_only": {
              "local_ms": 0.031136000528931618,
              "rank_max_ms": 0.031136000528931618,
              "rank_ms": [
                0.031136000528931618,
                0.027327999472618103,
                0.028255999088287354,
                0.031007999554276466
              ]
            },
            "pair_attempt_id": 91,
            "pair_retry_ordinal": 0,
            "position": 1,
            "readiness_probe_exact": true,
            "ready_region": {
              "local_ms": 0.09305600076913834,
              "rank_max_ms": 0.11036799848079681,
              "rank_ms": [
                0.09305600076913834,
                0.11036799848079681,
                0.10681600123643875,
                0.10886400192975998
              ]
            },
            "sample_index": 89,
            "scheduled_start_arrival_ns_by_rank": [
              744676105410775,
              744676105330331,
              744676105376860,
              744676105393954
            ],
            "scheduled_start_target_ns_by_rank": [
              744676110410775,
              744676110410775,
              744676110410775,
              744676110410775
            ],
            "start_record_bracket_ns_by_rank": [
              [
                744676110411305,
                744676110433192
              ],
              [
                744676110411610,
                744676110437289
              ],
              [
                744676110411513,
                744676110436967
              ],
              [
                744676110411460,
                744676110432601
              ]
            ],
            "start_record_envelope_span_ns": 25984,
            "variant": 0
          }
        },
        "variant": 0
      },
      {
        "accepted": true,
        "attempt_id": 92,
        "logical_pair_index": 90,
        "order": [
          "reference",
          "candidate"
        ],
        "rejection_reasons": [],
        "retry_ordinal": 0,
        "samples": {
          "candidate": {
            "collective_only": {
              "local_ms": 0.03468799963593483,
              "rank_max_ms": 0.038015998899936676,
              "rank_ms": [
                0.03468799963593483,
                0.038015998899936676,
                0.03590400144457817,
                0.03270399942994118
              ]
            },
            "pair_attempt_id": 92,
            "pair_retry_ordinal": 0,
            "position": 1,
            "readiness_probe_exact": true,
            "ready_region": {
              "local_ms": 0.10819199681282043,
              "rank_max_ms": 0.14560000598430634,
              "rank_ms": [
                0.10819199681282043,
                0.1053759977221489,
                0.1103999987244606,
                0.14560000598430634
              ]
            },
            "sample_index": 90,
            "scheduled_start_arrival_ns_by_rank": [
              744676124139199,
              744676123784066,
              744676124150481,
              744676124269037
            ],
            "scheduled_start_target_ns_by_rank": [
              744676129269037,
              744676129269037,
              744676129269037,
              744676129269037
            ],
            "start_record_bracket_ns_by_rank": [
              [
                744676129269797,
                744676129296551
              ],
              [
                744676129269668,
                744676129294468
              ],
              [
                744676129269740,
                744676129294964
              ],
              [
                744676129270498,
                744676129298831
              ]
            ],
            "start_record_envelope_span_ns": 29163,
            "variant": 1
          },
          "reference": {
            "collective_only": {
              "local_ms": 0.036031998693943024,
              "rank_max_ms": 0.036031998693943024,
              "rank_ms": [
                0.036031998693943024,
                0.028416000306606293,
                0.026335999369621277,
                0.031199999153614044
              ]
            },
            "pair_attempt_id": 92,
            "pair_retry_ordinal": 0,
            "position": 0,
            "readiness_probe_exact": true,
            "ready_region": {
              "local_ms": 0.08707199990749359,
              "rank_max_ms": 0.10812799632549286,
              "rank_ms": [
                0.08707199990749359,
                0.1024319976568222,
                0.10809600353240967,
                0.10812799632549286
              ]
            },
            "sample_index": 90,
            "scheduled_start_arrival_ns_by_rank": [
              744676114414541,
              744676114206588,
              744676114174514,
              744676114620418
            ],
            "scheduled_start_target_ns_by_rank": [
              744676119620418,
              744676119620418,
              744676119620418,
              744676119620418
            ],
            "start_record_bracket_ns_by_rank": [
              [
                744676119620885,
                744676119637278
              ],
              [
                744676119621153,
                744676119645371
              ],
              [
                744676119621216,
                744676119647131
              ],
              [
                744676119621103,
                744676119642542
              ]
            ],
            "start_record_envelope_span_ns": 26246,
            "variant": 1
          }
        },
        "variant": 1
      },
      {
        "accepted": true,
        "attempt_id": 93,
        "logical_pair_index": 91,
        "order": [
          "candidate",
          "reference"
        ],
        "rejection_reasons": [],
        "retry_ordinal": 0,
        "samples": {
          "candidate": {
            "collective_only": {
              "local_ms": 0.029279999434947968,
              "rank_max_ms": 0.04307200014591217,
              "rank_ms": [
                0.029279999434947968,
                0.028031999245285988,
                0.03001599945127964,
                0.04307200014591217
              ]
            },
            "pair_attempt_id": 93,
            "pair_retry_ordinal": 0,
            "position": 0,
            "readiness_probe_exact": true,
            "ready_region": {
              "local_ms": 0.11478400230407715,
              "rank_max_ms": 0.11561600118875504,
              "rank_ms": [
                0.11478400230407715,
                0.11561600118875504,
                0.11340799927711487,
                0.09267199784517288
              ]
            },
            "sample_index": 91,
            "scheduled_start_arrival_ns_by_rank": [
              744676133573527,
              744676133165951,
              744676133130669,
              744676132988570
            ],
            "scheduled_start_target_ns_by_rank": [
              744676138573527,
              744676138573527,
              744676138573527,
              744676138573527
            ],
            "start_record_bracket_ns_by_rank": [
              [
                744676138574420,
                744676138601937
              ],
              [
                744676138574374,
                744676138602167
              ],
              [
                744676138574319,
                744676138601703
              ],
              [
                744676138574094,
                744676138588670
              ]
            ],
            "start_record_envelope_span_ns": 28073,
            "variant": 0
          },
          "reference": {
            "collective_only": {
              "local_ms": 0.029664000496268272,
              "rank_max_ms": 0.04016000032424927,
              "rank_ms": [
                0.029664000496268272,
                0.026367999613285065,
                0.03280000016093254,
                0.04016000032424927
              ]
            },
            "pair_attempt_id": 93,
            "pair_retry_ordinal": 0,
            "position": 1,
            "readiness_probe_exact": true,
            "ready_region": {
              "local_ms": 0.10460799932479858,
              "rank_max_ms": 0.11180800199508667,
              "rank_ms": [
                0.10460799932479858,
                0.11180800199508667,
                0.10051199793815613,
                0.09350399672985077
              ]
            },
            "sample_index": 91,
            "scheduled_start_arrival_ns_by_rank": [
              744676142284925,
              744676142295931,
              744676142267459,
              744676141974819
            ],
            "scheduled_start_target_ns_by_rank": [
              744676147295931,
              744676147295931,
              744676147295931,
              744676147295931
            ],
            "start_record_bracket_ns_by_rank": [
              [
                744676147297117,
                744676147322908
              ],
              [
                744676147296848,
                744676147323969
              ],
              [
                744676147296654,
                744676147320045
              ],
              [
                744676147296437,
                744676147311420
              ]
            ],
            "start_record_envelope_span_ns": 27532,
            "variant": 0
          }
        },
        "variant": 0
      },
      {
        "accepted": true,
        "attempt_id": 94,
        "logical_pair_index": 92,
        "order": [
          "reference",
          "candidate"
        ],
        "rejection_reasons": [],
        "retry_ordinal": 0,
        "samples": {
          "candidate": {
            "collective_only": {
              "local_ms": 0.028416000306606293,
              "rank_max_ms": 0.041152000427246094,
              "rank_ms": [
                0.028416000306606293,
                0.027775999158620834,
                0.041152000427246094,
                0.03612799942493439
              ]
            },
            "pair_attempt_id": 94,
            "pair_retry_ordinal": 0,
            "position": 1,
            "readiness_probe_exact": true,
            "ready_region": {
              "local_ms": 0.12038400024175644,
              "rank_max_ms": 0.12038400024175644,
              "rank_ms": [
                0.12038400024175644,
                0.11612799763679504,
                0.0923520028591156,
                0.10982400178909302
              ]
            },
            "sample_index": 92,
            "scheduled_start_arrival_ns_by_rank": [
              744676159551156,
              744676159521360,
              744676159472012,
              744676159459289
            ],
            "scheduled_start_target_ns_by_rank": [
              744676164551156,
              744676164551156,
              744676164551156,
              744676164551156
            ],
            "start_record_bracket_ns_by_rank": [
              [
                744676164552055,
                744676164580889
              ],
              [
                744676164552185,
                744676164581349
              ],
              [
                744676164551614,
                744676164569034
              ],
              [
                744676164551819,
                744676164573940
              ]
            ],
            "start_record_envelope_span_ns": 29735,
            "variant": 1
          },
          "reference": {
            "collective_only": {
              "local_ms": 0.028736000880599022,
              "rank_max_ms": 0.03574400022625923,
              "rank_ms": [
                0.028736000880599022,
                0.03267199918627739,
                0.029920000582933426,
                0.03574400022625923
              ]
            },
            "pair_attempt_id": 94,
            "pair_retry_ordinal": 0,
            "position": 0,
            "readiness_probe_exact": true,
            "ready_region": {
              "local_ms": 0.11980800330638885,
              "rank_max_ms": 0.12147200107574463,
              "rank_ms": [
                0.11980800330638885,
                0.10550399869680405,
                0.12147200107574463,
                0.11593600362539291
              ]
            },
            "sample_index": 92,
            "scheduled_start_arrival_ns_by_rank": [
              744676150396904,
              744676149898175,
              744676150216801,
              744676149949149
            ],
            "scheduled_start_target_ns_by_rank": [
              744676155396904,
              744676155396904,
              744676155396904,
              744676155396904
            ],
            "start_record_bracket_ns_by_rank": [
              [
                744676155397661,
                744676155427088
              ],
              [
                744676155397506,
                744676155424053
              ],
              [
                744676155398200,
                744676155426765
              ],
              [
                744676155397770,
                744676155421900
              ]
            ],
            "start_record_envelope_span_ns": 29582,
            "variant": 1
          }
        },
        "variant": 1
      },
      {
        "accepted": true,
        "attempt_id": 95,
        "logical_pair_index": 93,
        "order": [
          "candidate",
          "reference"
        ],
        "rejection_reasons": [],
        "retry_ordinal": 0,
        "samples": {
          "candidate": {
            "collective_only": {
              "local_ms": 0.03167999908328056,
              "rank_max_ms": 0.05244800075888634,
              "rank_ms": [
                0.03167999908328056,
                0.037087999284267426,
                0.04787199944257736,
                0.05244800075888634
              ]
            },
            "pair_attempt_id": 95,
            "pair_retry_ordinal": 0,
            "position": 0,
            "readiness_probe_exact": true,
            "ready_region": {
              "local_ms": 0.1364479959011078,
              "rank_max_ms": 0.1364479959011078,
              "rank_ms": [
                0.1364479959011078,
                0.12166400253772736,
                0.09478399902582169,
                0.0947519987821579
              ]
            },
            "sample_index": 93,
            "scheduled_start_arrival_ns_by_rank": [
              744676169389762,
              744676169370376,
              744676169419824,
              744676169259474
            ],
            "scheduled_start_target_ns_by_rank": [
              744676174419824,
              744676174419824,
              744676174419824,
              744676174419824
            ],
            "start_record_bracket_ns_by_rank": [
              [
                744676174421879,
                744676174455827
              ],
              [
                744676174420865,
                744676174450737
              ],
              [
                744676174420320,
                744676174439761
              ],
              [
                744676174420295,
                744676174435613
              ]
            ],
            "start_record_envelope_span_ns": 35532,
            "variant": 0
          },
          "reference": {
            "collective_only": {
              "local_ms": 0.04134399816393852,
              "rank_max_ms": 0.043136000633239746,
              "rank_ms": [
                0.04134399816393852,
                0.029343999922275543,
                0.043136000633239746,
                0.043136000633239746
              ]
            },
            "pair_attempt_id": 95,
            "pair_retry_ordinal": 0,
            "position": 1,
            "readiness_probe_exact": true,
            "ready_region": {
              "local_ms": 0.10896000266075134,
              "rank_max_ms": 0.13382400572299957,
              "rank_ms": [
                0.10896000266075134,
                0.13382400572299957,
                0.10633599758148193,
                0.1085439994931221
              ]
            },
            "sample_index": 93,
            "scheduled_start_arrival_ns_by_rank": [
              744676178581482,
              744676178924730,
              744676178707018,
              744676178855165
            ],
            "scheduled_start_target_ns_by_rank": [
              744676183924730,
              744676183924730,
              744676183924730,
              744676183924730
            ],
            "start_record_bracket_ns_by_rank": [
              [
                744676183925250,
                744676183943514
              ],
              [
                744676183925639,
                744676183955107
              ],
              [
                744676183925238,
                744676183943250
              ],
              [
                744676183925256,
                744676183941627
              ]
            ],
            "start_record_envelope_span_ns": 29869,
            "variant": 0
          }
        },
        "variant": 0
      },
      {
        "accepted": true,
        "attempt_id": 96,
        "logical_pair_index": 94,
        "order": [
          "reference",
          "candidate"
        ],
        "rejection_reasons": [],
        "retry_ordinal": 0,
        "samples": {
          "candidate": {
            "collective_only": {
              "local_ms": 0.0331839993596077,
              "rank_max_ms": 0.054207999259233475,
              "rank_ms": [
                0.0331839993596077,
                0.042847998440265656,
                0.042847998440265656,
                0.054207999259233475
              ]
            },
            "pair_attempt_id": 96,
            "pair_retry_ordinal": 0,
            "position": 1,
            "readiness_probe_exact": true,
            "ready_region": {
              "local_ms": 0.1635199934244156,
              "rank_max_ms": 0.1635199934244156,
              "rank_ms": [
                0.1635199934244156,
                0.12457600235939026,
                0.12441600114107132,
                0.0981760025024414
              ]
            },
            "sample_index": 94,
            "scheduled_start_arrival_ns_by_rank": [
              744676194807046,
              744676194848399,
              744676195109650,
              744676194686378
            ],
            "scheduled_start_target_ns_by_rank": [
              744676200109650,
              744676200109650,
              744676200109650,
              744676200109650
            ],
            "start_record_bracket_ns_by_rank": [
              [
                744676200111800,
                744676200146152
              ],
              [
                744676200110558,
                744676200138033
              ],
              [
                744676200110490,
                744676200137238
              ],
              [
                744676200110097,
                744676200123760
              ]
            ],
            "start_record_envelope_span_ns": 36055,
            "variant": 1
          },
          "reference": {
            "collective_only": {
              "local_ms": 0.038047999143600464,
              "rank_max_ms": 0.0424639992415905,
              "rank_ms": [
                0.038047999143600464,
                0.027936000376939774,
                0.031199999153614044,
                0.0424639992415905
              ]
            },
            "pair_attempt_id": 96,
            "pair_retry_ordinal": 0,
            "position": 0,
            "readiness_probe_exact": true,
            "ready_region": {
              "local_ms": 0.09516800194978714,
              "rank_max_ms": 0.11721599847078323,
              "rank_ms": [
                0.09516800194978714,
                0.11721599847078323,
                0.11158400028944016,
                0.08979199826717377
              ]
            },
            "sample_index": 94,
            "scheduled_start_arrival_ns_by_rank": [
              744676186737600,
              744676186484763,
              744676186802747,
              744676186555969
            ],
            "scheduled_start_target_ns_by_rank": [
              744676191802747,
              744676191802747,
              744676191802747,
              744676191802747
            ],
            "start_record_bracket_ns_by_rank": [
              [
                744676191803269,
                744676191822652
              ],
              [
                744676191803476,
                744676191832056
              ],
              [
                744676191803439,
                744676191830084
              ],
              [
                744676191803176,
                744676191817911
              ]
            ],
            "start_record_envelope_span_ns": 28880,
            "variant": 1
          }
        },
        "variant": 1
      },
      {
        "accepted": true,
        "attempt_id": 97,
        "logical_pair_index": 95,
        "order": [
          "candidate",
          "reference"
        ],
        "rejection_reasons": [],
        "retry_ordinal": 0,
        "samples": {
          "candidate": {
            "collective_only": {
              "local_ms": 0.048128001391887665,
              "rank_max_ms": 0.048128001391887665,
              "rank_ms": [
                0.048128001391887665,
                0.04009599983692169,
                0.03187200054526329,
                0.04652800038456917
              ]
            },
            "pair_attempt_id": 97,
            "pair_retry_ordinal": 0,
            "position": 0,
            "readiness_probe_exact": true,
            "ready_region": {
              "local_ms": 0.100832000374794,
              "rank_max_ms": 0.1486400067806244,
              "rank_ms": [
                0.100832000374794,
                0.12889599800109863,
                0.1486400067806244,
                0.12243200093507767
              ]
            },
            "sample_index": 95,
            "scheduled_start_arrival_ns_by_rank": [
              744676203953678,
              744676203942382,
              744676204079635,
              744676204018674
            ],
            "scheduled_start_target_ns_by_rank": [
              744676209079635,
              744676209079635,
              744676209079635,
              744676209079635
            ],
            "start_record_bracket_ns_by_rank": [
              [
                744676209080159,
                744676209098253
              ],
              [
                744676209080450,
                744676209107823
              ],
              [
                744676209081253,
                744676209116090
              ],
              [
                744676209080376,
                744676209102055
              ]
            ],
            "start_record_envelope_span_ns": 35931,
            "variant": 0
          },
          "reference": {
            "collective_only": {
              "local_ms": 0.03791999816894531,
              "rank_max_ms": 0.03791999816894531,
              "rank_ms": [
                0.03791999816894531,
                0.026528000831604004,
                0.03747199848294258,
                0.03161599859595299
              ]
            },
            "pair_attempt_id": 97,
            "pair_retry_ordinal": 0,
            "position": 1,
            "readiness_probe_exact": true,
            "ready_region": {
              "local_ms": 0.10387200117111206,
              "rank_max_ms": 0.12374400347471237,
              "rank_ms": [
                0.10387200117111206,
                0.11945600062608719,
                0.10371199995279312,
                0.12374400347471237
              ]
            },
            "sample_index": 95,
            "scheduled_start_arrival_ns_by_rank": [
              744676212930026,
              744676212585798,
              744676212847858,
              744676212866343
            ],
            "scheduled_start_target_ns_by_rank": [
              744676217930026,
              744676217930026,
              744676217930026,
              744676217930026
            ],
            "start_record_bracket_ns_by_rank": [
              [
                744676217930566,
                744676217947452
              ],
              [
                744676217930825,
                744676217957394
              ],
              [
                744676217930500,
                744676217947438
              ],
              [
                744676217930811,
                744676217953045
              ]
            ],
            "start_record_envelope_span_ns": 26894,
            "variant": 0
          }
        },
        "variant": 0
      },
      {
        "accepted": true,
        "attempt_id": 98,
        "logical_pair_index": 96,
        "order": [
          "reference",
          "candidate"
        ],
        "rejection_reasons": [],
        "retry_ordinal": 0,
        "samples": {
          "candidate": {
            "collective_only": {
              "local_ms": 0.02566399984061718,
              "rank_max_ms": 0.040991999208927155,
              "rank_ms": [
                0.02566399984061718,
                0.029343999922275543,
                0.030912000685930252,
                0.040991999208927155
              ]
            },
            "pair_attempt_id": 98,
            "pair_retry_ordinal": 0,
            "position": 1,
            "readiness_probe_exact": true,
            "ready_region": {
              "local_ms": 0.11046399921178818,
              "rank_max_ms": 0.11235199868679047,
              "rank_ms": [
                0.11046399921178818,
                0.11110399663448334,
                0.11235199868679047,
                0.08707199990749359
              ]
            },
            "sample_index": 96,
            "scheduled_start_arrival_ns_by_rank": [
              744676232451934,
              744676232421488,
              744676232264744,
              744676232421753
            ],
            "scheduled_start_target_ns_by_rank": [
              744676237451934,
              744676237451934,
              744676237451934,
              744676237451934
            ],
            "start_record_bracket_ns_by_rank": [
              [
                744676237452802,
                744676237479481
              ],
              [
                744676237452803,
                744676237478434
              ],
              [
                744676237452741,
                744676237477794
              ],
              [
                744676237452362,
                744676237465721
              ]
            ],
            "start_record_envelope_span_ns": 27119,
            "variant": 1
          },
          "reference": {
            "collective_only": {
              "local_ms": 0.030400000512599945,
              "rank_max_ms": 0.03673600032925606,
              "rank_ms": [
                0.030400000512599945,
                0.03110400028526783,
                0.03673600032925606,
                0.0363520011305809
              ]
            },
            "pair_attempt_id": 98,
            "pair_retry_ordinal": 0,
            "position": 0,
            "readiness_probe_exact": true,
            "ready_region": {
              "local_ms": 0.10870400071144104,
              "rank_max_ms": 0.10870400071144104,
              "rank_ms": [
                0.10870400071144104,
                0.10787200182676315,
                0.09459199756383896,
                0.1064319983124733
              ]
            },
            "sample_index": 96,
            "scheduled_start_arrival_ns_by_rank": [
              744676222345108,
              744676223032105,
              744676221743819,
              744676222746351
            ],
            "scheduled_start_target_ns_by_rank": [
              744676228032105,
              744676228032105,
              744676228032105,
              744676228032105
            ],
            "start_record_bracket_ns_by_rank": [
              [
                744676228032837,
                744676228062546
              ],
              [
                744676228033079,
                744676228059120
              ],
              [
                744676228032618,
                744676228053279
              ],
              [
                744676228032794,
                744676228054080
              ]
            ],
            "start_record_envelope_span_ns": 29928,
            "variant": 1
          }
        },
        "variant": 1
      },
      {
        "accepted": true,
        "attempt_id": 99,
        "logical_pair_index": 97,
        "order": [
          "candidate",
          "reference"
        ],
        "rejection_reasons": [],
        "retry_ordinal": 0,
        "samples": {
          "candidate": {
            "collective_only": {
              "local_ms": 0.03254399821162224,
              "rank_max_ms": 0.04588799923658371,
              "rank_ms": [
                0.03254399821162224,
                0.026623999699950218,
                0.03440000116825104,
                0.04588799923658371
              ]
            },
            "pair_attempt_id": 99,
            "pair_retry_ordinal": 0,
            "position": 0,
            "readiness_probe_exact": true,
            "ready_region": {
              "local_ms": 0.11126399785280228,
              "rank_max_ms": 0.11126399785280228,
              "rank_ms": [
                0.11126399785280228,
                0.10860799998044968,
                0.10911999642848969,
                0.08268799632787704
              ]
            },
            "sample_index": 97,
            "scheduled_start_arrival_ns_by_rank": [
              744676242718728,
              744676242365347,
              744676242267637,
              744676242279438
            ],
            "scheduled_start_target_ns_by_rank": [
              744676247718728,
              744676247718728,
              744676247718728,
              744676247718728
            ],
            "start_record_bracket_ns_by_rank": [
              [
                744676247719778,
                744676247747013
              ],
              [
                744676247719690,
                744676247750674
              ],
              [
                744676247719504,
                744676247749612
              ],
              [
                744676247719189,
                744676247732031
              ]
            ],
            "start_record_envelope_span_ns": 31485,
            "variant": 0
          },
          "reference": {
            "collective_only": {
              "local_ms": 0.028672000393271446,
              "rank_max_ms": 0.035711999982595444,
              "rank_ms": [
                0.028672000393271446,
                0.028543999418616295,
                0.029152000322937965,
                0.035711999982595444
              ]
            },
            "pair_attempt_id": 99,
            "pair_retry_ordinal": 0,
            "position": 1,
            "readiness_probe_exact": true,
            "ready_region": {
              "local_ms": 0.13072000443935394,
              "rank_max_ms": 0.13177600502967834,
              "rank_ms": [
                0.13072000443935394,
                0.12950399518013,
                0.13177600502967834,
                0.1271360069513321
              ]
            },
            "sample_index": 97,
            "scheduled_start_arrival_ns_by_rank": [
              744676251973935,
              744676251767673,
              744676252053724,
              744676251989100
            ],
            "scheduled_start_target_ns_by_rank": [
              744676257053724,
              744676257053724,
              744676257053724,
              744676257053724
            ],
            "start_record_bracket_ns_by_rank": [
              [
                744676257054621,
                744676257083355
              ],
              [
                744676257054548,
                744676257082891
              ],
              [
                744676257054834,
                744676257083011
              ],
              [
                744676257054428,
                744676257077332
              ]
            ],
            "start_record_envelope_span_ns": 28927,
            "variant": 0
          }
        },
        "variant": 0
      },
      {
        "accepted": true,
        "attempt_id": 100,
        "logical_pair_index": 98,
        "order": [
          "reference",
          "candidate"
        ],
        "rejection_reasons": [],
        "retry_ordinal": 0,
        "samples": {
          "candidate": {
            "collective_only": {
              "local_ms": 0.02985600009560585,
              "rank_max_ms": 0.04028800129890442,
              "rank_ms": [
                0.02985600009560585,
                0.02831999957561493,
                0.03267199918627739,
                0.04028800129890442
              ]
            },
            "pair_attempt_id": 100,
            "pair_retry_ordinal": 0,
            "position": 1,
            "readiness_probe_exact": true,
            "ready_region": {
              "local_ms": 0.11027199774980545,
              "rank_max_ms": 0.11801599711179733,
              "rank_ms": [
                0.11027199774980545,
                0.11801599711179733,
                0.11072000116109848,
                0.10035199671983719
              ]
            },
            "sample_index": 98,
            "scheduled_start_arrival_ns_by_rank": [
              744676271240321,
              744676270720110,
              744676270994673,
              744676271053934
            ],
            "scheduled_start_target_ns_by_rank": [
              744676276240321,
              744676276240321,
              744676276240321,
              744676276240321
            ],
            "start_record_bracket_ns_by_rank": [
              [
                744676276241672,
                744676276270239
              ],
              [
                744676276241203,
                744676276270565
              ],
              [
                744676276241055,
                744676276267447
              ],
              [
                744676276241107,
                744676276259562
              ]
            ],
            "start_record_envelope_span_ns": 29510,
            "variant": 1
          },
          "reference": {
            "collective_only": {
              "local_ms": 0.02940800040960312,
              "rank_max_ms": 0.044096000492572784,
              "rank_ms": [
                0.02940800040960312,
                0.027744000777602196,
                0.030368000268936157,
                0.044096000492572784
              ]
            },
            "pair_attempt_id": 100,
            "pair_retry_ordinal": 0,
            "position": 0,
            "readiness_probe_exact": true,
            "ready_region": {
              "local_ms": 0.10592000186443329,
              "rank_max_ms": 0.1151999980211258,
              "rank_ms": [
                0.10592000186443329,
                0.1151999980211258,
                0.11372800171375275,
                0.08745600283145905
              ]
            },
            "sample_index": 98,
            "scheduled_start_arrival_ns_by_rank": [
              744676261574474,
              744676261173596,
              744676260786040,
              744676260811270
            ],
            "scheduled_start_target_ns_by_rank": [
              744676266574474,
              744676266574474,
              744676266574474,
              744676266574474
            ],
            "start_record_bracket_ns_by_rank": [
              [
                744676266575163,
                744676266601329
              ],
              [
                744676266575413,
                744676266602639
              ],
              [
                744676266575220,
                744676266602314
              ],
              [
                744676266574883,
                744676266587244
              ]
            ],
            "start_record_envelope_span_ns": 27756,
            "variant": 1
          }
        },
        "variant": 1
      },
      {
        "accepted": true,
        "attempt_id": 101,
        "logical_pair_index": 99,
        "order": [
          "candidate",
          "reference"
        ],
        "rejection_reasons": [],
        "retry_ordinal": 0,
        "samples": {
          "candidate": {
            "collective_only": {
              "local_ms": 0.028991999104619026,
              "rank_max_ms": 0.03830400109291077,
              "rank_ms": [
                0.028991999104619026,
                0.029152000322937965,
                0.03171199932694435,
                0.03830400109291077
              ]
            },
            "pair_attempt_id": 101,
            "pair_retry_ordinal": 0,
            "position": 0,
            "readiness_probe_exact": true,
            "ready_region": {
              "local_ms": 0.11222399771213531,
              "rank_max_ms": 0.11929599940776825,
              "rank_ms": [
                0.11222399771213531,
                0.11929599940776825,
                0.11552000045776367,
                0.10713600367307663
              ]
            },
            "sample_index": 99,
            "scheduled_start_arrival_ns_by_rank": [
              744676281520615,
              744676281482053,
              744676281222803,
              744676281588463
            ],
            "scheduled_start_target_ns_by_rank": [
              744676286588463,
              744676286588463,
              744676286588463,
              744676286588463
            ],
            "start_record_bracket_ns_by_rank": [
              [
                744676286589228,
                744676286617058
              ],
              [
                744676286589162,
                744676286617628
              ],
              [
                744676286589221,
                744676286616750
              ],
              [
                744676286589093,
                744676286610103
              ]
            ],
            "start_record_envelope_span_ns": 28535,
            "variant": 0
          },
          "reference": {
            "collective_only": {
              "local_ms": 0.030688000842928886,
              "rank_max_ms": 0.04198399931192398,
              "rank_ms": [
                0.030688000842928886,
                0.03968000039458275,
                0.03868800029158592,
                0.04198399931192398
              ]
            },
            "pair_attempt_id": 101,
            "pair_retry_ordinal": 0,
            "position": 1,
            "readiness_probe_exact": true,
            "ready_region": {
              "local_ms": 0.14195199310779572,
              "rank_max_ms": 0.14195199310779572,
              "rank_ms": [
                0.14195199310779572,
                0.12665599584579468,
                0.1324480026960373,
                0.11984000355005264
              ]
            },
            "sample_index": 99,
            "scheduled_start_arrival_ns_by_rank": [
              744676291721007,
              744676291374048,
              744676291288312,
              744676291515201
            ],
            "scheduled_start_target_ns_by_rank": [
              744676296721007,
              744676296721007,
              744676296721007,
              744676296721007
            ],
            "start_record_bracket_ns_by_rank": [
              [
                744676296722736,
                744676296758616
              ],
              [
                744676296722023,
                744676296752589
              ],
              [
                744676296721876,
                744676296753538
              ],
              [
                744676296721676,
                744676296745249
              ]
            ],
            "start_record_envelope_span_ns": 36940,
            "variant": 0
          }
        },
        "variant": 0
      }
    ],
    "rank_order": [
      0,
      1,
      2,
      3
    ],
    "reference": [
      {
        "collective_only": {
          "local_ms": 0.03167999908328056,
          "rank_max_ms": 0.03683200106024742,
          "rank_ms": [
            0.03167999908328056,
            0.03683200106024742,
            0.03558399900794029,
            0.03551999852061272
          ]
        },
        "pair_attempt_id": 0,
        "pair_retry_ordinal": 0,
        "position": 0,
        "readiness_probe_exact": true,
        "ready_region": {
          "local_ms": 0.1401599943637848,
          "rank_max_ms": 0.14025600254535675,
          "rank_ms": [
            0.1401599943637848,
            0.1327359974384308,
            0.13990400731563568,
            0.14025600254535675
          ]
        },
        "sample_index": 0,
        "scheduled_start_arrival_ns_by_rank": [
          744674326298836,
          744674325655494,
          744674326161686,
          744674325652736
        ],
        "scheduled_start_target_ns_by_rank": [
          744674331298836,
          744674331298836,
          744674331298836,
          744674331298836
        ],
        "start_record_bracket_ns_by_rank": [
          [
            744674331299877,
            744674331335988
          ],
          [
            744674331299729,
            744674331332579
          ],
          [
            744674331300036,
            744674331334179
          ],
          [
            744674331299810,
            744674331331726
          ]
        ],
        "start_record_envelope_span_ns": 36259,
        "variant": 1
      },
      {
        "collective_only": {
          "local_ms": 0.034272000193595886,
          "rank_max_ms": 0.054816000163555145,
          "rank_ms": [
            0.034272000193595886,
            0.03721600025892258,
            0.03481600061058998,
            0.054816000163555145
          ]
        },
        "pair_attempt_id": 1,
        "pair_retry_ordinal": 0,
        "position": 1,
        "readiness_probe_exact": true,
        "ready_region": {
          "local_ms": 0.14611199498176575,
          "rank_max_ms": 0.14611199498176575,
          "rank_ms": [
            0.14611199498176575,
            0.1390399932861328,
            0.14591999351978302,
            0.1024319976568222
          ]
        },
        "sample_index": 1,
        "scheduled_start_arrival_ns_by_rank": [
          744674356286903,
          744674355796056,
          744674356258197,
          744674355605303
        ],
        "scheduled_start_target_ns_by_rank": [
          744674361286903,
          744674361286903,
          744674361286903,
          744674361286903
        ],
        "start_record_bracket_ns_by_rank": [
          [
            744674361288049,
            744674361325254
          ],
          [
            744674361287708,
            744674361321455
          ],
          [
            744674361288321,
            744674361325571
          ],
          [
            744674361287255,
            744674361302619
          ]
        ],
        "start_record_envelope_span_ns": 38316,
        "variant": 0
      },
      {
        "collective_only": {
          "local_ms": 0.038176000118255615,
          "rank_max_ms": 0.044576000422239304,
          "rank_ms": [
            0.038176000118255615,
            0.038656000047922134,
            0.03209599852561951,
            0.044576000422239304
          ]
        },
        "pair_attempt_id": 2,
        "pair_retry_ordinal": 0,
        "position": 0,
        "readiness_probe_exact": true,
        "ready_region": {
          "local_ms": 0.13286399841308594,
          "rank_max_ms": 0.1499200016260147,
          "rank_ms": [
            0.13286399841308594,
            0.13468800485134125,
            0.1499200016260147,
            0.1297599971294403
          ]
        },
        "sample_index": 2,
        "scheduled_start_arrival_ns_by_rank": [
          744674365545349,
          744674365449979,
          744674365213076,
          744674365222655
        ],
        "scheduled_start_target_ns_by_rank": [
          744674370545349,
          744674370545349,
          744674370545349,
          744674370545349
        ],
        "start_record_bracket_ns_by_rank": [
          [
            744674370546462,
            744674370581148
          ],
          [
            744674370546477,
            744674370579294
          ],
          [
            744674370546961,
            744674370584342
          ],
          [
            744674370546059,
            744674370573529
          ]
        ],
        "start_record_envelope_span_ns": 38283,
        "variant": 1
      },
      {
        "collective_only": {
          "local_ms": 0.031328000128269196,
          "rank_max_ms": 0.04428799822926521,
          "rank_ms": [
            0.031328000128269196,
            0.03734400123357773,
            0.03728000074625015,
            0.04428799822926521
          ]
        },
        "pair_attempt_id": 3,
        "pair_retry_ordinal": 0,
        "position": 1,
        "readiness_probe_exact": true,
        "ready_region": {
          "local_ms": 0.1462399959564209,
          "rank_max_ms": 0.1462399959564209,
          "rank_ms": [
            0.1462399959564209,
            0.13926400244235992,
            0.14336000382900238,
            0.13836799561977386
          ]
        },
        "sample_index": 3,
        "scheduled_start_arrival_ns_by_rank": [
          744674396262673,
          744674395991433,
          744674396394159,
          744674395969294
        ],
        "scheduled_start_target_ns_by_rank": [
          744674401394159,
          744674401394159,
          744674401394159,
          744674401394159
        ],
        "start_record_bracket_ns_by_rank": [
          [
            744674401395445,
            744674401433848
          ],
          [
            744674401395215,
            744674401430009
          ],
          [
            744674401395040,
            744674401431125
          ],
          [
            744674401395148,
            744674401422716
          ]
        ],
        "start_record_envelope_span_ns": 38808,
        "variant": 0
      },
      {
        "collective_only": {
          "local_ms": 0.03791999816894531,
          "rank_max_ms": 0.04646399989724159,
          "rank_ms": [
            0.03791999816894531,
            0.039135999977588654,
            0.03577600046992302,
            0.04646399989724159
          ]
        },
        "pair_attempt_id": 4,
        "pair_retry_ordinal": 0,
        "position": 0,
        "readiness_probe_exact": true,
        "ready_region": {
          "local_ms": 0.16131199896335602,
          "rank_max_ms": 0.16131199896335602,
          "rank_ms": [
            0.16131199896335602,
            0.15478399395942688,
            0.1592639982700348,
            0.16073599457740784
          ]
        },
        "sample_index": 4,
        "scheduled_start_arrival_ns_by_rank": [
          744674407247692,
          744674407137153,
          744674407489040,
          744674407287179
        ],
        "scheduled_start_target_ns_by_rank": [
          744674412489040,
          744674412489040,
          744674412489040,
          744674412489040
        ],
        "start_record_bracket_ns_by_rank": [
          [
            744674412490094,
            744674412531470
          ],
          [
            744674412489962,
            744674412529073
          ],
          [
            744674412490456,
            744674412532907
          ],
          [
            744674412489990,
            744674412523871
          ]
        ],
        "start_record_envelope_span_ns": 42945,
        "variant": 1
      },
      {
        "collective_only": {
          "local_ms": 0.043935999274253845,
          "rank_max_ms": 0.06601600348949432,
          "rank_ms": [
            0.043935999274253845,
            0.06601600348949432,
            0.04419200122356415,
            0.06380800157785416
          ]
        },
        "pair_attempt_id": 5,
        "pair_retry_ordinal": 0,
        "position": 1,
        "readiness_probe_exact": true,
        "ready_region": {
          "local_ms": 0.1855359971523285,
          "rank_max_ms": 0.19103999435901642,
          "rank_ms": [
            0.1855359971523285,
            0.12748800218105316,
            0.19103999435901642,
            0.14767999947071075
          ]
        },
        "sample_index": 5,
        "scheduled_start_arrival_ns_by_rank": [
          744674439233420,
          744674438156437,
          744674438172081,
          744674438500859
        ],
        "scheduled_start_target_ns_by_rank": [
          744674444233420,
          744674444233420,
          744674444233420,
          744674444233420
        ],
        "start_record_bracket_ns_by_rank": [
          [
            744674444235011,
            744674444285260
          ],
          [
            744674444233861,
            744674444260489
          ],
          [
            744674444234952,
            744674444285034
          ],
          [
            744674444234057,
            744674444263035
          ]
        ],
        "start_record_envelope_span_ns": 51399,
        "variant": 0
      },
      {
        "collective_only": {
          "local_ms": 0.0363520011305809,
          "rank_max_ms": 0.05673599988222122,
          "rank_ms": [
            0.0363520011305809,
            0.04022400081157684,
            0.037248000502586365,
            0.05673599988222122
          ]
        },
        "pair_attempt_id": 6,
        "pair_retry_ordinal": 0,
        "position": 0,
        "readiness_probe_exact": true,
        "ready_region": {
          "local_ms": 0.15535999834537506,
          "rank_max_ms": 0.1626880019903183,
          "rank_ms": [
            0.15535999834537506,
            0.14127999544143677,
            0.1626880019903183,
            0.12265600264072418
          ]
        },
        "sample_index": 6,
        "scheduled_start_arrival_ns_by_rank": [
          744674448363004,
          744674447763299,
          744674448345454,
          744674448306587
        ],
        "scheduled_start_target_ns_by_rank": [
          744674453363004,
          744674453363004,
          744674453363004,
          744674453363004
        ],
        "start_record_bracket_ns_by_rank": [
          [
            744674453364193,
            744674453404731
          ],
          [
            744674453363619,
            744674453402348
          ],
          [
            744674453364024,
            744674453405308
          ],
          [
            744674453363458,
            744674453382477
          ]
        ],
        "start_record_envelope_span_ns": 41850,
        "variant": 1
      },
      {
        "collective_only": {
          "local_ms": 0.03625600039958954,
          "rank_max_ms": 0.04588799923658371,
          "rank_ms": [
            0.03625600039958954,
            0.03731200098991394,
            0.04012800008058548,
            0.04588799923658371
          ]
        },
        "pair_attempt_id": 8,
        "pair_retry_ordinal": 1,
        "position": 1,
        "readiness_probe_exact": true,
        "ready_region": {
          "local_ms": 0.1581760048866272,
          "rank_max_ms": 0.16150400042533875,
          "rank_ms": [
            0.1581760048866272,
            0.16150400042533875,
            0.15692800283432007,
            0.15647999942302704
          ]
        },
        "sample_index": 7,
        "scheduled_start_arrival_ns_by_rank": [
          744674504649450,
          744674504556723,
          744674504722494,
          744674504695646
        ],
        "scheduled_start_target_ns_by_rank": [
          744674509722494,
          744674509722494,
          744674509722494,
          744674509722494
        ],
        "start_record_bracket_ns_by_rank": [
          [
            744674509723831,
            744674509766045
          ],
          [
            744674509723531,
            744674509765915
          ],
          [
            744674509723675,
            744674509764491
          ],
          [
            744674509723493,
            744674509755902
          ]
        ],
        "start_record_envelope_span_ns": 42552,
        "variant": 1
      },
      {
        "collective_only": {
          "local_ms": 0.03452799841761589,
          "rank_max_ms": 0.044704001396894455,
          "rank_ms": [
            0.03452799841761589,
            0.03702399879693985,
            0.03753599897027016,
            0.044704001396894455
          ]
        },
        "pair_attempt_id": 9,
        "pair_retry_ordinal": 0,
        "position": 0,
        "readiness_probe_exact": true,
        "ready_region": {
          "local_ms": 0.15004800260066986,
          "rank_max_ms": 0.1534080058336258,
          "rank_ms": [
            0.15004800260066986,
            0.1509760022163391,
            0.14764800667762756,
            0.1534080058336258
          ]
        },
        "sample_index": 8,
        "scheduled_start_arrival_ns_by_rank": [
          744674515466010,
          744674515399169,
          744674515698342,
          744674515422403
        ],
        "scheduled_start_target_ns_by_rank": [
          744674520698342,
          744674520698342,
          744674520698342,
          744674520698342
        ],
        "start_record_bracket_ns_by_rank": [
          [
            744674520699389,
            744674520739690
          ],
          [
            744674520699375,
            744674520738273
          ],
          [
            744674520699463,
            744674520738421
          ],
          [
            744674520699167,
            744674520730377
          ]
        ],
        "start_record_envelope_span_ns": 40523,
        "variant": 0
      },
      {
        "collective_only": {
          "local_ms": 0.032896000891923904,
          "rank_max_ms": 0.03455999866127968,
          "rank_ms": [
            0.032896000891923904,
            0.03347200155258179,
            0.03254399821162224,
            0.03455999866127968
          ]
        },
        "pair_attempt_id": 10,
        "pair_retry_ordinal": 0,
        "position": 1,
        "readiness_probe_exact": true,
        "ready_region": {
          "local_ms": 0.13990400731563568,
          "rank_max_ms": 0.15955199301242828,
          "rank_ms": [
            0.13990400731563568,
            0.14828799664974213,
            0.14054399728775024,
            0.15955199301242828
          ]
        },
        "sample_index": 9,
        "scheduled_start_arrival_ns_by_rank": [
          744674545484918,
          744674545461692,
          744674545544621,
          744674545625652
        ],
        "scheduled_start_target_ns_by_rank": [
          744674550625652,
          744674550625652,
          744674550625652,
          744674550625652
        ],
        "start_record_bracket_ns_by_rank": [
          [
            744674550626716,
            744674550661583
          ],
          [
            744674550626963,
            744674550661294
          ],
          [
            744674550626672,
            744674550662398
          ],
          [
            744674550626375,
            744674550659487
          ]
        ],
        "start_record_envelope_span_ns": 36023,
        "variant": 1
      },
      {
        "collective_only": {
          "local_ms": 0.03046399913728237,
          "rank_max_ms": 0.03625600039958954,
          "rank_ms": [
            0.03046399913728237,
            0.03510399907827377,
            0.03625600039958954,
            0.035392001271247864
          ]
        },
        "pair_attempt_id": 11,
        "pair_retry_ordinal": 0,
        "position": 0,
        "readiness_probe_exact": true,
        "ready_region": {
          "local_ms": 0.13625599443912506,
          "rank_max_ms": 0.13731199502944946,
          "rank_ms": [
            0.13625599443912506,
            0.1358720064163208,
            0.12668800354003906,
            0.13731199502944946
          ]
        },
        "sample_index": 10,
        "scheduled_start_arrival_ns_by_rank": [
          744674553712866,
          744674553613801,
          744674553619027,
          744674553387673
        ],
        "scheduled_start_target_ns_by_rank": [
          744674558712866,
          744674558712866,
          744674558712866,
          744674558712866
        ],
        "start_record_bracket_ns_by_rank": [
          [
            744674558713653,
            744674558748440
          ],
          [
            744674558713776,
            744674558746624
          ],
          [
            744674558713712,
            744674558744674
          ],
          [
            744674558714624,
            744674558744166
          ]
        ],
        "start_record_envelope_span_ns": 34787,
        "variant": 0
      },
      {
        "collective_only": {
          "local_ms": 0.030368000268936157,
          "rank_max_ms": 0.04153599962592125,
          "rank_ms": [
            0.030368000268936157,
            0.03404799848794937,
            0.038047999143600464,
            0.04153599962592125
          ]
        },
        "pair_attempt_id": 12,
        "pair_retry_ordinal": 0,
        "position": 1,
        "readiness_probe_exact": true,
        "ready_region": {
          "local_ms": 0.14182400703430176,
          "rank_max_ms": 0.14182400703430176,
          "rank_ms": [
            0.14182400703430176,
            0.139615997672081,
            0.13023999333381653,
            0.13500800728797913
          ]
        },
        "sample_index": 11,
        "scheduled_start_arrival_ns_by_rank": [
          744674581738494,
          744674581354310,
          744674581367197,
          744674581383299
        ],
        "scheduled_start_target_ns_by_rank": [
          744674586738494,
          744674586738494,
          744674586738494,
          744674586738494
        ],
        "start_record_bracket_ns_by_rank": [
          [
            744674586739455,
            744674586775166
          ],
          [
            744674586739381,
            744674586773903
          ],
          [
            744674586739425,
            744674586771583
          ],
          [
            744674586739278,
            744674586766895
          ]
        ],
        "start_record_envelope_span_ns": 35888,
        "variant": 1
      },
      {
        "collective_only": {
          "local_ms": 0.03001599945127964,
          "rank_max_ms": 0.03903999924659729,
          "rank_ms": [
            0.03001599945127964,
            0.03283200040459633,
            0.03468799963593483,
            0.03903999924659729
          ]
        },
        "pair_attempt_id": 13,
        "pair_retry_ordinal": 0,
        "position": 0,
        "readiness_probe_exact": true,
        "ready_region": {
          "local_ms": 0.14444799721240997,
          "rank_max_ms": 0.14528000354766846,
          "rank_ms": [
            0.14444799721240997,
            0.14528000354766846,
            0.13683199882507324,
            0.14035199582576752
          ]
        },
        "sample_index": 12,
        "scheduled_start_arrival_ns_by_rank": [
          744674590887078,
          744674590729283,
          744674590573510,
          744674590873111
        ],
        "scheduled_start_target_ns_by_rank": [
          744674595887078,
          744674595887078,
          744674595887078,
          744674595887078
        ],
        "start_record_bracket_ns_by_rank": [
          [
            744674595888038,
            744674595920537
          ],
          [
            744674595888068,
            744674595919195
          ],
          [
            744674595888001,
            744674595917806
          ],
          [
            744674595887781,
            744674595913528
          ]
        ],
        "start_record_envelope_span_ns": 32756,
        "variant": 0
      },
      {
        "collective_only": {
          "local_ms": 0.047520000487565994,
          "rank_max_ms": 0.05193600058555603,
          "rank_ms": [
            0.047520000487565994,
            0.03561599925160408,
            0.048767998814582825,
            0.05193600058555603
          ]
        },
        "pair_attempt_id": 14,
        "pair_retry_ordinal": 0,
        "position": 1,
        "readiness_probe_exact": true,
        "ready_region": {
          "local_ms": 0.12595200538635254,
          "rank_max_ms": 0.14787200093269348,
          "rank_ms": [
            0.12595200538635254,
            0.14787200093269348,
            0.13040000200271606,
            0.13052800297737122
          ]
        },
        "sample_index": 13,
        "scheduled_start_arrival_ns_by_rank": [
          744674619153187,
          744674618547940,
          744674618975822,
          744674618788252
        ],
        "scheduled_start_target_ns_by_rank": [
          744674624153187,
          744674624153187,
          744674624153187,
          744674624153187
        ],
        "start_record_bracket_ns_by_rank": [
          [
            744674624154074,
            744674624190558
          ],
          [
            744674624154220,
            744674624196936
          ],
          [
            744674624154148,
            744674624191506
          ],
          [
            744674624153915,
            744674624178206
          ]
        ],
        "start_record_envelope_span_ns": 43021,
        "variant": 1
      },
      {
        "collective_only": {
          "local_ms": 0.034591998904943466,
          "rank_max_ms": 0.0435199998319149,
          "rank_ms": [
            0.034591998904943466,
            0.03766399994492531,
            0.036607999354600906,
            0.0435199998319149
          ]
        },
        "pair_attempt_id": 15,
        "pair_retry_ordinal": 0,
        "position": 0,
        "readiness_probe_exact": true,
        "ready_region": {
          "local_ms": 0.1470080018043518,
          "rank_max_ms": 0.14796799421310425,
          "rank_ms": [
            0.1470080018043518,
            0.14796799421310425,
            0.14070400595664978,
            0.13603200018405914
          ]
        },
        "sample_index": 14,
        "scheduled_start_arrival_ns_by_rank": [
          744674628973224,
          744674628794812,
          744674628778512,
          744674629050839
        ],
        "scheduled_start_target_ns_by_rank": [
          744674634050839,
          744674634050839,
          744674634050839,
          744674634050839
        ],
        "start_record_bracket_ns_by_rank": [
          [
            744674634051713,
            744674634084195
          ],
          [
            744674634051721,
            744674634083268
          ],
          [
            744674634052100,
            744674634084322
          ],
          [
            744674634051559,
            744674634076773
          ]
        ],
        "start_record_envelope_span_ns": 32763,
        "variant": 0
      },
      {
        "collective_only": {
          "local_ms": 0.02739199995994568,
          "rank_max_ms": 0.03532800078392029,
          "rank_ms": [
            0.02739199995994568,
            0.03340800106525421,
            0.032255999743938446,
            0.03532800078392029
          ]
        },
        "pair_attempt_id": 16,
        "pair_retry_ordinal": 0,
        "position": 1,
        "readiness_probe_exact": true,
        "ready_region": {
          "local_ms": 0.12300799787044525,
          "rank_max_ms": 0.12300799787044525,
          "rank_ms": [
            0.12300799787044525,
            0.11686400324106216,
            0.1189119964838028,
            0.12179200351238251
          ]
        },
        "sample_index": 15,
        "scheduled_start_arrival_ns_by_rank": [
          744674657478873,
          744674657385385,
          744674657323423,
          744674657583002
        ],
        "scheduled_start_target_ns_by_rank": [
          744674662583002,
          744674662583002,
          744674662583002,
          744674662583002
        ],
        "start_record_bracket_ns_by_rank": [
          [
            744674662584038,
            744674662615062
          ],
          [
            744674662584046,
            744674662612458
          ],
          [
            744674662583749,
            744674662612141
          ],
          [
            744674662583923,
            744674662610275
          ]
        ],
        "start_record_envelope_span_ns": 31313,
        "variant": 1
      },
      {
        "collective_only": {
          "local_ms": 0.027712000533938408,
          "rank_max_ms": 0.03440000116825104,
          "rank_ms": [
            0.027712000533938408,
            0.029184000566601753,
            0.029920000582933426,
            0.03440000116825104
          ]
        },
        "pair_attempt_id": 17,
        "pair_retry_ordinal": 0,
        "position": 0,
        "readiness_probe_exact": true,
        "ready_region": {
          "local_ms": 0.12601600587368011,
          "rank_max_ms": 0.12620800733566284,
          "rank_ms": [
            0.12601600587368011,
            0.12217599898576736,
            0.1233920007944107,
            0.12620800733566284
          ]
        },
        "sample_index": 16,
        "scheduled_start_arrival_ns_by_rank": [
          744674667115693,
          744674666918388,
          744674666712546,
          744674667074339
        ],
        "scheduled_start_target_ns_by_rank": [
          744674672115693,
          744674672115693,
          744674672115693,
          744674672115693
        ],
        "start_record_bracket_ns_by_rank": [
          [
            744674672116610,
            744674672145005
          ],
          [
            744674672116514,
            744674672144370
          ],
          [
            744674672116401,
            744674672143610
          ],
          [
            744674672116475,
            744674672139629
          ]
        ],
        "start_record_envelope_span_ns": 28604,
        "variant": 0
      },
      {
        "collective_only": {
          "local_ms": 0.02707199938595295,
          "rank_max_ms": 0.03436800092458725,
          "rank_ms": [
            0.02707199938595295,
            0.030239999294281006,
            0.031007999554276466,
            0.03436800092458725
          ]
        },
        "pair_attempt_id": 18,
        "pair_retry_ordinal": 0,
        "position": 1,
        "readiness_probe_exact": true,
        "ready_region": {
          "local_ms": 0.11747200042009354,
          "rank_max_ms": 0.11747200042009354,
          "rank_ms": [
            0.11747200042009354,
            0.11542399972677231,
            0.11343999952077866,
            0.11718399822711945
          ]
        },
        "sample_index": 17,
        "scheduled_start_arrival_ns_by_rank": [
          744674697300178,
          744674696866365,
          744674696642153,
          744674697065500
        ],
        "scheduled_start_target_ns_by_rank": [
          744674702300178,
          744674702300178,
          744674702300178,
          744674702300178
        ],
        "start_record_bracket_ns_by_rank": [
          [
            744674702301173,
            744674702329264
          ],
          [
            744674702301160,
            744674702328375
          ],
          [
            744674702300963,
            744674702327763
          ],
          [
            744674702301167,
            744674702325141
          ]
        ],
        "start_record_envelope_span_ns": 28301,
        "variant": 1
      },
      {
        "collective_only": {
          "local_ms": 0.02630399912595749,
          "rank_max_ms": 0.03574400022625923,
          "rank_ms": [
            0.02630399912595749,
            0.031199999153614044,
            0.0318400003015995,
            0.03574400022625923
          ]
        },
        "pair_attempt_id": 19,
        "pair_retry_ordinal": 0,
        "position": 0,
        "readiness_probe_exact": true,
        "ready_region": {
          "local_ms": 0.11856000125408173,
          "rank_max_ms": 0.1194240003824234,
          "rank_ms": [
            0.11856000125408173,
            0.1194240003824234,
            0.1154559999704361,
            0.11699199676513672
          ]
        },
        "sample_index": 18,
        "scheduled_start_arrival_ns_by_rank": [
          744674707369615,
          744674706856266,
          744674706922423,
          744674706907289
        ],
        "scheduled_start_target_ns_by_rank": [
          744674712369615,
          744674712369615,
          744674712369615,
          744674712369615
        ],
        "start_record_bracket_ns_by_rank": [
          [
            744674712370604,
            744674712399780
          ],
          [
            744674712370487,
            744674712398570
          ],
          [
            744674712370403,
            744674712398211
          ],
          [
            744674712370344,
            744674712392935
          ]
        ],
        "start_record_envelope_span_ns": 29436,
        "variant": 0
      },
      {
        "collective_only": {
          "local_ms": 0.026528000831604004,
          "rank_max_ms": 0.0387520007789135,
          "rank_ms": [
            0.026528000831604004,
            0.033824000507593155,
            0.032575998455286026,
            0.0387520007789135
          ]
        },
        "pair_attempt_id": 21,
        "pair_retry_ordinal": 1,
        "position": 1,
        "readiness_probe_exact": true,
        "ready_region": {
          "local_ms": 0.12249600142240524,
          "rank_max_ms": 0.1225920021533966,
          "rank_ms": [
            0.12249600142240524,
            0.1225920021533966,
            0.12012799829244614,
            0.11203200370073318
          ]
        },
        "sample_index": 19,
        "scheduled_start_arrival_ns_by_rank": [
          744674755622104,
          744674755254955,
          744674755284695,
          744674755330792
        ],
        "scheduled_start_target_ns_by_rank": [
          744674760622104,
          744674760622104,
          744674760622104,
          744674760622104
        ],
        "start_record_bracket_ns_by_rank": [
          [
            744674760623043,
            744674760655426
          ],
          [
            744674760622911,
            744674760652142
          ],
          [
            744674760622860,
            744674760652208
          ],
          [
            744674760622812,
            744674760645090
          ]
        ],
        "start_record_envelope_span_ns": 32614,
        "variant": 0
      },
      {
        "collective_only": {
          "local_ms": 0.030368000268936157,
          "rank_max_ms": 0.039455998688936234,
          "rank_ms": [
            0.030368000268936157,
            0.032896000891923904,
            0.03436800092458725,
            0.039455998688936234
          ]
        },
        "pair_attempt_id": 22,
        "pair_retry_ordinal": 0,
        "position": 0,
        "readiness_probe_exact": true,
        "ready_region": {
          "local_ms": 0.1316159963607788,
          "rank_max_ms": 0.13232000172138214,
          "rank_ms": [
            0.1316159963607788,
            0.13232000172138214,
            0.12748800218105316,
            0.12822400033473969
          ]
        },
        "sample_index": 20,
        "scheduled_start_arrival_ns_by_rank": [
          744674765511723,
          744674765437667,
          744674765233587,
          744674765616340
        ],
        "scheduled_start_target_ns_by_rank": [
          744674770616340,
          744674770616340,
          744674770616340,
          744674770616340
        ],
        "start_record_bracket_ns_by_rank": [
          [
            744674770617284,
            744674770651090
          ],
          [
            744674770617324,
            744674770649004
          ],
          [
            744674770617341,
            744674770649042
          ],
          [
            744674770617321,
            744674770642814
          ]
        ],
        "start_record_envelope_span_ns": 33806,
        "variant": 1
      },
      {
        "collective_only": {
          "local_ms": 0.037408001720905304,
          "rank_max_ms": 0.06550399959087372,
          "rank_ms": [
            0.037408001720905304,
            0.03619199991226196,
            0.04233599826693535,
            0.06550399959087372
          ]
        },
        "pair_attempt_id": 23,
        "pair_retry_ordinal": 0,
        "position": 1,
        "readiness_probe_exact": true,
        "ready_region": {
          "local_ms": 0.18131199479103088,
          "rank_max_ms": 0.18326400220394135,
          "rank_ms": [
            0.18131199479103088,
            0.18326400220394135,
            0.178847998380661,
            0.11110399663448334
          ]
        },
        "sample_index": 21,
        "scheduled_start_arrival_ns_by_rank": [
          744674796050575,
          744674795682944,
          744674795801724,
          744674795576659
        ],
        "scheduled_start_target_ns_by_rank": [
          744674801050575,
          744674801050575,
          744674801050575,
          744674801050575
        ],
        "start_record_bracket_ns_by_rank": [
          [
            744674801051698,
            744674801094074
          ],
          [
            744674801051469,
            744674801094069
          ],
          [
            744674801051458,
            744674801091559
          ],
          [
            744674801051007,
            744674801066013
          ]
        ],
        "start_record_envelope_span_ns": 43067,
        "variant": 0
      },
      {
        "collective_only": {
          "local_ms": 0.05488000065088272,
          "rank_max_ms": 0.056832000613212585,
          "rank_ms": [
            0.05488000065088272,
            0.05471999943256378,
            0.040832001715898514,
            0.056832000613212585
          ]
        },
        "pair_attempt_id": 24,
        "pair_retry_ordinal": 0,
        "position": 0,
        "readiness_probe_exact": true,
        "ready_region": {
          "local_ms": 0.12828800082206726,
          "rank_max_ms": 0.1817599982023239,
          "rank_ms": [
            0.12828800082206726,
            0.132192000746727,
            0.1817599982023239,
            0.1363839954137802
          ]
        },
        "sample_index": 22,
        "scheduled_start_arrival_ns_by_rank": [
          744674805758790,
          744674805536374,
          744674805063068,
          744674805464427
        ],
        "scheduled_start_target_ns_by_rank": [
          744674810758790,
          744674810758790,
          744674810758790,
          744674810758790
        ],
        "start_record_bracket_ns_by_rank": [
          [
            744674810759549,
            744674810792695
          ],
          [
            744674810759717,
            744674810792487
          ],
          [
            744674810761262,
            744674810807677
          ],
          [
            744674810759567,
            744674810790975
          ]
        ],
        "start_record_envelope_span_ns": 48128,
        "variant": 1
      },
      {
        "collective_only": {
          "local_ms": 0.03286400064826012,
          "rank_max_ms": 0.04217600077390671,
          "rank_ms": [
            0.03286400064826012,
            0.037728000432252884,
            0.03872000053524971,
            0.04217600077390671
          ]
        },
        "pair_attempt_id": 25,
        "pair_retry_ordinal": 0,
        "position": 1,
        "readiness_probe_exact": true,
        "ready_region": {
          "local_ms": 0.14127999544143677,
          "rank_max_ms": 0.14127999544143677,
          "rank_ms": [
            0.14127999544143677,
            0.1401280015707016,
            0.1319359987974167,
            0.13600000739097595
          ]
        },
        "sample_index": 23,
        "scheduled_start_arrival_ns_by_rank": [
          744674836605291,
          744674836297836,
          744674836323095,
          744674836465668
        ],
        "scheduled_start_target_ns_by_rank": [
          744674841605291,
          744674841605291,
          744674841605291,
          744674841605291
        ],
        "start_record_bracket_ns_by_rank": [
          [
            744674841606810,
            744674841643778
          ],
          [
            744674841606070,
            744674841640763
          ],
          [
            744674841606014,
            744674841639558
          ],
          [
            744674841606093,
            744674841634443
          ]
        ],
        "start_record_envelope_span_ns": 37764,
        "variant": 0
      },
      {
        "collective_only": {
          "local_ms": 0.02579200081527233,
          "rank_max_ms": 0.21638399362564087,
          "rank_ms": [
            0.02579200081527233,
            0.036288000643253326,
            0.21638399362564087,
            0.11631999909877777
          ]
        },
        "pair_attempt_id": 26,
        "pair_retry_ordinal": 0,
        "position": 0,
        "readiness_probe_exact": true,
        "ready_region": {
          "local_ms": 0.11587200313806534,
          "rank_max_ms": 0.225600004196167,
          "rank_ms": [
            0.11587200313806534,
            0.11619199812412262,
            0.225600004196167,
            0.12617599964141846
          ]
        },
        "sample_index": 24,
        "scheduled_start_arrival_ns_by_rank": [
          744674846338257,
          744674845794913,
          744674846083775,
          744674845891981
        ],
        "scheduled_start_target_ns_by_rank": [
          744674851338257,
          744674851338257,
          744674851338257,
          744674851338257
        ],
        "start_record_bracket_ns_by_rank": [
          [
            744674851739584,
            744674851768501
          ],
          [
            744674851733377,
            744674851761704
          ],
          [
            744674851553657,
            744674851580355
          ],
          [
            744674851665564,
            744674851681013
          ]
        ],
        "start_record_envelope_span_ns": 214844,
        "variant": 1
      },
      {
        "collective_only": {
          "local_ms": 0.03324799984693527,
          "rank_max_ms": 0.04095999896526337,
          "rank_ms": [
            0.03324799984693527,
            0.0326399989426136,
            0.03779200091958046,
            0.04095999896526337
          ]
        },
        "pair_attempt_id": 27,
        "pair_retry_ordinal": 0,
        "position": 1,
        "readiness_probe_exact": true,
        "ready_region": {
          "local_ms": 0.12121599912643433,
          "rank_max_ms": 0.12425599992275238,
          "rank_ms": [
            0.12121599912643433,
            0.12425599992275238,
            0.11350400000810623,
            0.11462400108575821
          ]
        },
        "sample_index": 25,
        "scheduled_start_arrival_ns_by_rank": [
          744674874549763,
          744674874074394,
          744674874227720,
          744674874301857
        ],
        "scheduled_start_target_ns_by_rank": [
          744674879549763,
          744674879549763,
          744674879549763,
          744674879549763
        ],
        "start_record_bracket_ns_by_rank": [
          [
            744674879550768,
            744674879581156
          ],
          [
            744674879550502,
            744674879583869
          ],
          [
            744674879550549,
            744674879578283
          ],
          [
            744674879550509,
            744674879574126
          ]
        ],
        "start_record_envelope_span_ns": 33367,
        "variant": 0
      },
      {
        "collective_only": {
          "local_ms": 0.02751999907195568,
          "rank_max_ms": 0.033952001482248306,
          "rank_ms": [
            0.02751999907195568,
            0.029791999608278275,
            0.02921600081026554,
            0.033952001482248306
          ]
        },
        "pair_attempt_id": 28,
        "pair_retry_ordinal": 0,
        "position": 0,
        "readiness_probe_exact": true,
        "ready_region": {
          "local_ms": 0.11488000303506851,
          "rank_max_ms": 0.11488000303506851,
          "rank_ms": [
            0.11488000303506851,
            0.11417599767446518,
            0.11184000223875046,
            0.11350400000810623
          ]
        },
        "sample_index": 26,
        "scheduled_start_arrival_ns_by_rank": [
          744674884381866,
          744674884251730,
          744674884312361,
          744674884426398
        ],
        "scheduled_start_target_ns_by_rank": [
          744674889426398,
          744674889426398,
          744674889426398,
          744674889426398
        ],
        "start_record_bracket_ns_by_rank": [
          [
            744674889427253,
            744674889454855
          ],
          [
            744674889427125,
            744674889454129
          ],
          [
            744674889427284,
            744674889453857
          ],
          [
            744674889427091,
            744674889449765
          ]
        ],
        "start_record_envelope_span_ns": 27764,
        "variant": 1
      },
      {
        "collective_only": {
          "local_ms": 0.027456000447273254,
          "rank_max_ms": 0.04025600105524063,
          "rank_ms": [
            0.027456000447273254,
            0.03280000016093254,
            0.03311999887228012,
            0.04025600105524063
          ]
        },
        "pair_attempt_id": 29,
        "pair_retry_ordinal": 0,
        "position": 1,
        "readiness_probe_exact": true,
        "ready_region": {
          "local_ms": 0.1260479986667633,
          "rank_max_ms": 0.1260479986667633,
          "rank_ms": [
            0.1260479986667633,
            0.11913599818944931,
            0.12166400253772736,
            0.11641599982976913
          ]
        },
        "sample_index": 27,
        "scheduled_start_arrival_ns_by_rank": [
          744674912258329,
          744674911715532,
          744674911541893,
          744674911813057
        ],
        "scheduled_start_target_ns_by_rank": [
          744674917258329,
          744674917258329,
          744674917258329,
          744674917258329
        ],
        "start_record_bracket_ns_by_rank": [
          [
            744674917260627,
            744674917292281
          ],
          [
            744674917260031,
            744674917289568
          ],
          [
            744674917259565,
            744674917289685
          ],
          [
            744674917259323,
            744674917282681
          ]
        ],
        "start_record_envelope_span_ns": 32958,
        "variant": 0
      },
      {
        "collective_only": {
          "local_ms": 0.0289280004799366,
          "rank_max_ms": 0.04124800115823746,
          "rank_ms": [
            0.0289280004799366,
            0.03446400165557861,
            0.03494400158524513,
            0.04124800115823746
          ]
        },
        "pair_attempt_id": 30,
        "pair_retry_ordinal": 0,
        "position": 0,
        "readiness_probe_exact": true,
        "ready_region": {
          "local_ms": 0.13340799510478973,
          "rank_max_ms": 0.13340799510478973,
          "rank_ms": [
            0.13340799510478973,
            0.12726399302482605,
            0.13094399869441986,
            0.132192000746727
          ]
        },
        "sample_index": 28,
        "scheduled_start_arrival_ns_by_rank": [
          744674921266163,
          744674920808072,
          744674920931654,
          744674920918535
        ],
        "scheduled_start_target_ns_by_rank": [
          744674926266163,
          744674926266163,
          744674926266163,
          744674926266163
        ],
        "start_record_bracket_ns_by_rank": [
          [
            744674926267200,
            744674926304120
          ],
          [
            744674926267164,
            744674926301217
          ],
          [
            744674926267101,
            744674926301978
          ],
          [
            744674926266938,
            744674926295092
          ]
        ],
        "start_record_envelope_span_ns": 37182,
        "variant": 1
      },
      {
        "collective_only": {
          "local_ms": 0.027936000376939774,
          "rank_max_ms": 0.0344959981739521,
          "rank_ms": [
            0.027936000376939774,
            0.02985600009560585,
            0.029600000008940697,
            0.0344959981739521
          ]
        },
        "pair_attempt_id": 31,
        "pair_retry_ordinal": 0,
        "position": 1,
        "readiness_probe_exact": true,
        "ready_region": {
          "local_ms": 0.11497599631547928,
          "rank_max_ms": 0.11750400066375732,
          "rank_ms": [
            0.11497599631547928,
            0.11750400066375732,
            0.11539199948310852,
            0.11299200356006622
          ]
        },
        "sample_index": 29,
        "scheduled_start_arrival_ns_by_rank": [
          744674950346492,
          744674949994702,
          744674950157347,
          744674950207402
        ],
        "scheduled_start_target_ns_by_rank": [
          744674955346492,
          744674955346492,
          744674955346492,
          744674955346492
        ],
        "start_record_bracket_ns_by_rank": [
          [
            744674955347366,
            744674955376163
          ],
          [
            744674955347275,
            744674955375438
          ],
          [
            744674955347221,
            744674955375145
          ],
          [
            744674955347200,
            744674955369713
          ]
        ],
        "start_record_envelope_span_ns": 28963,
        "variant": 0
      },
      {
        "collective_only": {
          "local_ms": 0.030368000268936157,
          "rank_max_ms": 0.038047999143600464,
          "rank_ms": [
            0.030368000268936157,
            0.03235200047492981,
            0.033440001308918,
            0.038047999143600464
          ]
        },
        "pair_attempt_id": 32,
        "pair_retry_ordinal": 0,
        "position": 0,
        "readiness_probe_exact": true,
        "ready_region": {
          "local_ms": 0.1319040060043335,
          "rank_max_ms": 0.1319040060043335,
          "rank_ms": [
            0.1319040060043335,
            0.13017599284648895,
            0.12547199428081512,
            0.12105599790811539
          ]
        },
        "sample_index": 30,
        "scheduled_start_arrival_ns_by_rank": [
          744674961222896,
          744674960702671,
          744674960819109,
          744674960886799
        ],
        "scheduled_start_target_ns_by_rank": [
          744674966222896,
          744674966222896,
          744674966222896,
          744674966222896
        ],
        "start_record_bracket_ns_by_rank": [
          [
            744674966223629,
            744674966256309
          ],
          [
            744674966223900,
            744674966255861
          ],
          [
            744674966223645,
            744674966255041
          ],
          [
            744674966223872,
            744674966249345
          ]
        ],
        "start_record_envelope_span_ns": 32680,
        "variant": 1
      },
      {
        "collective_only": {
          "local_ms": 0.03446400165557861,
          "rank_max_ms": 0.03920000046491623,
          "rank_ms": [
            0.03446400165557861,
            0.028672000393271446,
            0.033824000507593155,
            0.03920000046491623
          ]
        },
        "pair_attempt_id": 33,
        "pair_retry_ordinal": 0,
        "position": 1,
        "readiness_probe_exact": true,
        "ready_region": {
          "local_ms": 0.1459839940071106,
          "rank_max_ms": 0.14713600277900696,
          "rank_ms": [
            0.1459839940071106,
            0.14713600277900696,
            0.14560000598430634,
            0.1467200070619583
          ]
        },
        "sample_index": 31,
        "scheduled_start_arrival_ns_by_rank": [
          744674990710493,
          744674990858903,
          744674990894779,
          744674990789784
        ],
        "scheduled_start_target_ns_by_rank": [
          744674995894779,
          744674995894779,
          744674995894779,
          744674995894779
        ],
        "start_record_bracket_ns_by_rank": [
          [
            744674995895783,
            744674995927983
          ],
          [
            744674995895929,
            744674995929980
          ],
          [
            744674995895549,
            744674995928274
          ],
          [
            744674995895577,
            744674995922427
          ]
        ],
        "start_record_envelope_span_ns": 34431,
        "variant": 0
      },
      {
        "collective_only": {
          "local_ms": 0.0331839993596077,
          "rank_max_ms": 0.04016000032424927,
          "rank_ms": [
            0.0331839993596077,
            0.03062400035560131,
            0.03254399821162224,
            0.04016000032424927
          ]
        },
        "pair_attempt_id": 34,
        "pair_retry_ordinal": 0,
        "position": 0,
        "readiness_probe_exact": true,
        "ready_region": {
          "local_ms": 0.1305920034646988,
          "rank_max_ms": 0.13715200126171112,
          "rank_ms": [
            0.1305920034646988,
            0.13715200126171112,
            0.1345600038766861,
            0.13516800105571747
          ]
        },
        "sample_index": 32,
        "scheduled_start_arrival_ns_by_rank": [
          744675000785648,
          744675000736554,
          744675000560210,
          744675000705443
        ],
        "scheduled_start_target_ns_by_rank": [
          744675005785648,
          744675005785648,
          744675005785648,
          744675005785648
        ],
        "start_record_bracket_ns_by_rank": [
          [
            744675005786764,
            744675005820621
          ],
          [
            744675005786419,
            744675005821106
          ],
          [
            744675005786467,
            744675005820475
          ],
          [
            744675005786385,
            744675005814118
          ]
        ],
        "start_record_envelope_span_ns": 34721,
        "variant": 1
      },
      {
        "collective_only": {
          "local_ms": 0.03651199862360954,
          "rank_max_ms": 0.054816000163555145,
          "rank_ms": [
            0.03651199862360954,
            0.03411199897527695,
            0.03951999917626381,
            0.054816000163555145
          ]
        },
        "pair_attempt_id": 35,
        "pair_retry_ordinal": 0,
        "position": 1,
        "readiness_probe_exact": true,
        "ready_region": {
          "local_ms": 0.14284799993038177,
          "rank_max_ms": 0.14284799993038177,
          "rank_ms": [
            0.14284799993038177,
            0.13964800536632538,
            0.13264000415802002,
            0.14179199934005737
          ]
        },
        "sample_index": 33,
        "scheduled_start_arrival_ns_by_rank": [
          744675032153392,
          744675031817727,
          744675031730660,
          744675031962087
        ],
        "scheduled_start_target_ns_by_rank": [
          744675037153392,
          744675037153392,
          744675037153392,
          744675037153392
        ],
        "start_record_bracket_ns_by_rank": [
          [
            744675037154218,
            744675037199706
          ],
          [
            744675037154186,
            744675037200948
          ],
          [
            744675037153888,
            744675037197906
          ],
          [
            744675037154122,
            744675037180181
          ]
        ],
        "start_record_envelope_span_ns": 47060,
        "variant": 0
      },
      {
        "collective_only": {
          "local_ms": 0.03254399821162224,
          "rank_max_ms": 0.042047999799251556,
          "rank_ms": [
            0.03254399821162224,
            0.03235200047492981,
            0.03747199848294258,
            0.042047999799251556
          ]
        },
        "pair_attempt_id": 36,
        "pair_retry_ordinal": 0,
        "position": 0,
        "readiness_probe_exact": true,
        "ready_region": {
          "local_ms": 0.13129599392414093,
          "rank_max_ms": 0.13817599415779114,
          "rank_ms": [
            0.13129599392414093,
            0.13817599415779114,
            0.13036799430847168,
            0.1303039938211441
          ]
        },
        "sample_index": 34,
        "scheduled_start_arrival_ns_by_rank": [
          744675042338638,
          744675041960246,
          744675042444710,
          744675042375299
        ],
        "scheduled_start_target_ns_by_rank": [
          744675047444710,
          744675047444710,
          744675047444710,
          744675047444710
        ],
        "start_record_bracket_ns_by_rank": [
          [
            744675047445495,
            744675047480289
          ],
          [
            744675047445654,
            744675047481762
          ],
          [
            744675047445502,
            744675047478748
          ],
          [
            744675047445584,
            744675047472164
          ]
        ],
        "start_record_envelope_span_ns": 36267,
        "variant": 1
      },
      {
        "collective_only": {
          "local_ms": 0.030592000111937523,
          "rank_max_ms": 0.042527999728918076,
          "rank_ms": [
            0.030592000111937523,
            0.03484800085425377,
            0.03433600068092346,
            0.042527999728918076
          ]
        },
        "pair_attempt_id": 37,
        "pair_retry_ordinal": 0,
        "position": 1,
        "readiness_probe_exact": true,
        "ready_region": {
          "local_ms": 0.14319999516010284,
          "rank_max_ms": 0.14319999516010284,
          "rank_ms": [
            0.14319999516010284,
            0.13884800672531128,
            0.13971200585365295,
            0.13203200697898865
          ]
        },
        "sample_index": 35,
        "scheduled_start_arrival_ns_by_rank": [
          744675074506829,
          744675073940613,
          744675074416962,
          744675074218413
        ],
        "scheduled_start_target_ns_by_rank": [
          744675079506829,
          744675079506829,
          744675079506829,
          744675079506829
        ],
        "start_record_bracket_ns_by_rank": [
          [
            744675079507853,
            744675079544682
          ],
          [
            744675079507893,
            744675079542444
          ],
          [
            744675079507752,
            744675079543427
          ],
          [
            744675079507558,
            744675079535711
          ]
        ],
        "start_record_envelope_span_ns": 37124,
        "variant": 0
      },
      {
        "collective_only": {
          "local_ms": 0.03136000037193298,
          "rank_max_ms": 0.03574400022625923,
          "rank_ms": [
            0.03136000037193298,
            0.030271999537944794,
            0.030527999624609947,
            0.03574400022625923
          ]
        },
        "pair_attempt_id": 38,
        "pair_retry_ordinal": 0,
        "position": 0,
        "readiness_probe_exact": true,
        "ready_region": {
          "local_ms": 0.12323199957609177,
          "rank_max_ms": 0.12876799702644348,
          "rank_ms": [
            0.12323199957609177,
            0.12611199915409088,
            0.12876799702644348,
            0.127360001206398
          ]
        },
        "sample_index": 36,
        "scheduled_start_arrival_ns_by_rank": [
          744675083795525,
          744675083665397,
          744675083823261,
          744675083728060
        ],
        "scheduled_start_target_ns_by_rank": [
          744675088823261,
          744675088823261,
          744675088823261,
          744675088823261
        ],
        "start_record_bracket_ns_by_rank": [
          [
            744675088824194,
            744675088855956
          ],
          [
            744675088824138,
            744675088856202
          ],
          [
            744675088824283,
            744675088856842
          ],
          [
            744675088824136,
            744675088850970
          ]
        ],
        "start_record_envelope_span_ns": 32706,
        "variant": 1
      },
      {
        "collective_only": {
          "local_ms": 0.033535998314619064,
          "rank_max_ms": 0.04124800115823746,
          "rank_ms": [
            0.033535998314619064,
            0.034623999148607254,
            0.03612799942493439,
            0.04124800115823746
          ]
        },
        "pair_attempt_id": 39,
        "pair_retry_ordinal": 0,
        "position": 1,
        "readiness_probe_exact": true,
        "ready_region": {
          "local_ms": 0.14137600362300873,
          "rank_max_ms": 0.14137600362300873,
          "rank_ms": [
            0.14137600362300873,
            0.1398400068283081,
            0.13743999600410461,
            0.13868799805641174
          ]
        },
        "sample_index": 37,
        "scheduled_start_arrival_ns_by_rank": [
          744675113152405,
          744675112676499,
          744675113176755,
          744675113281012
        ],
        "scheduled_start_target_ns_by_rank": [
          744675118281012,
          744675118281012,
          744675118281012,
          744675118281012
        ],
        "start_record_bracket_ns_by_rank": [
          [
            744675118282093,
            744675118317340
          ],
          [
            744675118281896,
            744675118317263
          ],
          [
            744675118281907,
            744675118315778
          ],
          [
            744675118281777,
            744675118309935
          ]
        ],
        "start_record_envelope_span_ns": 35563,
        "variant": 0
      },
      {
        "collective_only": {
          "local_ms": 0.03750399872660637,
          "rank_max_ms": 0.05536000058054924,
          "rank_ms": [
            0.03750399872660637,
            0.036639999598264694,
            0.039423998445272446,
            0.05536000058054924
          ]
        },
        "pair_attempt_id": 40,
        "pair_retry_ordinal": 0,
        "position": 0,
        "readiness_probe_exact": true,
        "ready_region": {
          "local_ms": 0.15641599893569946,
          "rank_max_ms": 0.1666879951953888,
          "rank_ms": [
            0.15641599893569946,
            0.1568319946527481,
            0.15535999834537506,
            0.1666879951953888
          ]
        },
        "sample_index": 38,
        "scheduled_start_arrival_ns_by_rank": [
          744675123980374,
          744675123733936,
          744675124145895,
          744675123991818
        ],
        "scheduled_start_target_ns_by_rank": [
          744675129145895,
          744675129145895,
          744675129145895,
          744675129145895
        ],
        "start_record_bracket_ns_by_rank": [
          [
            744675129146936,
            744675129198188
          ],
          [
            744675129147206,
            744675129198457
          ],
          [
            744675129147022,
            744675129196512
          ],
          [
            744675129146948,
            744675129179014
          ]
        ],
        "start_record_envelope_span_ns": 51521,
        "variant": 1
      },
      {
        "collective_only": {
          "local_ms": 0.031231999397277832,
          "rank_max_ms": 0.038943998515605927,
          "rank_ms": [
            0.031231999397277832,
            0.03222399950027466,
            0.03532800078392029,
            0.038943998515605927
          ]
        },
        "pair_attempt_id": 41,
        "pair_retry_ordinal": 0,
        "position": 1,
        "readiness_probe_exact": true,
        "ready_region": {
          "local_ms": 0.13014400005340576,
          "rank_max_ms": 0.13014400005340576,
          "rank_ms": [
            0.13014400005340576,
            0.1271039992570877,
            0.1207360029220581,
            0.11955200135707855
          ]
        },
        "sample_index": 39,
        "scheduled_start_arrival_ns_by_rank": [
          744675151415341,
          744675151244180,
          744675151590994,
          744675151499153
        ],
        "scheduled_start_target_ns_by_rank": [
          744675156590994,
          744675156590994,
          744675156590994,
          744675156590994
        ],
        "start_record_bracket_ns_by_rank": [
          [
            744675156592016,
            744675156624527
          ],
          [
            744675156592130,
            744675156624855
          ],
          [
            744675156592040,
            744675156621952
          ],
          [
            744675156591828,
            744675156616593
          ]
        ],
        "start_record_envelope_span_ns": 33027,
        "variant": 0
      },
      {
        "collective_only": {
          "local_ms": 0.03254399821162224,
          "rank_max_ms": 0.034432001411914825,
          "rank_ms": [
            0.03254399821162224,
            0.034432001411914825,
            0.028351999819278717,
            0.03340800106525421
          ]
        },
        "pair_attempt_id": 42,
        "pair_retry_ordinal": 0,
        "position": 0,
        "readiness_probe_exact": true,
        "ready_region": {
          "local_ms": 0.11856000125408173,
          "rank_max_ms": 0.12240000069141388,
          "rank_ms": [
            0.11856000125408173,
            0.11376000195741653,
            0.12160000205039978,
            0.12240000069141388
          ]
        },
        "sample_index": 40,
        "scheduled_start_arrival_ns_by_rank": [
          744675160623224,
          744675160242814,
          744675160485814,
          744675160431836
        ],
        "scheduled_start_target_ns_by_rank": [
          744675165623224,
          744675165623224,
          744675165623224,
          744675165623224
        ],
        "start_record_bracket_ns_by_rank": [
          [
            744675165624062,
            744675165654693
          ],
          [
            744675165623816,
            744675165654223
          ],
          [
            744675165624112,
            744675165658992
          ],
          [
            744675165624122,
            744675165654839
          ]
        ],
        "start_record_envelope_span_ns": 35176,
        "variant": 1
      },
      {
        "collective_only": {
          "local_ms": 0.03561599925160408,
          "rank_max_ms": 0.04255999997258186,
          "rank_ms": [
            0.03561599925160408,
            0.03452799841761589,
            0.03657599911093712,
            0.04255999997258186
          ]
        },
        "pair_attempt_id": 43,
        "pair_retry_ordinal": 0,
        "position": 1,
        "readiness_probe_exact": true,
        "ready_region": {
          "local_ms": 0.13743999600410461,
          "rank_max_ms": 0.14108799397945404,
          "rank_ms": [
            0.13743999600410461,
            0.14108799397945404,
            0.1377280056476593,
            0.1353919953107834
          ]
        },
        "sample_index": 41,
        "scheduled_start_arrival_ns_by_rank": [
          744675191914837,
          744675191542230,
          744675191662874,
          744675191582174
        ],
        "scheduled_start_target_ns_by_rank": [
          744675196914837,
          744675196914837,
          744675196914837,
          744675196914837
        ],
        "start_record_bracket_ns_by_rank": [
          [
            744675196915642,
            744675196946352
          ],
          [
            744675196915589,
            744675196946331
          ],
          [
            744675196915550,
            744675196945072
          ],
          [
            744675196915466,
            744675196938667
          ]
        ],
        "start_record_envelope_span_ns": 30886,
        "variant": 0
      },
      {
        "collective_only": {
          "local_ms": 0.028255999088287354,
          "rank_max_ms": 0.03916800022125244,
          "rank_ms": [
            0.028255999088287354,
            0.033824000507593155,
            0.03328000009059906,
            0.03916800022125244
          ]
        },
        "pair_attempt_id": 44,
        "pair_retry_ordinal": 0,
        "position": 0,
        "readiness_probe_exact": true,
        "ready_region": {
          "local_ms": 0.12758399546146393,
          "rank_max_ms": 0.12758399546146393,
          "rank_ms": [
            0.12758399546146393,
            0.11900799721479416,
            0.1260800063610077,
            0.12124799937009811
          ]
        },
        "sample_index": 42,
        "scheduled_start_arrival_ns_by_rank": [
          744675201467199,
          744675201169442,
          744675201383041,
          744675201303999
        ],
        "scheduled_start_target_ns_by_rank": [
          744675206467199,
          744675206467199,
          744675206467199,
          744675206467199
        ],
        "start_record_bracket_ns_by_rank": [
          [
            744675206468068,
            744675206500963
          ],
          [
            744675206468039,
            744675206497598
          ],
          [
            744675206468075,
            744675206499159
          ],
          [
            744675206468001,
            744675206492081
          ]
        ],
        "start_record_envelope_span_ns": 32962,
        "variant": 1
      },
      {
        "collective_only": {
          "local_ms": 0.030208000913262367,
          "rank_max_ms": 0.04076800122857094,
          "rank_ms": [
            0.030208000913262367,
            0.03267199918627739,
            0.03417599946260452,
            0.04076800122857094
          ]
        },
        "pair_attempt_id": 45,
        "pair_retry_ordinal": 0,
        "position": 1,
        "readiness_probe_exact": true,
        "ready_region": {
          "local_ms": 0.12886400520801544,
          "rank_max_ms": 0.12886400520801544,
          "rank_ms": [
            0.12886400520801544,
            0.12851199507713318,
            0.12515200674533844,
            0.11897599697113037
          ]
        },
        "sample_index": 43,
        "scheduled_start_arrival_ns_by_rank": [
          744675230487463,
          744675230349667,
          744675230313090,
          744675230484726
        ],
        "scheduled_start_target_ns_by_rank": [
          744675235487463,
          744675235487463,
          744675235487463,
          744675235487463
        ],
        "start_record_bracket_ns_by_rank": [
          [
            744675235488666,
            744675235521374
          ],
          [
            744675235488285,
            744675235520323
          ],
          [
            744675235488228,
            744675235518470
          ],
          [
            744675235488174,
            744675235512396
          ]
        ],
        "start_record_envelope_span_ns": 33200,
        "variant": 0
      },
      {
        "collective_only": {
          "local_ms": 0.028416000306606293,
          "rank_max_ms": 0.03916800022125244,
          "rank_ms": [
            0.028416000306606293,
            0.03379200026392937,
            0.03372799977660179,
            0.03916800022125244
          ]
        },
        "pair_attempt_id": 46,
        "pair_retry_ordinal": 0,
        "position": 0,
        "readiness_probe_exact": true,
        "ready_region": {
          "local_ms": 0.1297920048236847,
          "rank_max_ms": 0.1297920048236847,
          "rank_ms": [
            0.1297920048236847,
            0.12326399981975555,
            0.12531200051307678,
            0.12332800030708313
          ]
        },
        "sample_index": 44,
        "scheduled_start_arrival_ns_by_rank": [
          744675241632228,
          744675241241382,
          744675241029231,
          744675241396720
        ],
        "scheduled_start_target_ns_by_rank": [
          744675246632228,
          744675246632228,
          744675246632228,
          744675246632228
        ],
        "start_record_bracket_ns_by_rank": [
          [
            744675246633161,
            744675246666150
          ],
          [
            744675246633026,
            744675246663264
          ],
          [
            744675246633207,
            744675246664563
          ],
          [
            744675246632956,
            744675246658312
          ]
        ],
        "start_record_envelope_span_ns": 33194,
        "variant": 1
      },
      {
        "collective_only": {
          "local_ms": 0.030559999868273735,
          "rank_max_ms": 0.03452799841761589,
          "rank_ms": [
            0.030559999868273735,
            0.029664000496268272,
            0.028511999174952507,
            0.03452799841761589
          ]
        },
        "pair_attempt_id": 47,
        "pair_retry_ordinal": 0,
        "position": 1,
        "readiness_probe_exact": true,
        "ready_region": {
          "local_ms": 0.11939200013875961,
          "rank_max_ms": 0.12505599856376648,
          "rank_ms": [
            0.11939200013875961,
            0.11859200149774551,
            0.11932799965143204,
            0.12505599856376648
          ]
        },
        "sample_index": 45,
        "scheduled_start_arrival_ns_by_rank": [
          744675270165164,
          744675270071935,
          744675269796612,
          744675270205179
        ],
        "scheduled_start_target_ns_by_rank": [
          744675275205179,
          744675275205179,
          744675275205179,
          744675275205179
        ],
        "start_record_bracket_ns_by_rank": [
          [
            744675275206318,
            744675275235208
          ],
          [
            744675275206004,
            744675275234548
          ],
          [
            744675275205987,
            744675275234708
          ],
          [
            744675275205729,
            744675275231366
          ]
        ],
        "start_record_envelope_span_ns": 29479,
        "variant": 0
      },
      {
        "collective_only": {
          "local_ms": 0.02768000029027462,
          "rank_max_ms": 0.034912001341581345,
          "rank_ms": [
            0.02768000029027462,
            0.029023999348282814,
            0.030400000512599945,
            0.034912001341581345
          ]
        },
        "pair_attempt_id": 48,
        "pair_retry_ordinal": 0,
        "position": 0,
        "readiness_probe_exact": true,
        "ready_region": {
          "local_ms": 0.11231999844312668,
          "rank_max_ms": 0.11231999844312668,
          "rank_ms": [
            0.11231999844312668,
            0.11168000102043152,
            0.1058880016207695,
            0.10198400169610977
          ]
        },
        "sample_index": 46,
        "scheduled_start_arrival_ns_by_rank": [
          744675279468530,
          744675278776683,
          744675279165298,
          744675278946072
        ],
        "scheduled_start_target_ns_by_rank": [
          744675284468530,
          744675284468530,
          744675284468530,
          744675284468530
        ],
        "start_record_bracket_ns_by_rank": [
          [
            744675284469503,
            744675284497256
          ],
          [
            744675284469310,
            744675284496162
          ],
          [
            744675284469190,
            744675284494728
          ],
          [
            744675284469158,
            744675284489995
          ]
        ],
        "start_record_envelope_span_ns": 28098,
        "variant": 1
      },
      {
        "collective_only": {
          "local_ms": 0.028224000707268715,
          "rank_max_ms": 0.03734400123357773,
          "rank_ms": [
            0.028224000707268715,
            0.03203200176358223,
            0.03356799855828285,
            0.03734400123357773
          ]
        },
        "pair_attempt_id": 49,
        "pair_retry_ordinal": 0,
        "position": 1,
        "readiness_probe_exact": true,
        "ready_region": {
          "local_ms": 0.13711999356746674,
          "rank_max_ms": 0.1393280029296875,
          "rank_ms": [
            0.13711999356746674,
            0.1393280029296875,
            0.12691199779510498,
            0.1271039992570877
          ]
        },
        "sample_index": 47,
        "scheduled_start_arrival_ns_by_rank": [
          744675307817034,
          744675307849530,
          744675307765983,
          744675308058207
        ],
        "scheduled_start_target_ns_by_rank": [
          744675313058207,
          744675313058207,
          744675313058207,
          744675313058207
        ],
        "start_record_bracket_ns_by_rank": [
          [
            744675313059184,
            744675313089899
          ],
          [
            744675313059037,
            744675313087678
          ],
          [
            744675313059002,
            744675313086284
          ],
          [
            744675313058935,
            744675313081734
          ]
        ],
        "start_record_envelope_span_ns": 30964,
        "variant": 0
      },
      {
        "collective_only": {
          "local_ms": 0.029023999348282814,
          "rank_max_ms": 0.04047999903559685,
          "rank_ms": [
            0.029023999348282814,
            0.03094400092959404,
            0.037408001720905304,
            0.04047999903559685
          ]
        },
        "pair_attempt_id": 50,
        "pair_retry_ordinal": 0,
        "position": 0,
        "readiness_probe_exact": true,
        "ready_region": {
          "local_ms": 0.13199999928474426,
          "rank_max_ms": 0.14166399836540222,
          "rank_ms": [
            0.13199999928474426,
            0.14166399836540222,
            0.12307199835777283,
            0.13155199587345123
          ]
        },
        "sample_index": 48,
        "scheduled_start_arrival_ns_by_rank": [
          744675317487288,
          744675317324073,
          744675317271322,
          744675317334391
        ],
        "scheduled_start_target_ns_by_rank": [
          744675322487288,
          744675322487288,
          744675322487288,
          744675322487288
        ],
        "start_record_bracket_ns_by_rank": [
          [
            744675322488253,
            744675322521740
          ],
          [
            744675322488063,
            744675322522063
          ],
          [
            744675322488159,
            744675322518148
          ],
          [
            744675322488023,
            744675322514944
          ]
        ],
        "start_record_envelope_span_ns": 34040,
        "variant": 1
      },
      {
        "collective_only": {
          "local_ms": 0.029311999678611755,
          "rank_max_ms": 0.039744000881910324,
          "rank_ms": [
            0.029311999678611755,
            0.03302399814128876,
            0.03519999980926514,
            0.039744000881910324
          ]
        },
        "pair_attempt_id": 51,
        "pair_retry_ordinal": 0,
        "position": 1,
        "readiness_probe_exact": true,
        "ready_region": {
          "local_ms": 0.13264000415802002,
          "rank_max_ms": 0.13264000415802002,
          "rank_ms": [
            0.13264000415802002,
            0.12745599448680878,
            0.12783999741077423,
            0.13036799430847168
          ]
        },
        "sample_index": 49,
        "scheduled_start_arrival_ns_by_rank": [
          744675348369823,
          744675347982511,
          744675347608007,
          744675348033720
        ],
        "scheduled_start_target_ns_by_rank": [
          744675353369823,
          744675353369823,
          744675353369823,
          744675353369823
        ],
        "start_record_bracket_ns_by_rank": [
          [
            744675353372129,
            744675353408652
          ],
          [
            744675353371542,
            744675353406748
          ],
          [
            744675353371148,
            744675353404578
          ],
          [
            744675353371086,
            744675353400100
          ]
        ],
        "start_record_envelope_span_ns": 37566,
        "variant": 0
      },
      {
        "collective_only": {
          "local_ms": 0.03734400123357773,
          "rank_max_ms": 0.04694399982690811,
          "rank_ms": [
            0.03734400123357773,
            0.033440001308918,
            0.03718400001525879,
            0.04694399982690811
          ]
        },
        "pair_attempt_id": 52,
        "pair_retry_ordinal": 0,
        "position": 0,
        "readiness_probe_exact": true,
        "ready_region": {
          "local_ms": 0.1499519944190979,
          "rank_max_ms": 0.15455999970436096,
          "rank_ms": [
            0.1499519944190979,
            0.15455999970436096,
            0.14614400267601013,
            0.13942399621009827
          ]
        },
        "sample_index": 50,
        "scheduled_start_arrival_ns_by_rank": [
          744675358802717,
          744675358602298,
          744675358625352,
          744675358546381
        ],
        "scheduled_start_target_ns_by_rank": [
          744675363802717,
          744675363802717,
          744675363802717,
          744675363802717
        ],
        "start_record_bracket_ns_by_rank": [
          [
            744675363803532,
            744675363841986
          ],
          [
            744675363803544,
            744675363842906
          ],
          [
            744675363803658,
            744675363840616
          ],
          [
            744675363803531,
            744675363832083
          ]
        ],
        "start_record_envelope_span_ns": 39375,
        "variant": 1
      },
      {
        "collective_only": {
          "local_ms": 0.03542400151491165,
          "rank_max_ms": 0.04131200164556503,
          "rank_ms": [
            0.03542400151491165,
            0.03558399900794029,
            0.03161599859595299,
            0.04131200164556503
          ]
        },
        "pair_attempt_id": 53,
        "pair_retry_ordinal": 0,
        "position": 1,
        "readiness_probe_exact": true,
        "ready_region": {
          "local_ms": 0.12038400024175644,
          "rank_max_ms": 0.1340479999780655,
          "rank_ms": [
            0.12038400024175644,
            0.12886400520801544,
            0.1340479999780655,
            0.12601600587368011
          ]
        },
        "sample_index": 51,
        "scheduled_start_arrival_ns_by_rank": [
          744675388512015,
          744675388400787,
          744675388542028,
          744675388543391
        ],
        "scheduled_start_target_ns_by_rank": [
          744675393543391,
          744675393543391,
          744675393543391,
          744675393543391
        ],
        "start_record_bracket_ns_by_rank": [
          [
            744675393544797,
            744675393575494
          ],
          [
            744675393544290,
            744675393576365
          ],
          [
            744675393545184,
            744675393579177
          ],
          [
            744675393544174,
            744675393570428
          ]
        ],
        "start_record_envelope_span_ns": 35003,
        "variant": 0
      },
      {
        "collective_only": {
          "local_ms": 0.02831999957561493,
          "rank_max_ms": 0.03936000168323517,
          "rank_ms": [
            0.02831999957561493,
            0.03404799848794937,
            0.03619199991226196,
            0.03936000168323517
          ]
        },
        "pair_attempt_id": 54,
        "pair_retry_ordinal": 0,
        "position": 0,
        "readiness_probe_exact": true,
        "ready_region": {
          "local_ms": 0.1430719941854477,
          "rank_max_ms": 0.1430719941854477,
          "rank_ms": [
            0.1430719941854477,
            0.13971200585365295,
            0.13680000603199005,
            0.13504000008106232
          ]
        },
        "sample_index": 52,
        "scheduled_start_arrival_ns_by_rank": [
          744675397912106,
          744675397869372,
          744675397896106,
          744675397905704
        ],
        "scheduled_start_target_ns_by_rank": [
          744675402912106,
          744675402912106,
          744675402912106,
          744675402912106
        ],
        "start_record_bracket_ns_by_rank": [
          [
            744675402913114,
            744675402946357
          ],
          [
            744675402913030,
            744675402943484
          ],
          [
            744675402913001,
            744675402941824
          ],
          [
            744675402912919,
            744675402937793
          ]
        ],
        "start_record_envelope_span_ns": 33438,
        "variant": 1
      },
      {
        "collective_only": {
          "local_ms": 0.03094400092959404,
          "rank_max_ms": 0.04044799879193306,
          "rank_ms": [
            0.03094400092959404,
            0.03561599925160408,
            0.035360001027584076,
            0.04044799879193306
          ]
        },
        "pair_attempt_id": 55,
        "pair_retry_ordinal": 0,
        "position": 1,
        "readiness_probe_exact": true,
        "ready_region": {
          "local_ms": 0.12415999919176102,
          "rank_max_ms": 0.12415999919176102,
          "rank_ms": [
            0.12415999919176102,
            0.11488000303506851,
            0.12012799829244614,
            0.1191679984331131
          ]
        },
        "sample_index": 53,
        "scheduled_start_arrival_ns_by_rank": [
          744675424559698,
          744675424500719,
          744675424492755,
          744675424498334
        ],
        "scheduled_start_target_ns_by_rank": [
          744675429559698,
          744675429559698,
          744675429559698,
          744675429559698
        ],
        "start_record_bracket_ns_by_rank": [
          [
            744675429560669,
            744675429591012
          ],
          [
            744675429560497,
            744675429588215
          ],
          [
            744675429560568,
            744675429590442
          ],
          [
            744675429560510,
            744675429584075
          ]
        ],
        "start_record_envelope_span_ns": 30515,
        "variant": 0
      },
      {
        "collective_only": {
          "local_ms": 0.031039999797940254,
          "rank_max_ms": 0.043007999658584595,
          "rank_ms": [
            0.031039999797940254,
            0.037696000188589096,
            0.03824000060558319,
            0.043007999658584595
          ]
        },
        "pair_attempt_id": 56,
        "pair_retry_ordinal": 0,
        "position": 0,
        "readiness_probe_exact": true,
        "ready_region": {
          "local_ms": 0.1424960047006607,
          "rank_max_ms": 0.1424960047006607,
          "rank_ms": [
            0.1424960047006607,
            0.13222399353981018,
            0.12854400277137756,
            0.1305920034646988
          ]
        },
        "sample_index": 54,
        "scheduled_start_arrival_ns_by_rank": [
          744675435521246,
          744675435343739,
          744675435589160,
          744675435430189
        ],
        "scheduled_start_target_ns_by_rank": [
          744675440589160,
          744675440589160,
          744675440589160,
          744675440589160
        ],
        "start_record_bracket_ns_by_rank": [
          [
            744675440590215,
            744675440626954
          ],
          [
            744675440590064,
            744675440623117
          ],
          [
            744675440590072,
            744675440622771
          ],
          [
            744675440589971,
            744675440616079
          ]
        ],
        "start_record_envelope_span_ns": 36983,
        "variant": 1
      },
      {
        "collective_only": {
          "local_ms": 0.025760000571608543,
          "rank_max_ms": 0.031136000528931618,
          "rank_ms": [
            0.025760000571608543,
            0.02707199938595295,
            0.030368000268936157,
            0.031136000528931618
          ]
        },
        "pair_attempt_id": 57,
        "pair_retry_ordinal": 0,
        "position": 1,
        "readiness_probe_exact": true,
        "ready_region": {
          "local_ms": 0.0990080013871193,
          "rank_max_ms": 0.0990080013871193,
          "rank_ms": [
            0.0990080013871193,
            0.09743999689817429,
            0.09161599725484848,
            0.09625600278377533
          ]
        },
        "sample_index": 55,
        "scheduled_start_arrival_ns_by_rank": [
          744675462286423,
          744675462361138,
          744675462365508,
          744675462251751
        ],
        "scheduled_start_target_ns_by_rank": [
          744675467365508,
          744675467365508,
          744675467365508,
          744675467365508
        ],
        "start_record_bracket_ns_by_rank": [
          [
            744675467366170,
            744675467385400
          ],
          [
            744675467366019,
            744675467385276
          ],
          [
            744675467366881,
            744675467383062
          ],
          [
            744675467366223,
            744675467381925
          ]
        ],
        "start_record_envelope_span_ns": 19381,
        "variant": 0
      },
      {
        "collective_only": {
          "local_ms": 0.026976000517606735,
          "rank_max_ms": 0.02816000021994114,
          "rank_ms": [
            0.026976000517606735,
            0.02672000043094158,
            0.02707199938595295,
            0.02816000021994114
          ]
        },
        "pair_attempt_id": 58,
        "pair_retry_ordinal": 0,
        "position": 0,
        "readiness_probe_exact": true,
        "ready_region": {
          "local_ms": 0.09241600334644318,
          "rank_max_ms": 0.09516800194978714,
          "rank_ms": [
            0.09241600334644318,
            0.09513600170612335,
            0.09516800194978714,
            0.09244800359010696
          ]
        },
        "sample_index": 56,
        "scheduled_start_arrival_ns_by_rank": [
          744675468836754,
          744675468825119,
          744675468801400,
          744675468812890
        ],
        "scheduled_start_target_ns_by_rank": [
          744675473836754,
          744675473836754,
          744675473836754,
          744675473836754
        ],
        "start_record_bracket_ns_by_rank": [
          [
            744675473837254,
            744675473852584
          ],
          [
            744675473837311,
            744675473853152
          ],
          [
            744675473837168,
            744675473852887
          ],
          [
            744675473837314,
            744675473851219
          ]
        ],
        "start_record_envelope_span_ns": 15984,
        "variant": 1
      },
      {
        "collective_only": {
          "local_ms": 0.028831999748945236,
          "rank_max_ms": 0.0382080003619194,
          "rank_ms": [
            0.028831999748945236,
            0.033376000821590424,
            0.033504001796245575,
            0.0382080003619194
          ]
        },
        "pair_attempt_id": 59,
        "pair_retry_ordinal": 0,
        "position": 1,
        "readiness_probe_exact": true,
        "ready_region": {
          "local_ms": 0.12134400010108948,
          "rank_max_ms": 0.12134400010108948,
          "rank_ms": [
            0.12134400010108948,
            0.10364799946546555,
            0.11212799698114395,
            0.11443199962377548
          ]
        },
        "sample_index": 57,
        "scheduled_start_arrival_ns_by_rank": [
          744675492351458,
          744675491968846,
          744675491910588,
          744675492372027
        ],
        "scheduled_start_target_ns_by_rank": [
          744675497372027,
          744675497372027,
          744675497372027,
          744675497372027
        ],
        "start_record_bracket_ns_by_rank": [
          [
            744675497373023,
            744675497403074
          ],
          [
            744675497372622,
            744675497398825
          ],
          [
            744675497372897,
            744675497399824
          ],
          [
            744675497372678,
            744675497395085
          ]
        ],
        "start_record_envelope_span_ns": 30452,
        "variant": 0
      },
      {
        "collective_only": {
          "local_ms": 0.0289280004799366,
          "rank_max_ms": 0.03699199855327606,
          "rank_ms": [
            0.0289280004799366,
            0.03177599981427193,
            0.03315199911594391,
            0.03699199855327606
          ]
        },
        "pair_attempt_id": 60,
        "pair_retry_ordinal": 0,
        "position": 0,
        "readiness_probe_exact": true,
        "ready_region": {
          "local_ms": 0.12495999783277512,
          "rank_max_ms": 0.12495999783277512,
          "rank_ms": [
            0.12495999783277512,
            0.11599999666213989,
            0.11382400244474411,
            0.12163200229406357
          ]
        },
        "sample_index": 58,
        "scheduled_start_arrival_ns_by_rank": [
          744675502492315,
          744675502283096,
          744675502718164,
          744675502745645
        ],
        "scheduled_start_target_ns_by_rank": [
          744675507745645,
          744675507745645,
          744675507745645,
          744675507745645
        ],
        "start_record_bracket_ns_by_rank": [
          [
            744675507746526,
            744675507778011
          ],
          [
            744675507746417,
            744675507775475
          ],
          [
            744675507746648,
            744675507775161
          ],
          [
            744675507746471,
            744675507771216
          ]
        ],
        "start_record_envelope_span_ns": 31594,
        "variant": 1
      },
      {
        "collective_only": {
          "local_ms": 0.030912000685930252,
          "rank_max_ms": 0.04585599899291992,
          "rank_ms": [
            0.030912000685930252,
            0.03433600068092346,
            0.04585599899291992,
            0.03951999917626381
          ]
        },
        "pair_attempt_id": 61,
        "pair_retry_ordinal": 0,
        "position": 1,
        "readiness_probe_exact": true,
        "ready_region": {
          "local_ms": 0.13116799294948578,
          "rank_max_ms": 0.13116799294948578,
          "rank_ms": [
            0.13116799294948578,
            0.12617599964141846,
            0.10028800368309021,
            0.12889599800109863
          ]
        },
        "sample_index": 59,
        "scheduled_start_arrival_ns_by_rank": [
          744675531407356,
          744675531560365,
          744675531341313,
          744675531682654
        ],
        "scheduled_start_target_ns_by_rank": [
          744675536682654,
          744675536682654,
          744675536682654,
          744675536682654
        ],
        "start_record_bracket_ns_by_rank": [
          [
            744675536683606,
            744675536717858
          ],
          [
            744675536683497,
            744675536715665
          ],
          [
            744675536683246,
            744675536703137
          ],
          [
            744675536683494,
            744675536710549
          ]
        ],
        "start_record_envelope_span_ns": 34612,
        "variant": 0
      },
      {
        "collective_only": {
          "local_ms": 0.03171199932694435,
          "rank_max_ms": 0.041760001331567764,
          "rank_ms": [
            0.03171199932694435,
            0.03734400123357773,
            0.03836800158023834,
            0.041760001331567764
          ]
        },
        "pair_attempt_id": 62,
        "pair_retry_ordinal": 0,
        "position": 0,
        "readiness_probe_exact": true,
        "ready_region": {
          "local_ms": 0.13990400731563568,
          "rank_max_ms": 0.13990400731563568,
          "rank_ms": [
            0.13990400731563568,
            0.13152000308036804,
            0.13087999820709229,
            0.1367039978504181
          ]
        },
        "sample_index": 60,
        "scheduled_start_arrival_ns_by_rank": [
          744675541381636,
          744675541379799,
          744675541569890,
          744675541385128
        ],
        "scheduled_start_target_ns_by_rank": [
          744675546569890,
          744675546569890,
          744675546569890,
          744675546569890
        ],
        "start_record_bracket_ns_by_rank": [
          [
            744675546570761,
            744675546608075
          ],
          [
            744675546570860,
            744675546604294
          ],
          [
            744675546570979,
            744675546603529
          ],
          [
            744675546570915,
            744675546599362
          ]
        ],
        "start_record_envelope_span_ns": 37314,
        "variant": 1
      },
      {
        "collective_only": {
          "local_ms": 0.02956799976527691,
          "rank_max_ms": 0.04076800122857094,
          "rank_ms": [
            0.02956799976527691,
            0.03190400078892708,
            0.04076800122857094,
            0.03702399879693985
          ]
        },
        "pair_attempt_id": 63,
        "pair_retry_ordinal": 0,
        "position": 1,
        "readiness_probe_exact": true,
        "ready_region": {
          "local_ms": 0.12703999876976013,
          "rank_max_ms": 0.12963199615478516,
          "rank_ms": [
            0.12703999876976013,
            0.12643200159072876,
            0.11190400272607803,
            0.12963199615478516
          ]
        },
        "sample_index": 61,
        "scheduled_start_arrival_ns_by_rank": [
          744675568212093,
          744675568086633,
          744675567960406,
          744675568265648
        ],
        "scheduled_start_target_ns_by_rank": [
          744675573265648,
          744675573265648,
          744675573265648,
          744675573265648
        ],
        "start_record_bracket_ns_by_rank": [
          [
            744675573266671,
            744675573297668
          ],
          [
            744675573266520,
            744675573296894
          ],
          [
            744675573266137,
            744675573288605
          ],
          [
            744675573266467,
            744675573292513
          ]
        ],
        "start_record_envelope_span_ns": 31531,
        "variant": 0
      },
      {
        "collective_only": {
          "local_ms": 0.028095999732613564,
          "rank_max_ms": 0.042367998510599136,
          "rank_ms": [
            0.028095999732613564,
            0.031968001276254654,
            0.042367998510599136,
            0.0398080013692379
          ]
        },
        "pair_attempt_id": 64,
        "pair_retry_ordinal": 0,
        "position": 0,
        "readiness_probe_exact": true,
        "ready_region": {
          "local_ms": 0.12460800260305405,
          "rank_max_ms": 0.12460800260305405,
          "rank_ms": [
            0.12460800260305405,
            0.11727999895811081,
            0.10003200173377991,
            0.11718399822711945
          ]
        },
        "sample_index": 62,
        "scheduled_start_arrival_ns_by_rank": [
          744675577255276,
          744675576713125,
          744675576652729,
          744675576921812
        ],
        "scheduled_start_target_ns_by_rank": [
          744675582255276,
          744675582255276,
          744675582255276,
          744675582255276
        ],
        "start_record_bracket_ns_by_rank": [
          [
            744675582256096,
            744675582287782
          ],
          [
            744675582256094,
            744675582285593
          ],
          [
            744675582255733,
            744675582276475
          ],
          [
            744675582256071,
            744675582279561
          ]
        ],
        "start_record_envelope_span_ns": 32049,
        "variant": 1
      },
      {
        "collective_only": {
          "local_ms": 0.030751999467611313,
          "rank_max_ms": 0.042080000042915344,
          "rank_ms": [
            0.030751999467611313,
            0.03324799984693527,
            0.03711999952793121,
            0.042080000042915344
          ]
        },
        "pair_attempt_id": 65,
        "pair_retry_ordinal": 0,
        "position": 1,
        "readiness_probe_exact": true,
        "ready_region": {
          "local_ms": 0.14416000247001648,
          "rank_max_ms": 0.15033599734306335,
          "rank_ms": [
            0.14416000247001648,
            0.15033599734306335,
            0.12214399874210358,
            0.12559999525547028
          ]
        },
        "sample_index": 63,
        "scheduled_start_arrival_ns_by_rank": [
          744675605848362,
          744675605525525,
          744675605585398,
          744675605647121
        ],
        "scheduled_start_target_ns_by_rank": [
          744675610848362,
          744675610848362,
          744675610848362,
          744675610848362
        ],
        "start_record_bracket_ns_by_rank": [
          [
            744675610849376,
            744675610882339
          ],
          [
            744675610849286,
            744675610880774
          ],
          [
            744675610849310,
            744675610878947
          ],
          [
            744675610849156,
            744675610874351
          ]
        ],
        "start_record_envelope_span_ns": 33183,
        "variant": 0
      },
      {
        "collective_only": {
          "local_ms": 0.028991999104619026,
          "rank_max_ms": 0.037567999213933945,
          "rank_ms": [
            0.028991999104619026,
            0.03200000151991844,
            0.03404799848794937,
            0.037567999213933945
          ]
        },
        "pair_attempt_id": 66,
        "pair_retry_ordinal": 0,
        "position": 0,
        "readiness_probe_exact": true,
        "ready_region": {
          "local_ms": 0.12988799810409546,
          "rank_max_ms": 0.12988799810409546,
          "rank_ms": [
            0.12988799810409546,
            0.12822400033473969,
            0.12508800625801086,
            0.12585599720478058
          ]
        },
        "sample_index": 64,
        "scheduled_start_arrival_ns_by_rank": [
          744675615432750,
          744675615372415,
          744675615264861,
          744675615620083
        ],
        "scheduled_start_target_ns_by_rank": [
          744675620620083,
          744675620620083,
          744675620620083,
          744675620620083
        ],
        "start_record_bracket_ns_by_rank": [
          [
            744675620621081,
            744675620653959
          ],
          [
            744675620621079,
            744675620652472
          ],
          [
            744675620620921,
            744675620651673
          ],
          [
            744675620621019,
            744675620646961
          ]
        ],
        "start_record_envelope_span_ns": 33038,
        "variant": 1
      },
      {
        "collective_only": {
          "local_ms": 0.03551999852061272,
          "rank_max_ms": 0.05459199845790863,
          "rank_ms": [
            0.03551999852061272,
            0.03174399957060814,
            0.04896000027656555,
            0.05459199845790863
          ]
        },
        "pair_attempt_id": 67,
        "pair_retry_ordinal": 0,
        "position": 1,
        "readiness_probe_exact": true,
        "ready_region": {
          "local_ms": 0.13331200182437897,
          "rank_max_ms": 0.1457280069589615,
          "rank_ms": [
            0.13331200182437897,
            0.1457280069589615,
            0.11164800077676773,
            0.10790400207042694
          ]
        },
        "sample_index": 65,
        "scheduled_start_arrival_ns_by_rank": [
          744675645079121,
          744675645339947,
          744675645053564,
          744675644884065
        ],
        "scheduled_start_target_ns_by_rank": [
          744675650339947,
          744675650339947,
          744675650339947,
          744675650339947
        ],
        "start_record_bracket_ns_by_rank": [
          [
            744675650340873,
            744675650374544
          ],
          [
            744675650341133,
            744675650378516
          ],
          [
            744675650340429,
            744675650362835
          ],
          [
            744675650340563,
            744675650356993
          ]
        ],
        "start_record_envelope_span_ns": 38087,
        "variant": 0
      },
      {
        "collective_only": {
          "local_ms": 0.05071999877691269,
          "rank_max_ms": 0.05488000065088272,
          "rank_ms": [
            0.05071999877691269,
            0.0363520011305809,
            0.05488000065088272,
            0.04601600021123886
          ]
        },
        "pair_attempt_id": 68,
        "pair_retry_ordinal": 0,
        "position": 0,
        "readiness_probe_exact": true,
        "ready_region": {
          "local_ms": 0.12083200365304947,
          "rank_max_ms": 0.16070400178432465,
          "rank_ms": [
            0.12083200365304947,
            0.16070400178432465,
            0.11875200271606445,
            0.15164799988269806
          ]
        },
        "sample_index": 66,
        "scheduled_start_arrival_ns_by_rank": [
          744675653168275,
          744675653180317,
          744675652882057,
          744675653291459
        ],
        "scheduled_start_target_ns_by_rank": [
          744675658291459,
          744675658291459,
          744675658291459,
          744675658291459
        ],
        "start_record_bracket_ns_by_rank": [
          [
            744675658292061,
            744675658317838
          ],
          [
            744675658292832,
            744675658334139
          ],
          [
            744675658291989,
            744675658316145
          ],
          [
            744675658292456,
            744675658323602
          ]
        ],
        "start_record_envelope_span_ns": 42150,
        "variant": 1
      },
      {
        "collective_only": {
          "local_ms": 0.06803199648857117,
          "rank_max_ms": 0.07036799937486649,
          "rank_ms": [
            0.06803199648857117,
            0.039264000952243805,
            0.07036799937486649,
            0.029952000826597214
          ]
        },
        "pair_attempt_id": 69,
        "pair_retry_ordinal": 0,
        "position": 1,
        "readiness_probe_exact": true,
        "ready_region": {
          "local_ms": 0.12559999525547028,
          "rank_max_ms": 0.14006400108337402,
          "rank_ms": [
            0.12559999525547028,
            0.14006400108337402,
            0.1218239963054657,
            0.13942399621009827
          ]
        },
        "sample_index": 67,
        "scheduled_start_arrival_ns_by_rank": [
          744675681641366,
          744675682162066,
          744675681924019,
          744675682112573
        ],
        "scheduled_start_target_ns_by_rank": [
          744675687162066,
          744675687162066,
          744675687162066,
          744675687162066
        ],
        "start_record_bracket_ns_by_rank": [
          [
            744675687162521,
            744675687201156
          ],
          [
            744675687163172,
            744675687213866
          ],
          [
            744675687162496,
            744675687181693
          ],
          [
            744675687163064,
            744675687221567
          ]
        ],
        "start_record_envelope_span_ns": 59071,
        "variant": 0
      },
      {
        "collective_only": {
          "local_ms": 0.029055999591946602,
          "rank_max_ms": 0.03743999823927879,
          "rank_ms": [
            0.029055999591946602,
            0.034272000193595886,
            0.03308799862861633,
            0.03743999823927879
          ]
        },
        "pair_attempt_id": 70,
        "pair_retry_ordinal": 0,
        "position": 0,
        "readiness_probe_exact": true,
        "ready_region": {
          "local_ms": 0.1263040006160736,
          "rank_max_ms": 0.1263040006160736,
          "rank_ms": [
            0.1263040006160736,
            0.12336000055074692,
            0.12323199957609177,
            0.1257600039243698
          ]
        },
        "sample_index": 68,
        "scheduled_start_arrival_ns_by_rank": [
          744675692354640,
          744675692265033,
          744675692683039,
          744675692739388
        ],
        "scheduled_start_target_ns_by_rank": [
          744675697739388,
          744675697739388,
          744675697739388,
          744675697739388
        ],
        "start_record_bracket_ns_by_rank": [
          [
            744675697740302,
            744675697773009
          ],
          [
            744675697740272,
            744675697770308
          ],
          [
            744675697740220,
            744675697770789
          ],
          [
            744675697740280,
            744675697766058
          ]
        ],
        "start_record_envelope_span_ns": 32789,
        "variant": 1
      },
      {
        "collective_only": {
          "local_ms": 0.028896000236272812,
          "rank_max_ms": 0.03836800158023834,
          "rank_ms": [
            0.028896000236272812,
            0.02860799990594387,
            0.03379200026392937,
            0.03836800158023834
          ]
        },
        "pair_attempt_id": 71,
        "pair_retry_ordinal": 0,
        "position": 1,
        "readiness_probe_exact": true,
        "ready_region": {
          "local_ms": 0.1191679984331131,
          "rank_max_ms": 0.1191679984331131,
          "rank_ms": [
            0.1191679984331131,
            0.11894399672746658,
            0.1117440015077591,
            0.11017599701881409
          ]
        },
        "sample_index": 69,
        "scheduled_start_arrival_ns_by_rank": [
          744675720541361,
          744675720582620,
          744675720719907,
          744675720576939
        ],
        "scheduled_start_target_ns_by_rank": [
          744675725719907,
          744675725719907,
          744675725719907,
          744675725719907
        ],
        "start_record_bracket_ns_by_rank": [
          [
            744675725720966,
            744675725750630
          ],
          [
            744675725721029,
            744675725750863
          ],
          [
            744675725720638,
            744675725747174
          ],
          [
            744675725720756,
            744675725742514
          ]
        ],
        "start_record_envelope_span_ns": 30225,
        "variant": 0
      },
      {
        "collective_only": {
          "local_ms": 0.02691200003027916,
          "rank_max_ms": 0.033824000507593155,
          "rank_ms": [
            0.02691200003027916,
            0.030527999624609947,
            0.031168000772595406,
            0.033824000507593155
          ]
        },
        "pair_attempt_id": 72,
        "pair_retry_ordinal": 0,
        "position": 0,
        "readiness_probe_exact": true,
        "ready_region": {
          "local_ms": 0.11139199882745743,
          "rank_max_ms": 0.11302399635314941,
          "rank_ms": [
            0.11139199882745743,
            0.10780800133943558,
            0.10771200060844421,
            0.11302399635314941
          ]
        },
        "sample_index": 70,
        "scheduled_start_arrival_ns_by_rank": [
          744675729637728,
          744675728921984,
          744675729432277,
          744675729338573
        ],
        "scheduled_start_target_ns_by_rank": [
          744675734637728,
          744675734637728,
          744675734637728,
          744675734637728
        ],
        "start_record_bracket_ns_by_rank": [
          [
            744675734638531,
            744675734666347
          ],
          [
            744675734638397,
            744675734664034
          ],
          [
            744675734638466,
            744675734663751
          ],
          [
            744675734638568,
            744675734661171
          ]
        ],
        "start_record_envelope_span_ns": 27950,
        "variant": 1
      },
      {
        "collective_only": {
          "local_ms": 0.027424000203609467,
          "rank_max_ms": 0.03484800085425377,
          "rank_ms": [
            0.027424000203609467,
            0.030112000182271004,
            0.03110400028526783,
            0.03484800085425377
          ]
        },
        "pair_attempt_id": 73,
        "pair_retry_ordinal": 0,
        "position": 1,
        "readiness_probe_exact": true,
        "ready_region": {
          "local_ms": 0.11615999788045883,
          "rank_max_ms": 0.11615999788045883,
          "rank_ms": [
            0.11615999788045883,
            0.11503999680280685,
            0.11235199868679047,
            0.11126399785280228
          ]
        },
        "sample_index": 71,
        "scheduled_start_arrival_ns_by_rank": [
          744675758382393,
          744675758332298,
          744675758341268,
          744675758466370
        ],
        "scheduled_start_target_ns_by_rank": [
          744675763466370,
          744675763466370,
          744675763466370,
          744675763466370
        ],
        "start_record_bracket_ns_by_rank": [
          [
            744675763467388,
            744675763496581
          ],
          [
            744675763467341,
            744675763495373
          ],
          [
            744675763467210,
            744675763494822
          ],
          [
            744675763467051,
            744675763490035
          ]
        ],
        "start_record_envelope_span_ns": 29530,
        "variant": 0
      },
      {
        "collective_only": {
          "local_ms": 0.02672000043094158,
          "rank_max_ms": 0.03465599939227104,
          "rank_ms": [
            0.02672000043094158,
            0.027615999802947044,
            0.030592000111937523,
            0.03465599939227104
          ]
        },
        "pair_attempt_id": 74,
        "pair_retry_ordinal": 0,
        "position": 0,
        "readiness_probe_exact": true,
        "ready_region": {
          "local_ms": 0.1074879989027977,
          "rank_max_ms": 0.11030399799346924,
          "rank_ms": [
            0.1074879989027977,
            0.11030399799346924,
            0.10198400169610977,
            0.10492800176143646
          ]
        },
        "sample_index": 72,
        "scheduled_start_arrival_ns_by_rank": [
          744675767495793,
          744675767459584,
          744675767329185,
          744675767402103
        ],
        "scheduled_start_target_ns_by_rank": [
          744675772495793,
          744675772495793,
          744675772495793,
          744675772495793
        ],
        "start_record_bracket_ns_by_rank": [
          [
            744675772496617,
            744675772522658
          ],
          [
            744675772496642,
            744675772521966
          ],
          [
            744675772496463,
            744675772520646
          ],
          [
            744675772496424,
            744675772517200
          ]
        ],
        "start_record_envelope_span_ns": 26234,
        "variant": 1
      },
      {
        "collective_only": {
          "local_ms": 0.028672000393271446,
          "rank_max_ms": 0.0344959981739521,
          "rank_ms": [
            0.028672000393271446,
            0.029343999922275543,
            0.03286400064826012,
            0.0344959981739521
          ]
        },
        "pair_attempt_id": 75,
        "pair_retry_ordinal": 0,
        "position": 1,
        "readiness_probe_exact": true,
        "ready_region": {
          "local_ms": 0.11206399649381638,
          "rank_max_ms": 0.11206399649381638,
          "rank_ms": [
            0.11206399649381638,
            0.11110399663448334,
            0.106175996363163,
            0.10579200088977814
          ]
        },
        "sample_index": 73,
        "scheduled_start_arrival_ns_by_rank": [
          744675795306166,
          744675795149996,
          744675795293464,
          744675795126607
        ],
        "scheduled_start_target_ns_by_rank": [
          744675800306166,
          744675800306166,
          744675800306166,
          744675800306166
        ],
        "start_record_bracket_ns_by_rank": [
          [
            744675800307042,
            744675800334606
          ],
          [
            744675800307029,
            744675800334084
          ],
          [
            744675800307111,
            744675800332344
          ],
          [
            744675800306930,
            744675800327519
          ]
        ],
        "start_record_envelope_span_ns": 27676,
        "variant": 0
      },
      {
        "collective_only": {
          "local_ms": 0.025087999179959297,
          "rank_max_ms": 0.033215999603271484,
          "rank_ms": [
            0.025087999179959297,
            0.030592000111937523,
            0.029632000252604485,
            0.033215999603271484
          ]
        },
        "pair_attempt_id": 76,
        "pair_retry_ordinal": 0,
        "position": 0,
        "readiness_probe_exact": true,
        "ready_region": {
          "local_ms": 0.13177600502967834,
          "rank_max_ms": 0.13177600502967834,
          "rank_ms": [
            0.13177600502967834,
            0.12275200337171555,
            0.13078400492668152,
            0.11747200042009354
          ]
        },
        "sample_index": 74,
        "scheduled_start_arrival_ns_by_rank": [
          744675803828460,
          744675803837461,
          744675804107439,
          744675803758100
        ],
        "scheduled_start_target_ns_by_rank": [
          744675809107439,
          744675809107439,
          744675809107439,
          744675809107439
        ],
        "start_record_bracket_ns_by_rank": [
          [
            744675809108151,
            744675809135098
          ],
          [
            744675809108228,
            744675809131970
          ],
          [
            744675809108189,
            744675809132815
          ],
          [
            744675809108164,
            744675809129296
          ]
        ],
        "start_record_envelope_span_ns": 26947,
        "variant": 1
      },
      {
        "collective_only": {
          "local_ms": 0.027327999472618103,
          "rank_max_ms": 0.030432000756263733,
          "rank_ms": [
            0.027327999472618103,
            0.028384000062942505,
            0.030432000756263733,
            0.02659199945628643
          ]
        },
        "pair_attempt_id": 77,
        "pair_retry_ordinal": 0,
        "position": 1,
        "readiness_probe_exact": true,
        "ready_region": {
          "local_ms": 0.11740799993276596,
          "rank_max_ms": 0.11740799993276596,
          "rank_ms": [
            0.11740799993276596,
            0.11660800129175186,
            0.1090560033917427,
            0.11603199690580368
          ]
        },
        "sample_index": 75,
        "scheduled_start_arrival_ns_by_rank": [
          744675832363309,
          744675832216862,
          744675832428790,
          744675832500062
        ],
        "scheduled_start_target_ns_by_rank": [
          744675837500062,
          744675837500062,
          744675837500062,
          744675837500062
        ],
        "start_record_bracket_ns_by_rank": [
          [
            744675837501098,
            744675837528860
          ],
          [
            744675837501057,
            744675837527607
          ],
          [
            744675837500730,
            744675837526187
          ],
          [
            744675837500728,
            744675837530237
          ]
        ],
        "start_record_envelope_span_ns": 29509,
        "variant": 0
      },
      {
        "collective_only": {
          "local_ms": 0.027103999629616737,
          "rank_max_ms": 0.03017600066959858,
          "rank_ms": [
            0.027103999629616737,
            0.02831999957561493,
            0.028863999992609024,
            0.03017600066959858
          ]
        },
        "pair_attempt_id": 78,
        "pair_retry_ordinal": 0,
        "position": 0,
        "readiness_probe_exact": true,
        "ready_region": {
          "local_ms": 0.10655999928712845,
          "rank_max_ms": 0.10867200046777725,
          "rank_ms": [
            0.10655999928712845,
            0.10550399869680405,
            0.10236799716949463,
            0.10867200046777725
          ]
        },
        "sample_index": 76,
        "scheduled_start_arrival_ns_by_rank": [
          744675842791346,
          744675842454759,
          744675842524785,
          744675842739635
        ],
        "scheduled_start_target_ns_by_rank": [
          744675847791346,
          744675847791346,
          744675847791346,
          744675847791346
        ],
        "start_record_bracket_ns_by_rank": [
          [
            744675847791946,
            744675847818053
          ],
          [
            744675847792017,
            744675847816909
          ],
          [
            744675847792070,
            744675847816775
          ],
          [
            744675847792083,
            744675847813441
          ]
        ],
        "start_record_envelope_span_ns": 26107,
        "variant": 1
      },
      {
        "collective_only": {
          "local_ms": 0.032127998769283295,
          "rank_max_ms": 0.03407999873161316,
          "rank_ms": [
            0.032127998769283295,
            0.03062400035560131,
            0.02844800055027008,
            0.03407999873161316
          ]
        },
        "pair_attempt_id": 79,
        "pair_retry_ordinal": 0,
        "position": 1,
        "readiness_probe_exact": true,
        "ready_region": {
          "local_ms": 0.11587200313806534,
          "rank_max_ms": 0.12166400253772736,
          "rank_ms": [
            0.11587200313806534,
            0.12166400253772736,
            0.11763200163841248,
            0.12067200243473053
          ]
        },
        "sample_index": 77,
        "scheduled_start_arrival_ns_by_rank": [
          744675873169633,
          744675872785478,
          744675872634552,
          744675873019135
        ],
        "scheduled_start_target_ns_by_rank": [
          744675878169633,
          744675878169633,
          744675878169633,
          744675878169633
        ],
        "start_record_bracket_ns_by_rank": [
          [
            744675878170673,
            744675878208297
          ],
          [
            744675878170635,
            744675878209581
          ],
          [
            744675878170315,
            744675878211853
          ],
          [
            744675878170410,
            744675878205976
          ]
        ],
        "start_record_envelope_span_ns": 41538,
        "variant": 0
      },
      {
        "collective_only": {
          "local_ms": 0.033695999532938004,
          "rank_max_ms": 0.03984000161290169,
          "rank_ms": [
            0.033695999532938004,
            0.027008000761270523,
            0.03651199862360954,
            0.03984000161290169
          ]
        },
        "pair_attempt_id": 80,
        "pair_retry_ordinal": 0,
        "position": 0,
        "readiness_probe_exact": true,
        "ready_region": {
          "local_ms": 0.11606399714946747,
          "rank_max_ms": 0.11606399714946747,
          "rank_ms": [
            0.11606399714946747,
            0.11343999952077866,
            0.10924799740314484,
            0.11407999694347382
          ]
        },
        "sample_index": 78,
        "scheduled_start_arrival_ns_by_rank": [
          744675881365302,
          744675881262928,
          744675881280908,
          744675881371539
        ],
        "scheduled_start_target_ns_by_rank": [
          744675886371539,
          744675886371539,
          744675886371539,
          744675886371539
        ],
        "start_record_bracket_ns_by_rank": [
          [
            744675886372397,
            744675886401831
          ],
          [
            744675886372278,
            744675886406138
          ],
          [
            744675886372207,
            744675886398505
          ],
          [
            744675886372194,
            744675886394999
          ]
        ],
        "start_record_envelope_span_ns": 33944,
        "variant": 1
      },
      {
        "collective_only": {
          "local_ms": 0.028416000306606293,
          "rank_max_ms": 0.03359999880194664,
          "rank_ms": [
            0.028416000306606293,
            0.028831999748945236,
            0.030432000756263733,
            0.03359999880194664
          ]
        },
        "pair_attempt_id": 81,
        "pair_retry_ordinal": 0,
        "position": 1,
        "readiness_probe_exact": true,
        "ready_region": {
          "local_ms": 0.11356800049543381,
          "rank_max_ms": 0.1138560026884079,
          "rank_ms": [
            0.11356800049543381,
            0.1138560026884079,
            0.11203200370073318,
            0.1138560026884079
          ]
        },
        "sample_index": 79,
        "scheduled_start_arrival_ns_by_rank": [
          744675910368261,
          744675910220434,
          744675910395381,
          744675910286863
        ],
        "scheduled_start_target_ns_by_rank": [
          744675915395381,
          744675915395381,
          744675915395381,
          744675915395381
        ],
        "start_record_bracket_ns_by_rank": [
          [
            744675915396268,
            744675915423952
          ],
          [
            744675915396337,
            744675915423769
          ],
          [
            744675915396076,
            744675915422663
          ],
          [
            744675915396292,
            744675915419380
          ]
        ],
        "start_record_envelope_span_ns": 27876,
        "variant": 0
      },
      {
        "collective_only": {
          "local_ms": 0.029184000566601753,
          "rank_max_ms": 0.03907199949026108,
          "rank_ms": [
            0.029184000566601753,
            0.03049599938094616,
            0.03215999901294708,
            0.03907199949026108
          ]
        },
        "pair_attempt_id": 82,
        "pair_retry_ordinal": 0,
        "position": 0,
        "readiness_probe_exact": true,
        "ready_region": {
          "local_ms": 0.12464000284671783,
          "rank_max_ms": 0.12464000284671783,
          "rank_ms": [
            0.12464000284671783,
            0.11977600306272507,
            0.11715199798345566,
            0.11468800157308578
          ]
        },
        "sample_index": 80,
        "scheduled_start_arrival_ns_by_rank": [
          744675919779339,
          744675919748139,
          744675919784544,
          744675919841868
        ],
        "scheduled_start_target_ns_by_rank": [
          744675924841868,
          744675924841868,
          744675924841868,
          744675924841868
        ],
        "start_record_bracket_ns_by_rank": [
          [
            744675924842781,
            744675924873839
          ],
          [
            744675924842951,
            744675924872583
          ],
          [
            744675924842742,
            744675924871472
          ],
          [
            744675924842714,
            744675924865357
          ]
        ],
        "start_record_envelope_span_ns": 31125,
        "variant": 1
      },
      {
        "collective_only": {
          "local_ms": 0.029184000566601753,
          "rank_max_ms": 0.03888000175356865,
          "rank_ms": [
            0.029184000566601753,
            0.03161599859595299,
            0.03283200040459633,
            0.03888000175356865
          ]
        },
        "pair_attempt_id": 83,
        "pair_retry_ordinal": 0,
        "position": 1,
        "readiness_probe_exact": true,
        "ready_region": {
          "local_ms": 0.14537599682807922,
          "rank_max_ms": 0.14537599682807922,
          "rank_ms": [
            0.14537599682807922,
            0.13964800536632538,
            0.14003199338912964,
            0.13766400516033173
          ]
        },
        "sample_index": 81,
        "scheduled_start_arrival_ns_by_rank": [
          744675948924695,
          744675948906080,
          744675948534330,
          744675949101553
        ],
        "scheduled_start_target_ns_by_rank": [
          744675954101553,
          744675954101553,
          744675954101553,
          744675954101553
        ],
        "start_record_bracket_ns_by_rank": [
          [
            744675954102512,
            744675954134436
          ],
          [
            744675954102518,
            744675954134180
          ],
          [
            744675954102363,
            744675954131458
          ],
          [
            744675954102453,
            744675954127180
          ]
        ],
        "start_record_envelope_span_ns": 32073,
        "variant": 0
      },
      {
        "collective_only": {
          "local_ms": 0.025919999927282333,
          "rank_max_ms": 0.036320000886917114,
          "rank_ms": [
            0.025919999927282333,
            0.033344000577926636,
            0.03232000023126602,
            0.036320000886917114
          ]
        },
        "pair_attempt_id": 84,
        "pair_retry_ordinal": 0,
        "position": 0,
        "readiness_probe_exact": true,
        "ready_region": {
          "local_ms": 0.12390399724245071,
          "rank_max_ms": 0.12435200065374374,
          "rank_ms": [
            0.12390399724245071,
            0.12435200065374374,
            0.12031999975442886,
            0.12144000083208084
          ]
        },
        "sample_index": 82,
        "scheduled_start_arrival_ns_by_rank": [
          744675958794820,
          744675958591388,
          744675958888143,
          744675958703193
        ],
        "scheduled_start_target_ns_by_rank": [
          744675963888143,
          744675963888143,
          744675963888143,
          744675963888143
        ],
        "start_record_bracket_ns_by_rank": [
          [
            744675963888934,
            744675963920136
          ],
          [
            744675963888898,
            744675963915100
          ],
          [
            744675963888842,
            744675963915098
          ],
          [
            744675963888821,
            744675963910237
          ]
        ],
        "start_record_envelope_span_ns": 31315,
        "variant": 1
      },
      {
        "collective_only": {
          "local_ms": 0.037087999284267426,
          "rank_max_ms": 0.046879999339580536,
          "rank_ms": [
            0.037087999284267426,
            0.03558399900794029,
            0.04076800122857094,
            0.046879999339580536
          ]
        },
        "pair_attempt_id": 85,
        "pair_retry_ordinal": 0,
        "position": 1,
        "readiness_probe_exact": true,
        "ready_region": {
          "local_ms": 0.13180799782276154,
          "rank_max_ms": 0.13180799782276154,
          "rank_ms": [
            0.13180799782276154,
            0.13171200454235077,
            0.127360001206398,
            0.1225920021533966
          ]
        },
        "sample_index": 83,
        "scheduled_start_arrival_ns_by_rank": [
          744675988135162,
          744675987776133,
          744675987679943,
          744675987726250
        ],
        "scheduled_start_target_ns_by_rank": [
          744675993135162,
          744675993135162,
          744675993135162,
          744675993135162
        ],
        "start_record_bracket_ns_by_rank": [
          [
            744675993136112,
            744675993166411
          ],
          [
            744675993136263,
            744675993166518
          ],
          [
            744675993135997,
            744675993163498
          ],
          [
            744675993135916,
            744675993158004
          ]
        ],
        "start_record_envelope_span_ns": 30602,
        "variant": 0
      },
      {
        "collective_only": {
          "local_ms": 0.03174399957060814,
          "rank_max_ms": 0.0344959981739521,
          "rank_ms": [
            0.03174399957060814,
            0.028543999418616295,
            0.030559999868273735,
            0.0344959981739521
          ]
        },
        "pair_attempt_id": 86,
        "pair_retry_ordinal": 0,
        "position": 0,
        "readiness_probe_exact": true,
        "ready_region": {
          "local_ms": 0.1170559972524643,
          "rank_max_ms": 0.12051200121641159,
          "rank_ms": [
            0.1170559972524643,
            0.12051200121641159,
            0.11785600334405899,
            0.11952000111341476
          ]
        },
        "sample_index": 84,
        "scheduled_start_arrival_ns_by_rank": [
          744675997510443,
          744675997302675,
          744675997275281,
          744675997468809
        ],
        "scheduled_start_target_ns_by_rank": [
          744676002510443,
          744676002510443,
          744676002510443,
          744676002510443
        ],
        "start_record_bracket_ns_by_rank": [
          [
            744676002511100,
            744676002538484
          ],
          [
            744676002511340,
            744676002541076
          ],
          [
            744676002511211,
            744676002539970
          ],
          [
            744676002511227,
            744676002535041
          ]
        ],
        "start_record_envelope_span_ns": 29976,
        "variant": 1
      },
      {
        "collective_only": {
          "local_ms": 0.027744000777602196,
          "rank_max_ms": 0.03798399865627289,
          "rank_ms": [
            0.027744000777602196,
            0.031168000772595406,
            0.031936001032590866,
            0.03798399865627289
          ]
        },
        "pair_attempt_id": 87,
        "pair_retry_ordinal": 0,
        "position": 1,
        "readiness_probe_exact": true,
        "ready_region": {
          "local_ms": 0.11689600348472595,
          "rank_max_ms": 0.11760000139474869,
          "rank_ms": [
            0.11689600348472595,
            0.11760000139474869,
            0.11347199976444244,
            0.11308799684047699
          ]
        },
        "sample_index": 85,
        "scheduled_start_arrival_ns_by_rank": [
          744676028850840,
          744676028464404,
          744676028091752,
          744676028679221
        ],
        "scheduled_start_target_ns_by_rank": [
          744676033850840,
          744676033850840,
          744676033850840,
          744676033850840
        ],
        "start_record_bracket_ns_by_rank": [
          [
            744676033851801,
            744676033881500
          ],
          [
            744676033851657,
            744676033879479
          ],
          [
            744676033851539,
            744676033878840
          ],
          [
            744676033851601,
            744676033873850
          ]
        ],
        "start_record_envelope_span_ns": 29961,
        "variant": 0
      },
      {
        "collective_only": {
          "local_ms": 0.027168000116944313,
          "rank_max_ms": 0.03347200155258179,
          "rank_ms": [
            0.027168000116944313,
            0.029343999922275543,
            0.031136000528931618,
            0.03347200155258179
          ]
        },
        "pair_attempt_id": 88,
        "pair_retry_ordinal": 0,
        "position": 0,
        "readiness_probe_exact": true,
        "ready_region": {
          "local_ms": 0.12671999633312225,
          "rank_max_ms": 0.12671999633312225,
          "rank_ms": [
            0.12671999633312225,
            0.11631999909877777,
            0.11843200027942657,
            0.11542399972677231
          ]
        },
        "sample_index": 86,
        "scheduled_start_arrival_ns_by_rank": [
          744676038616030,
          744676038830405,
          744676038867364,
          744676039076373
        ],
        "scheduled_start_target_ns_by_rank": [
          744676044076373,
          744676044076373,
          744676044076373,
          744676044076373
        ],
        "start_record_bracket_ns_by_rank": [
          [
            744676044077124,
            744676044104148
          ],
          [
            744676044077151,
            744676044102188
          ],
          [
            744676044077119,
            744676044101158
          ],
          [
            744676044077131,
            744676044098009
          ]
        ],
        "start_record_envelope_span_ns": 27029,
        "variant": 1
      },
      {
        "collective_only": {
          "local_ms": 0.02908799983561039,
          "rank_max_ms": 0.03574400022625923,
          "rank_ms": [
            0.02908799983561039,
            0.03014400042593479,
            0.03296000137925148,
            0.03574400022625923
          ]
        },
        "pair_attempt_id": 89,
        "pair_retry_ordinal": 0,
        "position": 1,
        "readiness_probe_exact": true,
        "ready_region": {
          "local_ms": 0.11062400043010712,
          "rank_max_ms": 0.11062400043010712,
          "rank_ms": [
            0.11062400043010712,
            0.10764800012111664,
            0.1000640019774437,
            0.10268799960613251
          ]
        },
        "sample_index": 87,
        "scheduled_start_arrival_ns_by_rank": [
          744676067733506,
          744676067639755,
          744676067426277,
          744676067705460
        ],
        "scheduled_start_target_ns_by_rank": [
          744676072733506,
          744676072733506,
          744676072733506,
          744676072733506
        ],
        "start_record_bracket_ns_by_rank": [
          [
            744676072734224,
            744676072759179
          ],
          [
            744676072734213,
            744676072760043
          ],
          [
            744676072734343,
            744676072758312
          ],
          [
            744676072734279,
            744676072755193
          ]
        ],
        "start_record_envelope_span_ns": 25830,
        "variant": 0
      },
      {
        "collective_only": {
          "local_ms": 0.028704000636935234,
          "rank_max_ms": 0.032127998769283295,
          "rank_ms": [
            0.028704000636935234,
            0.02643200010061264,
            0.029440000653266907,
            0.032127998769283295
          ]
        },
        "pair_attempt_id": 90,
        "pair_retry_ordinal": 0,
        "position": 0,
        "readiness_probe_exact": true,
        "ready_region": {
          "local_ms": 0.11683200299739838,
          "rank_max_ms": 0.11971200257539749,
          "rank_ms": [
            0.11683200299739838,
            0.11971200257539749,
            0.11766400188207626,
            0.11292800307273865
          ]
        },
        "sample_index": 88,
        "scheduled_start_arrival_ns_by_rank": [
          744676077132369,
          744676076862827,
          744676076899334,
          744676077117135
        ],
        "scheduled_start_target_ns_by_rank": [
          744676082132369,
          744676082132369,
          744676082132369,
          744676082132369
        ],
        "start_record_bracket_ns_by_rank": [
          [
            744676082133185,
            744676082159256
          ],
          [
            744676082133092,
            744676082159012
          ],
          [
            744676082133222,
            744676082158699
          ],
          [
            744676082133094,
            744676082154342
          ]
        ],
        "start_record_envelope_span_ns": 26164,
        "variant": 1
      },
      {
        "collective_only": {
          "local_ms": 0.031136000528931618,
          "rank_max_ms": 0.031136000528931618,
          "rank_ms": [
            0.031136000528931618,
            0.027327999472618103,
            0.028255999088287354,
            0.031007999554276466
          ]
        },
        "pair_attempt_id": 91,
        "pair_retry_ordinal": 0,
        "position": 1,
        "readiness_probe_exact": true,
        "ready_region": {
          "local_ms": 0.09305600076913834,
          "rank_max_ms": 0.11036799848079681,
          "rank_ms": [
            0.09305600076913834,
            0.11036799848079681,
            0.10681600123643875,
            0.10886400192975998
          ]
        },
        "sample_index": 89,
        "scheduled_start_arrival_ns_by_rank": [
          744676105410775,
          744676105330331,
          744676105376860,
          744676105393954
        ],
        "scheduled_start_target_ns_by_rank": [
          744676110410775,
          744676110410775,
          744676110410775,
          744676110410775
        ],
        "start_record_bracket_ns_by_rank": [
          [
            744676110411305,
            744676110433192
          ],
          [
            744676110411610,
            744676110437289
          ],
          [
            744676110411513,
            744676110436967
          ],
          [
            744676110411460,
            744676110432601
          ]
        ],
        "start_record_envelope_span_ns": 25984,
        "variant": 0
      },
      {
        "collective_only": {
          "local_ms": 0.036031998693943024,
          "rank_max_ms": 0.036031998693943024,
          "rank_ms": [
            0.036031998693943024,
            0.028416000306606293,
            0.026335999369621277,
            0.031199999153614044
          ]
        },
        "pair_attempt_id": 92,
        "pair_retry_ordinal": 0,
        "position": 0,
        "readiness_probe_exact": true,
        "ready_region": {
          "local_ms": 0.08707199990749359,
          "rank_max_ms": 0.10812799632549286,
          "rank_ms": [
            0.08707199990749359,
            0.1024319976568222,
            0.10809600353240967,
            0.10812799632549286
          ]
        },
        "sample_index": 90,
        "scheduled_start_arrival_ns_by_rank": [
          744676114414541,
          744676114206588,
          744676114174514,
          744676114620418
        ],
        "scheduled_start_target_ns_by_rank": [
          744676119620418,
          744676119620418,
          744676119620418,
          744676119620418
        ],
        "start_record_bracket_ns_by_rank": [
          [
            744676119620885,
            744676119637278
          ],
          [
            744676119621153,
            744676119645371
          ],
          [
            744676119621216,
            744676119647131
          ],
          [
            744676119621103,
            744676119642542
          ]
        ],
        "start_record_envelope_span_ns": 26246,
        "variant": 1
      },
      {
        "collective_only": {
          "local_ms": 0.029664000496268272,
          "rank_max_ms": 0.04016000032424927,
          "rank_ms": [
            0.029664000496268272,
            0.026367999613285065,
            0.03280000016093254,
            0.04016000032424927
          ]
        },
        "pair_attempt_id": 93,
        "pair_retry_ordinal": 0,
        "position": 1,
        "readiness_probe_exact": true,
        "ready_region": {
          "local_ms": 0.10460799932479858,
          "rank_max_ms": 0.11180800199508667,
          "rank_ms": [
            0.10460799932479858,
            0.11180800199508667,
            0.10051199793815613,
            0.09350399672985077
          ]
        },
        "sample_index": 91,
        "scheduled_start_arrival_ns_by_rank": [
          744676142284925,
          744676142295931,
          744676142267459,
          744676141974819
        ],
        "scheduled_start_target_ns_by_rank": [
          744676147295931,
          744676147295931,
          744676147295931,
          744676147295931
        ],
        "start_record_bracket_ns_by_rank": [
          [
            744676147297117,
            744676147322908
          ],
          [
            744676147296848,
            744676147323969
          ],
          [
            744676147296654,
            744676147320045
          ],
          [
            744676147296437,
            744676147311420
          ]
        ],
        "start_record_envelope_span_ns": 27532,
        "variant": 0
      },
      {
        "collective_only": {
          "local_ms": 0.028736000880599022,
          "rank_max_ms": 0.03574400022625923,
          "rank_ms": [
            0.028736000880599022,
            0.03267199918627739,
            0.029920000582933426,
            0.03574400022625923
          ]
        },
        "pair_attempt_id": 94,
        "pair_retry_ordinal": 0,
        "position": 0,
        "readiness_probe_exact": true,
        "ready_region": {
          "local_ms": 0.11980800330638885,
          "rank_max_ms": 0.12147200107574463,
          "rank_ms": [
            0.11980800330638885,
            0.10550399869680405,
            0.12147200107574463,
            0.11593600362539291
          ]
        },
        "sample_index": 92,
        "scheduled_start_arrival_ns_by_rank": [
          744676150396904,
          744676149898175,
          744676150216801,
          744676149949149
        ],
        "scheduled_start_target_ns_by_rank": [
          744676155396904,
          744676155396904,
          744676155396904,
          744676155396904
        ],
        "start_record_bracket_ns_by_rank": [
          [
            744676155397661,
            744676155427088
          ],
          [
            744676155397506,
            744676155424053
          ],
          [
            744676155398200,
            744676155426765
          ],
          [
            744676155397770,
            744676155421900
          ]
        ],
        "start_record_envelope_span_ns": 29582,
        "variant": 1
      },
      {
        "collective_only": {
          "local_ms": 0.04134399816393852,
          "rank_max_ms": 0.043136000633239746,
          "rank_ms": [
            0.04134399816393852,
            0.029343999922275543,
            0.043136000633239746,
            0.043136000633239746
          ]
        },
        "pair_attempt_id": 95,
        "pair_retry_ordinal": 0,
        "position": 1,
        "readiness_probe_exact": true,
        "ready_region": {
          "local_ms": 0.10896000266075134,
          "rank_max_ms": 0.13382400572299957,
          "rank_ms": [
            0.10896000266075134,
            0.13382400572299957,
            0.10633599758148193,
            0.1085439994931221
          ]
        },
        "sample_index": 93,
        "scheduled_start_arrival_ns_by_rank": [
          744676178581482,
          744676178924730,
          744676178707018,
          744676178855165
        ],
        "scheduled_start_target_ns_by_rank": [
          744676183924730,
          744676183924730,
          744676183924730,
          744676183924730
        ],
        "start_record_bracket_ns_by_rank": [
          [
            744676183925250,
            744676183943514
          ],
          [
            744676183925639,
            744676183955107
          ],
          [
            744676183925238,
            744676183943250
          ],
          [
            744676183925256,
            744676183941627
          ]
        ],
        "start_record_envelope_span_ns": 29869,
        "variant": 0
      },
      {
        "collective_only": {
          "local_ms": 0.038047999143600464,
          "rank_max_ms": 0.0424639992415905,
          "rank_ms": [
            0.038047999143600464,
            0.027936000376939774,
            0.031199999153614044,
            0.0424639992415905
          ]
        },
        "pair_attempt_id": 96,
        "pair_retry_ordinal": 0,
        "position": 0,
        "readiness_probe_exact": true,
        "ready_region": {
          "local_ms": 0.09516800194978714,
          "rank_max_ms": 0.11721599847078323,
          "rank_ms": [
            0.09516800194978714,
            0.11721599847078323,
            0.11158400028944016,
            0.08979199826717377
          ]
        },
        "sample_index": 94,
        "scheduled_start_arrival_ns_by_rank": [
          744676186737600,
          744676186484763,
          744676186802747,
          744676186555969
        ],
        "scheduled_start_target_ns_by_rank": [
          744676191802747,
          744676191802747,
          744676191802747,
          744676191802747
        ],
        "start_record_bracket_ns_by_rank": [
          [
            744676191803269,
            744676191822652
          ],
          [
            744676191803476,
            744676191832056
          ],
          [
            744676191803439,
            744676191830084
          ],
          [
            744676191803176,
            744676191817911
          ]
        ],
        "start_record_envelope_span_ns": 28880,
        "variant": 1
      },
      {
        "collective_only": {
          "local_ms": 0.03791999816894531,
          "rank_max_ms": 0.03791999816894531,
          "rank_ms": [
            0.03791999816894531,
            0.026528000831604004,
            0.03747199848294258,
            0.03161599859595299
          ]
        },
        "pair_attempt_id": 97,
        "pair_retry_ordinal": 0,
        "position": 1,
        "readiness_probe_exact": true,
        "ready_region": {
          "local_ms": 0.10387200117111206,
          "rank_max_ms": 0.12374400347471237,
          "rank_ms": [
            0.10387200117111206,
            0.11945600062608719,
            0.10371199995279312,
            0.12374400347471237
          ]
        },
        "sample_index": 95,
        "scheduled_start_arrival_ns_by_rank": [
          744676212930026,
          744676212585798,
          744676212847858,
          744676212866343
        ],
        "scheduled_start_target_ns_by_rank": [
          744676217930026,
          744676217930026,
          744676217930026,
          744676217930026
        ],
        "start_record_bracket_ns_by_rank": [
          [
            744676217930566,
            744676217947452
          ],
          [
            744676217930825,
            744676217957394
          ],
          [
            744676217930500,
            744676217947438
          ],
          [
            744676217930811,
            744676217953045
          ]
        ],
        "start_record_envelope_span_ns": 26894,
        "variant": 0
      },
      {
        "collective_only": {
          "local_ms": 0.030400000512599945,
          "rank_max_ms": 0.03673600032925606,
          "rank_ms": [
            0.030400000512599945,
            0.03110400028526783,
            0.03673600032925606,
            0.0363520011305809
          ]
        },
        "pair_attempt_id": 98,
        "pair_retry_ordinal": 0,
        "position": 0,
        "readiness_probe_exact": true,
        "ready_region": {
          "local_ms": 0.10870400071144104,
          "rank_max_ms": 0.10870400071144104,
          "rank_ms": [
            0.10870400071144104,
            0.10787200182676315,
            0.09459199756383896,
            0.1064319983124733
          ]
        },
        "sample_index": 96,
        "scheduled_start_arrival_ns_by_rank": [
          744676222345108,
          744676223032105,
          744676221743819,
          744676222746351
        ],
        "scheduled_start_target_ns_by_rank": [
          744676228032105,
          744676228032105,
          744676228032105,
          744676228032105
        ],
        "start_record_bracket_ns_by_rank": [
          [
            744676228032837,
            744676228062546
          ],
          [
            744676228033079,
            744676228059120
          ],
          [
            744676228032618,
            744676228053279
          ],
          [
            744676228032794,
            744676228054080
          ]
        ],
        "start_record_envelope_span_ns": 29928,
        "variant": 1
      },
      {
        "collective_only": {
          "local_ms": 0.028672000393271446,
          "rank_max_ms": 0.035711999982595444,
          "rank_ms": [
            0.028672000393271446,
            0.028543999418616295,
            0.029152000322937965,
            0.035711999982595444
          ]
        },
        "pair_attempt_id": 99,
        "pair_retry_ordinal": 0,
        "position": 1,
        "readiness_probe_exact": true,
        "ready_region": {
          "local_ms": 0.13072000443935394,
          "rank_max_ms": 0.13177600502967834,
          "rank_ms": [
            0.13072000443935394,
            0.12950399518013,
            0.13177600502967834,
            0.1271360069513321
          ]
        },
        "sample_index": 97,
        "scheduled_start_arrival_ns_by_rank": [
          744676251973935,
          744676251767673,
          744676252053724,
          744676251989100
        ],
        "scheduled_start_target_ns_by_rank": [
          744676257053724,
          744676257053724,
          744676257053724,
          744676257053724
        ],
        "start_record_bracket_ns_by_rank": [
          [
            744676257054621,
            744676257083355
          ],
          [
            744676257054548,
            744676257082891
          ],
          [
            744676257054834,
            744676257083011
          ],
          [
            744676257054428,
            744676257077332
          ]
        ],
        "start_record_envelope_span_ns": 28927,
        "variant": 0
      },
      {
        "collective_only": {
          "local_ms": 0.02940800040960312,
          "rank_max_ms": 0.044096000492572784,
          "rank_ms": [
            0.02940800040960312,
            0.027744000777602196,
            0.030368000268936157,
            0.044096000492572784
          ]
        },
        "pair_attempt_id": 100,
        "pair_retry_ordinal": 0,
        "position": 0,
        "readiness_probe_exact": true,
        "ready_region": {
          "local_ms": 0.10592000186443329,
          "rank_max_ms": 0.1151999980211258,
          "rank_ms": [
            0.10592000186443329,
            0.1151999980211258,
            0.11372800171375275,
            0.08745600283145905
          ]
        },
        "sample_index": 98,
        "scheduled_start_arrival_ns_by_rank": [
          744676261574474,
          744676261173596,
          744676260786040,
          744676260811270
        ],
        "scheduled_start_target_ns_by_rank": [
          744676266574474,
          744676266574474,
          744676266574474,
          744676266574474
        ],
        "start_record_bracket_ns_by_rank": [
          [
            744676266575163,
            744676266601329
          ],
          [
            744676266575413,
            744676266602639
          ],
          [
            744676266575220,
            744676266602314
          ],
          [
            744676266574883,
            744676266587244
          ]
        ],
        "start_record_envelope_span_ns": 27756,
        "variant": 1
      },
      {
        "collective_only": {
          "local_ms": 0.030688000842928886,
          "rank_max_ms": 0.04198399931192398,
          "rank_ms": [
            0.030688000842928886,
            0.03968000039458275,
            0.03868800029158592,
            0.04198399931192398
          ]
        },
        "pair_attempt_id": 101,
        "pair_retry_ordinal": 0,
        "position": 1,
        "readiness_probe_exact": true,
        "ready_region": {
          "local_ms": 0.14195199310779572,
          "rank_max_ms": 0.14195199310779572,
          "rank_ms": [
            0.14195199310779572,
            0.12665599584579468,
            0.1324480026960373,
            0.11984000355005264
          ]
        },
        "sample_index": 99,
        "scheduled_start_arrival_ns_by_rank": [
          744676291721007,
          744676291374048,
          744676291288312,
          744676291515201
        ],
        "scheduled_start_target_ns_by_rank": [
          744676296721007,
          744676296721007,
          744676296721007,
          744676296721007
        ],
        "start_record_bracket_ns_by_rank": [
          [
            744676296722736,
            744676296758616
          ],
          [
            744676296722023,
            744676296752589
          ],
          [
            744676296721876,
            744676296753538
          ],
          [
            744676296721676,
            744676296745249
          ]
        ],
        "start_record_envelope_span_ns": 36940,
        "variant": 0
      }
    ],
    "warmup_order": [
      [
        "reference",
        "candidate"
      ],
      [
        "candidate",
        "reference"
      ],
      [
        "reference",
        "candidate"
      ],
      [
        "candidate",
        "reference"
      ],
      [
        "reference",
        "candidate"
      ],
      [
        "candidate",
        "reference"
      ],
      [
        "reference",
        "candidate"
      ],
      [
        "candidate",
        "reference"
      ],
      [
        "reference",
        "candidate"
      ],
      [
        "candidate",
        "reference"
      ]
    ],
    "warmup_variants": [
      1,
      0,
      1,
      0,
      1,
      0,
      1,
      0,
      1,
      0
    ]
  },
  "readiness_probe": {
    "dtype": "torch.bfloat16",
    "full_tensor_consumer": "preallocated BF16 negation output",
    "full_tensor_validation": "exact on every warmup and measured sample",
    "num_elements": 60,
    "positions": [
      [
        0,
        0
      ],
      [
        0,
        1
      ],
      [
        0,
        2
      ],
      [
        0,
        3
      ],
      [
        0,
        2048
      ],
      [
        0,
        3072
      ],
      [
        0,
        6140
      ],
      [
        0,
        6141
      ],
      [
        0,
        6142
      ],
      [
        0,
        6143
      ],
      [
        1,
        0
      ],
      [
        1,
        1
      ],
      [
        1,
        2
      ],
      [
        1,
        3
      ],
      [
        1,
        2048
      ],
      [
        1,
        3072
      ],
      [
        1,
        6140
      ],
      [
        1,
        6141
      ],
      [
        1,
        6142
      ],
      [
        1,
        6143
      ],
      [
        5,
        0
      ],
      [
        5,
        1
      ],
      [
        5,
        2
      ],
      [
        5,
        3
      ],
      [
        5,
        2048
      ],
      [
        5,
        3072
      ],
      [
        5,
        6140
      ],
      [
        5,
        6141
      ],
      [
        5,
        6142
      ],
      [
        5,
        6143
      ],
      [
        8,
        0
      ],
      [
        8,
        1
      ],
      [
        8,
        2
      ],
      [
        8,
        3
      ],
      [
        8,
        2048
      ],
      [
        8,
        3072
      ],
      [
        8,
        6140
      ],
      [
        8,
        6141
      ],
      [
        8,
        6142
      ],
      [
        8,
        6143
      ],
      [
        14,
        0
      ],
      [
        14,
        1
      ],
      [
        14,
        2
      ],
      [
        14,
        3
      ],
      [
        14,
        2048
      ],
      [
        14,
        3072
      ],
      [
        14,
        6140
      ],
      [
        14,
        6141
      ],
      [
        14,
        6142
      ],
      [
        14,
        6143
      ],
      [
        15,
        0
      ],
      [
        15,
        1
      ],
      [
        15,
        2
      ],
      [
        15,
        3
      ],
      [
        15,
        2048
      ],
      [
        15,
        3072
      ],
      [
        15,
        6140
      ],
      [
        15,
        6141
      ],
      [
        15,
        6142
      ],
      [
        15,
        6143
      ]
    ],
    "validation": "exact on every warmup and measured sample"
  },
  "reference": {
    "collective_only": {
      "median_ms": 0.039184000343084335,
      "min_ms": 0.02816000021994114,
      "p95_ms": 0.05673599988222122
    },
    "gate_metric": "ready_region.rank_max_ms",
    "readiness_probe_overhead_median_ms": 0.09057600237429142,
    "ready_region": {
      "median_ms": 0.1300159990787506,
      "min_ms": 0.09516800194978714,
      "p95_ms": 0.1626880019903183
    }
  },
  "reference_policy": "SGLANG_GLM52_OPT=0 production GroupCoordinator path",
  "result_path": "/tmp/tp_allreduce_reachability_20260722T192433Z/paired/m16_reference_control.json",
  "schema_version": 2,
  "scope": "tp4_allreduce_diagnostic_only",
  "timing_contract": {
    "alignment_retry_admission": "scheduled arrivals, common targets, and start-record brackets only; collective and ready-region latency are excluded",
    "collective_only": "start event through event recorded immediately after run()",
    "gate_metric": "ready_region rank-max paired p50",
    "rank_start_alignment": "selected stream synchronized after restoration; TP CPU-group all-gather selects a common same-host monotonic deadline 5 ms after latest arrival; ranks busy-wait; host timestamps bracket every start-event record call; a host-only 500 us envelope predicate allows at most 10 physical attempts for the whole logical A/B pair; the exact input variant alternates on every physical pair",
    "ready_region": "start event through full-tensor same-stream negation and position-sensitive gather",
    "restoration": "variant source-to-local copy and consumer/probe poison occur before every start event"
  },
  "workload": {
    "distributed": true,
    "family": "allreduce",
    "name": "tp4_allreduce_decode_m16",
    "notes": "TP4/DP4 decode bucket: local M=16; sum reduction. Standalone diagnostic; production caller/ABI not yet proven.",
    "params": {
      "dtype": "bfloat16",
      "hidden": 6144,
      "local_tokens": 16
    },
    "phase": "decode",
    "source_symbol": "sglang.srt.distributed.parallel_state.GroupCoordinator.all_reduce",
    "world_size": 4
  }
}
