started_utc=2026-07-22T19:31:05.888570905Z
command= /home/qinhaiyan/glm52-goal-runs/24-tp_allreduce_reachability/kernel-harness/serving_native/run.sh tp4_allreduce_decode_m32 --candidate /home/qinhaiyan/glm52-goal-runs/24-tp_allreduce_reachability/kernel-harness/serving_native/candidates/reference.py --execution-mode cuda_graph --stream nondefault --warmup 10 --repeat 100 --output /tmp/tp_allreduce_reachability_20260722T192433Z/paired/m32_reference_control.json
timeout_seconds=1800

*****************************************
Setting OMP_NUM_THREADS environment variable for each process to be 1 in default, to avoid your system being overloaded, please further tune the variable for optimal performance in your application as needed. 
*****************************************
/home/qinhaiyan/glm52-goal-runs/24-tp_allreduce_reachability/kernel-harness/.venv/lib/python3.12/site-packages/torch/distributed/c10d_logger.py:83: UserWarning: barrier(): using the device under current context. You can specify `device_id` in `init_process_group` to mute this warning.
  return func(*args, **kwargs)
[rank0]:[W722 19:31:18.357563758 ProcessGroupNCCL.cpp:5188] Guessing device ID based on global rank. This can cause a hang if rank to GPU mapping is heterogeneous. You can specify device_id in init_process_group()
{
  "all_reduce_trace": {
    "enabled": false,
    "evidence_valid": null,
    "failure_counts_by_rank": null,
    "measurement_instrumented": false,
    "paths_by_rank": null,
    "replay_limitation": "Python observes eager dispatch or CUDA graph capture only; CUDA graph replay does not re-enter this hook. Correlate stable kernel names in an Nsight Systems trace to prove replay execution."
  },
  "allreduce": {
    "candidate_capture_context_by_rank": [
      {
        "communicators": {
          "custom": {
            "algorithm": "ONE_SHOT_PUSH",
            "class": "sglang.srt.distributed.device_communicators.custom_all_reduce_v2.CustomAllReduceV2",
            "fields": {
              "config": "ModeConfig(one_shot_push_threshold=2097152, one_shot_pull_threshold=2097152)",
              "disabled": "False",
              "max_size": "16777216",
              "override_algo": "None",
              "rank": "0",
              "tms_cudagraph": "False",
              "world_size": "4"
            },
            "python_id": 140218553501408,
            "should_custom_ar": {
              "value": true
            }
          },
          "pymscclpp": {
            "should_mscclpp_allreduce": {
              "value": false
            }
          },
          "pynccl": {
            "class": "sglang.srt.distributed.device_communicators.pynccl.PyNcclCommunicator",
            "fields": {
              "disabled": "False",
              "rank": "0",
              "world_size": "4"
            },
            "python_id": 140218536465216,
            "symmetric_pool_enabled": {
              "value": false
            }
          },
          "quick": {
            "should_quick_allreduce": {
              "value": false
            }
          },
          "torch_symmetric_memory": {
            "should_torch_symm_mem_allreduce": {
              "value": false
            }
          }
        },
        "dtype": "torch.bfloat16",
        "execution_mode": "cuda_graph",
        "group_name": "tp:0",
        "group_ranks": [
          0,
          1,
          2,
          3
        ],
        "local_size": 0,
        "message_bytes": 393216,
        "phase": "candidate_capture",
        "predicted_reference_algorithm": "ONE_SHOT_PUSH",
        "predicted_reference_backend": "custom_all_reduce_outplace",
        "rank": 0,
        "shape": [
          32,
          6144
        ],
        "stream": {
          "cuda_stream": 106526401875328,
          "requested": "nondefault"
        },
        "stride": [
          6144,
          1
        ],
        "world_size": 4
      },
      {
        "communicators": {
          "custom": {
            "algorithm": "ONE_SHOT_PUSH",
            "class": "sglang.srt.distributed.device_communicators.custom_all_reduce_v2.CustomAllReduceV2",
            "fields": {
              "config": "ModeConfig(one_shot_push_threshold=2097152, one_shot_pull_threshold=2097152)",
              "disabled": "False",
              "max_size": "16777216",
              "override_algo": "None",
              "rank": "1",
              "tms_cudagraph": "False",
              "world_size": "4"
            },
            "python_id": 134012242674272,
            "should_custom_ar": {
              "value": true
            }
          },
          "pymscclpp": {
            "should_mscclpp_allreduce": {
              "value": false
            }
          },
          "pynccl": {
            "class": "sglang.srt.distributed.device_communicators.pynccl.PyNcclCommunicator",
            "fields": {
              "disabled": "False",
              "rank": "1",
              "world_size": "4"
            },
            "python_id": 134012311086400,
            "symmetric_pool_enabled": {
              "value": false
            }
          },
          "quick": {
            "should_quick_allreduce": {
              "value": false
            }
          },
          "torch_symmetric_memory": {
            "should_torch_symm_mem_allreduce": {
              "value": false
            }
          }
        },
        "dtype": "torch.bfloat16",
        "execution_mode": "cuda_graph",
        "group_name": "tp:0",
        "group_ranks": [
          0,
          1,
          2,
          3
        ],
        "local_size": 0,
        "message_bytes": 393216,
        "phase": "candidate_capture",
        "predicted_reference_algorithm": "ONE_SHOT_PUSH",
        "predicted_reference_backend": "custom_all_reduce_outplace",
        "rank": 1,
        "shape": [
          32,
          6144
        ],
        "stream": {
          "cuda_stream": 105622317079040,
          "requested": "nondefault"
        },
        "stride": [
          6144,
          1
        ],
        "world_size": 4
      },
      {
        "communicators": {
          "custom": {
            "algorithm": "ONE_SHOT_PUSH",
            "class": "sglang.srt.distributed.device_communicators.custom_all_reduce_v2.CustomAllReduceV2",
            "fields": {
              "config": "ModeConfig(one_shot_push_threshold=2097152, one_shot_pull_threshold=2097152)",
              "disabled": "False",
              "max_size": "16777216",
              "override_algo": "None",
              "rank": "2",
              "tms_cudagraph": "False",
              "world_size": "4"
            },
            "python_id": 124666289678592,
            "should_custom_ar": {
              "value": true
            }
          },
          "pymscclpp": {
            "should_mscclpp_allreduce": {
              "value": false
            }
          },
          "pynccl": {
            "class": "sglang.srt.distributed.device_communicators.pynccl.PyNcclCommunicator",
            "fields": {
              "disabled": "False",
              "rank": "2",
              "world_size": "4"
            },
            "python_id": 124666282168528,
            "symmetric_pool_enabled": {
              "value": false
            }
          },
          "quick": {
            "should_quick_allreduce": {
              "value": false
            }
          },
          "torch_symmetric_memory": {
            "should_torch_symm_mem_allreduce": {
              "value": false
            }
          }
        },
        "dtype": "torch.bfloat16",
        "execution_mode": "cuda_graph",
        "group_name": "tp:0",
        "group_ranks": [
          0,
          1,
          2,
          3
        ],
        "local_size": 0,
        "message_bytes": 393216,
        "phase": "candidate_capture",
        "predicted_reference_algorithm": "ONE_SHOT_PUSH",
        "predicted_reference_backend": "custom_all_reduce_outplace",
        "rank": 2,
        "shape": [
          32,
          6144
        ],
        "stream": {
          "cuda_stream": 101600780400816,
          "requested": "nondefault"
        },
        "stride": [
          6144,
          1
        ],
        "world_size": 4
      },
      {
        "communicators": {
          "custom": {
            "algorithm": "ONE_SHOT_PUSH",
            "class": "sglang.srt.distributed.device_communicators.custom_all_reduce_v2.CustomAllReduceV2",
            "fields": {
              "config": "ModeConfig(one_shot_push_threshold=2097152, one_shot_pull_threshold=2097152)",
              "disabled": "False",
              "max_size": "16777216",
              "override_algo": "None",
              "rank": "3",
              "tms_cudagraph": "False",
              "world_size": "4"
            },
            "python_id": 139724321246768,
            "should_custom_ar": {
              "value": true
            }
          },
          "pymscclpp": {
            "should_mscclpp_allreduce": {
              "value": false
            }
          },
          "pynccl": {
            "class": "sglang.srt.distributed.device_communicators.pynccl.PyNcclCommunicator",
            "fields": {
              "disabled": "False",
              "rank": "3",
              "world_size": "4"
            },
            "python_id": 139724282411248,
            "symmetric_pool_enabled": {
              "value": false
            }
          },
          "quick": {
            "should_quick_allreduce": {
              "value": false
            }
          },
          "torch_symmetric_memory": {
            "should_torch_symm_mem_allreduce": {
              "value": false
            }
          }
        },
        "dtype": "torch.bfloat16",
        "execution_mode": "cuda_graph",
        "group_name": "tp:0",
        "group_ranks": [
          0,
          1,
          2,
          3
        ],
        "local_size": 0,
        "message_bytes": 393216,
        "phase": "candidate_capture",
        "predicted_reference_algorithm": "ONE_SHOT_PUSH",
        "predicted_reference_backend": "custom_all_reduce_outplace",
        "rank": 3,
        "shape": [
          32,
          6144
        ],
        "stream": {
          "cuda_stream": 99895800770736,
          "requested": "nondefault"
        },
        "stride": [
          6144,
          1
        ],
        "world_size": 4
      }
    ],
    "candidate_contract_by_rank": [
      {
        "exact_values": true,
        "local_poststate": "reduced",
        "output": {
          "device": "cuda:0",
          "dtype": "torch.bfloat16",
          "shape": [
            32,
            6144
          ],
          "stride": [
            6144,
            1
          ]
        },
        "output_aliases_local": true,
        "source_immutable": true
      },
      {
        "exact_values": true,
        "local_poststate": "reduced",
        "output": {
          "device": "cuda:1",
          "dtype": "torch.bfloat16",
          "shape": [
            32,
            6144
          ],
          "stride": [
            6144,
            1
          ]
        },
        "output_aliases_local": true,
        "source_immutable": true
      },
      {
        "exact_values": true,
        "local_poststate": "reduced",
        "output": {
          "device": "cuda:2",
          "dtype": "torch.bfloat16",
          "shape": [
            32,
            6144
          ],
          "stride": [
            6144,
            1
          ]
        },
        "output_aliases_local": true,
        "source_immutable": true
      },
      {
        "exact_values": true,
        "local_poststate": "reduced",
        "output": {
          "device": "cuda:3",
          "dtype": "torch.bfloat16",
          "shape": [
            32,
            6144
          ],
          "stride": [
            6144,
            1
          ]
        },
        "output_aliases_local": true,
        "source_immutable": true
      }
    ],
    "exact_oracle": "hash[row,col]=(37*(row%127)+17*(col%127)+13*(row%127)*(col%127))%127; base_variant=((hash+shift)%127)-63 for shifts [0,31]; source=base+2*rank-(world_size-1); expected=world_size*base",
    "message_bytes": 393216,
    "reference_contract_by_rank": [
      {
        "exact_values": true,
        "local_poststate": "reduced",
        "output": {
          "device": "cuda:0",
          "dtype": "torch.bfloat16",
          "shape": [
            32,
            6144
          ],
          "stride": [
            6144,
            1
          ]
        },
        "output_aliases_local": true,
        "source_immutable": true
      },
      {
        "exact_values": true,
        "local_poststate": "reduced",
        "output": {
          "device": "cuda:1",
          "dtype": "torch.bfloat16",
          "shape": [
            32,
            6144
          ],
          "stride": [
            6144,
            1
          ]
        },
        "output_aliases_local": true,
        "source_immutable": true
      },
      {
        "exact_values": true,
        "local_poststate": "reduced",
        "output": {
          "device": "cuda:2",
          "dtype": "torch.bfloat16",
          "shape": [
            32,
            6144
          ],
          "stride": [
            6144,
            1
          ]
        },
        "output_aliases_local": true,
        "source_immutable": true
      },
      {
        "exact_values": true,
        "local_poststate": "reduced",
        "output": {
          "device": "cuda:3",
          "dtype": "torch.bfloat16",
          "shape": [
            32,
            6144
          ],
          "stride": [
            6144,
            1
          ]
        },
        "output_aliases_local": true,
        "source_immutable": true
      }
    ],
    "reference_dispatch_by_rank": [
      {
        "communicators": {
          "custom": {
            "algorithm": "ONE_SHOT_PUSH",
            "class": "sglang.srt.distributed.device_communicators.custom_all_reduce_v2.CustomAllReduceV2",
            "fields": {
              "config": "ModeConfig(one_shot_push_threshold=2097152, one_shot_pull_threshold=2097152)",
              "disabled": "False",
              "max_size": "16777216",
              "override_algo": "None",
              "rank": "0",
              "tms_cudagraph": "False",
              "world_size": "4"
            },
            "python_id": 140218553501408,
            "should_custom_ar": {
              "value": true
            }
          },
          "pymscclpp": {
            "should_mscclpp_allreduce": {
              "value": false
            }
          },
          "pynccl": {
            "class": "sglang.srt.distributed.device_communicators.pynccl.PyNcclCommunicator",
            "fields": {
              "disabled": "False",
              "rank": "0",
              "world_size": "4"
            },
            "python_id": 140218536465216,
            "symmetric_pool_enabled": {
              "value": false
            }
          },
          "quick": {
            "should_quick_allreduce": {
              "value": false
            }
          },
          "torch_symmetric_memory": {
            "should_torch_symm_mem_allreduce": {
              "value": false
            }
          }
        },
        "dtype": "torch.bfloat16",
        "execution_mode": "cuda_graph",
        "group_name": "tp:0",
        "group_ranks": [
          0,
          1,
          2,
          3
        ],
        "local_size": 0,
        "message_bytes": 393216,
        "phase": "reference_capture",
        "predicted_reference_algorithm": "ONE_SHOT_PUSH",
        "predicted_reference_backend": "custom_all_reduce_outplace",
        "rank": 0,
        "shape": [
          32,
          6144
        ],
        "stream": {
          "cuda_stream": 106526401875328,
          "requested": "nondefault"
        },
        "stride": [
          6144,
          1
        ],
        "world_size": 4
      },
      {
        "communicators": {
          "custom": {
            "algorithm": "ONE_SHOT_PUSH",
            "class": "sglang.srt.distributed.device_communicators.custom_all_reduce_v2.CustomAllReduceV2",
            "fields": {
              "config": "ModeConfig(one_shot_push_threshold=2097152, one_shot_pull_threshold=2097152)",
              "disabled": "False",
              "max_size": "16777216",
              "override_algo": "None",
              "rank": "1",
              "tms_cudagraph": "False",
              "world_size": "4"
            },
            "python_id": 134012242674272,
            "should_custom_ar": {
              "value": true
            }
          },
          "pymscclpp": {
            "should_mscclpp_allreduce": {
              "value": false
            }
          },
          "pynccl": {
            "class": "sglang.srt.distributed.device_communicators.pynccl.PyNcclCommunicator",
            "fields": {
              "disabled": "False",
              "rank": "1",
              "world_size": "4"
            },
            "python_id": 134012311086400,
            "symmetric_pool_enabled": {
              "value": false
            }
          },
          "quick": {
            "should_quick_allreduce": {
              "value": false
            }
          },
          "torch_symmetric_memory": {
            "should_torch_symm_mem_allreduce": {
              "value": false
            }
          }
        },
        "dtype": "torch.bfloat16",
        "execution_mode": "cuda_graph",
        "group_name": "tp:0",
        "group_ranks": [
          0,
          1,
          2,
          3
        ],
        "local_size": 0,
        "message_bytes": 393216,
        "phase": "reference_capture",
        "predicted_reference_algorithm": "ONE_SHOT_PUSH",
        "predicted_reference_backend": "custom_all_reduce_outplace",
        "rank": 1,
        "shape": [
          32,
          6144
        ],
        "stream": {
          "cuda_stream": 105622317079040,
          "requested": "nondefault"
        },
        "stride": [
          6144,
          1
        ],
        "world_size": 4
      },
      {
        "communicators": {
          "custom": {
            "algorithm": "ONE_SHOT_PUSH",
            "class": "sglang.srt.distributed.device_communicators.custom_all_reduce_v2.CustomAllReduceV2",
            "fields": {
              "config": "ModeConfig(one_shot_push_threshold=2097152, one_shot_pull_threshold=2097152)",
              "disabled": "False",
              "max_size": "16777216",
              "override_algo": "None",
              "rank": "2",
              "tms_cudagraph": "False",
              "world_size": "4"
            },
            "python_id": 124666289678592,
            "should_custom_ar": {
              "value": true
            }
          },
          "pymscclpp": {
            "should_mscclpp_allreduce": {
              "value": false
            }
          },
          "pynccl": {
            "class": "sglang.srt.distributed.device_communicators.pynccl.PyNcclCommunicator",
            "fields": {
              "disabled": "False",
              "rank": "2",
              "world_size": "4"
            },
            "python_id": 124666282168528,
            "symmetric_pool_enabled": {
              "value": false
            }
          },
          "quick": {
            "should_quick_allreduce": {
              "value": false
            }
          },
          "torch_symmetric_memory": {
            "should_torch_symm_mem_allreduce": {
              "value": false
            }
          }
        },
        "dtype": "torch.bfloat16",
        "execution_mode": "cuda_graph",
        "group_name": "tp:0",
        "group_ranks": [
          0,
          1,
          2,
          3
        ],
        "local_size": 0,
        "message_bytes": 393216,
        "phase": "reference_capture",
        "predicted_reference_algorithm": "ONE_SHOT_PUSH",
        "predicted_reference_backend": "custom_all_reduce_outplace",
        "rank": 2,
        "shape": [
          32,
          6144
        ],
        "stream": {
          "cuda_stream": 101600780400816,
          "requested": "nondefault"
        },
        "stride": [
          6144,
          1
        ],
        "world_size": 4
      },
      {
        "communicators": {
          "custom": {
            "algorithm": "ONE_SHOT_PUSH",
            "class": "sglang.srt.distributed.device_communicators.custom_all_reduce_v2.CustomAllReduceV2",
            "fields": {
              "config": "ModeConfig(one_shot_push_threshold=2097152, one_shot_pull_threshold=2097152)",
              "disabled": "False",
              "max_size": "16777216",
              "override_algo": "None",
              "rank": "3",
              "tms_cudagraph": "False",
              "world_size": "4"
            },
            "python_id": 139724321246768,
            "should_custom_ar": {
              "value": true
            }
          },
          "pymscclpp": {
            "should_mscclpp_allreduce": {
              "value": false
            }
          },
          "pynccl": {
            "class": "sglang.srt.distributed.device_communicators.pynccl.PyNcclCommunicator",
            "fields": {
              "disabled": "False",
              "rank": "3",
              "world_size": "4"
            },
            "python_id": 139724282411248,
            "symmetric_pool_enabled": {
              "value": false
            }
          },
          "quick": {
            "should_quick_allreduce": {
              "value": false
            }
          },
          "torch_symmetric_memory": {
            "should_torch_symm_mem_allreduce": {
              "value": false
            }
          }
        },
        "dtype": "torch.bfloat16",
        "execution_mode": "cuda_graph",
        "group_name": "tp:0",
        "group_ranks": [
          0,
          1,
          2,
          3
        ],
        "local_size": 0,
        "message_bytes": 393216,
        "phase": "reference_capture",
        "predicted_reference_algorithm": "ONE_SHOT_PUSH",
        "predicted_reference_backend": "custom_all_reduce_outplace",
        "rank": 3,
        "shape": [
          32,
          6144
        ],
        "stream": {
          "cuda_stream": 99895800770736,
          "requested": "nondefault"
        },
        "stride": [
          6144,
          1
        ],
        "world_size": 4
      }
    ]
  },
  "candidate": {
    "collective_only": {
      "median_ms": 0.07211200147867203,
      "min_ms": 0.04940799996256828,
      "p95_ms": 0.39260798692703247
    },
    "gate_metric": "ready_region.rank_max_ms",
    "manifest": {
      "entries": [
        {
          "path": "reference.py",
          "sha256": "cd7c03e7f394193f654f9c98529ed76954465e811d81c36e340eb660723e81cf",
          "size": 130,
          "type": "file"
        }
      ],
      "entrypoint": "/home/qinhaiyan/glm52-goal-runs/24-tp_allreduce_reachability/kernel-harness/serving_native/candidates/reference.py",
      "entrypoint_sha256_at_import": "cd7c03e7f394193f654f9c98529ed76954465e811d81c36e340eb660723e81cf",
      "excluded_generated_files": [
        "**/__pycache__/**",
        "**/*.pyc"
      ],
      "manifest_sha256": "f00a44678366993025834bcd10520d16b41e9ce7c5a87b03ce7f51da3a270988",
      "requested_path": "/home/qinhaiyan/glm52-goal-runs/24-tp_allreduce_reachability/kernel-harness/serving_native/candidates/reference.py",
      "root": "/home/qinhaiyan/glm52-goal-runs/24-tp_allreduce_reachability/kernel-harness/serving_native/candidates"
    },
    "paired_p10_speedup": 0.5926555666553792,
    "paired_p90_speedup": 1.3068002669758747,
    "passes_3pct_median_gate": false,
    "readiness_probe_overhead_median_ms": 0.12851199880242348,
    "ready_region": {
      "median_ms": 0.20824000239372253,
      "min_ms": 0.14399999380111694,
      "p95_ms": 0.438400000333786
    },
    "speedup": 0.9432429090166543,
    "speedup_metric": "paired ready-region rank-max"
  },
  "correctness": {
    "alternating_input_variants": 2,
    "candidate_state_guarded": true,
    "exact_full_checks": "before and after timing",
    "exact_full_tensor_consumer": "every warmup and measured sample",
    "exact_position_probe": "every warmup and measured sample",
    "passed": true,
    "validation_errors_aggregated_over_tp_cpu_group": true
  },
  "disposition": "tp4_diagnostic_no_replacement",
  "environment": {
    "device": {
      "capability": [
        10,
        0
      ],
      "name": "NVIDIA B200",
      "rank": 0,
      "total_memory": 191490555904
    },
    "device_by_rank": [
      {
        "capability": [
          10,
          0
        ],
        "name": "NVIDIA B200",
        "rank": 0,
        "total_memory": 191490555904
      },
      {
        "capability": [
          10,
          0
        ],
        "name": "NVIDIA B200",
        "rank": 1,
        "total_memory": 191490555904
      },
      {
        "capability": [
          10,
          0
        ],
        "name": "NVIDIA B200",
        "rank": 2,
        "total_memory": 191490555904
      },
      {
        "capability": [
          10,
          0
        ],
        "name": "NVIDIA B200",
        "rank": 3,
        "total_memory": 191490555904
      }
    ],
    "env": {
      "CUDA_VISIBLE_DEVICES": "0,1,2,3",
      "NCCL_ALGO": null,
      "NCCL_PROTO": null,
      "SGLANG_ALL_REDUCE_TRACE": null,
      "SGLANG_GLM52_OPT": "0",
      "SGLANG_OPT_USE_CUSTOM_ALL_REDUCE_V2": null,
      "SGLANG_ROOT": "/home/qinhaiyan/glm52-goal-runs/24-tp_allreduce_reachability/sglang"
    },
    "kernel_harness_git": {
      "branch": "goal/glm52-prod-24-tp_allreduce_reachability",
      "dirty": false,
      "root": "/home/qinhaiyan/glm52-goal-runs/24-tp_allreduce_reachability/kernel-harness",
      "sha": "bea4a8cd294a84f2d305cd023eb3fed281de4b1e",
      "status": []
    },
    "packages": {
      "flashinfer": {
        "path": "/mnt/OS-oKqEXySb/home/qinhaiyan/miniconda3/envs/sglang/lib/python3.12/site-packages/flashinfer/__init__.py",
        "version": "0.6.12"
      },
      "sgl_kernel": {
        "path": "/mnt/OS-oKqEXySb/home/qinhaiyan/miniconda3/envs/sglang/lib/python3.12/site-packages/sgl_kernel/__init__.py",
        "version": "0.4.4"
      },
      "sglang": {
        "path": "/home/qinhaiyan/glm52-goal-runs/24-tp_allreduce_reachability/sglang/python/sglang/__init__.py",
        "version": "0.5.15"
      },
      "torch": {
        "cuda": "13.0",
        "nccl": [
          2,
          28,
          9
        ],
        "path": "/mnt/OS-oKqEXySb/home/qinhaiyan/miniconda3/envs/sglang/lib/python3.12/site-packages/torch/__init__.py",
        "version": "2.11.0+cu130"
      },
      "triton": {
        "path": "/mnt/OS-oKqEXySb/home/qinhaiyan/miniconda3/envs/sglang/lib/python3.12/site-packages/triton/__init__.py",
        "version": "3.6.0"
      }
    },
    "python": "/home/qinhaiyan/glm52-goal-runs/24-tp_allreduce_reachability/kernel-harness/.venv/bin/python",
    "python_version": "3.12.13 | packaged by Anaconda, Inc. | (main, Jul  9 2026, 14:38:16) [GCC 14.3.0]",
    "sglang_git": {
      "branch": "goal/glm52-prod-24-tp_allreduce_reachability",
      "dirty": false,
      "root": "/home/qinhaiyan/glm52-goal-runs/24-tp_allreduce_reachability/sglang",
      "sha": "a91928c6f713d69722176a8d13781367e9b78dc4",
      "status": []
    }
  },
  "execution": {
    "cuda_stream": 106526401875328,
    "default_to_execution_waits_outside_timing": 7,
    "mode": "cuda_graph",
    "nvtx_measurement_range": "serving_native/tp4_allreduce_decode_m32/cuda_graph/nondefault/paired",
    "nvtx_rank_synchronization": "rank 0 push after a TP CPU-group barrier; all ranks wait at a second barrier before measurement and before rank 0 pop",
    "stream": "nondefault"
  },
  "gate": {
    "candidate_present": true,
    "metric": "paired ready-region rank-max p50 speedup",
    "minimum_speedup": 1.03,
    "passed": false,
    "performance_eligible": true,
    "stock_fallback_active": true
  },
  "production_acceptance": "This direct TP4 callable is not proof of the GLM serving caller/ABI and cannot be relabeled as TP8 evidence.",
  "raw_samples": {
    "alignment_policy": {
      "accepted_pair_attempts": 100,
      "admission_fields": [
        "scheduled_start_arrival_ns_by_rank",
        "scheduled_start_target_ns_by_rank",
        "start_record_bracket_ns_by_rank",
        "start_record_envelope_span_ns"
      ],
      "initial_input_variant": 1,
      "latency_fields_excluded": true,
      "max_pair_attempts": 10,
      "next_input_variant": 1,
      "rejected_pair_attempts": 24,
      "requested_logical_pairs": 100,
      "start_record_envelope_limit_ns": 500000,
      "total_pair_attempts": 124
    },
    "candidate": [
      {
        "collective_only": {
          "local_ms": 0.03625600039958954,
          "rank_max_ms": 0.45660799741744995,
          "rank_ms": [
            0.03625600039958954,
            0.45660799741744995,
            0.309471994638443,
            0.37830400466918945
          ]
        },
        "pair_attempt_id": 0,
        "pair_retry_ordinal": 0,
        "position": 1,
        "readiness_probe_exact": true,
        "ready_region": {
          "local_ms": 0.18569600582122803,
          "rank_max_ms": 0.46691200137138367,
          "rank_ms": [
            0.18569600582122803,
            0.46691200137138367,
            0.31939199566841125,
            0.3882240056991577
          ]
        },
        "sample_index": 0,
        "scheduled_start_arrival_ns_by_rank": [
          744781551291572,
          744781551242928,
          744781551270938,
          744781551061186
        ],
        "scheduled_start_target_ns_by_rank": [
          744781556291572,
          744781556291572,
          744781556291572,
          744781556291572
        ],
        "start_record_bracket_ns_by_rank": [
          [
            744781557493912,
            744781557534819
          ],
          [
            744781557094374,
            744781557114991
          ],
          [
            744781557222848,
            744781557264463
          ],
          [
            744781557158321,
            744781557223526
          ]
        ],
        "start_record_envelope_span_ns": 440445,
        "variant": 1
      },
      {
        "collective_only": {
          "local_ms": 0.0488319993019104,
          "rank_max_ms": 0.06800000369548798,
          "rank_ms": [
            0.0488319993019104,
            0.06800000369548798,
            0.043776001781225204,
            0.05286400020122528
          ]
        },
        "pair_attempt_id": 1,
        "pair_retry_ordinal": 0,
        "position": 0,
        "readiness_probe_exact": true,
        "ready_region": {
          "local_ms": 0.2008959949016571,
          "rank_max_ms": 0.2008959949016571,
          "rank_ms": [
            0.2008959949016571,
            0.1576319932937622,
            0.19494399428367615,
            0.19235199689865112
          ]
        },
        "sample_index": 1,
        "scheduled_start_arrival_ns_by_rank": [
          744781563469668,
          744781563089021,
          744781563643181,
          744781563335609
        ],
        "scheduled_start_target_ns_by_rank": [
          744781568643181,
          744781568643181,
          744781568643181,
          744781568643181
        ],
        "start_record_bracket_ns_by_rank": [
          [
            744781568644560,
            744781568687657
          ],
          [
            744781568643668,
            744781568668896
          ],
          [
            744781568644253,
            744781568694221
          ],
          [
            744781568644237,
            744781568684216
          ]
        ],
        "start_record_envelope_span_ns": 50553,
        "variant": 0
      },
      {
        "collective_only": {
          "local_ms": 0.0459199994802475,
          "rank_max_ms": 0.0684799998998642,
          "rank_ms": [
            0.0459199994802475,
            0.0684799998998642,
            0.042847998440265656,
            0.052032001316547394
          ]
        },
        "pair_attempt_id": 2,
        "pair_retry_ordinal": 0,
        "position": 1,
        "readiness_probe_exact": true,
        "ready_region": {
          "local_ms": 0.2086080014705658,
          "rank_max_ms": 0.2086080014705658,
          "rank_ms": [
            0.2086080014705658,
            0.15782399475574493,
            0.19708800315856934,
            0.19782400131225586
          ]
        },
        "sample_index": 2,
        "scheduled_start_arrival_ns_by_rank": [
          744781597456463,
          744781596710370,
          744781596912738,
          744781597390961
        ],
        "scheduled_start_target_ns_by_rank": [
          744781602456463,
          744781602456463,
          744781602456463,
          744781602456463
        ],
        "start_record_bracket_ns_by_rank": [
          [
            744781602458032,
            744781602503561
          ],
          [
            744781602457105,
            744781602481247
          ],
          [
            744781602457754,
            744781602507833
          ],
          [
            744781602457453,
            744781602499132
          ]
        ],
        "start_record_envelope_span_ns": 50728,
        "variant": 1
      },
      {
        "collective_only": {
          "local_ms": 0.039423998445272446,
          "rank_max_ms": 0.06684800237417221,
          "rank_ms": [
            0.039423998445272446,
            0.06684800237417221,
            0.04383999854326248,
            0.05167999863624573
          ]
        },
        "pair_attempt_id": 3,
        "pair_retry_ordinal": 0,
        "position": 0,
        "readiness_probe_exact": true,
        "ready_region": {
          "local_ms": 0.270112007856369,
          "rank_max_ms": 0.270112007856369,
          "rank_ms": [
            0.270112007856369,
            0.14137600362300873,
            0.22684800624847412,
            0.2022079974412918
          ]
        },
        "sample_index": 3,
        "scheduled_start_arrival_ns_by_rank": [
          744781607651215,
          744781607177363,
          744781607622541,
          744781607787567
        ],
        "scheduled_start_target_ns_by_rank": [
          744781612787567,
          744781612787567,
          744781612787567,
          744781612787567
        ],
        "start_record_bracket_ns_by_rank": [
          [
            744781612788561,
            744781612835457
          ],
          [
            744781612787996,
            744781612809485
          ],
          [
            744781612788506,
            744781612835414
          ],
          [
            744781612788320,
            744781612825845
          ]
        ],
        "start_record_envelope_span_ns": 47461,
        "variant": 0
      },
      {
        "collective_only": {
          "local_ms": 0.03791999816894531,
          "rank_max_ms": 0.33398398756980896,
          "rank_ms": [
            0.03791999816894531,
            0.3107199966907501,
            0.33398398756980896,
            0.32572799921035767
          ]
        },
        "pair_attempt_id": 4,
        "pair_retry_ordinal": 0,
        "position": 1,
        "readiness_probe_exact": true,
        "ready_region": {
          "local_ms": 0.20364800095558167,
          "rank_max_ms": 0.3442240059375763,
          "rank_ms": [
            0.20364800095558167,
            0.32102400064468384,
            0.3442240059375763,
            0.33504000306129456
          ]
        },
        "sample_index": 4,
        "scheduled_start_arrival_ns_by_rank": [
          744781642607450,
          744781642269404,
          744781642944819,
          744781642770166
        ],
        "scheduled_start_target_ns_by_rank": [
          744781647944819,
          744781647944819,
          744781647944819,
          744781647944819
        ],
        "start_record_bracket_ns_by_rank": [
          [
            744781648614682,
            744781648660543
          ],
          [
            744781648368363,
            744781648390826
          ],
          [
            744781648318638,
            744781648369326
          ],
          [
            744781648330936,
            744781648371696
          ]
        ],
        "start_record_envelope_span_ns": 341905,
        "variant": 1
      },
      {
        "collective_only": {
          "local_ms": 0.14972800016403198,
          "rank_max_ms": 0.2767679989337921,
          "rank_ms": [
            0.14972800016403198,
            0.2767679989337921,
            0.05632000043988228,
            0.2590720057487488
          ]
        },
        "pair_attempt_id": 5,
        "pair_retry_ordinal": 0,
        "position": 0,
        "readiness_probe_exact": true,
        "ready_region": {
          "local_ms": 0.23603199422359467,
          "rank_max_ms": 0.2871679961681366,
          "rank_ms": [
            0.23603199422359467,
            0.2871679961681366,
            0.24246400594711304,
            0.2691839933395386
          ]
        },
        "sample_index": 5,
        "scheduled_start_arrival_ns_by_rank": [
          744781656803186,
          744781656454805,
          744781656637599,
          744781656592978
        ],
        "scheduled_start_target_ns_by_rank": [
          744781661803186,
          744781661803186,
          744781661803186,
          744781661803186
        ],
        "start_record_bracket_ns_by_rank": [
          [
            744781661912308,
            744781661958157
          ],
          [
            744781661803706,
            744781661830706
          ],
          [
            744781661965225,
            744781662058395
          ],
          [
            744781661803958,
            744781661844001
          ]
        ],
        "start_record_envelope_span_ns": 254689,
        "variant": 0
      },
      {
        "collective_only": {
          "local_ms": 0.048448000103235245,
          "rank_max_ms": 0.06323199719190598,
          "rank_ms": [
            0.048448000103235245,
            0.06323199719190598,
            0.041471999138593674,
            0.05375999957323074
          ]
        },
        "pair_attempt_id": 6,
        "pair_retry_ordinal": 0,
        "position": 1,
        "readiness_probe_exact": true,
        "ready_region": {
          "local_ms": 0.17632000148296356,
          "rank_max_ms": 0.1826239973306656,
          "rank_ms": [
            0.17632000148296356,
            0.152319997549057,
            0.1826239973306656,
            0.17363199591636658
          ]
        },
        "sample_index": 6,
        "scheduled_start_arrival_ns_by_rank": [
          744781691764007,
          744781690980680,
          744781691031973,
          744781691607081
        ],
        "scheduled_start_target_ns_by_rank": [
          744781696764007,
          744781696764007,
          744781696764007,
          744781696764007
        ],
        "start_record_bracket_ns_by_rank": [
          [
            744781696765158,
            744781696802932
          ],
          [
            744781696764585,
            744781696788653
          ],
          [
            744781696765661,
            744781696812188
          ],
          [
            744781696765030,
            744781696799499
          ]
        ],
        "start_record_envelope_span_ns": 47603,
        "variant": 1
      },
      {
        "collective_only": {
          "local_ms": 0.03673600032925606,
          "rank_max_ms": 0.1472959965467453,
          "rank_ms": [
            0.03673600032925606,
            0.11372800171375275,
            0.1472959965467453,
            0.04867200180888176
          ]
        },
        "pair_attempt_id": 8,
        "pair_retry_ordinal": 1,
        "position": 0,
        "readiness_probe_exact": true,
        "ready_region": {
          "local_ms": 0.20102399587631226,
          "rank_max_ms": 0.20102399587631226,
          "rank_ms": [
            0.20102399587631226,
            0.13523200154304504,
            0.16335999965667725,
            0.17017599940299988
          ]
        },
        "sample_index": 7,
        "scheduled_start_arrival_ns_by_rank": [
          744781730218006,
          744781727451600,
          744781727339751,
          744781727745111
        ],
        "scheduled_start_target_ns_by_rank": [
          744781735218006,
          744781735218006,
          744781735218006,
          744781735218006
        ],
        "start_record_bracket_ns_by_rank": [
          [
            744781735471740,
            744781735513124
          ],
          [
            744781735416410,
            744781735437262
          ],
          [
            744781735364578,
            744781735405237
          ],
          [
            744781735468886,
            744781735503585
          ]
        ],
        "start_record_envelope_span_ns": 148546,
        "variant": 1
      },
      {
        "collective_only": {
          "local_ms": 0.038015998899936676,
          "rank_max_ms": 0.07561600208282471,
          "rank_ms": [
            0.038015998899936676,
            0.07561600208282471,
            0.03824000060558319,
            0.061824001371860504
          ]
        },
        "pair_attempt_id": 10,
        "pair_retry_ordinal": 1,
        "position": 1,
        "readiness_probe_exact": true,
        "ready_region": {
          "local_ms": 0.16816000640392303,
          "rank_max_ms": 0.1796800047159195,
          "rank_ms": [
            0.16816000640392303,
            0.1393280029296875,
            0.16060799360275269,
            0.1796800047159195
          ]
        },
        "sample_index": 8,
        "scheduled_start_arrival_ns_by_rank": [
          744781784576857,
          744781784467122,
          744781784923879,
          744781784964445
        ],
        "scheduled_start_target_ns_by_rank": [
          744781789964445,
          744781789964445,
          744781789964445,
          744781789964445
        ],
        "start_record_bracket_ns_by_rank": [
          [
            744781789965237,
            744781790020934
          ],
          [
            744781789965001,
            744781789984689
          ],
          [
            744781789965581,
            744781790021664
          ],
          [
            744781789965090,
            744781790015916
          ]
        ],
        "start_record_envelope_span_ns": 56663,
        "variant": 1
      },
      {
        "collective_only": {
          "local_ms": 0.036768000572919846,
          "rank_max_ms": 0.4681279957294464,
          "rank_ms": [
            0.036768000572919846,
            0.4681279957294464,
            0.20633600652217865,
            0.05846399813890457
          ]
        },
        "pair_attempt_id": 11,
        "pair_retry_ordinal": 0,
        "position": 0,
        "readiness_probe_exact": true,
        "ready_region": {
          "local_ms": 0.19935999810695648,
          "rank_max_ms": 0.47833600640296936,
          "rank_ms": [
            0.19935999810695648,
            0.47833600640296936,
            0.21670399606227875,
            0.18143999576568604
          ]
        },
        "sample_index": 9,
        "scheduled_start_arrival_ns_by_rank": [
          744781795760939,
          744781795420815,
          744781795580649,
          744781796071933
        ],
        "scheduled_start_target_ns_by_rank": [
          744781801071933,
          744781801071933,
          744781801071933,
          744781801071933
        ],
        "start_record_bracket_ns_by_rank": [
          [
            744781801479736,
            744781801525142
          ],
          [
            744781801072482,
            744781801094983
          ],
          [
            744781801313373,
            744781801358333
          ],
          [
            744781801467204,
            744781801505603
          ]
        ],
        "start_record_envelope_span_ns": 452660,
        "variant": 0
      },
      {
        "collective_only": {
          "local_ms": 0.271807998418808,
          "rank_max_ms": 0.4429759979248047,
          "rank_ms": [
            0.271807998418808,
            0.4429759979248047,
            0.043296001851558685,
            0.3442240059375763
          ]
        },
        "pair_attempt_id": 12,
        "pair_retry_ordinal": 0,
        "position": 1,
        "readiness_probe_exact": true,
        "ready_region": {
          "local_ms": 0.2810559868812561,
          "rank_max_ms": 0.45321598649024963,
          "rank_ms": [
            0.2810559868812561,
            0.45321598649024963,
            0.2338559925556183,
            0.3543039858341217
          ]
        },
        "sample_index": 10,
        "scheduled_start_arrival_ns_by_rank": [
          744781830961505,
          744781830255780,
          744781831119867,
          744781831085812
        ],
        "scheduled_start_target_ns_by_rank": [
          744781836119867,
          744781836119867,
          744781836119867,
          744781836119867
        ],
        "start_record_bracket_ns_by_rank": [
          [
            744781836529963,
            744781836578244
          ],
          [
            744781836385745,
            744781836406674
          ],
          [
            744781836755989,
            744781836806435
          ],
          [
            744781836463855,
            744781836506958
          ]
        ],
        "start_record_envelope_span_ns": 420690,
        "variant": 1
      },
      {
        "collective_only": {
          "local_ms": 0.044256001710891724,
          "rank_max_ms": 0.06496000289916992,
          "rank_ms": [
            0.044256001710891724,
            0.06496000289916992,
            0.041280001401901245,
            0.04755200073122978
          ]
        },
        "pair_attempt_id": 13,
        "pair_retry_ordinal": 0,
        "position": 0,
        "readiness_probe_exact": true,
        "ready_region": {
          "local_ms": 0.19436800479888916,
          "rank_max_ms": 0.19436800479888916,
          "rank_ms": [
            0.19436800479888916,
            0.16185599565505981,
            0.17971199750900269,
            0.1929280012845993
          ]
        },
        "sample_index": 11,
        "scheduled_start_arrival_ns_by_rank": [
          744781843303601,
          744781842926234,
          744781842878272,
          744781842689576
        ],
        "scheduled_start_target_ns_by_rank": [
          744781848303601,
          744781848303601,
          744781848303601,
          744781848303601
        ],
        "start_record_bracket_ns_by_rank": [
          [
            744781848304880,
            744781848345638
          ],
          [
            744781848304150,
            744781848327077
          ],
          [
            744781848305198,
            744781848350756
          ],
          [
            744781848304617,
            744781848342647
          ]
        ],
        "start_record_envelope_span_ns": 46606,
        "variant": 0
      },
      {
        "collective_only": {
          "local_ms": 0.15004800260066986,
          "rank_max_ms": 0.43011200428009033,
          "rank_ms": [
            0.15004800260066986,
            0.43011200428009033,
            0.3304640054702759,
            0.03526400029659271
          ]
        },
        "pair_attempt_id": 15,
        "pair_retry_ordinal": 1,
        "position": 1,
        "readiness_probe_exact": true,
        "ready_region": {
          "local_ms": 0.18192000687122345,
          "rank_max_ms": 0.438400000333786,
          "rank_ms": [
            0.18192000687122345,
            0.438400000333786,
            0.34064000844955444,
            0.17951999604701996
          ]
        },
        "sample_index": 12,
        "scheduled_start_arrival_ns_by_rank": [
          744781901768041,
          744781901358794,
          744781901452640,
          744781901489332
        ],
        "scheduled_start_target_ns_by_rank": [
          744781906768041,
          744781906768041,
          744781906768041,
          744781906768041
        ],
        "start_record_bracket_ns_by_rank": [
          [
            744781907569438,
            744781907612949
          ],
          [
            744781907309425,
            744781907334205
          ],
          [
            744781907389932,
            744781907435700
          ],
          [
            744781907689053,
            744781907726505
          ]
        ],
        "start_record_envelope_span_ns": 417080,
        "variant": 0
      },
      {
        "collective_only": {
          "local_ms": 0.035999998450279236,
          "rank_max_ms": 0.12492799758911133,
          "rank_ms": [
            0.035999998450279236,
            0.12492799758911133,
            0.07833600044250488,
            0.11142399907112122
          ]
        },
        "pair_attempt_id": 16,
        "pair_retry_ordinal": 0,
        "position": 0,
        "readiness_probe_exact": true,
        "ready_region": {
          "local_ms": 0.18211199343204498,
          "rank_max_ms": 0.18211199343204498,
          "rank_ms": [
            0.18211199343204498,
            0.15724800527095795,
            0.17532800137996674,
            0.1815679967403412
          ]
        },
        "sample_index": 13,
        "scheduled_start_arrival_ns_by_rank": [
          744781914117219,
          744781913356087,
          744781914235241,
          744781914109670
        ],
        "scheduled_start_target_ns_by_rank": [
          744781919235241,
          744781919235241,
          744781919235241,
          744781919235241
        ],
        "start_record_bracket_ns_by_rank": [
          [
            744781919307205,
            744781919348157
          ],
          [
            744781919235744,
            744781919261099
          ],
          [
            744781919263674,
            744781919308923
          ],
          [
            744781919236069,
            744781919274186
          ]
        ],
        "start_record_envelope_span_ns": 112413,
        "variant": 1
      },
      {
        "collective_only": {
          "local_ms": 0.040863998234272,
          "rank_max_ms": 0.06572800129652023,
          "rank_ms": [
            0.040863998234272,
            0.06572800129652023,
            0.047231998294591904,
            0.052671998739242554
          ]
        },
        "pair_attempt_id": 17,
        "pair_retry_ordinal": 0,
        "position": 1,
        "readiness_probe_exact": true,
        "ready_region": {
          "local_ms": 0.23004800081253052,
          "rank_max_ms": 0.23004800081253052,
          "rank_ms": [
            0.23004800081253052,
            0.1249919980764389,
            0.14720000326633453,
            0.15171200037002563
          ]
        },
        "sample_index": 14,
        "scheduled_start_arrival_ns_by_rank": [
          744781946554210,
          744781946213828,
          744781946621121,
          744781946772376
        ],
        "scheduled_start_target_ns_by_rank": [
          744781951772376,
          744781951772376,
          744781951772376,
          744781951772376
        ],
        "start_record_bracket_ns_by_rank": [
          [
            744781951774375,
            744781951816951
          ],
          [
            744781951772892,
            744781951791692
          ],
          [
            744781951773605,
            744781951811146
          ],
          [
            744781951773354,
            744781951804671
          ]
        ],
        "start_record_envelope_span_ns": 44059,
        "variant": 0
      },
      {
        "collective_only": {
          "local_ms": 0.048576001077890396,
          "rank_max_ms": 0.05721599981188774,
          "rank_ms": [
            0.048576001077890396,
            0.05721599981188774,
            0.03641600161790848,
            0.04447999969124794
          ]
        },
        "pair_attempt_id": 18,
        "pair_retry_ordinal": 0,
        "position": 0,
        "readiness_probe_exact": true,
        "ready_region": {
          "local_ms": 0.16220800578594208,
          "rank_max_ms": 0.19593599438667297,
          "rank_ms": [
            0.16220800578594208,
            0.16598400473594666,
            0.194240003824234,
            0.19593599438667297
          ]
        },
        "sample_index": 15,
        "scheduled_start_arrival_ns_by_rank": [
          744781956992699,
          744781957106957,
          744781957054957,
          744781956958732
        ],
        "scheduled_start_target_ns_by_rank": [
          744781962106957,
          744781962106957,
          744781962106957,
          744781962106957
        ],
        "start_record_bracket_ns_by_rank": [
          [
            744781962107472,
            744781962138234
          ],
          [
            744781962107511,
            744781962130698
          ],
          [
            744781962107948,
            744781962149516
          ],
          [
            744781962107802,
            744781962142042
          ]
        ],
        "start_record_envelope_span_ns": 42044,
        "variant": 1
      },
      {
        "collective_only": {
          "local_ms": 0.10883200168609619,
          "rank_max_ms": 0.11363200098276138,
          "rank_ms": [
            0.10883200168609619,
            0.014720000326633453,
            0.10956799983978271,
            0.11363200098276138
          ]
        },
        "pair_attempt_id": 20,
        "pair_retry_ordinal": 1,
        "position": 1,
        "readiness_probe_exact": true,
        "ready_region": {
          "local_ms": 0.14399999380111694,
          "rank_max_ms": 0.14399999380111694,
          "rank_ms": [
            0.14399999380111694,
            0.024032000452280045,
            0.12511999905109406,
            0.13948799669742584
          ]
        },
        "sample_index": 16,
        "scheduled_start_arrival_ns_by_rank": [
          744782018420307,
          744782017842913,
          744782017943661,
          744782018258046
        ],
        "scheduled_start_target_ns_by_rank": [
          744782023420307,
          744782023420307,
          744782023420307,
          744782023420307
        ],
        "start_record_bracket_ns_by_rank": [
          [
            744782023421345,
            744782023452349
          ],
          [
            744782023420790,
            744782023437778
          ],
          [
            744782023420989,
            744782023452630
          ],
          [
            744782023421023,
            744782023448499
          ]
        ],
        "start_record_envelope_span_ns": 31840,
        "variant": 1
      },
      {
        "collective_only": {
          "local_ms": 1.5139520168304443,
          "rank_max_ms": 1.5306880474090576,
          "rank_ms": [
            1.5139520168304443,
            0.014655999839305878,
            1.5117119550704956,
            1.5306880474090576
          ]
        },
        "pair_attempt_id": 22,
        "pair_retry_ordinal": 1,
        "position": 0,
        "readiness_probe_exact": true,
        "ready_region": {
          "local_ms": 1.5230400562286377,
          "rank_max_ms": 1.5406080484390259,
          "rank_ms": [
            1.5230400562286377,
            0.02486399933695793,
            1.521888017654419,
            1.5406080484390259
          ]
        },
        "sample_index": 17,
        "scheduled_start_arrival_ns_by_rank": [
          744782060068595,
          744782060662263,
          744782059754619,
          744782059555271
        ],
        "scheduled_start_target_ns_by_rank": [
          744782065662263,
          744782065662263,
          744782065662263,
          744782065662263
        ],
        "start_record_bracket_ns_by_rank": [
          [
            744782065663256,
            744782065705319
          ],
          [
            744782065662731,
            744782065684735
          ],
          [
            744782065663541,
            744782065709516
          ],
          [
            744782065662768,
            744782065689306
          ]
        ],
        "start_record_envelope_span_ns": 46785,
        "variant": 1
      },
      {
        "collective_only": {
          "local_ms": 0.04508800059556961,
          "rank_max_ms": 0.06374400109052658,
          "rank_ms": [
            0.04508800059556961,
            0.06374400109052658,
            0.040031999349594116,
            0.06265600025653839
          ]
        },
        "pair_attempt_id": 23,
        "pair_retry_ordinal": 0,
        "position": 1,
        "readiness_probe_exact": true,
        "ready_region": {
          "local_ms": 0.17321600019931793,
          "rank_max_ms": 0.17321600019931793,
          "rank_ms": [
            0.17321600019931793,
            0.1408960074186325,
            0.17257599532604218,
            0.1289599984884262
          ]
        },
        "sample_index": 18,
        "scheduled_start_arrival_ns_by_rank": [
          744782092348922,
          744782091683101,
          744782092392570,
          744782091776103
        ],
        "scheduled_start_target_ns_by_rank": [
          744782097392570,
          744782097392570,
          744782097392570,
          744782097392570
        ],
        "start_record_bracket_ns_by_rank": [
          [
            744782097393629,
            744782097432431
          ],
          [
            744782097393079,
            744782097413747
          ],
          [
            744782097394366,
            744782097438714
          ],
          [
            744782097393092,
            744782097413942
          ]
        ],
        "start_record_envelope_span_ns": 45635,
        "variant": 0
      },
      {
        "collective_only": {
          "local_ms": 0.10559999942779541,
          "rank_max_ms": 0.1162559986114502,
          "rank_ms": [
            0.10559999942779541,
            0.013376000337302685,
            0.10105600208044052,
            0.1162559986114502
          ]
        },
        "pair_attempt_id": 24,
        "pair_retry_ordinal": 0,
        "position": 0,
        "readiness_probe_exact": true,
        "ready_region": {
          "local_ms": 0.1525759994983673,
          "rank_max_ms": 0.2396479994058609,
          "rank_ms": [
            0.1525759994983673,
            0.2396479994058609,
            0.16601599752902985,
            0.13359999656677246
          ]
        },
        "sample_index": 19,
        "scheduled_start_arrival_ns_by_rank": [
          744782101296886,
          744782100789320,
          744782101705348,
          744782101607736
        ],
        "scheduled_start_target_ns_by_rank": [
          744782106705348,
          744782106705348,
          744782106705348,
          744782106705348
        ],
        "start_record_bracket_ns_by_rank": [
          [
            744782106706169,
            744782106739877
          ],
          [
            744782106705875,
            744782106726826
          ],
          [
            744782106706602,
            744782106748523
          ],
          [
            744782106705887,
            744782106731229
          ]
        ],
        "start_record_envelope_span_ns": 42648,
        "variant": 1
      },
      {
        "collective_only": {
          "local_ms": 0.04265600070357323,
          "rank_max_ms": 0.05862399935722351,
          "rank_ms": [
            0.04265600070357323,
            0.05862399935722351,
            0.037376001477241516,
            0.042047999799251556
          ]
        },
        "pair_attempt_id": 25,
        "pair_retry_ordinal": 0,
        "position": 1,
        "readiness_probe_exact": true,
        "ready_region": {
          "local_ms": 0.18028800189495087,
          "rank_max_ms": 0.1849920004606247,
          "rank_ms": [
            0.18028800189495087,
            0.13571199774742126,
            0.16828800737857819,
            0.1849920004606247
          ]
        },
        "sample_index": 20,
        "scheduled_start_arrival_ns_by_rank": [
          744782127939564,
          744782127498625,
          744782128353341,
          744782127445042
        ],
        "scheduled_start_target_ns_by_rank": [
          744782133353341,
          744782133353341,
          744782133353341,
          744782133353341
        ],
        "start_record_bracket_ns_by_rank": [
          [
            744782133354391,
            744782133392005
          ],
          [
            744782133353865,
            744782133377591
          ],
          [
            744782133354908,
            744782133397847
          ],
          [
            744782133354869,
            744782133392246
          ]
        ],
        "start_record_envelope_span_ns": 43982,
        "variant": 0
      },
      {
        "collective_only": {
          "local_ms": 0.0517439991235733,
          "rank_max_ms": 0.07664000242948532,
          "rank_ms": [
            0.0517439991235733,
            0.07664000242948532,
            0.045343998819589615,
            0.06985600292682648
          ]
        },
        "pair_attempt_id": 26,
        "pair_retry_ordinal": 0,
        "position": 0,
        "readiness_probe_exact": true,
        "ready_region": {
          "local_ms": 0.21350400149822235,
          "rank_max_ms": 0.21350400149822235,
          "rank_ms": [
            0.21350400149822235,
            0.16812799870967865,
            0.20774400234222412,
            0.15376000106334686
          ]
        },
        "sample_index": 21,
        "scheduled_start_arrival_ns_by_rank": [
          744782138269576,
          744782137626770,
          744782138117797,
          744782137415388
        ],
        "scheduled_start_target_ns_by_rank": [
          744782143269576,
          744782143269576,
          744782143269576,
          744782143269576
        ],
        "start_record_bracket_ns_by_rank": [
          [
            744782143270697,
            744782143319191
          ],
          [
            744782143270005,
            744782143293932
          ],
          [
            744782143271074,
            744782143325768
          ],
          [
            744782143270151,
            744782143300087
          ]
        ],
        "start_record_envelope_span_ns": 55763,
        "variant": 1
      },
      {
        "collective_only": {
          "local_ms": 0.04713600128889084,
          "rank_max_ms": 0.06224000081419945,
          "rank_ms": [
            0.04713600128889084,
            0.06224000081419945,
            0.041728001087903976,
            0.0560000017285347
          ]
        },
        "pair_attempt_id": 27,
        "pair_retry_ordinal": 0,
        "position": 1,
        "readiness_probe_exact": true,
        "ready_region": {
          "local_ms": 0.18307200074195862,
          "rank_max_ms": 0.18307200074195862,
          "rank_ms": [
            0.18307200074195862,
            0.1582079976797104,
            0.1810240000486374,
            0.152319997549057
          ]
        },
        "sample_index": 22,
        "scheduled_start_arrival_ns_by_rank": [
          744782167450106,
          744782166964893,
          744782167539864,
          744782166806486
        ],
        "scheduled_start_target_ns_by_rank": [
          744782172539864,
          744782172539864,
          744782172539864,
          744782172539864
        ],
        "start_record_bracket_ns_by_rank": [
          [
            744782172541487,
            744782172581201
          ],
          [
            744782172540485,
            744782172565303
          ],
          [
            744782172541346,
            744782172587871
          ],
          [
            744782172540563,
            744782172572230
          ]
        ],
        "start_record_envelope_span_ns": 47386,
        "variant": 0
      },
      {
        "collective_only": {
          "local_ms": 0.06335999816656113,
          "rank_max_ms": 0.08076799660921097,
          "rank_ms": [
            0.06335999816656113,
            0.07923199981451035,
            0.06176000088453293,
            0.08076799660921097
          ]
        },
        "pair_attempt_id": 28,
        "pair_retry_ordinal": 0,
        "position": 0,
        "readiness_probe_exact": true,
        "ready_region": {
          "local_ms": 0.1971520036458969,
          "rank_max_ms": 0.197952002286911,
          "rank_ms": [
            0.1971520036458969,
            0.15065599977970123,
            0.197952002286911,
            0.13836799561977386
          ]
        },
        "sample_index": 23,
        "scheduled_start_arrival_ns_by_rank": [
          744782176954362,
          744782176423795,
          744782177143800,
          744782176285435
        ],
        "scheduled_start_target_ns_by_rank": [
          744782182143800,
          744782182143800,
          744782182143800,
          744782182143800
        ],
        "start_record_bracket_ns_by_rank": [
          [
            744782182145433,
            744782182184306
          ],
          [
            744782182144313,
            744782182167376
          ],
          [
            744782182144916,
            744782182186244
          ],
          [
            744782182144235,
            744782182166696
          ]
        ],
        "start_record_envelope_span_ns": 42009,
        "variant": 1
      },
      {
        "collective_only": {
          "local_ms": 0.04508800059556961,
          "rank_max_ms": 0.06505600363016129,
          "rank_ms": [
            0.04508800059556961,
            0.06505600363016129,
            0.03996799886226654,
            0.05833600088953972
          ]
        },
        "pair_attempt_id": 29,
        "pair_retry_ordinal": 0,
        "position": 1,
        "readiness_probe_exact": true,
        "ready_region": {
          "local_ms": 0.21011200547218323,
          "rank_max_ms": 0.22256000339984894,
          "rank_ms": [
            0.21011200547218323,
            0.14006400108337402,
            0.22256000339984894,
            0.14054399728775024
          ]
        },
        "sample_index": 24,
        "scheduled_start_arrival_ns_by_rank": [
          744782204544904,
          744782203629129,
          744782204812625,
          744782204298678
        ],
        "scheduled_start_target_ns_by_rank": [
          744782209812625,
          744782209812625,
          744782209812625,
          744782209812625
        ],
        "start_record_bracket_ns_by_rank": [
          [
            744782209814142,
            744782209853660
          ],
          [
            744782209813154,
            744782209834906
          ],
          [
            744782209813901,
            744782209861082
          ],
          [
            744782209813043,
            744782209841079
          ]
        ],
        "start_record_envelope_span_ns": 48039,
        "variant": 0
      },
      {
        "collective_only": {
          "local_ms": 0.05135999992489815,
          "rank_max_ms": 0.06716799736022949,
          "rank_ms": [
            0.05135999992489815,
            0.06716799736022949,
            0.042367998510599136,
            0.0514880008995533
          ]
        },
        "pair_attempt_id": 30,
        "pair_retry_ordinal": 0,
        "position": 0,
        "readiness_probe_exact": true,
        "ready_region": {
          "local_ms": 0.2022400051355362,
          "rank_max_ms": 0.2022400051355362,
          "rank_ms": [
            0.2022400051355362,
            0.16780799627304077,
            0.19123199582099915,
            0.2022079974412918
          ]
        },
        "sample_index": 25,
        "scheduled_start_arrival_ns_by_rank": [
          744782214349534,
          744782213873189,
          744782214372512,
          744782214629276
        ],
        "scheduled_start_target_ns_by_rank": [
          744782219629276,
          744782219629276,
          744782219629276,
          744782219629276
        ],
        "start_record_bracket_ns_by_rank": [
          [
            744782219630358,
            744782219672415
          ],
          [
            744782219629820,
            744782219656782
          ],
          [
            744782219630773,
            744782219682884
          ],
          [
            744782219630269,
            744782219671657
          ]
        ],
        "start_record_envelope_span_ns": 53064,
        "variant": 1
      },
      {
        "collective_only": {
          "local_ms": 0.045471999794244766,
          "rank_max_ms": 0.06620799750089645,
          "rank_ms": [
            0.045471999794244766,
            0.06620799750089645,
            0.04009599983692169,
            0.05257600173354149
          ]
        },
        "pair_attempt_id": 31,
        "pair_retry_ordinal": 0,
        "position": 1,
        "readiness_probe_exact": true,
        "ready_region": {
          "local_ms": 0.18323199450969696,
          "rank_max_ms": 0.18323199450969696,
          "rank_ms": [
            0.18323199450969696,
            0.14553600549697876,
            0.17584000527858734,
            0.16572800278663635
          ]
        },
        "sample_index": 26,
        "scheduled_start_arrival_ns_by_rank": [
          744782244539202,
          744782244102913,
          744782244100158,
          744782244493844
        ],
        "scheduled_start_target_ns_by_rank": [
          744782249539202,
          744782249539202,
          744782249539202,
          744782249539202
        ],
        "start_record_bracket_ns_by_rank": [
          [
            744782249540550,
            744782249579657
          ],
          [
            744782249539697,
            744782249559646
          ],
          [
            744782249541057,
            744782249586544
          ],
          [
            744782249540166,
            744782249573346
          ]
        ],
        "start_record_envelope_span_ns": 46847,
        "variant": 0
      },
      {
        "collective_only": {
          "local_ms": 0.05478399991989136,
          "rank_max_ms": 0.07487999647855759,
          "rank_ms": [
            0.05478399991989136,
            0.07487999647855759,
            0.04390399903059006,
            0.056832000613212585
          ]
        },
        "pair_attempt_id": 32,
        "pair_retry_ordinal": 0,
        "position": 0,
        "readiness_probe_exact": true,
        "ready_region": {
          "local_ms": 0.21855999529361725,
          "rank_max_ms": 0.22550399601459503,
          "rank_ms": [
            0.21855999529361725,
            0.16153599321842194,
            0.22550399601459503,
            0.22224000096321106
          ]
        },
        "sample_index": 27,
        "scheduled_start_arrival_ns_by_rank": [
          744782253694692,
          744782253496795,
          744782253720901,
          744782253772646
        ],
        "scheduled_start_target_ns_by_rank": [
          744782258772646,
          744782258772646,
          744782258772646,
          744782258772646
        ],
        "start_record_bracket_ns_by_rank": [
          [
            744782258773885,
            744782258816536
          ],
          [
            744782258773139,
            744782258797930
          ],
          [
            744782258774038,
            744782258829508
          ],
          [
            744782258773776,
            744782258815968
          ]
        ],
        "start_record_envelope_span_ns": 56369,
        "variant": 1
      },
      {
        "collective_only": {
          "local_ms": 0.04262400045990944,
          "rank_max_ms": 0.09084799885749817,
          "rank_ms": [
            0.04262400045990944,
            0.09084799885749817,
            0.07014399766921997,
            0.06623999774456024
          ]
        },
        "pair_attempt_id": 33,
        "pair_retry_ordinal": 0,
        "position": 1,
        "readiness_probe_exact": true,
        "ready_region": {
          "local_ms": 0.23811200261116028,
          "rank_max_ms": 0.23811200261116028,
          "rank_ms": [
            0.23811200261116028,
            0.13766400516033173,
            0.12982399761676788,
            0.15343999862670898
          ]
        },
        "sample_index": 28,
        "scheduled_start_arrival_ns_by_rank": [
          744782284977678,
          744782284466846,
          744782284764519,
          744782284959617
        ],
        "scheduled_start_target_ns_by_rank": [
          744782289977678,
          744782289977678,
          744782289977678,
          744782289977678
        ],
        "start_record_bracket_ns_by_rank": [
          [
            744782289980085,
            744782290044769
          ],
          [
            744782289978197,
            744782289996414
          ],
          [
            744782289978307,
            744782290018843
          ],
          [
            744782289978718,
            744782290021859
          ]
        ],
        "start_record_envelope_span_ns": 66572,
        "variant": 0
      },
      {
        "collective_only": {
          "local_ms": 0.055776000022888184,
          "rank_max_ms": 0.06115199998021126,
          "rank_ms": [
            0.055776000022888184,
            0.06115199998021126,
            0.037696000188589096,
            0.0459199994802475
          ]
        },
        "pair_attempt_id": 34,
        "pair_retry_ordinal": 0,
        "position": 0,
        "readiness_probe_exact": true,
        "ready_region": {
          "local_ms": 0.12982399761676788,
          "rank_max_ms": 0.1738560050725937,
          "rank_ms": [
            0.12982399761676788,
            0.13600000739097595,
            0.1642560064792633,
            0.1738560050725937
          ]
        },
        "sample_index": 29,
        "scheduled_start_arrival_ns_by_rank": [
          744782295562563,
          744782295338191,
          744782295727267,
          744782295718969
        ],
        "scheduled_start_target_ns_by_rank": [
          744782300727267,
          744782300727267,
          744782300727267,
          744782300727267
        ],
        "start_record_bracket_ns_by_rank": [
          [
            744782300727699,
            744782300751943
          ],
          [
            744782300727752,
            744782300748304
          ],
          [
            744782300728570,
            744782300771090
          ],
          [
            744782300728317,
            744782300763460
          ]
        ],
        "start_record_envelope_span_ns": 43391,
        "variant": 1
      },
      {
        "collective_only": {
          "local_ms": 0.05260799825191498,
          "rank_max_ms": 0.06752000004053116,
          "rank_ms": [
            0.05260799825191498,
            0.06752000004053116,
            0.040063999593257904,
            0.05612799897789955
          ]
        },
        "pair_attempt_id": 35,
        "pair_retry_ordinal": 0,
        "position": 1,
        "readiness_probe_exact": true,
        "ready_region": {
          "local_ms": 0.18278400599956512,
          "rank_max_ms": 0.1987839937210083,
          "rank_ms": [
            0.18278400599956512,
            0.13929599523544312,
            0.1987839937210083,
            0.18051199615001678
          ]
        },
        "sample_index": 30,
        "scheduled_start_arrival_ns_by_rank": [
          744782328778433,
          744782328827181,
          744782328608574,
          744782328829019
        ],
        "scheduled_start_target_ns_by_rank": [
          744782333829019,
          744782333829019,
          744782333829019,
          744782333829019
        ],
        "start_record_bracket_ns_by_rank": [
          [
            744782333829824,
            744782333863362
          ],
          [
            744782333829570,
            744782333850232
          ],
          [
            744782333830068,
            744782333877283
          ],
          [
            744782333829821,
            744782333861850
          ]
        ],
        "start_record_envelope_span_ns": 47713,
        "variant": 0
      },
      {
        "collective_only": {
          "local_ms": 0.051711998879909515,
          "rank_max_ms": 0.09910400211811066,
          "rank_ms": [
            0.051711998879909515,
            0.09910400211811066,
            0.0790719985961914,
            0.08508799970149994
          ]
        },
        "pair_attempt_id": 36,
        "pair_retry_ordinal": 0,
        "position": 0,
        "readiness_probe_exact": true,
        "ready_region": {
          "local_ms": 0.29254400730133057,
          "rank_max_ms": 0.29254400730133057,
          "rank_ms": [
            0.29254400730133057,
            0.1621440052986145,
            0.20185600221157074,
            0.20268799364566803
          ]
        },
        "sample_index": 31,
        "scheduled_start_arrival_ns_by_rank": [
          744782339989239,
          744782339561490,
          744782339860475,
          744782339760481
        ],
        "scheduled_start_target_ns_by_rank": [
          744782344989239,
          744782344989239,
          744782344989239,
          744782344989239
        ],
        "start_record_bracket_ns_by_rank": [
          [
            744782344992287,
            744782345076267
          ],
          [
            744782344989811,
            744782345026458
          ],
          [
            744782344990458,
            744782345048102
          ],
          [
            744782344990195,
            744782345038442
          ]
        ],
        "start_record_envelope_span_ns": 86456,
        "variant": 1
      },
      {
        "collective_only": {
          "local_ms": 0.05212799832224846,
          "rank_max_ms": 0.08640000224113464,
          "rank_ms": [
            0.05212799832224846,
            0.08640000224113464,
            0.055904000997543335,
            0.06726399809122086
          ]
        },
        "pair_attempt_id": 37,
        "pair_retry_ordinal": 0,
        "position": 1,
        "readiness_probe_exact": true,
        "ready_region": {
          "local_ms": 0.2823359966278076,
          "rank_max_ms": 0.2823359966278076,
          "rank_ms": [
            0.2823359966278076,
            0.15411199629306793,
            0.20636799931526184,
            0.20678399503231049
          ]
        },
        "sample_index": 32,
        "scheduled_start_arrival_ns_by_rank": [
          744782373429916,
          744782372499627,
          744782372903864,
          744782372976435
        ],
        "scheduled_start_target_ns_by_rank": [
          744782378429916,
          744782378429916,
          744782378429916,
          744782378429916
        ],
        "start_record_bracket_ns_by_rank": [
          [
            744782378432300,
            744782378490560
          ],
          [
            744782378430372,
            744782378452907
          ],
          [
            744782378432325,
            744782378486455
          ],
          [
            744782378430883,
            744782378473232
          ]
        ],
        "start_record_envelope_span_ns": 60188,
        "variant": 0
      },
      {
        "collective_only": {
          "local_ms": 0.04467200115323067,
          "rank_max_ms": 0.06441599875688553,
          "rank_ms": [
            0.04467200115323067,
            0.06441599875688553,
            0.03903999924659729,
            0.05104000121355057
          ]
        },
        "pair_attempt_id": 39,
        "pair_retry_ordinal": 1,
        "position": 0,
        "readiness_probe_exact": true,
        "ready_region": {
          "local_ms": 0.1889919936656952,
          "rank_max_ms": 0.1889919936656952,
          "rank_ms": [
            0.1889919936656952,
            0.1496960073709488,
            0.17945599555969238,
            0.1552319973707199
          ]
        },
        "sample_index": 33,
        "scheduled_start_arrival_ns_by_rank": [
          744782408506360,
          744782408107581,
          744782408231896,
          744782408614627
        ],
        "scheduled_start_target_ns_by_rank": [
          744782413614627,
          744782413614627,
          744782413614627,
          744782413614627
        ],
        "start_record_bracket_ns_by_rank": [
          [
            744782413615523,
            744782413656793
          ],
          [
            744782413615098,
            744782413637610
          ],
          [
            744782413615738,
            744782413663081
          ],
          [
            744782413615291,
            744782413650306
          ]
        ],
        "start_record_envelope_span_ns": 47983,
        "variant": 0
      },
      {
        "collective_only": {
          "local_ms": 0.037856001406908035,
          "rank_max_ms": 0.17321600019931793,
          "rank_ms": [
            0.037856001406908035,
            0.17321600019931793,
            0.14927999675273895,
            0.17270399630069733
          ]
        },
        "pair_attempt_id": 40,
        "pair_retry_ordinal": 0,
        "position": 1,
        "readiness_probe_exact": true,
        "ready_region": {
          "local_ms": 0.20108799636363983,
          "rank_max_ms": 0.20108799636363983,
          "rank_ms": [
            0.20108799636363983,
            0.18361599743366241,
            0.1905599981546402,
            0.18211199343204498
          ]
        },
        "sample_index": 34,
        "scheduled_start_arrival_ns_by_rank": [
          744782442537286,
          744782442175307,
          744782442475025,
          744782442260838
        ],
        "scheduled_start_target_ns_by_rank": [
          744782447537286,
          744782447537286,
          744782447537286,
          744782447537286
        ],
        "start_record_bracket_ns_by_rank": [
          [
            744782447649692,
            744782447695558
          ],
          [
            744782447537775,
            744782447561795
          ],
          [
            744782447538255,
            744782447588874
          ],
          [
            744782447537641,
            744782447563735
          ]
        ],
        "start_record_envelope_span_ns": 157917,
        "variant": 1
      },
      {
        "collective_only": {
          "local_ms": 0.04387199878692627,
          "rank_max_ms": 0.07478400319814682,
          "rank_ms": [
            0.04387199878692627,
            0.049984000623226166,
            0.06329599767923355,
            0.07478400319814682
          ]
        },
        "pair_attempt_id": 41,
        "pair_retry_ordinal": 0,
        "position": 0,
        "readiness_probe_exact": true,
        "ready_region": {
          "local_ms": 0.24156799912452698,
          "rank_max_ms": 0.24156799912452698,
          "rank_ms": [
            0.24156799912452698,
            0.16291199624538422,
            0.1831039935350418,
            0.19724799692630768
          ]
        },
        "sample_index": 35,
        "scheduled_start_arrival_ns_by_rank": [
          744782454957278,
          744782454349851,
          744782454754288,
          744782454277097
        ],
        "scheduled_start_target_ns_by_rank": [
          744782459957278,
          744782459957278,
          744782459957278,
          744782459957278
        ],
        "start_record_bracket_ns_by_rank": [
          [
            744782460229699,
            744782460282429
          ],
          [
            744782460252588,
            744782460276894
          ],
          [
            744782460218166,
            744782460264467
          ],
          [
            744782460188878,
            744782460252045
          ]
        ],
        "start_record_envelope_span_ns": 93551,
        "variant": 0
      },
      {
        "collective_only": {
          "local_ms": 0.043136000633239746,
          "rank_max_ms": 0.060127999633550644,
          "rank_ms": [
            0.043136000633239746,
            0.060127999633550644,
            0.03830400109291077,
            0.04540799930691719
          ]
        },
        "pair_attempt_id": 42,
        "pair_retry_ordinal": 0,
        "position": 1,
        "readiness_probe_exact": true,
        "ready_region": {
          "local_ms": 0.20313599705696106,
          "rank_max_ms": 0.20313599705696106,
          "rank_ms": [
            0.20313599705696106,
            0.15436799824237823,
            0.19203199446201324,
            0.1980160027742386
          ]
        },
        "sample_index": 36,
        "scheduled_start_arrival_ns_by_rank": [
          744782490026796,
          744782489425447,
          744782489569068,
          744782490097982
        ],
        "scheduled_start_target_ns_by_rank": [
          744782495097982,
          744782495097982,
          744782495097982,
          744782495097982
        ],
        "start_record_bracket_ns_by_rank": [
          [
            744782495099009,
            744782495136761
          ],
          [
            744782495098585,
            744782495120261
          ],
          [
            744782495099245,
            744782495141514
          ],
          [
            744782495098895,
            744782495135013
          ]
        ],
        "start_record_envelope_span_ns": 42929,
        "variant": 1
      },
      {
        "collective_only": {
          "local_ms": 0.041152000427246094,
          "rank_max_ms": 0.1762239933013916,
          "rank_ms": [
            0.041152000427246094,
            0.1762239933013916,
            0.15692800283432007,
            0.16476799547672272
          ]
        },
        "pair_attempt_id": 43,
        "pair_retry_ordinal": 0,
        "position": 0,
        "readiness_probe_exact": true,
        "ready_region": {
          "local_ms": 0.21852800250053406,
          "rank_max_ms": 0.21852800250053406,
          "rank_ms": [
            0.21852800250053406,
            0.1863040030002594,
            0.21660800278186798,
            0.2146880030632019
          ]
        },
        "sample_index": 37,
        "scheduled_start_arrival_ns_by_rank": [
          744782502068669,
          744782501333516,
          744782501636025,
          744782501725267
        ],
        "scheduled_start_target_ns_by_rank": [
          744782507068669,
          744782507068669,
          744782507068669,
          744782507068669
        ],
        "start_record_bracket_ns_by_rank": [
          [
            744782507153555,
            744782507230809
          ],
          [
            744782507069097,
            744782507093905
          ],
          [
            744782507069906,
            744782507116435
          ],
          [
            744782507069519,
            744782507107175
          ]
        ],
        "start_record_envelope_span_ns": 161712,
        "variant": 0
      },
      {
        "collective_only": {
          "local_ms": 0.039264000952243805,
          "rank_max_ms": 0.06345599889755249,
          "rank_ms": [
            0.039264000952243805,
            0.06345599889755249,
            0.04320000112056732,
            0.050144001841545105
          ]
        },
        "pair_attempt_id": 44,
        "pair_retry_ordinal": 0,
        "position": 1,
        "readiness_probe_exact": true,
        "ready_region": {
          "local_ms": 0.22208000719547272,
          "rank_max_ms": 0.22208000719547272,
          "rank_ms": [
            0.22208000719547272,
            0.16908800601959229,
            0.21158400177955627,
            0.21264000236988068
          ]
        },
        "sample_index": 38,
        "scheduled_start_arrival_ns_by_rank": [
          744782537914407,
          744782537051760,
          744782537136458,
          744782537333302
        ],
        "scheduled_start_target_ns_by_rank": [
          744782542914407,
          744782542914407,
          744782542914407,
          744782542914407
        ],
        "start_record_bracket_ns_by_rank": [
          [
            744782542915654,
            744782542961719
          ],
          [
            744782542914910,
            744782542938542
          ],
          [
            744782542915678,
            744782542962176
          ],
          [
            744782542915641,
            744782542953828
          ]
        ],
        "start_record_envelope_span_ns": 47266,
        "variant": 1
      },
      {
        "collective_only": {
          "local_ms": 0.050175998359918594,
          "rank_max_ms": 0.06726399809122086,
          "rank_ms": [
            0.050175998359918594,
            0.06726399809122086,
            0.04131200164556503,
            0.054976001381874084
          ]
        },
        "pair_attempt_id": 45,
        "pair_retry_ordinal": 0,
        "position": 0,
        "readiness_probe_exact": true,
        "ready_region": {
          "local_ms": 0.17983999848365784,
          "rank_max_ms": 0.18681600689888,
          "rank_ms": [
            0.17983999848365784,
            0.15452800691127777,
            0.18681600689888,
            0.1520960032939911
          ]
        },
        "sample_index": 39,
        "scheduled_start_arrival_ns_by_rank": [
          744782550249488,
          744782549207415,
          744782549061923,
          744782549727196
        ],
        "scheduled_start_target_ns_by_rank": [
          744782555249488,
          744782555249488,
          744782555249488,
          744782555249488
        ],
        "start_record_bracket_ns_by_rank": [
          [
            744782555250658,
            744782555289209
          ],
          [
            744782555249935,
            744782555274049
          ],
          [
            744782555250769,
            744782555297814
          ],
          [
            744782555250124,
            744782555285992
          ]
        ],
        "start_record_envelope_span_ns": 47879,
        "variant": 0
      },
      {
        "collective_only": {
          "local_ms": 0.043487999588251114,
          "rank_max_ms": 0.06537599861621857,
          "rank_ms": [
            0.043487999588251114,
            0.06393600255250931,
            0.04073600098490715,
            0.06537599861621857
          ]
        },
        "pair_attempt_id": 46,
        "pair_retry_ordinal": 0,
        "position": 1,
        "readiness_probe_exact": true,
        "ready_region": {
          "local_ms": 0.210207998752594,
          "rank_max_ms": 0.210207998752594,
          "rank_ms": [
            0.210207998752594,
            0.16713599860668182,
            0.17900800704956055,
            0.14803199470043182
          ]
        },
        "sample_index": 40,
        "scheduled_start_arrival_ns_by_rank": [
          744782578618252,
          744782578017295,
          744782577600949,
          744782578148796
        ],
        "scheduled_start_target_ns_by_rank": [
          744782583618252,
          744782583618252,
          744782583618252,
          744782583618252
        ],
        "start_record_bracket_ns_by_rank": [
          [
            744782583619586,
            744782583664977
          ],
          [
            744782583618779,
            744782583644473
          ],
          [
            744782583619286,
            744782583667262
          ],
          [
            744782583618791,
            744782583642930
          ]
        ],
        "start_record_envelope_span_ns": 48483,
        "variant": 1
      },
      {
        "collective_only": {
          "local_ms": 0.04467200115323067,
          "rank_max_ms": 0.06294400244951248,
          "rank_ms": [
            0.04467200115323067,
            0.06294400244951248,
            0.040800001472234726,
            0.061503998935222626
          ]
        },
        "pair_attempt_id": 47,
        "pair_retry_ordinal": 0,
        "position": 0,
        "readiness_probe_exact": true,
        "ready_region": {
          "local_ms": 0.1903039962053299,
          "rank_max_ms": 0.1903039962053299,
          "rank_ms": [
            0.1903039962053299,
            0.14975999295711517,
            0.18243199586868286,
            0.13734400272369385
          ]
        },
        "sample_index": 41,
        "scheduled_start_arrival_ns_by_rank": [
          744782589294197,
          744782588767073,
          744782589647648,
          744782588523508
        ],
        "scheduled_start_target_ns_by_rank": [
          744782594647648,
          744782594647648,
          744782594647648,
          744782594647648
        ],
        "start_record_bracket_ns_by_rank": [
          [
            744782594648637,
            744782594689937
          ],
          [
            744782594648104,
            744782594670614
          ],
          [
            744782594649276,
            744782594693201
          ],
          [
            744782594648155,
            744782594671085
          ]
        ],
        "start_record_envelope_span_ns": 45097,
        "variant": 0
      },
      {
        "collective_only": {
          "local_ms": 0.05209600180387497,
          "rank_max_ms": 0.09004800021648407,
          "rank_ms": [
            0.05209600180387497,
            0.09004800021648407,
            0.05951999872922897,
            0.07168000191450119
          ]
        },
        "pair_attempt_id": 48,
        "pair_retry_ordinal": 0,
        "position": 1,
        "readiness_probe_exact": true,
        "ready_region": {
          "local_ms": 0.3086400032043457,
          "rank_max_ms": 0.3086400032043457,
          "rank_ms": [
            0.3086400032043457,
            0.1528320014476776,
            0.20015999674797058,
            0.18982400000095367
          ]
        },
        "sample_index": 42,
        "scheduled_start_arrival_ns_by_rank": [
          744782625694619,
          744782624671216,
          744782624893685,
          744782625230037
        ],
        "scheduled_start_target_ns_by_rank": [
          744782630694619,
          744782630694619,
          744782630694619,
          744782630694619
        ],
        "start_record_bracket_ns_by_rank": [
          [
            744782630697576,
            744782630755922
          ],
          [
            744782630695195,
            744782630717538
          ],
          [
            744782630696547,
            744782630749735
          ],
          [
            744782630695532,
            744782630733341
          ]
        ],
        "start_record_envelope_span_ns": 60727,
        "variant": 1
      },
      {
        "collective_only": {
          "local_ms": 0.033824000507593155,
          "rank_max_ms": 0.1977279931306839,
          "rank_ms": [
            0.033824000507593155,
            0.1977279931306839,
            0.14156800508499146,
            0.16390399634838104
          ]
        },
        "pair_attempt_id": 50,
        "pair_retry_ordinal": 1,
        "position": 0,
        "readiness_probe_exact": true,
        "ready_region": {
          "local_ms": 0.19280000030994415,
          "rank_max_ms": 0.20787200331687927,
          "rank_ms": [
            0.19280000030994415,
            0.20787200331687927,
            0.1974720060825348,
            0.20441600680351257
          ]
        },
        "sample_index": 43,
        "scheduled_start_arrival_ns_by_rank": [
          744782664876179,
          744782664773809,
          744782664533210,
          744782664977084
        ],
        "scheduled_start_target_ns_by_rank": [
          744782669977084,
          744782669977084,
          744782669977084,
          744782669977084
        ],
        "start_record_bracket_ns_by_rank": [
          [
            744782670123533,
            744782670160192
          ],
          [
            744782669977630,
            744782670008331
          ],
          [
            744782669978030,
            744782670056478
          ],
          [
            744782669977552,
            744782670033538
          ]
        ],
        "start_record_envelope_span_ns": 182640,
        "variant": 1
      },
      {
        "collective_only": {
          "local_ms": 0.2576639950275421,
          "rank_max_ms": 0.2576639950275421,
          "rank_ms": [
            0.2576639950275421,
            0.23686400055885315,
            0.036320000886917114,
            0.07996799796819687
          ]
        },
        "pair_attempt_id": 51,
        "pair_retry_ordinal": 0,
        "position": 1,
        "readiness_probe_exact": true,
        "ready_region": {
          "local_ms": 0.26688000559806824,
          "rank_max_ms": 0.26688000559806824,
          "rank_ms": [
            0.26688000559806824,
            0.2452480047941208,
            0.162432000041008,
            0.17705599963665009
          ]
        },
        "sample_index": 44,
        "scheduled_start_arrival_ns_by_rank": [
          744782699865035,
          744782699334996,
          744782700054647,
          744782699271819
        ],
        "scheduled_start_target_ns_by_rank": [
          744782705054647,
          744782705054647,
          744782705054647,
          744782705054647
        ],
        "start_record_bracket_ns_by_rank": [
          [
            744782705055838,
            744782705096787
          ],
          [
            744782705094620,
            744782705117414
          ],
          [
            744782705275793,
            744782705317333
          ],
          [
            744782705236936,
            744782705274830
          ]
        ],
        "start_record_envelope_span_ns": 261495,
        "variant": 0
      },
      {
        "collective_only": {
          "local_ms": 0.0344959981739521,
          "rank_max_ms": 0.05135999992489815,
          "rank_ms": [
            0.0344959981739521,
            0.05135999992489815,
            0.04025600105524063,
            0.03532800078392029
          ]
        },
        "pair_attempt_id": 52,
        "pair_retry_ordinal": 0,
        "position": 0,
        "readiness_probe_exact": true,
        "ready_region": {
          "local_ms": 0.16816000640392303,
          "rank_max_ms": 0.17164799571037292,
          "rank_ms": [
            0.16816000640392303,
            0.13648000359535217,
            0.14156800508499146,
            0.17164799571037292
          ]
        },
        "sample_index": 45,
        "scheduled_start_arrival_ns_by_rank": [
          744782710072044,
          744782709787083,
          744782710413456,
          744782710031862
        ],
        "scheduled_start_target_ns_by_rank": [
          744782715413456,
          744782715413456,
          744782715413456,
          744782715413456
        ],
        "start_record_bracket_ns_by_rank": [
          [
            744782715414441,
            744782715449630
          ],
          [
            744782715413971,
            744782715434387
          ],
          [
            744782715414361,
            744782715446740
          ],
          [
            744782715414480,
            744782715449792
          ]
        ],
        "start_record_envelope_span_ns": 35821,
        "variant": 1
      },
      {
        "collective_only": {
          "local_ms": 0.08857599645853043,
          "rank_max_ms": 0.11558400094509125,
          "rank_ms": [
            0.08857599645853043,
            0.11558400094509125,
            0.05539200082421303,
            0.08982399851083755
          ]
        },
        "pair_attempt_id": 53,
        "pair_retry_ordinal": 0,
        "position": 1,
        "readiness_probe_exact": true,
        "ready_region": {
          "local_ms": 0.2791680097579956,
          "rank_max_ms": 0.2791680097579956,
          "rank_ms": [
            0.2791680097579956,
            0.17126399278640747,
            0.25388801097869873,
            0.26361599564552307
          ]
        },
        "sample_index": 46,
        "scheduled_start_arrival_ns_by_rank": [
          744782743500424,
          744782743590272,
          744782743719339,
          744782743944464
        ],
        "scheduled_start_target_ns_by_rank": [
          744782748944464,
          744782748944464,
          744782748944464,
          744782748944464
        ],
        "start_record_bracket_ns_by_rank": [
          [
            744782748945524,
            744782748992300
          ],
          [
            744782748944802,
            744782748966626
          ],
          [
            744782748945888,
            744782749032204
          ],
          [
            744782748945228,
            744782748986280
          ]
        ],
        "start_record_envelope_span_ns": 87402,
        "variant": 0
      },
      {
        "collective_only": {
          "local_ms": 0.057023998349905014,
          "rank_max_ms": 0.07264000177383423,
          "rank_ms": [
            0.057023998349905014,
            0.07264000177383423,
            0.04342399910092354,
            0.058079998940229416
          ]
        },
        "pair_attempt_id": 54,
        "pair_retry_ordinal": 0,
        "position": 0,
        "readiness_probe_exact": true,
        "ready_region": {
          "local_ms": 0.19500799477100372,
          "rank_max_ms": 0.20931200683116913,
          "rank_ms": [
            0.19500799477100372,
            0.15408000349998474,
            0.20931200683116913,
            0.19843199849128723
          ]
        },
        "sample_index": 47,
        "scheduled_start_arrival_ns_by_rank": [
          744782754946995,
          744782754746150,
          744782754994121,
          744782754969009
        ],
        "scheduled_start_target_ns_by_rank": [
          744782759994121,
          744782759994121,
          744782759994121,
          744782759994121
        ],
        "start_record_bracket_ns_by_rank": [
          [
            744782759994961,
            744782760042590
          ],
          [
            744782759994623,
            744782760026438
          ],
          [
            744782759995744,
            744782760057449
          ],
          [
            744782759995066,
            744782760037893
          ]
        ],
        "start_record_envelope_span_ns": 62826,
        "variant": 1
      },
      {
        "collective_only": {
          "local_ms": 0.04598399996757507,
          "rank_max_ms": 0.06371200084686279,
          "rank_ms": [
            0.04598399996757507,
            0.06371200084686279,
            0.03999999910593033,
            0.048448000103235245
          ]
        },
        "pair_attempt_id": 55,
        "pair_retry_ordinal": 0,
        "position": 1,
        "readiness_probe_exact": true,
        "ready_region": {
          "local_ms": 0.22012799978256226,
          "rank_max_ms": 0.22012799978256226,
          "rank_ms": [
            0.22012799978256226,
            0.15084800124168396,
            0.18083199858665466,
            0.18092800676822662
          ]
        },
        "sample_index": 48,
        "scheduled_start_arrival_ns_by_rank": [
          744782791065353,
          744782790963040,
          744782791074378,
          744782791368736
        ],
        "scheduled_start_target_ns_by_rank": [
          744782796368736,
          744782796368736,
          744782796368736,
          744782796368736
        ],
        "start_record_bracket_ns_by_rank": [
          [
            744782796369827,
            744782796410628
          ],
          [
            744782796369214,
            744782796392424
          ],
          [
            744782796369934,
            744782796416094
          ],
          [
            744782796369658,
            744782796407802
          ]
        ],
        "start_record_envelope_span_ns": 46880,
        "variant": 0
      },
      {
        "collective_only": {
          "local_ms": 0.07036799937486649,
          "rank_max_ms": 0.07491199672222137,
          "rank_ms": [
            0.07036799937486649,
            0.07491199672222137,
            0.049984000623226166,
            0.06147199869155884
          ]
        },
        "pair_attempt_id": 56,
        "pair_retry_ordinal": 0,
        "position": 0,
        "readiness_probe_exact": true,
        "ready_region": {
          "local_ms": 0.18031999468803406,
          "rank_max_ms": 0.2850880026817322,
          "rank_ms": [
            0.18031999468803406,
            0.1722559928894043,
            0.2850880026817322,
            0.2359360009431839
          ]
        },
        "sample_index": 49,
        "scheduled_start_arrival_ns_by_rank": [
          744782800592150,
          744782800499787,
          744782800900267,
          744782800784928
        ],
        "scheduled_start_target_ns_by_rank": [
          744782805900267,
          744782805900267,
          744782805900267,
          744782805900267
        ],
        "start_record_bracket_ns_by_rank": [
          [
            744782805900621,
            744782805929947
          ],
          [
            744782805900768,
            744782805927844
          ],
          [
            744782805901298,
            744782805951484
          ],
          [
            744782805901053,
            744782805941916
          ]
        ],
        "start_record_envelope_span_ns": 50863,
        "variant": 1
      },
      {
        "collective_only": {
          "local_ms": 0.04838399961590767,
          "rank_max_ms": 0.06483200192451477,
          "rank_ms": [
            0.04838399961590767,
            0.06483200192451477,
            0.039135999977588654,
            0.044319998472929
          ]
        },
        "pair_attempt_id": 57,
        "pair_retry_ordinal": 0,
        "position": 1,
        "readiness_probe_exact": true,
        "ready_region": {
          "local_ms": 0.16617600619792938,
          "rank_max_ms": 0.17388799786567688,
          "rank_ms": [
            0.16617600619792938,
            0.12963199615478516,
            0.17388799786567688,
            0.16198399662971497
          ]
        },
        "sample_index": 50,
        "scheduled_start_arrival_ns_by_rank": [
          744782831352237,
          744782830675769,
          744782831523194,
          744782831166435
        ],
        "scheduled_start_target_ns_by_rank": [
          744782836523194,
          744782836523194,
          744782836523194,
          744782836523194
        ],
        "start_record_bracket_ns_by_rank": [
          [
            744782836524353,
            744782836559888
          ],
          [
            744782836523668,
            744782836543206
          ],
          [
            744782836524797,
            744782836569319
          ],
          [
            744782836524008,
            744782836562413
          ]
        ],
        "start_record_envelope_span_ns": 45651,
        "variant": 0
      },
      {
        "collective_only": {
          "local_ms": 0.044704001396894455,
          "rank_max_ms": 0.06361600011587143,
          "rank_ms": [
            0.044704001396894455,
            0.06361600011587143,
            0.039103999733924866,
            0.05158400163054466
          ]
        },
        "pair_attempt_id": 58,
        "pair_retry_ordinal": 0,
        "position": 0,
        "readiness_probe_exact": true,
        "ready_region": {
          "local_ms": 0.17078399658203125,
          "rank_max_ms": 0.17078399658203125,
          "rank_ms": [
            0.17078399658203125,
            0.13571199774742126,
            0.16921600699424744,
            0.16444799304008484
          ]
        },
        "sample_index": 51,
        "scheduled_start_arrival_ns_by_rank": [
          744782843655993,
          744782842847151,
          744782843024548,
          744782843382151
        ],
        "scheduled_start_target_ns_by_rank": [
          744782848655993,
          744782848655993,
          744782848655993,
          744782848655993
        ],
        "start_record_bracket_ns_by_rank": [
          [
            744782848656951,
            744782848694879
          ],
          [
            744782848656576,
            744782848676659
          ],
          [
            744782848657112,
            744782848701378
          ],
          [
            744782848656841,
            744782848689061
          ]
        ],
        "start_record_envelope_span_ns": 44802,
        "variant": 1
      },
      {
        "collective_only": {
          "local_ms": 0.03385600075125694,
          "rank_max_ms": 0.3503040075302124,
          "rank_ms": [
            0.03385600075125694,
            0.3503040075302124,
            0.18723200261592865,
            0.05788800120353699
          ]
        },
        "pair_attempt_id": 59,
        "pair_retry_ordinal": 0,
        "position": 1,
        "readiness_probe_exact": true,
        "ready_region": {
          "local_ms": 0.17155200242996216,
          "rank_max_ms": 0.35865598917007446,
          "rank_ms": [
            0.17155200242996216,
            0.35865598917007446,
            0.1974399983882904,
            0.16790400445461273
          ]
        },
        "sample_index": 52,
        "scheduled_start_arrival_ns_by_rank": [
          744782879603481,
          744782879456496,
          744782879667123,
          744782879504926
        ],
        "scheduled_start_target_ns_by_rank": [
          744782884667123,
          744782884667123,
          744782884667123,
          744782884667123
        ],
        "start_record_bracket_ns_by_rank": [
          [
            744782885739076,
            744782885777860
          ],
          [
            744782885443407,
            744782885463826
          ],
          [
            744782885586776,
            744782885628521
          ],
          [
            744782885722704,
            744782885757489
          ]
        ],
        "start_record_envelope_span_ns": 334453,
        "variant": 0
      },
      {
        "collective_only": {
          "local_ms": 0.054048001766204834,
          "rank_max_ms": 0.09046400338411331,
          "rank_ms": [
            0.054048001766204834,
            0.09046400338411331,
            0.06329599767923355,
            0.07571200281381607
          ]
        },
        "pair_attempt_id": 60,
        "pair_retry_ordinal": 0,
        "position": 0,
        "readiness_probe_exact": true,
        "ready_region": {
          "local_ms": 0.2683520019054413,
          "rank_max_ms": 0.2683520019054413,
          "rank_ms": [
            0.2683520019054413,
            0.14467200636863708,
            0.18086400628089905,
            0.18086400628089905
          ]
        },
        "sample_index": 53,
        "scheduled_start_arrival_ns_by_rank": [
          744782891471756,
          744782891171978,
          744782891074971,
          744782891551568
        ],
        "scheduled_start_target_ns_by_rank": [
          744782896551568,
          744782896551568,
          744782896551568,
          744782896551568
        ],
        "start_record_bracket_ns_by_rank": [
          [
            744782896555758,
            744782896613807
          ],
          [
            744782896552077,
            744782896573468
          ],
          [
            744782896552546,
            744782896603193
          ],
          [
            744782896552496,
            744782896590060
          ]
        ],
        "start_record_envelope_span_ns": 61730,
        "variant": 1
      },
      {
        "collective_only": {
          "local_ms": 0.045504000037908554,
          "rank_max_ms": 0.06496000289916992,
          "rank_ms": [
            0.045504000037908554,
            0.06496000289916992,
            0.03471999987959862,
            0.0522879995405674
          ]
        },
        "pair_attempt_id": 63,
        "pair_retry_ordinal": 2,
        "position": 1,
        "readiness_probe_exact": true,
        "ready_region": {
          "local_ms": 0.15561600029468536,
          "rank_max_ms": 0.1582079976797104,
          "rank_ms": [
            0.15561600029468536,
            0.12668800354003906,
            0.1542080044746399,
            0.1582079976797104
          ]
        },
        "sample_index": 54,
        "scheduled_start_arrival_ns_by_rank": [
          744782973505429,
          744782973417204,
          744782971761074,
          744782973733388
        ],
        "scheduled_start_target_ns_by_rank": [
          744782978733388,
          744782978733388,
          744782978733388,
          744782978733388
        ],
        "start_record_bracket_ns_by_rank": [
          [
            744782978734247,
            744782978772937
          ],
          [
            744782978733918,
            744782978753567
          ],
          [
            744782978744539,
            744782978782996
          ],
          [
            744782978734083,
            744782978766842
          ]
        ],
        "start_record_envelope_span_ns": 49078,
        "variant": 0
      },
      {
        "collective_only": {
          "local_ms": 0.03232000023126602,
          "rank_max_ms": 0.09603200107812881,
          "rank_ms": [
            0.03232000023126602,
            0.09603200107812881,
            0.0799039974808693,
            0.08342400193214417
          ]
        },
        "pair_attempt_id": 64,
        "pair_retry_ordinal": 0,
        "position": 0,
        "readiness_probe_exact": true,
        "ready_region": {
          "local_ms": 0.160288006067276,
          "rank_max_ms": 0.160288006067276,
          "rank_ms": [
            0.160288006067276,
            0.1302720010280609,
            0.1536960005760193,
            0.15695999562740326
          ]
        },
        "sample_index": 55,
        "scheduled_start_arrival_ns_by_rank": [
          744782983641317,
          744782983337071,
          744782983669814,
          744782983670798
        ],
        "scheduled_start_target_ns_by_rank": [
          744782988670798,
          744782988670798,
          744782988670798,
          744782988670798
        ],
        "start_record_bracket_ns_by_rank": [
          [
            744782988717286,
            744782988752939
          ],
          [
            744782988671293,
            744782988691585
          ],
          [
            744782988671776,
            744782988711432
          ],
          [
            744782988671439,
            744782988703595
          ]
        ],
        "start_record_envelope_span_ns": 81646,
        "variant": 1
      },
      {
        "collective_only": {
          "local_ms": 0.05708799883723259,
          "rank_max_ms": 0.27689599990844727,
          "rank_ms": [
            0.05708799883723259,
            0.27689599990844727,
            0.25462400913238525,
            0.25779199600219727
          ]
        },
        "pair_attempt_id": 65,
        "pair_retry_ordinal": 0,
        "position": 1,
        "readiness_probe_exact": true,
        "ready_region": {
          "local_ms": 0.2202560007572174,
          "rank_max_ms": 0.2869440019130707,
          "rank_ms": [
            0.2202560007572174,
            0.2869440019130707,
            0.26470398902893066,
            0.2670080065727234
          ]
        },
        "sample_index": 56,
        "scheduled_start_arrival_ns_by_rank": [
          744783014325780,
          744783014297667,
          744783014676382,
          744783014913076
        ],
        "scheduled_start_target_ns_by_rank": [
          744783019913076,
          744783019913076,
          744783019913076,
          744783019913076
        ],
        "start_record_bracket_ns_by_rank": [
          [
            744783020129386,
            744783020171327
          ],
          [
            744783019913477,
            744783019932898
          ],
          [
            744783019913953,
            744783019954908
          ],
          [
            744783019913776,
            744783019948110
          ]
        ],
        "start_record_envelope_span_ns": 257850,
        "variant": 0
      },
      {
        "collective_only": {
          "local_ms": 0.07248000055551529,
          "rank_max_ms": 0.09923200309276581,
          "rank_ms": [
            0.07248000055551529,
            0.09923200309276581,
            0.07344000041484833,
            0.0796160027384758
          ]
        },
        "pair_attempt_id": 66,
        "pair_retry_ordinal": 0,
        "position": 0,
        "readiness_probe_exact": true,
        "ready_region": {
          "local_ms": 0.28326401114463806,
          "rank_max_ms": 0.28326401114463806,
          "rank_ms": [
            0.28326401114463806,
            0.1897599995136261,
            0.21728000044822693,
            0.23430399596691132
          ]
        },
        "sample_index": 57,
        "scheduled_start_arrival_ns_by_rank": [
          744783025853326,
          744783025812917,
          744783026147156,
          744783025729542
        ],
        "scheduled_start_target_ns_by_rank": [
          744783031147156,
          744783031147156,
          744783031147156,
          744783031147156
        ],
        "start_record_bracket_ns_by_rank": [
          [
            744783031148716,
            744783031225487
          ],
          [
            744783031147657,
            744783031172513
          ],
          [
            744783031148329,
            744783031221968
          ],
          [
            744783031148212,
            744783031190044
          ]
        ],
        "start_record_envelope_span_ns": 77830,
        "variant": 1
      },
      {
        "collective_only": {
          "local_ms": 0.04710400104522705,
          "rank_max_ms": 0.07599999755620956,
          "rank_ms": [
            0.04710400104522705,
            0.07599999755620956,
            0.050655998289585114,
            0.06137600168585777
          ]
        },
        "pair_attempt_id": 67,
        "pair_retry_ordinal": 0,
        "position": 1,
        "readiness_probe_exact": true,
        "ready_region": {
          "local_ms": 0.24345600605010986,
          "rank_max_ms": 0.24345600605010986,
          "rank_ms": [
            0.24345600605010986,
            0.15849600732326508,
            0.1841599941253662,
            0.1847040057182312
          ]
        },
        "sample_index": 58,
        "scheduled_start_arrival_ns_by_rank": [
          744783060352263,
          744783059781280,
          744783060068308,
          744783060182538
        ],
        "scheduled_start_target_ns_by_rank": [
          744783065352263,
          744783065352263,
          744783065352263,
          744783065352263
        ],
        "start_record_bracket_ns_by_rank": [
          [
            744783065354410,
            744783065410403
          ],
          [
            744783065353032,
            744783065380433
          ],
          [
            744783065353831,
            744783065406948
          ],
          [
            744783065353517,
            744783065396893
          ]
        ],
        "start_record_envelope_span_ns": 57371,
        "variant": 0
      },
      {
        "collective_only": {
          "local_ms": 0.05241600051522255,
          "rank_max_ms": 0.08364800363779068,
          "rank_ms": [
            0.05241600051522255,
            0.08364800363779068,
            0.05305600166320801,
            0.06800000369548798
          ]
        },
        "pair_attempt_id": 70,
        "pair_retry_ordinal": 2,
        "position": 0,
        "readiness_probe_exact": true,
        "ready_region": {
          "local_ms": 0.2707520127296448,
          "rank_max_ms": 0.2707520127296448,
          "rank_ms": [
            0.2707520127296448,
            0.16489599645137787,
            0.20192000269889832,
            0.19574399292469025
          ]
        },
        "sample_index": 59,
        "scheduled_start_arrival_ns_by_rank": [
          744783120441100,
          744783120142079,
          744783120541441,
          744783120612307
        ],
        "scheduled_start_target_ns_by_rank": [
          744783125612307,
          744783125612307,
          744783125612307,
          744783125612307
        ],
        "start_record_bracket_ns_by_rank": [
          [
            744783125614599,
            744783125668877
          ],
          [
            744783125612777,
            744783125637099
          ],
          [
            744783125614259,
            744783125668471
          ],
          [
            744783125613309,
            744783125651065
          ]
        ],
        "start_record_envelope_span_ns": 56100,
        "variant": 1
      },
      {
        "collective_only": {
          "local_ms": 0.04854400083422661,
          "rank_max_ms": 0.07622399926185608,
          "rank_ms": [
            0.04854400083422661,
            0.07622399926185608,
            0.06380800157785416,
            0.06518399715423584
          ]
        },
        "pair_attempt_id": 71,
        "pair_retry_ordinal": 0,
        "position": 1,
        "readiness_probe_exact": true,
        "ready_region": {
          "local_ms": 0.248416006565094,
          "rank_max_ms": 0.248416006565094,
          "rank_ms": [
            0.248416006565094,
            0.1518400013446808,
            0.15084800124168396,
            0.174112007021904
          ]
        },
        "sample_index": 60,
        "scheduled_start_arrival_ns_by_rank": [
          744783151495649,
          744783151148351,
          744783151378642,
          744783151544142
        ],
        "scheduled_start_target_ns_by_rank": [
          744783156544142,
          744783156544142,
          744783156544142,
          744783156544142
        ],
        "start_record_bracket_ns_by_rank": [
          [
            744783156547748,
            744783156597919
          ],
          [
            744783156544782,
            744783156568153
          ],
          [
            744783156545013,
            744783156581132
          ],
          [
            744783156544930,
            744783156579128
          ]
        ],
        "start_record_envelope_span_ns": 53137,
        "variant": 0
      },
      {
        "collective_only": {
          "local_ms": 0.03840000182390213,
          "rank_max_ms": 0.060575999319553375,
          "rank_ms": [
            0.03840000182390213,
            0.060575999319553375,
            0.04412800073623657,
            0.05366399884223938
          ]
        },
        "pair_attempt_id": 72,
        "pair_retry_ordinal": 0,
        "position": 0,
        "readiness_probe_exact": true,
        "ready_region": {
          "local_ms": 0.1924159973859787,
          "rank_max_ms": 0.1924159973859787,
          "rank_ms": [
            0.1924159973859787,
            0.12591999769210815,
            0.14582400023937225,
            0.14060799777507782
          ]
        },
        "sample_index": 61,
        "scheduled_start_arrival_ns_by_rank": [
          744783162428339,
          744783161896108,
          744783162132704,
          744783162147231
        ],
        "scheduled_start_target_ns_by_rank": [
          744783167428339,
          744783167428339,
          744783167428339,
          744783167428339
        ],
        "start_record_bracket_ns_by_rank": [
          [
            744783167430585,
            744783167471109
          ],
          [
            744783167428842,
            744783167449009
          ],
          [
            744783167429395,
            744783167465595
          ],
          [
            744783167429000,
            744783167455763
          ]
        ],
        "start_record_envelope_span_ns": 42267,
        "variant": 1
      },
      {
        "collective_only": {
          "local_ms": 0.04492799937725067,
          "rank_max_ms": 0.05955199897289276,
          "rank_ms": [
            0.04492799937725067,
            0.05955199897289276,
            0.03811199963092804,
            0.049984000623226166
          ]
        },
        "pair_attempt_id": 74,
        "pair_retry_ordinal": 1,
        "position": 1,
        "readiness_probe_exact": true,
        "ready_region": {
          "local_ms": 0.16457599401474,
          "rank_max_ms": 0.17260800302028656,
          "rank_ms": [
            0.16457599401474,
            0.13488000631332397,
            0.17260800302028656,
            0.14975999295711517
          ]
        },
        "sample_index": 62,
        "scheduled_start_arrival_ns_by_rank": [
          744783218455100,
          744783218032597,
          744783218134805,
          744783218537553
        ],
        "scheduled_start_target_ns_by_rank": [
          744783223537553,
          744783223537553,
          744783223537553,
          744783223537553
        ],
        "start_record_bracket_ns_by_rank": [
          [
            744783223538673,
            744783223574509
          ],
          [
            744783223538186,
            744783223558971
          ],
          [
            744783223539508,
            744783223582311
          ],
          [
            744783223538278,
            744783223568027
          ]
        ],
        "start_record_envelope_span_ns": 44125,
        "variant": 1
      },
      {
        "collective_only": {
          "local_ms": 0.03791999816894531,
          "rank_max_ms": 0.05967999994754791,
          "rank_ms": [
            0.03791999816894531,
            0.05967999994754791,
            0.04131200164556503,
            0.05104000121355057
          ]
        },
        "pair_attempt_id": 75,
        "pair_retry_ordinal": 0,
        "position": 0,
        "readiness_probe_exact": true,
        "ready_region": {
          "local_ms": 0.18080000579357147,
          "rank_max_ms": 0.18080000579357147,
          "rank_ms": [
            0.18080000579357147,
            0.13843199610710144,
            0.15695999562740326,
            0.15529599785804749
          ]
        },
        "sample_index": 63,
        "scheduled_start_arrival_ns_by_rank": [
          744783230394129,
          744783229590385,
          744783230411923,
          744783230273573
        ],
        "scheduled_start_target_ns_by_rank": [
          744783235411923,
          744783235411923,
          744783235411923,
          744783235411923
        ],
        "start_record_bracket_ns_by_rank": [
          [
            744783235414027,
            744783235454944
          ],
          [
            744783235412544,
            744783235434025
          ],
          [
            744783235413068,
            744783235453420
          ],
          [
            744783235412751,
            744783235443379
          ]
        ],
        "start_record_envelope_span_ns": 42400,
        "variant": 0
      },
      {
        "collective_only": {
          "local_ms": 0.03977600112557411,
          "rank_max_ms": 0.05612799897789955,
          "rank_ms": [
            0.03977600112557411,
            0.05612799897789955,
            0.03484800085425377,
            0.044096000492572784
          ]
        },
        "pair_attempt_id": 76,
        "pair_retry_ordinal": 0,
        "position": 1,
        "readiness_probe_exact": true,
        "ready_region": {
          "local_ms": 0.18860800564289093,
          "rank_max_ms": 0.18860800564289093,
          "rank_ms": [
            0.18860800564289093,
            0.1438080072402954,
            0.17286400496959686,
            0.1801919937133789
          ]
        },
        "sample_index": 64,
        "scheduled_start_arrival_ns_by_rank": [
          744783262074150,
          744783261430918,
          744783261672455,
          744783261777929
        ],
        "scheduled_start_target_ns_by_rank": [
          744783267074150,
          744783267074150,
          744783267074150,
          744783267074150
        ],
        "start_record_bracket_ns_by_rank": [
          [
            744783267075143,
            744783267110829
          ],
          [
            744783267074631,
            744783267093285
          ],
          [
            744783267075183,
            744783267114637
          ],
          [
            744783267074935,
            744783267107747
          ]
        ],
        "start_record_envelope_span_ns": 40006,
        "variant": 1
      },
      {
        "collective_only": {
          "local_ms": 0.04374400153756142,
          "rank_max_ms": 0.057920001447200775,
          "rank_ms": [
            0.04374400153756142,
            0.057920001447200775,
            0.038816001266241074,
            0.050335999578237534
          ]
        },
        "pair_attempt_id": 77,
        "pair_retry_ordinal": 0,
        "position": 0,
        "readiness_probe_exact": true,
        "ready_region": {
          "local_ms": 0.17030400037765503,
          "rank_max_ms": 0.17030400037765503,
          "rank_ms": [
            0.17030400037765503,
            0.14211200177669525,
            0.15919999778270721,
            0.15830400586128235
          ]
        },
        "sample_index": 65,
        "scheduled_start_arrival_ns_by_rank": [
          744783272110026,
          744783271968354,
          744783272079059,
          744783272312332
        ],
        "scheduled_start_target_ns_by_rank": [
          744783277312332,
          744783277312332,
          744783277312332,
          744783277312332
        ],
        "start_record_bracket_ns_by_rank": [
          [
            744783277313210,
            744783277351205
          ],
          [
            744783277312946,
            744783277338565
          ],
          [
            744783277313447,
            744783277357974
          ],
          [
            744783277313158,
            744783277346362
          ]
        ],
        "start_record_envelope_span_ns": 45028,
        "variant": 0
      },
      {
        "collective_only": {
          "local_ms": 0.05100800096988678,
          "rank_max_ms": 0.07081600278615952,
          "rank_ms": [
            0.05100800096988678,
            0.07081600278615952,
            0.0424639992415905,
            0.06723199784755707
          ]
        },
        "pair_attempt_id": 78,
        "pair_retry_ordinal": 0,
        "position": 1,
        "readiness_probe_exact": true,
        "ready_region": {
          "local_ms": 0.1863040030002594,
          "rank_max_ms": 0.19254399836063385,
          "rank_ms": [
            0.1863040030002594,
            0.1579200029373169,
            0.19254399836063385,
            0.14681600034236908
          ]
        },
        "sample_index": 66,
        "scheduled_start_arrival_ns_by_rank": [
          744783303427377,
          744783303624856,
          744783303466895,
          744783303489659
        ],
        "scheduled_start_target_ns_by_rank": [
          744783308624856,
          744783308624856,
          744783308624856,
          744783308624856
        ],
        "start_record_bracket_ns_by_rank": [
          [
            744783308625956,
            744783308667457
          ],
          [
            744783308625376,
            744783308649028
          ],
          [
            744783308626088,
            744783308676801
          ],
          [
            744783308625334,
            744783308652348
          ]
        ],
        "start_record_envelope_span_ns": 51467,
        "variant": 1
      },
      {
        "collective_only": {
          "local_ms": 0.054368000477552414,
          "rank_max_ms": 0.08329600095748901,
          "rank_ms": [
            0.054368000477552414,
            0.08329600095748901,
            0.041152000427246094,
            0.058687999844551086
          ]
        },
        "pair_attempt_id": 79,
        "pair_retry_ordinal": 0,
        "position": 0,
        "readiness_probe_exact": true,
        "ready_region": {
          "local_ms": 0.1603199988603592,
          "rank_max_ms": 0.1849599927663803,
          "rank_ms": [
            0.1603199988603592,
            0.16540800034999847,
            0.18435199558734894,
            0.1849599927663803
          ]
        },
        "sample_index": 67,
        "scheduled_start_arrival_ns_by_rank": [
          744783313168295,
          744783312601563,
          744783313043689,
          744783312348072
        ],
        "scheduled_start_target_ns_by_rank": [
          744783318168295,
          744783318168295,
          744783318168295,
          744783318168295
        ],
        "start_record_bracket_ns_by_rank": [
          [
            744783318168995,
            744783318219905
          ],
          [
            744783318168765,
            744783318191696
          ],
          [
            744783318169445,
            744783318233718
          ],
          [
            744783318169025,
            744783318216742
          ]
        ],
        "start_record_envelope_span_ns": 64953,
        "variant": 0
      },
      {
        "collective_only": {
          "local_ms": 0.03347200155258179,
          "rank_max_ms": 0.04940799996256828,
          "rank_ms": [
            0.03347200155258179,
            0.04831999912858009,
            0.03417599946260452,
            0.04940799996256828
          ]
        },
        "pair_attempt_id": 80,
        "pair_retry_ordinal": 0,
        "position": 1,
        "readiness_probe_exact": true,
        "ready_region": {
          "local_ms": 0.16486400365829468,
          "rank_max_ms": 0.16486400365829468,
          "rank_ms": [
            0.16486400365829468,
            0.13132800161838531,
            0.14230400323867798,
            0.11590400338172913
          ]
        },
        "sample_index": 68,
        "scheduled_start_arrival_ns_by_rank": [
          744783343626505,
          744783342841685,
          744783343136270,
          744783343138658
        ],
        "scheduled_start_target_ns_by_rank": [
          744783348626505,
          744783348626505,
          744783348626505,
          744783348626505
        ],
        "start_record_bracket_ns_by_rank": [
          [
            744783348627520,
            744783348660289
          ],
          [
            744783348627744,
            744783348646295
          ],
          [
            744783348627675,
            744783348661597
          ],
          [
            744783348627015,
            744783348644231
          ]
        ],
        "start_record_envelope_span_ns": 34582,
        "variant": 1
      },
      {
        "collective_only": {
          "local_ms": 0.04134399816393852,
          "rank_max_ms": 0.05859199911355972,
          "rank_ms": [
            0.04134399816393852,
            0.05859199911355972,
            0.03811199963092804,
            0.048767998814582825
          ]
        },
        "pair_attempt_id": 81,
        "pair_retry_ordinal": 0,
        "position": 0,
        "readiness_probe_exact": true,
        "ready_region": {
          "local_ms": 0.18377600610256195,
          "rank_max_ms": 0.18377600610256195,
          "rank_ms": [
            0.18377600610256195,
            0.14767999947071075,
            0.17846399545669556,
            0.16704000532627106
          ]
        },
        "sample_index": 69,
        "scheduled_start_arrival_ns_by_rank": [
          744783352920488,
          744783352703933,
          744783352602898,
          744783352439551
        ],
        "scheduled_start_target_ns_by_rank": [
          744783357920488,
          744783357920488,
          744783357920488,
          744783357920488
        ],
        "start_record_bracket_ns_by_rank": [
          [
            744783357921432,
            744783357958736
          ],
          [
            744783357920958,
            744783357941843
          ],
          [
            744783357921597,
            744783357961612
          ],
          [
            744783357921241,
            744783357951121
          ]
        ],
        "start_record_envelope_span_ns": 40654,
        "variant": 0
      },
      {
        "collective_only": {
          "local_ms": 0.04070400074124336,
          "rank_max_ms": 0.07158400118350983,
          "rank_ms": [
            0.04070400074124336,
            0.07158400118350983,
            0.05318399891257286,
            0.06809599697589874
          ]
        },
        "pair_attempt_id": 82,
        "pair_retry_ordinal": 0,
        "position": 1,
        "readiness_probe_exact": true,
        "ready_region": {
          "local_ms": 0.20742399990558624,
          "rank_max_ms": 0.20742399990558624,
          "rank_ms": [
            0.20742399990558624,
            0.15744000673294067,
            0.1754560023546219,
            0.14988799393177032
          ]
        },
        "sample_index": 70,
        "scheduled_start_arrival_ns_by_rank": [
          744783382603826,
          744783382309642,
          744783382519476,
          744783382190980
        ],
        "scheduled_start_target_ns_by_rank": [
          744783387603826,
          744783387603826,
          744783387603826,
          744783387603826
        ],
        "start_record_bracket_ns_by_rank": [
          [
            744783387612878,
            744783387658071
          ],
          [
            744783387604413,
            744783387627029
          ],
          [
            744783387604678,
            744783387649725
          ],
          [
            744783387604477,
            744783387630742
          ]
        ],
        "start_record_envelope_span_ns": 53658,
        "variant": 1
      },
      {
        "collective_only": {
          "local_ms": 0.048448000103235245,
          "rank_max_ms": 0.07062400132417679,
          "rank_ms": [
            0.048448000103235245,
            0.07062400132417679,
            0.04374400153756142,
            0.052799999713897705
          ]
        },
        "pair_attempt_id": 83,
        "pair_retry_ordinal": 0,
        "position": 0,
        "readiness_probe_exact": true,
        "ready_region": {
          "local_ms": 0.20627200603485107,
          "rank_max_ms": 0.20627200603485107,
          "rank_ms": [
            0.20627200603485107,
            0.15644800662994385,
            0.19379200041294098,
            0.1950400024652481
          ]
        },
        "sample_index": 71,
        "scheduled_start_arrival_ns_by_rank": [
          744783394642500,
          744783394088488,
          744783394535521,
          744783394153371
        ],
        "scheduled_start_target_ns_by_rank": [
          744783399642500,
          744783399642500,
          744783399642500,
          744783399642500
        ],
        "start_record_bracket_ns_by_rank": [
          [
            744783399643366,
            744783399688803
          ],
          [
            744783399643218,
            744783399667705
          ],
          [
            744783399643714,
            744783399695858
          ],
          [
            744783399643433,
            744783399684735
          ]
        ],
        "start_record_envelope_span_ns": 52640,
        "variant": 0
      },
      {
        "collective_only": {
          "local_ms": 0.05657599866390228,
          "rank_max_ms": 0.09318400174379349,
          "rank_ms": [
            0.05657599866390228,
            0.09318400174379349,
            0.06579200178384781,
            0.08953599631786346
          ]
        },
        "pair_attempt_id": 84,
        "pair_retry_ordinal": 0,
        "position": 1,
        "readiness_probe_exact": true,
        "ready_region": {
          "local_ms": 0.34006398916244507,
          "rank_max_ms": 0.34006398916244507,
          "rank_ms": [
            0.34006398916244507,
            0.1542080044746399,
            0.2181439995765686,
            0.14351999759674072
          ]
        },
        "sample_index": 72,
        "scheduled_start_arrival_ns_by_rank": [
          744783429912946,
          744783429682627,
          744783430651750,
          744783430306169
        ],
        "scheduled_start_target_ns_by_rank": [
          744783435651750,
          744783435651750,
          744783435651750,
          744783435651750
        ],
        "start_record_bracket_ns_by_rank": [
          [
            744783435656030,
            744783435715954
          ],
          [
            744783435652333,
            744783435675301
          ],
          [
            744783435653386,
            744783435703612
          ],
          [
            744783435652209,
            744783435676678
          ]
        ],
        "start_record_envelope_span_ns": 63745,
        "variant": 1
      },
      {
        "collective_only": {
          "local_ms": 0.05750399827957153,
          "rank_max_ms": 0.09241600334644318,
          "rank_ms": [
            0.05750399827957153,
            0.09241600334644318,
            0.07129599899053574,
            0.07443200051784515
          ]
        },
        "pair_attempt_id": 85,
        "pair_retry_ordinal": 0,
        "position": 0,
        "readiness_probe_exact": true,
        "ready_region": {
          "local_ms": 0.3030720055103302,
          "rank_max_ms": 0.3030720055103302,
          "rank_ms": [
            0.3030720055103302,
            0.1536639928817749,
            0.16624000668525696,
            0.2003519982099533
          ]
        },
        "sample_index": 73,
        "scheduled_start_arrival_ns_by_rank": [
          744783442062196,
          744783441749453,
          744783442290001,
          744783442163645
        ],
        "scheduled_start_target_ns_by_rank": [
          744783447290001,
          744783447290001,
          744783447290001,
          744783447290001
        ],
        "start_record_bracket_ns_by_rank": [
          [
            744783447293425,
            744783447355153
          ],
          [
            744783447290605,
            744783447315407
          ],
          [
            744783447290838,
            744783447336441
          ],
          [
            744783447290963,
            744783447331901
          ]
        ],
        "start_record_envelope_span_ns": 64548,
        "variant": 0
      },
      {
        "collective_only": {
          "local_ms": 0.041728001087903976,
          "rank_max_ms": 0.27875199913978577,
          "rank_ms": [
            0.041728001087903976,
            0.27875199913978577,
            0.25494399666786194,
            0.25782400369644165
          ]
        },
        "pair_attempt_id": 86,
        "pair_retry_ordinal": 0,
        "position": 1,
        "readiness_probe_exact": true,
        "ready_region": {
          "local_ms": 0.2685439884662628,
          "rank_max_ms": 0.2889600098133087,
          "rank_ms": [
            0.2685439884662628,
            0.2889600098133087,
            0.2651520073413849,
            0.2680320143699646
          ]
        },
        "sample_index": 74,
        "scheduled_start_arrival_ns_by_rank": [
          744783478857011,
          744783478142778,
          744783478779835,
          744783478538743
        ],
        "scheduled_start_target_ns_by_rank": [
          744783483857011,
          744783483857011,
          744783483857011,
          744783483857011
        ],
        "start_record_bracket_ns_by_rank": [
          [
            744783484065028,
            744783484117292
          ],
          [
            744783483857361,
            744783483880548
          ],
          [
            744783483858086,
            744783483907188
          ],
          [
            744783483857796,
            744783483898253
          ]
        ],
        "start_record_envelope_span_ns": 259931,
        "variant": 1
      },
      {
        "collective_only": {
          "local_ms": 0.04572800174355507,
          "rank_max_ms": 0.05939200147986412,
          "rank_ms": [
            0.04572800174355507,
            0.05939200147986412,
            0.0360959991812706,
            0.04585599899291992
          ]
        },
        "pair_attempt_id": 88,
        "pair_retry_ordinal": 1,
        "position": 0,
        "readiness_probe_exact": true,
        "ready_region": {
          "local_ms": 0.15849600732326508,
          "rank_max_ms": 0.1884160041809082,
          "rank_ms": [
            0.15849600732326508,
            0.150751993060112,
            0.1754239946603775,
            0.1884160041809082
          ]
        },
        "sample_index": 75,
        "scheduled_start_arrival_ns_by_rank": [
          744783513891252,
          744783513635756,
          744783514090214,
          744783513812188
        ],
        "scheduled_start_target_ns_by_rank": [
          744783519090214,
          744783519090214,
          744783519090214,
          744783519090214
        ],
        "start_record_bracket_ns_by_rank": [
          [
            744783519090897,
            744783519123580
          ],
          [
            744783519090689,
            744783519110489
          ],
          [
            744783519091347,
            744783519132945
          ],
          [
            744783519091293,
            744783519124339
          ]
        ],
        "start_record_envelope_span_ns": 42256,
        "variant": 1
      },
      {
        "collective_only": {
          "local_ms": 0.044576000422239304,
          "rank_max_ms": 0.06454399973154068,
          "rank_ms": [
            0.044576000422239304,
            0.06454399973154068,
            0.03961599990725517,
            0.047807998955249786
          ]
        },
        "pair_attempt_id": 91,
        "pair_retry_ordinal": 2,
        "position": 1,
        "readiness_probe_exact": true,
        "ready_region": {
          "local_ms": 0.2134079933166504,
          "rank_max_ms": 0.2134079933166504,
          "rank_ms": [
            0.2134079933166504,
            0.15036800503730774,
            0.19568000733852386,
            0.20377600193023682
          ]
        },
        "sample_index": 76,
        "scheduled_start_arrival_ns_by_rank": [
          744783596786664,
          744783596374102,
          744783596445655,
          744783596815452
        ],
        "scheduled_start_target_ns_by_rank": [
          744783601815452,
          744783601815452,
          744783601815452,
          744783601815452
        ],
        "start_record_bracket_ns_by_rank": [
          [
            744783601816638,
            744783601858046
          ],
          [
            744783601816050,
            744783601837871
          ],
          [
            744783601817204,
            744783601862790
          ],
          [
            744783601816580,
            744783601854479
          ]
        ],
        "start_record_envelope_span_ns": 46740,
        "variant": 0
      },
      {
        "collective_only": {
          "local_ms": 0.03977600112557411,
          "rank_max_ms": 0.1380160003900528,
          "rank_ms": [
            0.03977600112557411,
            0.1380160003900528,
            0.12086399644613266,
            0.13574400544166565
          ]
        },
        "pair_attempt_id": 93,
        "pair_retry_ordinal": 1,
        "position": 0,
        "readiness_probe_exact": true,
        "ready_region": {
          "local_ms": 0.24537600576877594,
          "rank_max_ms": 0.2704960107803345,
          "rank_ms": [
            0.24537600576877594,
            0.16569599509239197,
            0.2704960107803345,
            0.22518399357795715
          ]
        },
        "sample_index": 77,
        "scheduled_start_arrival_ns_by_rank": [
          744783632904101,
          744783632340942,
          744783632779644,
          744783632517220
        ],
        "scheduled_start_target_ns_by_rank": [
          744783637904101,
          744783637904101,
          744783637904101,
          744783637904101
        ],
        "start_record_bracket_ns_by_rank": [
          [
            744783637968505,
            744783638040139
          ],
          [
            744783637921574,
            744783637943726
          ],
          [
            744783637905165,
            744783637965192
          ],
          [
            744783637904896,
            744783637945832
          ]
        ],
        "start_record_envelope_span_ns": 135243,
        "variant": 0
      },
      {
        "collective_only": {
          "local_ms": 0.053888000547885895,
          "rank_max_ms": 0.07327999919652939,
          "rank_ms": [
            0.053888000547885895,
            0.07327999919652939,
            0.04464000090956688,
            0.05398400127887726
          ]
        },
        "pair_attempt_id": 94,
        "pair_retry_ordinal": 0,
        "position": 1,
        "readiness_probe_exact": true,
        "ready_region": {
          "local_ms": 0.185248002409935,
          "rank_max_ms": 0.2022400051355362,
          "rank_ms": [
            0.185248002409935,
            0.15539200603961945,
            0.19750399887561798,
            0.2022400051355362
          ]
        },
        "sample_index": 78,
        "scheduled_start_arrival_ns_by_rank": [
          744783666538882,
          744783666236626,
          744783666307013,
          744783666153041
        ],
        "scheduled_start_target_ns_by_rank": [
          744783671538882,
          744783671538882,
          744783671538882,
          744783671538882
        ],
        "start_record_bracket_ns_by_rank": [
          [
            744783671539894,
            744783671580370
          ],
          [
            744783671539506,
            744783671562777
          ],
          [
            744783671540481,
            744783671592558
          ],
          [
            744783671539979,
            744783671582006
          ]
        ],
        "start_record_envelope_span_ns": 53052,
        "variant": 1
      },
      {
        "collective_only": {
          "local_ms": 0.03993599861860275,
          "rank_max_ms": 0.05241600051522255,
          "rank_ms": [
            0.03993599861860275,
            0.05241600051522255,
            0.03372799977660179,
            0.041600000113248825
          ]
        },
        "pair_attempt_id": 95,
        "pair_retry_ordinal": 0,
        "position": 0,
        "readiness_probe_exact": true,
        "ready_region": {
          "local_ms": 0.1488640010356903,
          "rank_max_ms": 0.1528960019350052,
          "rank_ms": [
            0.1488640010356903,
            0.12787200510501862,
            0.1528960019350052,
            0.15199999511241913
          ]
        },
        "sample_index": 79,
        "scheduled_start_arrival_ns_by_rank": [
          744783678404695,
          744783678092806,
          744783678672323,
          744783678607919
        ],
        "scheduled_start_target_ns_by_rank": [
          744783683672323,
          744783683672323,
          744783683672323,
          744783683672323
        ],
        "start_record_bracket_ns_by_rank": [
          [
            744783683673057,
            744783683704927
          ],
          [
            744783683672830,
            744783683691546
          ],
          [
            744783683673316,
            744783683710022
          ],
          [
            744783683673101,
            744783683704192
          ]
        ],
        "start_record_envelope_span_ns": 37192,
        "variant": 0
      },
      {
        "collective_only": {
          "local_ms": 0.044576000422239304,
          "rank_max_ms": 0.06284800171852112,
          "rank_ms": [
            0.044576000422239304,
            0.06284800171852112,
            0.03868800029158592,
            0.04771199822425842
          ]
        },
        "pair_attempt_id": 96,
        "pair_retry_ordinal": 0,
        "position": 1,
        "readiness_probe_exact": true,
        "ready_region": {
          "local_ms": 0.17472000420093536,
          "rank_max_ms": 0.17472000420093536,
          "rank_ms": [
            0.17472000420093536,
            0.13849599659442902,
            0.1674560010433197,
            0.1706559956073761
          ]
        },
        "sample_index": 80,
        "scheduled_start_arrival_ns_by_rank": [
          744783711492921,
          744783710872563,
          744783711297175,
          744783711452404
        ],
        "scheduled_start_target_ns_by_rank": [
          744783716492921,
          744783716492921,
          744783716492921,
          744783716492921
        ],
        "start_record_bracket_ns_by_rank": [
          [
            744783716494018,
            744783716531758
          ],
          [
            744783716493445,
            744783716513762
          ],
          [
            744783716494321,
            744783716538575
          ],
          [
            744783716493746,
            744783716529255
          ]
        ],
        "start_record_envelope_span_ns": 45130,
        "variant": 1
      },
      {
        "collective_only": {
          "local_ms": 0.059647999703884125,
          "rank_max_ms": 0.09657599776983261,
          "rank_ms": [
            0.059647999703884125,
            0.09657599776983261,
            0.0761599987745285,
            0.0740479975938797
          ]
        },
        "pair_attempt_id": 99,
        "pair_retry_ordinal": 2,
        "position": 0,
        "readiness_probe_exact": true,
        "ready_region": {
          "local_ms": 0.34297600388526917,
          "rank_max_ms": 0.34297600388526917,
          "rank_ms": [
            0.34297600388526917,
            0.16278399527072906,
            0.1695999950170517,
            0.1953279972076416
          ]
        },
        "sample_index": 81,
        "scheduled_start_arrival_ns_by_rank": [
          744783775653358,
          744783774123570,
          744783775158621,
          744783775693384
        ],
        "scheduled_start_target_ns_by_rank": [
          744783780693384,
          744783780693384,
          744783780693384,
          744783780693384
        ],
        "start_record_bracket_ns_by_rank": [
          [
            744783780697641,
            744783780757499
          ],
          [
            744783780694007,
            744783780719722
          ],
          [
            744783780694275,
            744783780738575
          ],
          [
            744783780694442,
            744783780736076
          ]
        ],
        "start_record_envelope_span_ns": 63492,
        "variant": 0
      },
      {
        "collective_only": {
          "local_ms": 0.03836800158023834,
          "rank_max_ms": 0.06035200133919716,
          "rank_ms": [
            0.03836800158023834,
            0.06035200133919716,
            0.041919998824596405,
            0.041600000113248825
          ]
        },
        "pair_attempt_id": 100,
        "pair_retry_ordinal": 0,
        "position": 1,
        "readiness_probe_exact": true,
        "ready_region": {
          "local_ms": 0.19116799533367157,
          "rank_max_ms": 0.19116799533367157,
          "rank_ms": [
            0.19116799533367157,
            0.14166399836540222,
            0.16147199273109436,
            0.18403199315071106
          ]
        },
        "sample_index": 82,
        "scheduled_start_arrival_ns_by_rank": [
          744783808509308,
          744783807707322,
          744783808364900,
          744783808331907
        ],
        "scheduled_start_target_ns_by_rank": [
          744783813509308,
          744783813509308,
          744783813509308,
          744783813509308
        ],
        "start_record_bracket_ns_by_rank": [
          [
            744783813510533,
            744783813552314
          ],
          [
            744783813509769,
            744783813530298
          ],
          [
            744783813510312,
            744783813550695
          ],
          [
            744783813510369,
            744783813549041
          ]
        ],
        "start_record_envelope_span_ns": 42545,
        "variant": 1
      },
      {
        "collective_only": {
          "local_ms": 0.046911999583244324,
          "rank_max_ms": 0.07552000135183334,
          "rank_ms": [
            0.046911999583244324,
            0.07552000135183334,
            0.046751998364925385,
            0.05894400179386139
          ]
        },
        "pair_attempt_id": 102,
        "pair_retry_ordinal": 1,
        "position": 0,
        "readiness_probe_exact": true,
        "ready_region": {
          "local_ms": 0.2476159930229187,
          "rank_max_ms": 0.2476159930229187,
          "rank_ms": [
            0.2476159930229187,
            0.1592639982700348,
            0.1971520036458969,
            0.195360004901886
          ]
        },
        "sample_index": 83,
        "scheduled_start_arrival_ns_by_rank": [
          744783843695368,
          744783843102465,
          744783843684641,
          744783843129752
        ],
        "scheduled_start_target_ns_by_rank": [
          744783848695368,
          744783848695368,
          744783848695368,
          744783848695368
        ],
        "start_record_bracket_ns_by_rank": [
          [
            744783848696468,
            744783848746658
          ],
          [
            744783848695922,
            744783848719166
          ],
          [
            744783848696821,
            744783848750212
          ],
          [
            744783848696122,
            744783848736231
          ]
        ],
        "start_record_envelope_span_ns": 54290,
        "variant": 1
      },
      {
        "collective_only": {
          "local_ms": 0.054976001381874084,
          "rank_max_ms": 0.07744000107049942,
          "rank_ms": [
            0.054976001381874084,
            0.07744000107049942,
            0.05500800162553787,
            0.034143999218940735
          ]
        },
        "pair_attempt_id": 104,
        "pair_retry_ordinal": 1,
        "position": 1,
        "readiness_probe_exact": true,
        "ready_region": {
          "local_ms": 0.21542400121688843,
          "rank_max_ms": 0.21542400121688843,
          "rank_ms": [
            0.21542400121688843,
            0.16390399634838104,
            0.19174399971961975,
            0.1979839950799942
          ]
        },
        "sample_index": 84,
        "scheduled_start_arrival_ns_by_rank": [
          744783900514509,
          744783900502588,
          744783901078912,
          744783900889026
        ],
        "scheduled_start_target_ns_by_rank": [
          744783906078912,
          744783906078912,
          744783906078912,
          744783906078912
        ],
        "start_record_bracket_ns_by_rank": [
          [
            744783906079881,
            744783906122708
          ],
          [
            744783906079557,
            744783906099732
          ],
          [
            744783906080628,
            744783906124062
          ],
          [
            744783906106888,
            744783906141644
          ]
        ],
        "start_record_envelope_span_ns": 62087,
        "variant": 1
      },
      {
        "collective_only": {
          "local_ms": 0.06115199998021126,
          "rank_max_ms": 0.23529599606990814,
          "rank_ms": [
            0.06115199998021126,
            0.23529599606990814,
            0.03683200106024742,
            0.08022399991750717
          ]
        },
        "pair_attempt_id": 105,
        "pair_retry_ordinal": 0,
        "position": 0,
        "readiness_probe_exact": true,
        "ready_region": {
          "local_ms": 0.17132799327373505,
          "rank_max_ms": 0.24480000138282776,
          "rank_ms": [
            0.17132799327373505,
            0.24480000138282776,
            0.1635199934244156,
            0.17046399414539337
          ]
        },
        "sample_index": 85,
        "scheduled_start_arrival_ns_by_rank": [
          744783911536345,
          744783911497610,
          744783911525375,
          744783911585420
        ],
        "scheduled_start_target_ns_by_rank": [
          744783916585420,
          744783916585420,
          744783916585420,
          744783916585420
        ],
        "start_record_bracket_ns_by_rank": [
          [
            744783916744611,
            744783916782254
          ],
          [
            744783916585837,
            744783916606304
          ],
          [
            744783916762386,
            744783916804170
          ],
          [
            744783916725665,
            744783916760906
          ]
        ],
        "start_record_envelope_span_ns": 218333,
        "variant": 0
      },
      {
        "collective_only": {
          "local_ms": 0.05084799975156784,
          "rank_max_ms": 0.07878399640321732,
          "rank_ms": [
            0.05084799975156784,
            0.07878399640321732,
            0.049855999648571014,
            0.03759999945759773
          ]
        },
        "pair_attempt_id": 106,
        "pair_retry_ordinal": 0,
        "position": 1,
        "readiness_probe_exact": true,
        "ready_region": {
          "local_ms": 0.24428799748420715,
          "rank_max_ms": 0.5135040283203125,
          "rank_ms": [
            0.24428799748420715,
            0.15929600596427917,
            0.5135040283203125,
            0.1927040070295334
          ]
        },
        "sample_index": 86,
        "scheduled_start_arrival_ns_by_rank": [
          744783944293772,
          744783943652394,
          744783943710745,
          744783943979885
        ],
        "scheduled_start_target_ns_by_rank": [
          744783949293772,
          744783949293772,
          744783949293772,
          744783949293772
        ],
        "start_record_bracket_ns_by_rank": [
          [
            744783949295264,
            744783949346646
          ],
          [
            744783949294232,
            744783949317477
          ],
          [
            744783949296066,
            744783949348677
          ],
          [
            744783949316575,
            744783949357343
          ]
        ],
        "start_record_envelope_span_ns": 63111,
        "variant": 1
      },
      {
        "collective_only": {
          "local_ms": 0.04934399947524071,
          "rank_max_ms": 0.06860800087451935,
          "rank_ms": [
            0.04934399947524071,
            0.06860800087451935,
            0.04217600077390671,
            0.052032001316547394
          ]
        },
        "pair_attempt_id": 107,
        "pair_retry_ordinal": 0,
        "position": 0,
        "readiness_probe_exact": true,
        "ready_region": {
          "local_ms": 0.23296000063419342,
          "rank_max_ms": 0.25574401021003723,
          "rank_ms": [
            0.23296000063419342,
            0.15520000457763672,
            0.25574401021003723,
            0.22444799542427063
          ]
        },
        "sample_index": 87,
        "scheduled_start_arrival_ns_by_rank": [
          744783954820903,
          744783954440105,
          744783954637800,
          744783954782863
        ],
        "scheduled_start_target_ns_by_rank": [
          744783959820903,
          744783959820903,
          744783959820903,
          744783959820903
        ],
        "start_record_bracket_ns_by_rank": [
          [
            744783959821811,
            744783959865362
          ],
          [
            744783959821268,
            744783959844586
          ],
          [
            744783959821781,
            744783959873098
          ],
          [
            744783959821730,
            744783959862278
          ]
        ],
        "start_record_envelope_span_ns": 51830,
        "variant": 0
      },
      {
        "collective_only": {
          "local_ms": 0.04383999854326248,
          "rank_max_ms": 0.06067200005054474,
          "rank_ms": [
            0.04383999854326248,
            0.06067200005054474,
            0.04416000097990036,
            0.047968000173568726
          ]
        },
        "pair_attempt_id": 110,
        "pair_retry_ordinal": 2,
        "position": 1,
        "readiness_probe_exact": true,
        "ready_region": {
          "local_ms": 0.18377600610256195,
          "rank_max_ms": 0.18377600610256195,
          "rank_ms": [
            0.18377600610256195,
            0.14351999759674072,
            0.17472000420093536,
            0.173567995429039
          ]
        },
        "sample_index": 88,
        "scheduled_start_arrival_ns_by_rank": [
          744784035120219,
          744784034756154,
          744784035122712,
          744784034981050
        ],
        "scheduled_start_target_ns_by_rank": [
          744784040122712,
          744784040122712,
          744784040122712,
          744784040122712
        ],
        "start_record_bracket_ns_by_rank": [
          [
            744784040123791,
            744784040159095
          ],
          [
            744784040123190,
            744784040142829
          ],
          [
            744784040124569,
            744784040165611
          ],
          [
            744784040123677,
            744784040155640
          ]
        ],
        "start_record_envelope_span_ns": 42421,
        "variant": 1
      },
      {
        "collective_only": {
          "local_ms": 0.06217600032687187,
          "rank_max_ms": 0.39260798692703247,
          "rank_ms": [
            0.06217600032687187,
            0.39260798692703247,
            0.38655999302864075,
            0.03728000074625015
          ]
        },
        "pair_attempt_id": 111,
        "pair_retry_ordinal": 0,
        "position": 0,
        "readiness_probe_exact": true,
        "ready_region": {
          "local_ms": 0.19939200580120087,
          "rank_max_ms": 0.4025599956512451,
          "rank_ms": [
            0.19939200580120087,
            0.4025599956512451,
            0.3965759873390198,
            0.19273599982261658
          ]
        },
        "sample_index": 89,
        "scheduled_start_arrival_ns_by_rank": [
          744784047901162,
          744784047230069,
          744784047835122,
          744784048105296
        ],
        "scheduled_start_target_ns_by_rank": [
          744784053105296,
          744784053105296,
          744784053105296,
          744784053105296
        ],
        "start_record_bracket_ns_by_rank": [
          [
            744784053438434,
            744784053482575
          ],
          [
            744784053127805,
            744784053153416
          ],
          [
            744784053106291,
            744784053161319
          ],
          [
            744784053466219,
            744784053507013
          ]
        ],
        "start_record_envelope_span_ns": 400722,
        "variant": 0
      },
      {
        "collective_only": {
          "local_ms": 0.04249599948525429,
          "rank_max_ms": 0.06358399987220764,
          "rank_ms": [
            0.04249599948525429,
            0.06358399987220764,
            0.04649600014090538,
            0.049375999718904495
          ]
        },
        "pair_attempt_id": 112,
        "pair_retry_ordinal": 0,
        "position": 1,
        "readiness_probe_exact": true,
        "ready_region": {
          "local_ms": 0.20547200739383698,
          "rank_max_ms": 0.20547200739383698,
          "rank_ms": [
            0.20547200739383698,
            0.15638400614261627,
            0.16448000073432922,
            0.18611200153827667
          ]
        },
        "sample_index": 90,
        "scheduled_start_arrival_ns_by_rank": [
          744784082938853,
          744784082888622,
          744784083258303,
          744784083077829
        ],
        "scheduled_start_target_ns_by_rank": [
          744784088258303,
          744784088258303,
          744784088258303,
          744784088258303
        ],
        "start_record_bracket_ns_by_rank": [
          [
            744784088259548,
            744784088304797
          ],
          [
            744784088258792,
            744784088283525
          ],
          [
            744784088259208,
            744784088301953
          ],
          [
            744784088259142,
            744784088296613
          ]
        ],
        "start_record_envelope_span_ns": 46005,
        "variant": 1
      },
      {
        "collective_only": {
          "local_ms": 0.03862399980425835,
          "rank_max_ms": 0.05129599943757057,
          "rank_ms": [
            0.03862399980425835,
            0.05129599943757057,
            0.03356799855828285,
            0.03788800165057182
          ]
        },
        "pair_attempt_id": 113,
        "pair_retry_ordinal": 0,
        "position": 0,
        "readiness_probe_exact": true,
        "ready_region": {
          "local_ms": 0.15356799960136414,
          "rank_max_ms": 0.15785600244998932,
          "rank_ms": [
            0.15356799960136414,
            0.1308159977197647,
            0.14905600249767303,
            0.15785600244998932
          ]
        },
        "sample_index": 91,
        "scheduled_start_arrival_ns_by_rank": [
          744784095285117,
          744784095034834,
          744784094786034,
          744784094413457
        ],
        "scheduled_start_target_ns_by_rank": [
          744784100285117,
          744784100285117,
          744784100285117,
          744784100285117
        ],
        "start_record_bracket_ns_by_rank": [
          [
            744784100286018,
            744784100317778
          ],
          [
            744784100285721,
            744784100305974
          ],
          [
            744784100286236,
            744784100322124
          ],
          [
            744784100285999,
            744784100317376
          ]
        ],
        "start_record_envelope_span_ns": 36403,
        "variant": 0
      },
      {
        "collective_only": {
          "local_ms": 0.07699199765920639,
          "rank_max_ms": 0.08422400057315826,
          "rank_ms": [
            0.07699199765920639,
            0.08422400057315826,
            0.0560000017285347,
            0.03731200098991394
          ]
        },
        "pair_attempt_id": 115,
        "pair_retry_ordinal": 1,
        "position": 1,
        "readiness_probe_exact": true,
        "ready_region": {
          "local_ms": 0.14860799908638,
          "rank_max_ms": 0.2263679951429367,
          "rank_ms": [
            0.14860799908638,
            0.15721599757671356,
            0.19280000030994415,
            0.2263679951429367
          ]
        },
        "sample_index": 92,
        "scheduled_start_arrival_ns_by_rank": [
          744784153506209,
          744784153476547,
          744784153659294,
          744784153754138
        ],
        "scheduled_start_target_ns_by_rank": [
          744784158754138,
          744784158754138,
          744784158754138,
          744784158754138
        ],
        "start_record_bracket_ns_by_rank": [
          [
            744784158754498,
            744784158782363
          ],
          [
            744784158754516,
            744784158777045
          ],
          [
            744784158756899,
            744784158807524
          ],
          [
            744784158780460,
            744784158821371
          ]
        ],
        "start_record_envelope_span_ns": 66873,
        "variant": 0
      },
      {
        "collective_only": {
          "local_ms": 0.06191999837756157,
          "rank_max_ms": 0.10547199845314026,
          "rank_ms": [
            0.06191999837756157,
            0.10547199845314026,
            0.0459199994802475,
            0.0681919977068901
          ]
        },
        "pair_attempt_id": 116,
        "pair_retry_ordinal": 0,
        "position": 0,
        "readiness_probe_exact": true,
        "ready_region": {
          "local_ms": 0.22489599883556366,
          "rank_max_ms": 0.22489599883556366,
          "rank_ms": [
            0.22489599883556366,
            0.1600639969110489,
            0.2126079946756363,
            0.2133760005235672
          ]
        },
        "sample_index": 93,
        "scheduled_start_arrival_ns_by_rank": [
          744784165528414,
          744784164821708,
          744784165424519,
          744784165971139
        ],
        "scheduled_start_target_ns_by_rank": [
          744784170971139,
          744784170971139,
          744784170971139,
          744784170971139
        ],
        "start_record_bracket_ns_by_rank": [
          [
            744784170972044,
            744784171037348
          ],
          [
            744784170971466,
            744784170993691
          ],
          [
            744784170972290,
            744784171056988
          ],
          [
            744784170971833,
            744784171032854
          ]
        ],
        "start_record_envelope_span_ns": 85522,
        "variant": 1
      },
      {
        "collective_only": {
          "local_ms": 0.04771199822425842,
          "rank_max_ms": 0.06771200150251389,
          "rank_ms": [
            0.04771199822425842,
            0.06771200150251389,
            0.04054399952292442,
            0.053247999399900436
          ]
        },
        "pair_attempt_id": 118,
        "pair_retry_ordinal": 1,
        "position": 1,
        "readiness_probe_exact": true,
        "ready_region": {
          "local_ms": 0.1958400011062622,
          "rank_max_ms": 0.1958400011062622,
          "rank_ms": [
            0.1958400011062622,
            0.13996799290180206,
            0.18214400112628937,
            0.1748799979686737
          ]
        },
        "sample_index": 94,
        "scheduled_start_arrival_ns_by_rank": [
          744784223681145,
          744784223164038,
          744784223353936,
          744784223524046
        ],
        "scheduled_start_target_ns_by_rank": [
          744784228681145,
          744784228681145,
          744784228681145,
          744784228681145
        ],
        "start_record_bracket_ns_by_rank": [
          [
            744784228682275,
            744784228723830
          ],
          [
            744784228681621,
            744784228702663
          ],
          [
            744784228682947,
            744784228730731
          ],
          [
            744784228682005,
            744784228716080
          ]
        ],
        "start_record_envelope_span_ns": 49110,
        "variant": 1
      },
      {
        "collective_only": {
          "local_ms": 0.035711999982595444,
          "rank_max_ms": 0.05833600088953972,
          "rank_ms": [
            0.035711999982595444,
            0.05833600088953972,
            0.04291199892759323,
            0.04214400053024292
          ]
        },
        "pair_attempt_id": 119,
        "pair_retry_ordinal": 0,
        "position": 0,
        "readiness_probe_exact": true,
        "ready_region": {
          "local_ms": 0.18905599415302277,
          "rank_max_ms": 0.18905599415302277,
          "rank_ms": [
            0.18905599415302277,
            0.1472640037536621,
            0.1517760008573532,
            0.18620799481868744
          ]
        },
        "sample_index": 95,
        "scheduled_start_arrival_ns_by_rank": [
          744784234239323,
          744784233864746,
          744784234276557,
          744784234257663
        ],
        "scheduled_start_target_ns_by_rank": [
          744784239276557,
          744784239276557,
          744784239276557,
          744784239276557
        ],
        "start_record_bracket_ns_by_rank": [
          [
            744784239277867,
            744784239319977
          ],
          [
            744784239277152,
            744784239300223
          ],
          [
            744784239277363,
            744784239316363
          ],
          [
            744784239277593,
            744784239316152
          ]
        ],
        "start_record_envelope_span_ns": 42825,
        "variant": 0
      },
      {
        "collective_only": {
          "local_ms": 0.04016000032424927,
          "rank_max_ms": 0.06339199841022491,
          "rank_ms": [
            0.04016000032424927,
            0.06339199841022491,
            0.04012800008058548,
            0.043296001851558685
          ]
        },
        "pair_attempt_id": 120,
        "pair_retry_ordinal": 0,
        "position": 1,
        "readiness_probe_exact": true,
        "ready_region": {
          "local_ms": 0.19363200664520264,
          "rank_max_ms": 0.19363200664520264,
          "rank_ms": [
            0.19363200664520264,
            0.14822399616241455,
            0.17532800137996674,
            0.17708800733089447
          ]
        },
        "sample_index": 96,
        "scheduled_start_arrival_ns_by_rank": [
          744784268588245,
          744784267709338,
          744784268278886,
          744784268430415
        ],
        "scheduled_start_target_ns_by_rank": [
          744784273588245,
          744784273588245,
          744784273588245,
          744784273588245
        ],
        "start_record_bracket_ns_by_rank": [
          [
            744784273589512,
            744784273631547
          ],
          [
            744784273588657,
            744784273608918
          ],
          [
            744784273589176,
            744784273632647
          ],
          [
            744784273588946,
            744784273625446
          ]
        ],
        "start_record_envelope_span_ns": 43990,
        "variant": 1
      },
      {
        "collective_only": {
          "local_ms": 0.03791999816894531,
          "rank_max_ms": 0.05881600081920624,
          "rank_ms": [
            0.03791999816894531,
            0.05881600081920624,
            0.04278400167822838,
            0.043296001851558685
          ]
        },
        "pair_attempt_id": 121,
        "pair_retry_ordinal": 0,
        "position": 0,
        "readiness_probe_exact": true,
        "ready_region": {
          "local_ms": 0.1871359944343567,
          "rank_max_ms": 0.18771199882030487,
          "rank_ms": [
            0.1871359944343567,
            0.1504960060119629,
            0.1573439985513687,
            0.18771199882030487
          ]
        },
        "sample_index": 97,
        "scheduled_start_arrival_ns_by_rank": [
          744784280922448,
          744784280707376,
          744784280960972,
          744784281246528
        ],
        "scheduled_start_target_ns_by_rank": [
          744784286246528,
          744784286246528,
          744784286246528,
          744784286246528
        ],
        "start_record_bracket_ns_by_rank": [
          [
            744784286247638,
            744784286288964
          ],
          [
            744784286247136,
            744784286270909
          ],
          [
            744784286247592,
            744784286288228
          ],
          [
            744784286247579,
            744784286285739
          ]
        ],
        "start_record_envelope_span_ns": 41828,
        "variant": 0
      },
      {
        "collective_only": {
          "local_ms": 0.056671999394893646,
          "rank_max_ms": 0.24409599602222443,
          "rank_ms": [
            0.056671999394893646,
            0.24409599602222443,
            0.2280000001192093,
            0.2242880016565323
          ]
        },
        "pair_attempt_id": 122,
        "pair_retry_ordinal": 0,
        "position": 1,
        "readiness_probe_exact": true,
        "ready_region": {
          "local_ms": 0.3614400029182434,
          "rank_max_ms": 0.3614400029182434,
          "rank_ms": [
            0.3614400029182434,
            0.2542720139026642,
            0.23824000358581543,
            0.23449599742889404
          ]
        },
        "sample_index": 98,
        "scheduled_start_arrival_ns_by_rank": [
          744784314506868,
          744784314360307,
          744784314342907,
          744784314710634
        ],
        "scheduled_start_target_ns_by_rank": [
          744784319710634,
          744784319710634,
          744784319710634,
          744784319710634
        ],
        "start_record_bracket_ns_by_rank": [
          [
            744784319776345,
            744784319924085
          ],
          [
            744784319711123,
            744784319733539
          ],
          [
            744784319711559,
            744784319751673
          ],
          [
            744784319711837,
            744784319753452
          ]
        ],
        "start_record_envelope_span_ns": 212962,
        "variant": 1
      },
      {
        "collective_only": {
          "local_ms": 0.04156799986958504,
          "rank_max_ms": 0.05878400057554245,
          "rank_ms": [
            0.04156799986958504,
            0.05878400057554245,
            0.03734400123357773,
            0.044096000492572784
          ]
        },
        "pair_attempt_id": 123,
        "pair_retry_ordinal": 0,
        "position": 0,
        "readiness_probe_exact": true,
        "ready_region": {
          "local_ms": 0.20367999374866486,
          "rank_max_ms": 0.22259199619293213,
          "rank_ms": [
            0.20367999374866486,
            0.13254399597644806,
            0.22259199619293213,
            0.19072000682353973
          ]
        },
        "sample_index": 99,
        "scheduled_start_arrival_ns_by_rank": [
          744784325401996,
          744784325436585,
          744784325832896,
          744784325555523
        ],
        "scheduled_start_target_ns_by_rank": [
          744784330832896,
          744784330832896,
          744784330832896,
          744784330832896
        ],
        "start_record_bracket_ns_by_rank": [
          [
            744784330833729,
            744784330870838
          ],
          [
            744784330833335,
            744784330854210
          ],
          [
            744784330833793,
            744784330875369
          ],
          [
            744784330833805,
            744784330868002
          ]
        ],
        "start_record_envelope_span_ns": 42034,
        "variant": 0
      }
    ],
    "measured_order": [
      [
        "reference",
        "candidate"
      ],
      [
        "candidate",
        "reference"
      ],
      [
        "reference",
        "candidate"
      ],
      [
        "candidate",
        "reference"
      ],
      [
        "reference",
        "candidate"
      ],
      [
        "candidate",
        "reference"
      ],
      [
        "reference",
        "candidate"
      ],
      [
        "candidate",
        "reference"
      ],
      [
        "reference",
        "candidate"
      ],
      [
        "candidate",
        "reference"
      ],
      [
        "reference",
        "candidate"
      ],
      [
        "candidate",
        "reference"
      ],
      [
        "reference",
        "candidate"
      ],
      [
        "candidate",
        "reference"
      ],
      [
        "reference",
        "candidate"
      ],
      [
        "candidate",
        "reference"
      ],
      [
        "reference",
        "candidate"
      ],
      [
        "candidate",
        "reference"
      ],
      [
        "reference",
        "candidate"
      ],
      [
        "candidate",
        "reference"
      ],
      [
        "reference",
        "candidate"
      ],
      [
        "candidate",
        "reference"
      ],
      [
        "reference",
        "candidate"
      ],
      [
        "candidate",
        "reference"
      ],
      [
        "reference",
        "candidate"
      ],
      [
        "candidate",
        "reference"
      ],
      [
        "reference",
        "candidate"
      ],
      [
        "candidate",
        "reference"
      ],
      [
        "reference",
        "candidate"
      ],
      [
        "candidate",
        "reference"
      ],
      [
        "reference",
        "candidate"
      ],
      [
        "candidate",
        "reference"
      ],
      [
        "reference",
        "candidate"
      ],
      [
        "candidate",
        "reference"
      ],
      [
        "reference",
        "candidate"
      ],
      [
        "candidate",
        "reference"
      ],
      [
        "reference",
        "candidate"
      ],
      [
        "candidate",
        "reference"
      ],
      [
        "reference",
        "candidate"
      ],
      [
        "candidate",
        "reference"
      ],
      [
        "reference",
        "candidate"
      ],
      [
        "candidate",
        "reference"
      ],
      [
        "reference",
        "candidate"
      ],
      [
        "candidate",
        "reference"
      ],
      [
        "reference",
        "candidate"
      ],
      [
        "candidate",
        "reference"
      ],
      [
        "reference",
        "candidate"
      ],
      [
        "candidate",
        "reference"
      ],
      [
        "reference",
        "candidate"
      ],
      [
        "candidate",
        "reference"
      ],
      [
        "reference",
        "candidate"
      ],
      [
        "candidate",
        "reference"
      ],
      [
        "reference",
        "candidate"
      ],
      [
        "candidate",
        "reference"
      ],
      [
        "reference",
        "candidate"
      ],
      [
        "candidate",
        "reference"
      ],
      [
        "reference",
        "candidate"
      ],
      [
        "candidate",
        "reference"
      ],
      [
        "reference",
        "candidate"
      ],
      [
        "candidate",
        "reference"
      ],
      [
        "reference",
        "candidate"
      ],
      [
        "candidate",
        "reference"
      ],
      [
        "reference",
        "candidate"
      ],
      [
        "candidate",
        "reference"
      ],
      [
        "reference",
        "candidate"
      ],
      [
        "candidate",
        "reference"
      ],
      [
        "reference",
        "candidate"
      ],
      [
        "candidate",
        "reference"
      ],
      [
        "reference",
        "candidate"
      ],
      [
        "candidate",
        "reference"
      ],
      [
        "reference",
        "candidate"
      ],
      [
        "candidate",
        "reference"
      ],
      [
        "reference",
        "candidate"
      ],
      [
        "candidate",
        "reference"
      ],
      [
        "reference",
        "candidate"
      ],
      [
        "candidate",
        "reference"
      ],
      [
        "reference",
        "candidate"
      ],
      [
        "candidate",
        "reference"
      ],
      [
        "reference",
        "candidate"
      ],
      [
        "candidate",
        "reference"
      ],
      [
        "reference",
        "candidate"
      ],
      [
        "candidate",
        "reference"
      ],
      [
        "reference",
        "candidate"
      ],
      [
        "candidate",
        "reference"
      ],
      [
        "reference",
        "candidate"
      ],
      [
        "candidate",
        "reference"
      ],
      [
        "reference",
        "candidate"
      ],
      [
        "candidate",
        "reference"
      ],
      [
        "reference",
        "candidate"
      ],
      [
        "candidate",
        "reference"
      ],
      [
        "reference",
        "candidate"
      ],
      [
        "candidate",
        "reference"
      ],
      [
        "reference",
        "candidate"
      ],
      [
        "candidate",
        "reference"
      ],
      [
        "reference",
        "candidate"
      ],
      [
        "candidate",
        "reference"
      ],
      [
        "reference",
        "candidate"
      ],
      [
        "candidate",
        "reference"
      ],
      [
        "reference",
        "candidate"
      ],
      [
        "candidate",
        "reference"
      ]
    ],
    "measurement_attempts": [
      {
        "accepted": true,
        "attempt_id": 0,
        "logical_pair_index": 0,
        "order": [
          "reference",
          "candidate"
        ],
        "rejection_reasons": [],
        "retry_ordinal": 0,
        "samples": {
          "candidate": {
            "collective_only": {
              "local_ms": 0.03625600039958954,
              "rank_max_ms": 0.45660799741744995,
              "rank_ms": [
                0.03625600039958954,
                0.45660799741744995,
                0.309471994638443,
                0.37830400466918945
              ]
            },
            "pair_attempt_id": 0,
            "pair_retry_ordinal": 0,
            "position": 1,
            "readiness_probe_exact": true,
            "ready_region": {
              "local_ms": 0.18569600582122803,
              "rank_max_ms": 0.46691200137138367,
              "rank_ms": [
                0.18569600582122803,
                0.46691200137138367,
                0.31939199566841125,
                0.3882240056991577
              ]
            },
            "sample_index": 0,
            "scheduled_start_arrival_ns_by_rank": [
              744781551291572,
              744781551242928,
              744781551270938,
              744781551061186
            ],
            "scheduled_start_target_ns_by_rank": [
              744781556291572,
              744781556291572,
              744781556291572,
              744781556291572
            ],
            "start_record_bracket_ns_by_rank": [
              [
                744781557493912,
                744781557534819
              ],
              [
                744781557094374,
                744781557114991
              ],
              [
                744781557222848,
                744781557264463
              ],
              [
                744781557158321,
                744781557223526
              ]
            ],
            "start_record_envelope_span_ns": 440445,
            "variant": 1
          },
          "reference": {
            "collective_only": {
              "local_ms": 0.43878400325775146,
              "rank_max_ms": 0.5095999836921692,
              "rank_ms": [
                0.43878400325775146,
                0.5095999836921692,
                0.049375999718904495,
                0.0721919983625412
              ]
            },
            "pair_attempt_id": 0,
            "pair_retry_ordinal": 0,
            "position": 0,
            "readiness_probe_exact": true,
            "ready_region": {
              "local_ms": 0.4485760033130646,
              "rank_max_ms": 0.519648015499115,
              "rank_ms": [
                0.4485760033130646,
                0.519648015499115,
                0.23664000630378723,
                0.23532800376415253
              ]
            },
            "sample_index": 0,
            "scheduled_start_arrival_ns_by_rank": [
              744781537996412,
              744781537983674,
              744781537996084,
              744781538362575
            ],
            "scheduled_start_target_ns_by_rank": [
              744781543362575,
              744781543362575,
              744781543362575,
              744781543362575
            ],
            "start_record_bracket_ns_by_rank": [
              [
                744781543654095,
                744781543695356
              ],
              [
                744781543601600,
                744781543624184
              ],
              [
                744781543992354,
                744781544087503
              ],
              [
                744781544022120,
                744781544063096
              ]
            ],
            "start_record_envelope_span_ns": 485903,
            "variant": 1
          }
        },
        "variant": 1
      },
      {
        "accepted": true,
        "attempt_id": 1,
        "logical_pair_index": 1,
        "order": [
          "candidate",
          "reference"
        ],
        "rejection_reasons": [],
        "retry_ordinal": 0,
        "samples": {
          "candidate": {
            "collective_only": {
              "local_ms": 0.0488319993019104,
              "rank_max_ms": 0.06800000369548798,
              "rank_ms": [
                0.0488319993019104,
                0.06800000369548798,
                0.043776001781225204,
                0.05286400020122528
              ]
            },
            "pair_attempt_id": 1,
            "pair_retry_ordinal": 0,
            "position": 0,
            "readiness_probe_exact": true,
            "ready_region": {
              "local_ms": 0.2008959949016571,
              "rank_max_ms": 0.2008959949016571,
              "rank_ms": [
                0.2008959949016571,
                0.1576319932937622,
                0.19494399428367615,
                0.19235199689865112
              ]
            },
            "sample_index": 1,
            "scheduled_start_arrival_ns_by_rank": [
              744781563469668,
              744781563089021,
              744781563643181,
              744781563335609
            ],
            "scheduled_start_target_ns_by_rank": [
              744781568643181,
              744781568643181,
              744781568643181,
              744781568643181
            ],
            "start_record_bracket_ns_by_rank": [
              [
                744781568644560,
                744781568687657
              ],
              [
                744781568643668,
                744781568668896
              ],
              [
                744781568644253,
                744781568694221
              ],
              [
                744781568644237,
                744781568684216
              ]
            ],
            "start_record_envelope_span_ns": 50553,
            "variant": 0
          },
          "reference": {
            "collective_only": {
              "local_ms": 0.06239999830722809,
              "rank_max_ms": 0.06937599927186966,
              "rank_ms": [
                0.06239999830722809,
                0.03407999873161316,
                0.06035200133919716,
                0.06937599927186966
              ]
            },
            "pair_attempt_id": 1,
            "pair_retry_ordinal": 0,
            "position": 1,
            "readiness_probe_exact": true,
            "ready_region": {
              "local_ms": 0.20457600057125092,
              "rank_max_ms": 0.20457600057125092,
              "rank_ms": [
                0.20457600057125092,
                0.14627200365066528,
                0.18643200397491455,
                0.18323199450969696
              ]
            },
            "sample_index": 1,
            "scheduled_start_arrival_ns_by_rank": [
              744781575807127,
              744781575453594,
              744781575431124,
              744781575621245
            ],
            "scheduled_start_target_ns_by_rank": [
              744781580807127,
              744781580807127,
              744781580807127,
              744781580807127
            ],
            "start_record_bracket_ns_by_rank": [
              [
                744781580808193,
                744781580846772
              ],
              [
                744781580807673,
                744781580875991
              ],
              [
                744781580808148,
                744781580849933
              ],
              [
                744781580808128,
                744781580840667
              ]
            ],
            "start_record_envelope_span_ns": 68318,
            "variant": 0
          }
        },
        "variant": 0
      },
      {
        "accepted": true,
        "attempt_id": 2,
        "logical_pair_index": 2,
        "order": [
          "reference",
          "candidate"
        ],
        "rejection_reasons": [],
        "retry_ordinal": 0,
        "samples": {
          "candidate": {
            "collective_only": {
              "local_ms": 0.0459199994802475,
              "rank_max_ms": 0.0684799998998642,
              "rank_ms": [
                0.0459199994802475,
                0.0684799998998642,
                0.042847998440265656,
                0.052032001316547394
              ]
            },
            "pair_attempt_id": 2,
            "pair_retry_ordinal": 0,
            "position": 1,
            "readiness_probe_exact": true,
            "ready_region": {
              "local_ms": 0.2086080014705658,
              "rank_max_ms": 0.2086080014705658,
              "rank_ms": [
                0.2086080014705658,
                0.15782399475574493,
                0.19708800315856934,
                0.19782400131225586
              ]
            },
            "sample_index": 2,
            "scheduled_start_arrival_ns_by_rank": [
              744781597456463,
              744781596710370,
              744781596912738,
              744781597390961
            ],
            "scheduled_start_target_ns_by_rank": [
              744781602456463,
              744781602456463,
              744781602456463,
              744781602456463
            ],
            "start_record_bracket_ns_by_rank": [
              [
                744781602458032,
                744781602503561
              ],
              [
                744781602457105,
                744781602481247
              ],
              [
                744781602457754,
                744781602507833
              ],
              [
                744781602457453,
                744781602499132
              ]
            ],
            "start_record_envelope_span_ns": 50728,
            "variant": 1
          },
          "reference": {
            "collective_only": {
              "local_ms": 0.04230400174856186,
              "rank_max_ms": 0.06140799820423126,
              "rank_ms": [
                0.04230400174856186,
                0.06140799820423126,
                0.03750399872660637,
                0.0459199994802475
              ]
            },
            "pair_attempt_id": 2,
            "pair_retry_ordinal": 0,
            "position": 0,
            "readiness_probe_exact": true,
            "ready_region": {
              "local_ms": 0.20640000700950623,
              "rank_max_ms": 0.20640000700950623,
              "rank_ms": [
                0.20640000700950623,
                0.15001599490642548,
                0.19068799912929535,
                0.1995840072631836
              ]
            },
            "sample_index": 2,
            "scheduled_start_arrival_ns_by_rank": [
              744781585806161,
              744781585587731,
              744781585538049,
              744781585519506
            ],
            "scheduled_start_target_ns_by_rank": [
              744781590806161,
              744781590806161,
              744781590806161,
              744781590806161
            ],
            "start_record_bracket_ns_by_rank": [
              [
                744781590807121,
                744781590846583
              ],
              [
                744781590806722,
                744781590828321
              ],
              [
                744781590807254,
                744781590850656
              ],
              [
                744781590806974,
                744781590842423
              ]
            ],
            "start_record_envelope_span_ns": 43934,
            "variant": 1
          }
        },
        "variant": 1
      },
      {
        "accepted": true,
        "attempt_id": 3,
        "logical_pair_index": 3,
        "order": [
          "candidate",
          "reference"
        ],
        "rejection_reasons": [],
        "retry_ordinal": 0,
        "samples": {
          "candidate": {
            "collective_only": {
              "local_ms": 0.039423998445272446,
              "rank_max_ms": 0.06684800237417221,
              "rank_ms": [
                0.039423998445272446,
                0.06684800237417221,
                0.04383999854326248,
                0.05167999863624573
              ]
            },
            "pair_attempt_id": 3,
            "pair_retry_ordinal": 0,
            "position": 0,
            "readiness_probe_exact": true,
            "ready_region": {
              "local_ms": 0.270112007856369,
              "rank_max_ms": 0.270112007856369,
              "rank_ms": [
                0.270112007856369,
                0.14137600362300873,
                0.22684800624847412,
                0.2022079974412918
              ]
            },
            "sample_index": 3,
            "scheduled_start_arrival_ns_by_rank": [
              744781607651215,
              744781607177363,
              744781607622541,
              744781607787567
            ],
            "scheduled_start_target_ns_by_rank": [
              744781612787567,
              744781612787567,
              744781612787567,
              744781612787567
            ],
            "start_record_bracket_ns_by_rank": [
              [
                744781612788561,
                744781612835457
              ],
              [
                744781612787996,
                744781612809485
              ],
              [
                744781612788506,
                744781612835414
              ],
              [
                744781612788320,
                744781612825845
              ]
            ],
            "start_record_envelope_span_ns": 47461,
            "variant": 0
          },
          "reference": {
            "collective_only": {
              "local_ms": 0.055135998874902725,
              "rank_max_ms": 0.06339199841022491,
              "rank_ms": [
                0.055135998874902725,
                0.06339199841022491,
                0.03993599861860275,
                0.04761600121855736
              ]
            },
            "pair_attempt_id": 3,
            "pair_retry_ordinal": 0,
            "position": 1,
            "readiness_probe_exact": true,
            "ready_region": {
              "local_ms": 0.14611199498176575,
              "rank_max_ms": 0.1730560064315796,
              "rank_ms": [
                0.14611199498176575,
                0.13504000008106232,
                0.1730560064315796,
                0.17103999853134155
              ]
            },
            "sample_index": 3,
            "scheduled_start_arrival_ns_by_rank": [
              744781618279431,
              744781617681555,
              744781617947560,
              744781617979605
            ],
            "scheduled_start_target_ns_by_rank": [
              744781623279431,
              744781623279431,
              744781623279431,
              744781623279431
            ],
            "start_record_bracket_ns_by_rank": [
              [
                744781623280004,
                744781623309535
              ],
              [
                744781623279841,
                744781623300525
              ],
              [
                744781623280819,
                744781623324425
              ],
              [
                744781623280338,
                744781623316435
              ]
            ],
            "start_record_envelope_span_ns": 44584,
            "variant": 0
          }
        },
        "variant": 0
      },
      {
        "accepted": true,
        "attempt_id": 4,
        "logical_pair_index": 4,
        "order": [
          "reference",
          "candidate"
        ],
        "rejection_reasons": [],
        "retry_ordinal": 0,
        "samples": {
          "candidate": {
            "collective_only": {
              "local_ms": 0.03791999816894531,
              "rank_max_ms": 0.33398398756980896,
              "rank_ms": [
                0.03791999816894531,
                0.3107199966907501,
                0.33398398756980896,
                0.32572799921035767
              ]
            },
            "pair_attempt_id": 4,
            "pair_retry_ordinal": 0,
            "position": 1,
            "readiness_probe_exact": true,
            "ready_region": {
              "local_ms": 0.20364800095558167,
              "rank_max_ms": 0.3442240059375763,
              "rank_ms": [
                0.20364800095558167,
                0.32102400064468384,
                0.3442240059375763,
                0.33504000306129456
              ]
            },
            "sample_index": 4,
            "scheduled_start_arrival_ns_by_rank": [
              744781642607450,
              744781642269404,
              744781642944819,
              744781642770166
            ],
            "scheduled_start_target_ns_by_rank": [
              744781647944819,
              744781647944819,
              744781647944819,
              744781647944819
            ],
            "start_record_bracket_ns_by_rank": [
              [
                744781648614682,
                744781648660543
              ],
              [
                744781648368363,
                744781648390826
              ],
              [
                744781648318638,
                744781648369326
              ],
              [
                744781648330936,
                744781648371696
              ]
            ],
            "start_record_envelope_span_ns": 341905,
            "variant": 1
          },
          "reference": {
            "collective_only": {
              "local_ms": 0.09132800251245499,
              "rank_max_ms": 0.11110399663448334,
              "rank_ms": [
                0.09132800251245499,
                0.11110399663448334,
                0.05523199960589409,
                0.09443199634552002
              ]
            },
            "pair_attempt_id": 4,
            "pair_retry_ordinal": 0,
            "position": 0,
            "readiness_probe_exact": true,
            "ready_region": {
              "local_ms": 0.24691200256347656,
              "rank_max_ms": 0.24691200256347656,
              "rank_ms": [
                0.24691200256347656,
                0.15622399747371674,
                0.22281600534915924,
                0.23587200045585632
              ]
            },
            "sample_index": 4,
            "scheduled_start_arrival_ns_by_rank": [
              744781630954497,
              744781629921345,
              744781630449599,
              744781630588859
            ],
            "scheduled_start_target_ns_by_rank": [
              744781635954497,
              744781635954497,
              744781635954497,
              744781635954497
            ],
            "start_record_bracket_ns_by_rank": [
              [
                744781635955378,
                744781635995309
              ],
              [
                744781635954947,
                744781635975489
              ],
              [
                744781635955415,
                744781636038825
              ],
              [
                744781635955236,
                744781635991764
              ]
            ],
            "start_record_envelope_span_ns": 83878,
            "variant": 1
          }
        },
        "variant": 1
      },
      {
        "accepted": true,
        "attempt_id": 5,
        "logical_pair_index": 5,
        "order": [
          "candidate",
          "reference"
        ],
        "rejection_reasons": [],
        "retry_ordinal": 0,
        "samples": {
          "candidate": {
            "collective_only": {
              "local_ms": 0.14972800016403198,
              "rank_max_ms": 0.2767679989337921,
              "rank_ms": [
                0.14972800016403198,
                0.2767679989337921,
                0.05632000043988228,
                0.2590720057487488
              ]
            },
            "pair_attempt_id": 5,
            "pair_retry_ordinal": 0,
            "position": 0,
            "readiness_probe_exact": true,
            "ready_region": {
              "local_ms": 0.23603199422359467,
              "rank_max_ms": 0.2871679961681366,
              "rank_ms": [
                0.23603199422359467,
                0.2871679961681366,
                0.24246400594711304,
                0.2691839933395386
              ]
            },
            "sample_index": 5,
            "scheduled_start_arrival_ns_by_rank": [
              744781656803186,
              744781656454805,
              744781656637599,
              744781656592978
            ],
            "scheduled_start_target_ns_by_rank": [
              744781661803186,
              744781661803186,
              744781661803186,
              744781661803186
            ],
            "start_record_bracket_ns_by_rank": [
              [
                744781661912308,
                744781661958157
              ],
              [
                744781661803706,
                744781661830706
              ],
              [
                744781661965225,
                744781662058395
              ],
              [
                744781661803958,
                744781661844001
              ]
            ],
            "start_record_envelope_span_ns": 254689,
            "variant": 0
          },
          "reference": {
            "collective_only": {
              "local_ms": 0.32211199402809143,
              "rank_max_ms": 0.3441919982433319,
              "rank_ms": [
                0.32211199402809143,
                0.3441919982433319,
                0.09747199714183807,
                0.2415039986371994
              ]
            },
            "pair_attempt_id": 5,
            "pair_retry_ordinal": 0,
            "position": 1,
            "readiness_probe_exact": true,
            "ready_region": {
              "local_ms": 0.33136001229286194,
              "rank_max_ms": 0.35443198680877686,
              "rank_ms": [
                0.33136001229286194,
                0.35443198680877686,
                0.2898559868335724,
                0.2516480088233948
              ]
            },
            "sample_index": 5,
            "scheduled_start_arrival_ns_by_rank": [
              744781668717539,
              744781667741545,
              744781668486559,
              744781668296690
            ],
            "scheduled_start_target_ns_by_rank": [
              744781673717539,
              744781673717539,
              744781673717539,
              744781673717539
            ],
            "start_record_bracket_ns_by_rank": [
              [
                744781673718593,
                744781673764929
              ],
              [
                744781673717949,
                744781673742237
              ],
              [
                744781673943651,
                744781673994550
              ],
              [
                744781673805269,
                744781673846196
              ]
            ],
            "start_record_envelope_span_ns": 276601,
            "variant": 0
          }
        },
        "variant": 0
      },
      {
        "accepted": true,
        "attempt_id": 6,
        "logical_pair_index": 6,
        "order": [
          "reference",
          "candidate"
        ],
        "rejection_reasons": [],
        "retry_ordinal": 0,
        "samples": {
          "candidate": {
            "collective_only": {
              "local_ms": 0.048448000103235245,
              "rank_max_ms": 0.06323199719190598,
              "rank_ms": [
                0.048448000103235245,
                0.06323199719190598,
                0.041471999138593674,
                0.05375999957323074
              ]
            },
            "pair_attempt_id": 6,
            "pair_retry_ordinal": 0,
            "position": 1,
            "readiness_probe_exact": true,
            "ready_region": {
              "local_ms": 0.17632000148296356,
              "rank_max_ms": 0.1826239973306656,
              "rank_ms": [
                0.17632000148296356,
                0.152319997549057,
                0.1826239973306656,
                0.17363199591636658
              ]
            },
            "sample_index": 6,
            "scheduled_start_arrival_ns_by_rank": [
              744781691764007,
              744781690980680,
              744781691031973,
              744781691607081
            ],
            "scheduled_start_target_ns_by_rank": [
              744781696764007,
              744781696764007,
              744781696764007,
              744781696764007
            ],
            "start_record_bracket_ns_by_rank": [
              [
                744781696765158,
                744781696802932
              ],
              [
                744781696764585,
                744781696788653
              ],
              [
                744781696765661,
                744781696812188
              ],
              [
                744781696765030,
                744781696799499
              ]
            ],
            "start_record_envelope_span_ns": 47603,
            "variant": 1
          },
          "reference": {
            "collective_only": {
              "local_ms": 0.04041599854826927,
              "rank_max_ms": 0.058848001062870026,
              "rank_ms": [
                0.04041599854826927,
                0.058848001062870026,
                0.03612799942493439,
                0.04387199878692627
              ]
            },
            "pair_attempt_id": 6,
            "pair_retry_ordinal": 0,
            "position": 0,
            "readiness_probe_exact": true,
            "ready_region": {
              "local_ms": 0.17020800709724426,
              "rank_max_ms": 0.17020800709724426,
              "rank_ms": [
                0.17020800709724426,
                0.13254399597644806,
                0.16627199947834015,
                0.16176000237464905
              ]
            },
            "sample_index": 6,
            "scheduled_start_arrival_ns_by_rank": [
              744781679389486,
              744781678576483,
              744781678802826,
              744781679562797
            ],
            "scheduled_start_target_ns_by_rank": [
              744781684562797,
              744781684562797,
              744781684562797,
              744781684562797
            ],
            "start_record_bracket_ns_by_rank": [
              [
                744781684563660,
                744781684598652
              ],
              [
                744781684563271,
                744781684582045
              ],
              [
                744781684563966,
                744781684603915
              ],
              [
                744781684563574,
                744781684595606
              ]
            ],
            "start_record_envelope_span_ns": 40644,
            "variant": 1
          }
        },
        "variant": 1
      },
      {
        "accepted": false,
        "attempt_id": 7,
        "logical_pair_index": 7,
        "order": [
          "candidate",
          "reference"
        ],
        "rejection_reasons": [
          {
            "limit_ns": 500000,
            "side": "reference",
            "start_record_envelope_span_ns": 544593
          }
        ],
        "retry_ordinal": 0,
        "samples": {
          "candidate": {
            "collective_only": {
              "local_ms": 0.04543999955058098,
              "rank_max_ms": 0.0658240020275116,
              "rank_ms": [
                0.04543999955058098,
                0.0658240020275116,
                0.041471999138593674,
                0.04982399940490723
              ]
            },
            "pair_attempt_id": 7,
            "pair_retry_ordinal": 0,
            "position": 0,
            "readiness_probe_exact": true,
            "ready_region": {
              "local_ms": 0.19996799528598785,
              "rank_max_ms": 0.19996799528598785,
              "rank_ms": [
                0.19996799528598785,
                0.16179199516773224,
                0.17084799706935883,
                0.1929280012845993
              ]
            },
            "sample_index": 7,
            "scheduled_start_arrival_ns_by_rank": [
              744781704156219,
              744781704094936,
              744781704555291,
              744781704310452
            ],
            "scheduled_start_target_ns_by_rank": [
              744781709555291,
              744781709555291,
              744781709555291,
              744781709555291
            ],
            "start_record_bracket_ns_by_rank": [
              [
                744781709556304,
                744781709599650
              ],
              [
                744781709555892,
                744781709579727
              ],
              [
                744781709556133,
                744781709603774
              ],
              [
                744781709556416,
                744781709593409
              ]
            ],
            "start_record_envelope_span_ns": 47882,
            "variant": 0
          },
          "reference": {
            "collective_only": {
              "local_ms": 0.033695999532938004,
              "rank_max_ms": 0.5589119791984558,
              "rank_ms": [
                0.033695999532938004,
                0.5589119791984558,
                0.17241600155830383,
                0.4254719913005829
              ]
            },
            "pair_attempt_id": 7,
            "pair_retry_ordinal": 0,
            "position": 1,
            "readiness_probe_exact": true,
            "ready_region": {
              "local_ms": 0.17151999473571777,
              "rank_max_ms": 0.5683839917182922,
              "rank_ms": [
                0.17151999473571777,
                0.5683839917182922,
                0.18268799781799316,
                0.4357120096683502
              ]
            },
            "sample_index": 7,
            "scheduled_start_arrival_ns_by_rank": [
              744781716551503,
              744781716318399,
              744781716382106,
              744781716760990
            ],
            "scheduled_start_target_ns_by_rank": [
              744781721760990,
              744781721760990,
              744781721760990,
              744781721760990
            ],
            "start_record_bracket_ns_by_rank": [
              [
                744781722681216,
                744781722718645
              ],
              [
                744781722174052,
                744781722219657
              ],
              [
                744781722542959,
                744781722585225
              ],
              [
                744781722295296,
                744781722330268
              ]
            ],
            "start_record_envelope_span_ns": 544593,
            "variant": 0
          }
        },
        "variant": 0
      },
      {
        "accepted": true,
        "attempt_id": 8,
        "logical_pair_index": 7,
        "order": [
          "candidate",
          "reference"
        ],
        "rejection_reasons": [],
        "retry_ordinal": 1,
        "samples": {
          "candidate": {
            "collective_only": {
              "local_ms": 0.03673600032925606,
              "rank_max_ms": 0.1472959965467453,
              "rank_ms": [
                0.03673600032925606,
                0.11372800171375275,
                0.1472959965467453,
                0.04867200180888176
              ]
            },
            "pair_attempt_id": 8,
            "pair_retry_ordinal": 1,
            "position": 0,
            "readiness_probe_exact": true,
            "ready_region": {
              "local_ms": 0.20102399587631226,
              "rank_max_ms": 0.20102399587631226,
              "rank_ms": [
                0.20102399587631226,
                0.13523200154304504,
                0.16335999965667725,
                0.17017599940299988
              ]
            },
            "sample_index": 7,
            "scheduled_start_arrival_ns_by_rank": [
              744781730218006,
              744781727451600,
              744781727339751,
              744781727745111
            ],
            "scheduled_start_target_ns_by_rank": [
              744781735218006,
              744781735218006,
              744781735218006,
              744781735218006
            ],
            "start_record_bracket_ns_by_rank": [
              [
                744781735471740,
                744781735513124
              ],
              [
                744781735416410,
                744781735437262
              ],
              [
                744781735364578,
                744781735405237
              ],
              [
                744781735468886,
                744781735503585
              ]
            ],
            "start_record_envelope_span_ns": 148546,
            "variant": 1
          },
          "reference": {
            "collective_only": {
              "local_ms": 0.07311999797821045,
              "rank_max_ms": 0.08646400272846222,
              "rank_ms": [
                0.07311999797821045,
                0.08646400272846222,
                0.04217600077390671,
                0.07347200065851212
              ]
            },
            "pair_attempt_id": 8,
            "pair_retry_ordinal": 1,
            "position": 1,
            "readiness_probe_exact": true,
            "ready_region": {
              "local_ms": 0.1857919991016388,
              "rank_max_ms": 0.1945600062608719,
              "rank_ms": [
                0.1857919991016388,
                0.16368000209331512,
                0.17689600586891174,
                0.1945600062608719
              ]
            },
            "sample_index": 7,
            "scheduled_start_arrival_ns_by_rank": [
              744781740938753,
              744781741155996,
              744781741137925,
              744781741063799
            ],
            "scheduled_start_target_ns_by_rank": [
              744781746155996,
              744781746155996,
              744781746155996,
              744781746155996
            ],
            "start_record_bracket_ns_by_rank": [
              [
                744781746156817,
                744781746192028
              ],
              [
                744781746156469,
                744781746177822
              ],
              [
                744781746157237,
                744781746224344
              ],
              [
                744781746156855,
                744781746191805
              ]
            ],
            "start_record_envelope_span_ns": 67875,
            "variant": 1
          }
        },
        "variant": 1
      },
      {
        "accepted": false,
        "attempt_id": 9,
        "logical_pair_index": 8,
        "order": [
          "reference",
          "candidate"
        ],
        "rejection_reasons": [
          {
            "limit_ns": 500000,
            "side": "candidate",
            "start_record_envelope_span_ns": 523555
          }
        ],
        "retry_ordinal": 0,
        "samples": {
          "candidate": {
            "collective_only": {
              "local_ms": 0.508895993232727,
              "rank_max_ms": 0.5231360197067261,
              "rank_ms": [
                0.508895993232727,
                0.5231360197067261,
                0.4805760085582733,
                0.03347200155258179
              ]
            },
            "pair_attempt_id": 9,
            "pair_retry_ordinal": 0,
            "position": 1,
            "readiness_probe_exact": true,
            "ready_region": {
              "local_ms": 0.5190399885177612,
              "rank_max_ms": 0.5332480072975159,
              "rank_ms": [
                0.5190399885177612,
                0.5332480072975159,
                0.4907839894294739,
                0.16607999801635742
              ]
            },
            "sample_index": 8,
            "scheduled_start_arrival_ns_by_rank": [
              744781763179506,
              744781762662814,
              744781763053938,
              744781762963649
            ],
            "scheduled_start_target_ns_by_rank": [
              744781768179506,
              744781768179506,
              744781768179506,
              744781768179506
            ],
            "start_record_bracket_ns_by_rank": [
              [
                744781768179995,
                744781768229241
              ],
              [
                744781768180069,
                744781768216170
              ],
              [
                744781768180492,
                744781768261507
              ],
              [
                744781768668599,
                744781768703550
              ]
            ],
            "start_record_envelope_span_ns": 523555,
            "variant": 0
          },
          "reference": {
            "collective_only": {
              "local_ms": 0.04553600028157234,
              "rank_max_ms": 0.07894399762153625,
              "rank_ms": [
                0.04553600028157234,
                0.07894399762153625,
                0.056384000927209854,
                0.05987200140953064
              ]
            },
            "pair_attempt_id": 9,
            "pair_retry_ordinal": 0,
            "position": 0,
            "readiness_probe_exact": true,
            "ready_region": {
              "local_ms": 0.23744000494480133,
              "rank_max_ms": 0.23744000494480133,
              "rank_ms": [
                0.23744000494480133,
                0.1451520025730133,
                0.19606399536132812,
                0.17868800461292267
              ]
            },
            "sample_index": 8,
            "scheduled_start_arrival_ns_by_rank": [
              744781751544012,
              744781751113411,
              744781751388575,
              744781751775112
            ],
            "scheduled_start_target_ns_by_rank": [
              744781756775112,
              744781756775112,
              744781756775112,
              744781756775112
            ],
            "start_record_bracket_ns_by_rank": [
              [
                744781756778601,
                744781756831441
              ],
              [
                744781756775596,
                744781756797214
              ],
              [
                744781756776651,
                744781756822226
              ],
              [
                744781756776032,
                744781756817036
              ]
            ],
            "start_record_envelope_span_ns": 55845,
            "variant": 0
          }
        },
        "variant": 0
      },
      {
        "accepted": true,
        "attempt_id": 10,
        "logical_pair_index": 8,
        "order": [
          "reference",
          "candidate"
        ],
        "rejection_reasons": [],
        "retry_ordinal": 1,
        "samples": {
          "candidate": {
            "collective_only": {
              "local_ms": 0.038015998899936676,
              "rank_max_ms": 0.07561600208282471,
              "rank_ms": [
                0.038015998899936676,
                0.07561600208282471,
                0.03824000060558319,
                0.061824001371860504
              ]
            },
            "pair_attempt_id": 10,
            "pair_retry_ordinal": 1,
            "position": 1,
            "readiness_probe_exact": true,
            "ready_region": {
              "local_ms": 0.16816000640392303,
              "rank_max_ms": 0.1796800047159195,
              "rank_ms": [
                0.16816000640392303,
                0.1393280029296875,
                0.16060799360275269,
                0.1796800047159195
              ]
            },
            "sample_index": 8,
            "scheduled_start_arrival_ns_by_rank": [
              744781784576857,
              744781784467122,
              744781784923879,
              744781784964445
            ],
            "scheduled_start_target_ns_by_rank": [
              744781789964445,
              744781789964445,
              744781789964445,
              744781789964445
            ],
            "start_record_bracket_ns_by_rank": [
              [
                744781789965237,
                744781790020934
              ],
              [
                744781789965001,
                744781789984689
              ],
              [
                744781789965581,
                744781790021664
              ],
              [
                744781789965090,
                744781790015916
              ]
            ],
            "start_record_envelope_span_ns": 56663,
            "variant": 1
          },
          "reference": {
            "collective_only": {
              "local_ms": 0.037408001720905304,
              "rank_max_ms": 0.050912000238895416,
              "rank_ms": [
                0.037408001720905304,
                0.050912000238895416,
                0.03372799977660179,
                0.03824000060558319
              ]
            },
            "pair_attempt_id": 10,
            "pair_retry_ordinal": 1,
            "position": 0,
            "readiness_probe_exact": true,
            "ready_region": {
              "local_ms": 0.13100799918174744,
              "rank_max_ms": 0.15263999998569489,
              "rank_ms": [
                0.13100799918174744,
                0.12099199742078781,
                0.13023999333381653,
                0.15263999998569489
              ]
            },
            "sample_index": 8,
            "scheduled_start_arrival_ns_by_rank": [
              744781774071118,
              744781774039795,
              744781774101131,
              744781774389346
            ],
            "scheduled_start_target_ns_by_rank": [
              744781779389346,
              744781779389346,
              744781779389346,
              744781779389346
            ],
            "start_record_bracket_ns_by_rank": [
              [
                744781779389940,
                744781779418619
              ],
              [
                744781779389930,
                744781779407458
              ],
              [
                744781779389977,
                744781779424141
              ],
              [
                744781779390283,
                744781779420982
              ]
            ],
            "start_record_envelope_span_ns": 34211,
            "variant": 1
          }
        },
        "variant": 1
      },
      {
        "accepted": true,
        "attempt_id": 11,
        "logical_pair_index": 9,
        "order": [
          "candidate",
          "reference"
        ],
        "rejection_reasons": [],
        "retry_ordinal": 0,
        "samples": {
          "candidate": {
            "collective_only": {
              "local_ms": 0.036768000572919846,
              "rank_max_ms": 0.4681279957294464,
              "rank_ms": [
                0.036768000572919846,
                0.4681279957294464,
                0.20633600652217865,
                0.05846399813890457
              ]
            },
            "pair_attempt_id": 11,
            "pair_retry_ordinal": 0,
            "position": 0,
            "readiness_probe_exact": true,
            "ready_region": {
              "local_ms": 0.19935999810695648,
              "rank_max_ms": 0.47833600640296936,
              "rank_ms": [
                0.19935999810695648,
                0.47833600640296936,
                0.21670399606227875,
                0.18143999576568604
              ]
            },
            "sample_index": 9,
            "scheduled_start_arrival_ns_by_rank": [
              744781795760939,
              744781795420815,
              744781795580649,
              744781796071933
            ],
            "scheduled_start_target_ns_by_rank": [
              744781801071933,
              744781801071933,
              744781801071933,
              744781801071933
            ],
            "start_record_bracket_ns_by_rank": [
              [
                744781801479736,
                744781801525142
              ],
              [
                744781801072482,
                744781801094983
              ],
              [
                744781801313373,
                744781801358333
              ],
              [
                744781801467204,
                744781801505603
              ]
            ],
            "start_record_envelope_span_ns": 452660,
            "variant": 0
          },
          "reference": {
            "collective_only": {
              "local_ms": 0.049984000623226166,
              "rank_max_ms": 0.06796800345182419,
              "rank_ms": [
                0.049984000623226166,
                0.06796800345182419,
                0.04179200157523155,
                0.05443200096487999
              ]
            },
            "pair_attempt_id": 11,
            "pair_retry_ordinal": 0,
            "position": 1,
            "readiness_probe_exact": true,
            "ready_region": {
              "local_ms": 0.15907199680805206,
              "rank_max_ms": 0.18563200533390045,
              "rank_ms": [
                0.15907199680805206,
                0.1504639983177185,
                0.18563200533390045,
                0.1775359958410263
              ]
            },
            "sample_index": 9,
            "scheduled_start_arrival_ns_by_rank": [
              744781807116711,
              744781806752094,
              744781807244260,
              744781807168828
            ],
            "scheduled_start_target_ns_by_rank": [
              744781812244260,
              744781812244260,
              744781812244260,
              744781812244260
            ],
            "start_record_bracket_ns_by_rank": [
              [
                744781812244875,
                744781812284088
              ],
              [
                744781812244843,
                744781812267856
              ],
              [
                744781812245974,
                744781812292290
              ],
              [
                744781812245111,
                744781812279971
              ]
            ],
            "start_record_envelope_span_ns": 47447,
            "variant": 0
          }
        },
        "variant": 0
      },
      {
        "accepted": true,
        "attempt_id": 12,
        "logical_pair_index": 10,
        "order": [
          "reference",
          "candidate"
        ],
        "rejection_reasons": [],
        "retry_ordinal": 0,
        "samples": {
          "candidate": {
            "collective_only": {
              "local_ms": 0.271807998418808,
              "rank_max_ms": 0.4429759979248047,
              "rank_ms": [
                0.271807998418808,
                0.4429759979248047,
                0.043296001851558685,
                0.3442240059375763
              ]
            },
            "pair_attempt_id": 12,
            "pair_retry_ordinal": 0,
            "position": 1,
            "readiness_probe_exact": true,
            "ready_region": {
              "local_ms": 0.2810559868812561,
              "rank_max_ms": 0.45321598649024963,
              "rank_ms": [
                0.2810559868812561,
                0.45321598649024963,
                0.2338559925556183,
                0.3543039858341217
              ]
            },
            "sample_index": 10,
            "scheduled_start_arrival_ns_by_rank": [
              744781830961505,
              744781830255780,
              744781831119867,
              744781831085812
            ],
            "scheduled_start_target_ns_by_rank": [
              744781836119867,
              744781836119867,
              744781836119867,
              744781836119867
            ],
            "start_record_bracket_ns_by_rank": [
              [
                744781836529963,
                744781836578244
              ],
              [
                744781836385745,
                744781836406674
              ],
              [
                744781836755989,
                744781836806435
              ],
              [
                744781836463855,
                744781836506958
              ]
            ],
            "start_record_envelope_span_ns": 420690,
            "variant": 1
          },
          "reference": {
            "collective_only": {
              "local_ms": 0.04355200007557869,
              "rank_max_ms": 0.06691200286149979,
              "rank_ms": [
                0.04355200007557869,
                0.06691200286149979,
                0.041280001401901245,
                0.05036799982190132
              ]
            },
            "pair_attempt_id": 12,
            "pair_retry_ordinal": 0,
            "position": 0,
            "readiness_probe_exact": true,
            "ready_region": {
              "local_ms": 0.21289600431919098,
              "rank_max_ms": 0.21289600431919098,
              "rank_ms": [
                0.21289600431919098,
                0.15699200332164764,
                0.19036799669265747,
                0.19203199446201324
              ]
            },
            "sample_index": 10,
            "scheduled_start_arrival_ns_by_rank": [
              744781819446893,
              744781818884232,
              744781819054079,
              744781819025228
            ],
            "scheduled_start_target_ns_by_rank": [
              744781824446893,
              744781824446893,
              744781824446893,
              744781824446893
            ],
            "start_record_bracket_ns_by_rank": [
              [
                744781824447938,
                744781824493508
              ],
              [
                744781824447515,
                744781824471787
              ],
              [
                744781824447987,
                744781824496170
              ],
              [
                744781824448022,
                744781824487411
              ]
            ],
            "start_record_envelope_span_ns": 48655,
            "variant": 1
          }
        },
        "variant": 1
      },
      {
        "accepted": true,
        "attempt_id": 13,
        "logical_pair_index": 11,
        "order": [
          "candidate",
          "reference"
        ],
        "rejection_reasons": [],
        "retry_ordinal": 0,
        "samples": {
          "candidate": {
            "collective_only": {
              "local_ms": 0.044256001710891724,
              "rank_max_ms": 0.06496000289916992,
              "rank_ms": [
                0.044256001710891724,
                0.06496000289916992,
                0.041280001401901245,
                0.04755200073122978
              ]
            },
            "pair_attempt_id": 13,
            "pair_retry_ordinal": 0,
            "position": 0,
            "readiness_probe_exact": true,
            "ready_region": {
              "local_ms": 0.19436800479888916,
              "rank_max_ms": 0.19436800479888916,
              "rank_ms": [
                0.19436800479888916,
                0.16185599565505981,
                0.17971199750900269,
                0.1929280012845993
              ]
            },
            "sample_index": 11,
            "scheduled_start_arrival_ns_by_rank": [
              744781843303601,
              744781842926234,
              744781842878272,
              744781842689576
            ],
            "scheduled_start_target_ns_by_rank": [
              744781848303601,
              744781848303601,
              744781848303601,
              744781848303601
            ],
            "start_record_bracket_ns_by_rank": [
              [
                744781848304880,
                744781848345638
              ],
              [
                744781848304150,
                744781848327077
              ],
              [
                744781848305198,
                744781848350756
              ],
              [
                744781848304617,
                744781848342647
              ]
            ],
            "start_record_envelope_span_ns": 46606,
            "variant": 0
          },
          "reference": {
            "collective_only": {
              "local_ms": 0.04303999990224838,
              "rank_max_ms": 0.06092799827456474,
              "rank_ms": [
                0.04303999990224838,
                0.06092799827456474,
                0.03999999910593033,
                0.05212799832224846
              ]
            },
            "pair_attempt_id": 13,
            "pair_retry_ordinal": 0,
            "position": 1,
            "readiness_probe_exact": true,
            "ready_region": {
              "local_ms": 0.18451200425624847,
              "rank_max_ms": 0.18451200425624847,
              "rank_ms": [
                0.18451200425624847,
                0.14895999431610107,
                0.171424001455307,
                0.16572800278663635
              ]
            },
            "sample_index": 11,
            "scheduled_start_arrival_ns_by_rank": [
              744781854723159,
              744781854152908,
              744781854406705,
              744781854504347
            ],
            "scheduled_start_target_ns_by_rank": [
              744781859723159,
              744781859723159,
              744781859723159,
              744781859723159
            ],
            "start_record_bracket_ns_by_rank": [
              [
                744781859725420,
                744781859766974
              ],
              [
                744781859723633,
                744781859747897
              ],
              [
                744781859725015,
                744781859769493
              ],
              [
                744781859724256,
                744781859756800
              ]
            ],
            "start_record_envelope_span_ns": 45860,
            "variant": 0
          }
        },
        "variant": 0
      },
      {
        "accepted": false,
        "attempt_id": 14,
        "logical_pair_index": 12,
        "order": [
          "reference",
          "candidate"
        ],
        "rejection_reasons": [
          {
            "limit_ns": 500000,
            "side": "reference",
            "start_record_envelope_span_ns": 551416
          }
        ],
        "retry_ordinal": 0,
        "samples": {
          "candidate": {
            "collective_only": {
              "local_ms": 0.04918399825692177,
              "rank_max_ms": 0.0745600014925003,
              "rank_ms": [
                0.04918399825692177,
                0.0745600014925003,
                0.05008000135421753,
                0.06169600039720535
              ]
            },
            "pair_attempt_id": 14,
            "pair_retry_ordinal": 0,
            "position": 1,
            "readiness_probe_exact": true,
            "ready_region": {
              "local_ms": 0.2654719948768616,
              "rank_max_ms": 0.2654719948768616,
              "rank_ms": [
                0.2654719948768616,
                0.16227200627326965,
                0.1855359971523285,
                0.18083199858665466
              ]
            },
            "sample_index": 12,
            "scheduled_start_arrival_ns_by_rank": [
              744781878114832,
              744781877980869,
              744781878306332,
              744781878496018
            ],
            "scheduled_start_target_ns_by_rank": [
              744781883496018,
              744781883496018,
              744781883496018,
              744781883496018
            ],
            "start_record_bracket_ns_by_rank": [
              [
                744781883497181,
                744781883547486
              ],
              [
                744781883496493,
                744781883521145
              ],
              [
                744781883497649,
                744781883544706
              ],
              [
                744781883496758,
                744781883533257
              ]
            ],
            "start_record_envelope_span_ns": 50993,
            "variant": 1
          },
          "reference": {
            "collective_only": {
              "local_ms": 0.035679999738931656,
              "rank_max_ms": 0.5672640204429626,
              "rank_ms": [
                0.035679999738931656,
                0.5672640204429626,
                0.3839679956436157,
                0.05756799876689911
              ]
            },
            "pair_attempt_id": 14,
            "pair_retry_ordinal": 0,
            "position": 0,
            "readiness_probe_exact": true,
            "ready_region": {
              "local_ms": 0.18316799402236938,
              "rank_max_ms": 0.5775039792060852,
              "rank_ms": [
                0.18316799402236938,
                0.5775039792060852,
                0.3940800130367279,
                0.17750400304794312
              ]
            },
            "sample_index": 12,
            "scheduled_start_arrival_ns_by_rank": [
              744781866339362,
              744781866155787,
              744781866587720,
              744781866368458
            ],
            "scheduled_start_target_ns_by_rank": [
              744781871587720,
              744781871587720,
              744781871587720,
              744781871587720
            ],
            "start_record_bracket_ns_by_rank": [
              [
                744781872287857,
                744781872329666
              ],
              [
                744781871778250,
                744781871801949
              ],
              [
                744781871942925,
                744781871985887
              ],
              [
                744781872274377,
                744781872310784
              ]
            ],
            "start_record_envelope_span_ns": 551416,
            "variant": 1
          }
        },
        "variant": 1
      },
      {
        "accepted": true,
        "attempt_id": 15,
        "logical_pair_index": 12,
        "order": [
          "reference",
          "candidate"
        ],
        "rejection_reasons": [],
        "retry_ordinal": 1,
        "samples": {
          "candidate": {
            "collective_only": {
              "local_ms": 0.15004800260066986,
              "rank_max_ms": 0.43011200428009033,
              "rank_ms": [
                0.15004800260066986,
                0.43011200428009033,
                0.3304640054702759,
                0.03526400029659271
              ]
            },
            "pair_attempt_id": 15,
            "pair_retry_ordinal": 1,
            "position": 1,
            "readiness_probe_exact": true,
            "ready_region": {
              "local_ms": 0.18192000687122345,
              "rank_max_ms": 0.438400000333786,
              "rank_ms": [
                0.18192000687122345,
                0.438400000333786,
                0.34064000844955444,
                0.17951999604701996
              ]
            },
            "sample_index": 12,
            "scheduled_start_arrival_ns_by_rank": [
              744781901768041,
              744781901358794,
              744781901452640,
              744781901489332
            ],
            "scheduled_start_target_ns_by_rank": [
              744781906768041,
              744781906768041,
              744781906768041,
              744781906768041
            ],
            "start_record_bracket_ns_by_rank": [
              [
                744781907569438,
                744781907612949
              ],
              [
                744781907309425,
                744781907334205
              ],
              [
                744781907389932,
                744781907435700
              ],
              [
                744781907689053,
                744781907726505
              ]
            ],
            "start_record_envelope_span_ns": 417080,
            "variant": 0
          },
          "reference": {
            "collective_only": {
              "local_ms": 0.04473600164055824,
              "rank_max_ms": 0.06441599875688553,
              "rank_ms": [
                0.04473600164055824,
                0.06441599875688553,
                0.0398080013692379,
                0.049215998500585556
              ]
            },
            "pair_attempt_id": 15,
            "pair_retry_ordinal": 1,
            "position": 0,
            "readiness_probe_exact": true,
            "ready_region": {
              "local_ms": 0.19020800292491913,
              "rank_max_ms": 0.19020800292491913,
              "rank_ms": [
                0.19020800292491913,
                0.14633600413799286,
                0.17820799350738525,
                0.18483200669288635
              ]
            },
            "sample_index": 12,
            "scheduled_start_arrival_ns_by_rank": [
              744781888982769,
              744781888766069,
              744781888743352,
              744781889268157
            ],
            "scheduled_start_target_ns_by_rank": [
              744781894268157,
              744781894268157,
              744781894268157,
              744781894268157
            ],
            "start_record_bracket_ns_by_rank": [
              [
                744781894269102,
                744781894310260
              ],
              [
                744781894268708,
                744781894290361
              ],
              [
                744781894269300,
                744781894315881
              ],
              [
                744781894269065,
                744781894307225
              ]
            ],
            "start_record_envelope_span_ns": 47173,
            "variant": 0
          }
        },
        "variant": 0
      },
      {
        "accepted": true,
        "attempt_id": 16,
        "logical_pair_index": 13,
        "order": [
          "candidate",
          "reference"
        ],
        "rejection_reasons": [],
        "retry_ordinal": 0,
        "samples": {
          "candidate": {
            "collective_only": {
              "local_ms": 0.035999998450279236,
              "rank_max_ms": 0.12492799758911133,
              "rank_ms": [
                0.035999998450279236,
                0.12492799758911133,
                0.07833600044250488,
                0.11142399907112122
              ]
            },
            "pair_attempt_id": 16,
            "pair_retry_ordinal": 0,
            "position": 0,
            "readiness_probe_exact": true,
            "ready_region": {
              "local_ms": 0.18211199343204498,
              "rank_max_ms": 0.18211199343204498,
              "rank_ms": [
                0.18211199343204498,
                0.15724800527095795,
                0.17532800137996674,
                0.1815679967403412
              ]
            },
            "sample_index": 13,
            "scheduled_start_arrival_ns_by_rank": [
              744781914117219,
              744781913356087,
              744781914235241,
              744781914109670
            ],
            "scheduled_start_target_ns_by_rank": [
              744781919235241,
              744781919235241,
              744781919235241,
              744781919235241
            ],
            "start_record_bracket_ns_by_rank": [
              [
                744781919307205,
                744781919348157
              ],
              [
                744781919235744,
                744781919261099
              ],
              [
                744781919263674,
                744781919308923
              ],
              [
                744781919236069,
                744781919274186
              ]
            ],
            "start_record_envelope_span_ns": 112413,
            "variant": 1
          },
          "reference": {
            "collective_only": {
              "local_ms": 0.0390079990029335,
              "rank_max_ms": 0.06307200342416763,
              "rank_ms": [
                0.0390079990029335,
                0.06307200342416763,
                0.045152001082897186,
                0.04726399853825569
              ]
            },
            "pair_attempt_id": 16,
            "pair_retry_ordinal": 0,
            "position": 1,
            "readiness_probe_exact": true,
            "ready_region": {
              "local_ms": 0.23798400163650513,
              "rank_max_ms": 0.23798400163650513,
              "rank_ms": [
                0.23798400163650513,
                0.17715199291706085,
                0.178847998380661,
                0.22854399681091309
              ]
            },
            "sample_index": 13,
            "scheduled_start_arrival_ns_by_rank": [
              744781925892442,
              744781925353204,
              744781925267321,
              744781925567554
            ],
            "scheduled_start_target_ns_by_rank": [
              744781930892442,
              744781930892442,
              744781930892442,
              744781930892442
            ],
            "start_record_bracket_ns_by_rank": [
              [
                744781930893390,
                744781930938104
              ],
              [
                744781930892875,
                744781930915444
              ],
              [
                744781930892913,
                744781930935521
              ],
              [
                744781930893266,
                744781930932710
              ]
            ],
            "start_record_envelope_span_ns": 45229,
            "variant": 1
          }
        },
        "variant": 1
      },
      {
        "accepted": true,
        "attempt_id": 17,
        "logical_pair_index": 14,
        "order": [
          "reference",
          "candidate"
        ],
        "rejection_reasons": [],
        "retry_ordinal": 0,
        "samples": {
          "candidate": {
            "collective_only": {
              "local_ms": 0.040863998234272,
              "rank_max_ms": 0.06572800129652023,
              "rank_ms": [
                0.040863998234272,
                0.06572800129652023,
                0.047231998294591904,
                0.052671998739242554
              ]
            },
            "pair_attempt_id": 17,
            "pair_retry_ordinal": 0,
            "position": 1,
            "readiness_probe_exact": true,
            "ready_region": {
              "local_ms": 0.23004800081253052,
              "rank_max_ms": 0.23004800081253052,
              "rank_ms": [
                0.23004800081253052,
                0.1249919980764389,
                0.14720000326633453,
                0.15171200037002563
              ]
            },
            "sample_index": 14,
            "scheduled_start_arrival_ns_by_rank": [
              744781946554210,
              744781946213828,
              744781946621121,
              744781946772376
            ],
            "scheduled_start_target_ns_by_rank": [
              744781951772376,
              744781951772376,
              744781951772376,
              744781951772376
            ],
            "start_record_bracket_ns_by_rank": [
              [
                744781951774375,
                744781951816951
              ],
              [
                744781951772892,
                744781951791692
              ],
              [
                744781951773605,
                744781951811146
              ],
              [
                744781951773354,
                744781951804671
              ]
            ],
            "start_record_envelope_span_ns": 44059,
            "variant": 0
          },
          "reference": {
            "collective_only": {
              "local_ms": 0.03824000060558319,
              "rank_max_ms": 0.057023998349905014,
              "rank_ms": [
                0.03824000060558319,
                0.057023998349905014,
                0.035679999738931656,
                0.04156799986958504
              ]
            },
            "pair_attempt_id": 17,
            "pair_retry_ordinal": 0,
            "position": 0,
            "readiness_probe_exact": true,
            "ready_region": {
              "local_ms": 0.19673599302768707,
              "rank_max_ms": 0.19673599302768707,
              "rank_ms": [
                0.19673599302768707,
                0.15481600165367126,
                0.1603199988603592,
                0.19433599710464478
              ]
            },
            "sample_index": 14,
            "scheduled_start_arrival_ns_by_rank": [
              744781935635292,
              744781935651246,
              744781936112464,
              744781936062760
            ],
            "scheduled_start_target_ns_by_rank": [
              744781941112464,
              744781941112464,
              744781941112464,
              744781941112464
            ],
            "start_record_bracket_ns_by_rank": [
              [
                744781941113291,
                744781941151024
              ],
              [
                744781941113016,
                744781941132498
              ],
              [
                744781941112956,
                744781941152679
              ],
              [
                744781941113311,
                744781941147364
              ]
            ],
            "start_record_envelope_span_ns": 39723,
            "variant": 0
          }
        },
        "variant": 0
      },
      {
        "accepted": true,
        "attempt_id": 18,
        "logical_pair_index": 15,
        "order": [
          "candidate",
          "reference"
        ],
        "rejection_reasons": [],
        "retry_ordinal": 0,
        "samples": {
          "candidate": {
            "collective_only": {
              "local_ms": 0.048576001077890396,
              "rank_max_ms": 0.05721599981188774,
              "rank_ms": [
                0.048576001077890396,
                0.05721599981188774,
                0.03641600161790848,
                0.04447999969124794
              ]
            },
            "pair_attempt_id": 18,
            "pair_retry_ordinal": 0,
            "position": 0,
            "readiness_probe_exact": true,
            "ready_region": {
              "local_ms": 0.16220800578594208,
              "rank_max_ms": 0.19593599438667297,
              "rank_ms": [
                0.16220800578594208,
                0.16598400473594666,
                0.194240003824234,
                0.19593599438667297
              ]
            },
            "sample_index": 15,
            "scheduled_start_arrival_ns_by_rank": [
              744781956992699,
              744781957106957,
              744781957054957,
              744781956958732
            ],
            "scheduled_start_target_ns_by_rank": [
              744781962106957,
              744781962106957,
              744781962106957,
              744781962106957
            ],
            "start_record_bracket_ns_by_rank": [
              [
                744781962107472,
                744781962138234
              ],
              [
                744781962107511,
                744781962130698
              ],
              [
                744781962107948,
                744781962149516
              ],
              [
                744781962107802,
                744781962142042
              ]
            ],
            "start_record_envelope_span_ns": 42044,
            "variant": 1
          },
          "reference": {
            "collective_only": {
              "local_ms": 0.09401600062847137,
              "rank_max_ms": 0.10812799632549286,
              "rank_ms": [
                0.09401600062847137,
                0.015296000055968761,
                0.09731200337409973,
                0.10812799632549286
              ]
            },
            "pair_attempt_id": 18,
            "pair_retry_ordinal": 0,
            "position": 1,
            "readiness_probe_exact": true,
            "ready_region": {
              "local_ms": 0.19855999946594238,
              "rank_max_ms": 0.19855999946594238,
              "rank_ms": [
                0.19855999946594238,
                0.06403200328350067,
                0.19407999515533447,
                0.19247999787330627
              ]
            },
            "sample_index": 15,
            "scheduled_start_arrival_ns_by_rank": [
              744781968164145,
              744781967803153,
              744781968337906,
              744781968346937
            ],
            "scheduled_start_target_ns_by_rank": [
              744781973346937,
              744781973346937,
              744781973346937,
              744781973346937
            ],
            "start_record_bracket_ns_by_rank": [
              [
                744781973348239,
                744781973396995
              ],
              [
                744781973347407,
                744781973373319
              ],
              [
                744781973348564,
                744781973398787
              ],
              [
                744781973347965,
                744781973386898
              ]
            ],
            "start_record_envelope_span_ns": 51380,
            "variant": 1
          }
        },
        "variant": 1
      },
      {
        "accepted": false,
        "attempt_id": 19,
        "logical_pair_index": 16,
        "order": [
          "reference",
          "candidate"
        ],
        "rejection_reasons": [
          {
            "limit_ns": 500000,
            "side": "reference",
            "start_record_envelope_span_ns": 584425
          }
        ],
        "retry_ordinal": 0,
        "samples": {
          "candidate": {
            "collective_only": {
              "local_ms": 0.19923199713230133,
              "rank_max_ms": 0.20537599921226501,
              "rank_ms": [
                0.19923199713230133,
                0.013919999822974205,
                0.19734400510787964,
                0.20537599921226501
              ]
            },
            "pair_attempt_id": 19,
            "pair_retry_ordinal": 0,
            "position": 1,
            "readiness_probe_exact": true,
            "ready_region": {
              "local_ms": 0.2085759937763214,
              "rank_max_ms": 0.21459199488162994,
              "rank_ms": [
                0.2085759937763214,
                0.02377600036561489,
                0.20771199464797974,
                0.21459199488162994
              ]
            },
            "sample_index": 16,
            "scheduled_start_arrival_ns_by_rank": [
              744781994112153,
              744781993607105,
              744781993957453,
              744781994154102
            ],
            "scheduled_start_target_ns_by_rank": [
              744781999154102,
              744781999154102,
              744781999154102,
              744781999154102
            ],
            "start_record_bracket_ns_by_rank": [
              [
                744781999155065,
                744781999189879
              ],
              [
                744781999154667,
                744781999174236
              ],
              [
                744781999154976,
                744781999204640
              ],
              [
                744781999154761,
                744781999185464
              ]
            ],
            "start_record_envelope_span_ns": 49973,
            "variant": 0
          },
          "reference": {
            "collective_only": {
              "local_ms": 0.07155200093984604,
              "rank_max_ms": 0.5296319723129272,
              "rank_ms": [
                0.07155200093984604,
                0.5296319723129272,
                0.4058240056037903,
                0.33638399839401245
              ]
            },
            "pair_attempt_id": 19,
            "pair_retry_ordinal": 0,
            "position": 0,
            "readiness_probe_exact": true,
            "ready_region": {
              "local_ms": 0.2582080066204071,
              "rank_max_ms": 0.5398719906806946,
              "rank_ms": [
                0.2582080066204071,
                0.5398719906806946,
                0.41606399416923523,
                0.3466239869594574
              ]
            },
            "sample_index": 16,
            "scheduled_start_arrival_ns_by_rank": [
              744781980660828,
              744781980453739,
              744781980696368,
              744781980602780
            ],
            "scheduled_start_target_ns_by_rank": [
              744781985696368,
              744781985696368,
              744781985696368,
              744781985696368
            ],
            "start_record_bracket_ns_by_rank": [
              [
                744781988142747,
                744781988188618
              ],
              [
                744781987604193,
                744781987627834
              ],
              [
                744781987811007,
                744781987856969
              ],
              [
                744781987887289,
                744781987924666
              ]
            ],
            "start_record_envelope_span_ns": 584425,
            "variant": 0
          }
        },
        "variant": 0
      },
      {
        "accepted": true,
        "attempt_id": 20,
        "logical_pair_index": 16,
        "order": [
          "reference",
          "candidate"
        ],
        "rejection_reasons": [],
        "retry_ordinal": 1,
        "samples": {
          "candidate": {
            "collective_only": {
              "local_ms": 0.10883200168609619,
              "rank_max_ms": 0.11363200098276138,
              "rank_ms": [
                0.10883200168609619,
                0.014720000326633453,
                0.10956799983978271,
                0.11363200098276138
              ]
            },
            "pair_attempt_id": 20,
            "pair_retry_ordinal": 1,
            "position": 1,
            "readiness_probe_exact": true,
            "ready_region": {
              "local_ms": 0.14399999380111694,
              "rank_max_ms": 0.14399999380111694,
              "rank_ms": [
                0.14399999380111694,
                0.024032000452280045,
                0.12511999905109406,
                0.13948799669742584
              ]
            },
            "sample_index": 16,
            "scheduled_start_arrival_ns_by_rank": [
              744782018420307,
              744782017842913,
              744782017943661,
              744782018258046
            ],
            "scheduled_start_target_ns_by_rank": [
              744782023420307,
              744782023420307,
              744782023420307,
              744782023420307
            ],
            "start_record_bracket_ns_by_rank": [
              [
                744782023421345,
                744782023452349
              ],
              [
                744782023420790,
                744782023437778
              ],
              [
                744782023420989,
                744782023452630
              ],
              [
                744782023421023,
                744782023448499
              ]
            ],
            "start_record_envelope_span_ns": 31840,
            "variant": 1
          },
          "reference": {
            "collective_only": {
              "local_ms": 0.03433600068092346,
              "rank_max_ms": 0.04495999962091446,
              "rank_ms": [
                0.03433600068092346,
                0.04495999962091446,
                0.030751999467611313,
                0.03548799827694893
              ]
            },
            "pair_attempt_id": 20,
            "pair_retry_ordinal": 1,
            "position": 0,
            "readiness_probe_exact": true,
            "ready_region": {
              "local_ms": 0.1446080058813095,
              "rank_max_ms": 0.1446080058813095,
              "rank_ms": [
                0.1446080058813095,
                0.12012799829244614,
                0.12310399860143661,
                0.14348800480365753
              ]
            },
            "sample_index": 16,
            "scheduled_start_arrival_ns_by_rank": [
              744782007181347,
              744782006962606,
              744782007188970,
              744782007096544
            ],
            "scheduled_start_target_ns_by_rank": [
              744782012188970,
              744782012188970,
              744782012188970,
              744782012188970
            ],
            "start_record_bracket_ns_by_rank": [
              [
                744782012189785,
                744782012227213
              ],
              [
                744782012189542,
                744782012217682
              ],
              [
                744782012189507,
                744782012229750
              ],
              [
                744782012189761,
                744782012227593
              ]
            ],
            "start_record_envelope_span_ns": 40243,
            "variant": 1
          }
        },
        "variant": 1
      },
      {
        "accepted": false,
        "attempt_id": 21,
        "logical_pair_index": 17,
        "order": [
          "candidate",
          "reference"
        ],
        "rejection_reasons": [
          {
            "limit_ns": 500000,
            "side": "reference",
            "start_record_envelope_span_ns": 1021841
          }
        ],
        "retry_ordinal": 0,
        "samples": {
          "candidate": {
            "collective_only": {
              "local_ms": 0.10595200210809708,
              "rank_max_ms": 0.10595200210809708,
              "rank_ms": [
                0.10595200210809708,
                0.013376000337302685,
                0.10118400305509567,
                0.1056319996714592
              ]
            },
            "pair_attempt_id": 21,
            "pair_retry_ordinal": 0,
            "position": 0,
            "readiness_probe_exact": true,
            "ready_region": {
              "local_ms": 0.1650560051202774,
              "rank_max_ms": 0.17097599804401398,
              "rank_ms": [
                0.1650560051202774,
                0.043327998369932175,
                0.16803200542926788,
                0.17097599804401398
              ]
            },
            "sample_index": 17,
            "scheduled_start_arrival_ns_by_rank": [
              744782029727317,
              744782029608343,
              744782029518042,
              744782029566715
            ],
            "scheduled_start_target_ns_by_rank": [
              744782034727317,
              744782034727317,
              744782034727317,
              744782034727317
            ],
            "start_record_bracket_ns_by_rank": [
              [
                744782034728157,
                744782034763634
              ],
              [
                744782034727886,
                744782034749538
              ],
              [
                744782034728063,
                744782034770311
              ],
              [
                744782034728276,
                744782034763302
              ]
            ],
            "start_record_envelope_span_ns": 42425,
            "variant": 0
          },
          "reference": {
            "collective_only": {
              "local_ms": 0.5199679732322693,
              "rank_max_ms": 1.4971519708633423,
              "rank_ms": [
                0.5199679732322693,
                0.015936000272631645,
                1.4971519708633423,
                0.7535679936408997
              ]
            },
            "pair_attempt_id": 21,
            "pair_retry_ordinal": 0,
            "position": 1,
            "readiness_probe_exact": true,
            "ready_region": {
              "local_ms": 0.5299519896507263,
              "rank_max_ms": 1.507423996925354,
              "rank_ms": [
                0.5299519896507263,
                0.025312000885605812,
                1.507423996925354,
                0.7633280158042908
              ]
            },
            "sample_index": 17,
            "scheduled_start_arrival_ns_by_rank": [
              744782042491931,
              744782042742403,
              744782042038111,
              744782042107538
            ],
            "scheduled_start_target_ns_by_rank": [
              744782047742403,
              744782047742403,
              744782047742403,
              744782047742403
            ],
            "start_record_bracket_ns_by_rank": [
              [
                744782048720360,
                744782048765045
              ],
              [
                744782048217295,
                744782048241321
              ],
              [
                744782047743204,
                744782047789018
              ],
              [
                744782048489125,
                744782048530534
              ]
            ],
            "start_record_envelope_span_ns": 1021841,
            "variant": 0
          }
        },
        "variant": 0
      },
      {
        "accepted": true,
        "attempt_id": 22,
        "logical_pair_index": 17,
        "order": [
          "candidate",
          "reference"
        ],
        "rejection_reasons": [],
        "retry_ordinal": 1,
        "samples": {
          "candidate": {
            "collective_only": {
              "local_ms": 1.5139520168304443,
              "rank_max_ms": 1.5306880474090576,
              "rank_ms": [
                1.5139520168304443,
                0.014655999839305878,
                1.5117119550704956,
                1.5306880474090576
              ]
            },
            "pair_attempt_id": 22,
            "pair_retry_ordinal": 1,
            "position": 0,
            "readiness_probe_exact": true,
            "ready_region": {
              "local_ms": 1.5230400562286377,
              "rank_max_ms": 1.5406080484390259,
              "rank_ms": [
                1.5230400562286377,
                0.02486399933695793,
                1.521888017654419,
                1.5406080484390259
              ]
            },
            "sample_index": 17,
            "scheduled_start_arrival_ns_by_rank": [
              744782060068595,
              744782060662263,
              744782059754619,
              744782059555271
            ],
            "scheduled_start_target_ns_by_rank": [
              744782065662263,
              744782065662263,
              744782065662263,
              744782065662263
            ],
            "start_record_bracket_ns_by_rank": [
              [
                744782065663256,
                744782065705319
              ],
              [
                744782065662731,
                744782065684735
              ],
              [
                744782065663541,
                744782065709516
              ],
              [
                744782065662768,
                744782065689306
              ]
            ],
            "start_record_envelope_span_ns": 46785,
            "variant": 1
          },
          "reference": {
            "collective_only": {
              "local_ms": 0.05145600065588951,
              "rank_max_ms": 0.06611199676990509,
              "rank_ms": [
                0.05145600065588951,
                0.06611199676990509,
                0.041439998894929886,
                0.055296000093221664
              ]
            },
            "pair_attempt_id": 22,
            "pair_retry_ordinal": 1,
            "position": 1,
            "readiness_probe_exact": true,
            "ready_region": {
              "local_ms": 0.19711999595165253,
              "rank_max_ms": 0.19711999595165253,
              "rank_ms": [
                0.19711999595165253,
                0.15673600137233734,
                0.1966720074415207,
                0.18969599902629852
              ]
            },
            "sample_index": 17,
            "scheduled_start_arrival_ns_by_rank": [
              744782074058313,
              744782073469246,
              744782073788399,
              744782073413762
            ],
            "scheduled_start_target_ns_by_rank": [
              744782079058313,
              744782079058313,
              744782079058313,
              744782079058313
            ],
            "start_record_bracket_ns_by_rank": [
              [
                744782079059504,
                744782079095152
              ],
              [
                744782079058877,
                744782079079788
              ],
              [
                744782079060030,
                744782079105564
              ],
              [
                744782079059167,
                744782079091021
              ]
            ],
            "start_record_envelope_span_ns": 46687,
            "variant": 1
          }
        },
        "variant": 1
      },
      {
        "accepted": true,
        "attempt_id": 23,
        "logical_pair_index": 18,
        "order": [
          "reference",
          "candidate"
        ],
        "rejection_reasons": [],
        "retry_ordinal": 0,
        "samples": {
          "candidate": {
            "collective_only": {
              "local_ms": 0.04508800059556961,
              "rank_max_ms": 0.06374400109052658,
              "rank_ms": [
                0.04508800059556961,
                0.06374400109052658,
                0.040031999349594116,
                0.06265600025653839
              ]
            },
            "pair_attempt_id": 23,
            "pair_retry_ordinal": 0,
            "position": 1,
            "readiness_probe_exact": true,
            "ready_region": {
              "local_ms": 0.17321600019931793,
              "rank_max_ms": 0.17321600019931793,
              "rank_ms": [
                0.17321600019931793,
                0.1408960074186325,
                0.17257599532604218,
                0.1289599984884262
              ]
            },
            "sample_index": 18,
            "scheduled_start_arrival_ns_by_rank": [
              744782092348922,
              744782091683101,
              744782092392570,
              744782091776103
            ],
            "scheduled_start_target_ns_by_rank": [
              744782097392570,
              744782097392570,
              744782097392570,
              744782097392570
            ],
            "start_record_bracket_ns_by_rank": [
              [
                744782097393629,
                744782097432431
              ],
              [
                744782097393079,
                744782097413747
              ],
              [
                744782097394366,
                744782097438714
              ],
              [
                744782097393092,
                744782097413942
              ]
            ],
            "start_record_envelope_span_ns": 45635,
            "variant": 0
          },
          "reference": {
            "collective_only": {
              "local_ms": 0.10742399841547012,
              "rank_max_ms": 0.11257600039243698,
              "rank_ms": [
                0.10742399841547012,
                0.014527999795973301,
                0.10505600273609161,
                0.11257600039243698
              ]
            },
            "pair_attempt_id": 23,
            "pair_retry_ordinal": 0,
            "position": 0,
            "readiness_probe_exact": true,
            "ready_region": {
              "local_ms": 0.15199999511241913,
              "rank_max_ms": 0.15199999511241913,
              "rank_ms": [
                0.15199999511241913,
                0.02864000014960766,
                0.14508800208568573,
                0.13760000467300415
              ]
            },
            "sample_index": 18,
            "scheduled_start_arrival_ns_by_rank": [
              744782083478383,
              744782082923689,
              744782083150656,
              744782083378768
            ],
            "scheduled_start_target_ns_by_rank": [
              744782088478383,
              744782088478383,
              744782088478383,
              744782088478383
            ],
            "start_record_bracket_ns_by_rank": [
              [
                744782088479190,
                744782088510091
              ],
              [
                744782088478965,
                744782088497845
              ],
              [
                744782088479271,
                744782088514437
              ],
              [
                744782088479046,
                744782088505398
              ]
            ],
            "start_record_envelope_span_ns": 35472,
            "variant": 0
          }
        },
        "variant": 0
      },
      {
        "accepted": true,
        "attempt_id": 24,
        "logical_pair_index": 19,
        "order": [
          "candidate",
          "reference"
        ],
        "rejection_reasons": [],
        "retry_ordinal": 0,
        "samples": {
          "candidate": {
            "collective_only": {
              "local_ms": 0.10559999942779541,
              "rank_max_ms": 0.1162559986114502,
              "rank_ms": [
                0.10559999942779541,
                0.013376000337302685,
                0.10105600208044052,
                0.1162559986114502
              ]
            },
            "pair_attempt_id": 24,
            "pair_retry_ordinal": 0,
            "position": 0,
            "readiness_probe_exact": true,
            "ready_region": {
              "local_ms": 0.1525759994983673,
              "rank_max_ms": 0.2396479994058609,
              "rank_ms": [
                0.1525759994983673,
                0.2396479994058609,
                0.16601599752902985,
                0.13359999656677246
              ]
            },
            "sample_index": 19,
            "scheduled_start_arrival_ns_by_rank": [
              744782101296886,
              744782100789320,
              744782101705348,
              744782101607736
            ],
            "scheduled_start_target_ns_by_rank": [
              744782106705348,
              744782106705348,
              744782106705348,
              744782106705348
            ],
            "start_record_bracket_ns_by_rank": [
              [
                744782106706169,
                744782106739877
              ],
              [
                744782106705875,
                744782106726826
              ],
              [
                744782106706602,
                744782106748523
              ],
              [
                744782106705887,
                744782106731229
              ]
            ],
            "start_record_envelope_span_ns": 42648,
            "variant": 1
          },
          "reference": {
            "collective_only": {
              "local_ms": 0.03939199820160866,
              "rank_max_ms": 0.05718399956822395,
              "rank_ms": [
                0.03939199820160866,
                0.05718399956822395,
                0.03606399893760681,
                0.05593600124120712
              ]
            },
            "pair_attempt_id": 24,
            "pair_retry_ordinal": 0,
            "position": 1,
            "readiness_probe_exact": true,
            "ready_region": {
              "local_ms": 0.15481600165367126,
              "rank_max_ms": 0.155008003115654,
              "rank_ms": [
                0.15481600165367126,
                0.12217599898576736,
                0.155008003115654,
                0.12009599804878235
              ]
            },
            "sample_index": 19,
            "scheduled_start_arrival_ns_by_rank": [
              744782111340551,
              744782110355302,
              744782111116338,
              744782111264165
            ],
            "scheduled_start_target_ns_by_rank": [
              744782116340551,
              744782116340551,
              744782116340551,
              744782116340551
            ],
            "start_record_bracket_ns_by_rank": [
              [
                744782116345266,
                744782116378019
              ],
              [
                744782116341026,
                744782116360800
              ],
              [
                744782116342151,
                744782116380713
              ],
              [
                744782116341004,
                744782116361419
              ]
            ],
            "start_record_envelope_span_ns": 39709,
            "variant": 1
          }
        },
        "variant": 1
      },
      {
        "accepted": true,
        "attempt_id": 25,
        "logical_pair_index": 20,
        "order": [
          "reference",
          "candidate"
        ],
        "rejection_reasons": [],
        "retry_ordinal": 0,
        "samples": {
          "candidate": {
            "collective_only": {
              "local_ms": 0.04265600070357323,
              "rank_max_ms": 0.05862399935722351,
              "rank_ms": [
                0.04265600070357323,
                0.05862399935722351,
                0.037376001477241516,
                0.042047999799251556
              ]
            },
            "pair_attempt_id": 25,
            "pair_retry_ordinal": 0,
            "position": 1,
            "readiness_probe_exact": true,
            "ready_region": {
              "local_ms": 0.18028800189495087,
              "rank_max_ms": 0.1849920004606247,
              "rank_ms": [
                0.18028800189495087,
                0.13571199774742126,
                0.16828800737857819,
                0.1849920004606247
              ]
            },
            "sample_index": 20,
            "scheduled_start_arrival_ns_by_rank": [
              744782127939564,
              744782127498625,
              744782128353341,
              744782127445042
            ],
            "scheduled_start_target_ns_by_rank": [
              744782133353341,
              744782133353341,
              744782133353341,
              744782133353341
            ],
            "start_record_bracket_ns_by_rank": [
              [
                744782133354391,
                744782133392005
              ],
              [
                744782133353865,
                744782133377591
              ],
              [
                744782133354908,
                744782133397847
              ],
              [
                744782133354869,
                744782133392246
              ]
            ],
            "start_record_envelope_span_ns": 43982,
            "variant": 0
          },
          "reference": {
            "collective_only": {
              "local_ms": 0.04790399968624115,
              "rank_max_ms": 0.07103999704122543,
              "rank_ms": [
                0.04790399968624115,
                0.07103999704122543,
                0.043327998369932175,
                0.06815999746322632
              ]
            },
            "pair_attempt_id": 25,
            "pair_retry_ordinal": 0,
            "position": 0,
            "readiness_probe_exact": true,
            "ready_region": {
              "local_ms": 0.19465599954128265,
              "rank_max_ms": 0.19881600141525269,
              "rank_ms": [
                0.19465599954128265,
                0.15875199437141418,
                0.19881600141525269,
                0.1348160058259964
              ]
            },
            "sample_index": 20,
            "scheduled_start_arrival_ns_by_rank": [
              744782119662128,
              744782119092167,
              744782119481005,
              744782118722035
            ],
            "scheduled_start_target_ns_by_rank": [
              744782124662128,
              744782124662128,
              744782124662128,
              744782124662128
            ],
            "start_record_bracket_ns_by_rank": [
              [
                744782124663576,
                744782124706801
              ],
              [
                744782124662731,
                744782124682852
              ],
              [
                744782124663189,
                744782124710955
              ],
              [
                744782124662639,
                744782124685607
              ]
            ],
            "start_record_envelope_span_ns": 48316,
            "variant": 0
          }
        },
        "variant": 0
      },
      {
        "accepted": true,
        "attempt_id": 26,
        "logical_pair_index": 21,
        "order": [
          "candidate",
          "reference"
        ],
        "rejection_reasons": [],
        "retry_ordinal": 0,
        "samples": {
          "candidate": {
            "collective_only": {
              "local_ms": 0.0517439991235733,
              "rank_max_ms": 0.07664000242948532,
              "rank_ms": [
                0.0517439991235733,
                0.07664000242948532,
                0.045343998819589615,
                0.06985600292682648
              ]
            },
            "pair_attempt_id": 26,
            "pair_retry_ordinal": 0,
            "position": 0,
            "readiness_probe_exact": true,
            "ready_region": {
              "local_ms": 0.21350400149822235,
              "rank_max_ms": 0.21350400149822235,
              "rank_ms": [
                0.21350400149822235,
                0.16812799870967865,
                0.20774400234222412,
                0.15376000106334686
              ]
            },
            "sample_index": 21,
            "scheduled_start_arrival_ns_by_rank": [
              744782138269576,
              744782137626770,
              744782138117797,
              744782137415388
            ],
            "scheduled_start_target_ns_by_rank": [
              744782143269576,
              744782143269576,
              744782143269576,
              744782143269576
            ],
            "start_record_bracket_ns_by_rank": [
              [
                744782143270697,
                744782143319191
              ],
              [
                744782143270005,
                744782143293932
              ],
              [
                744782143271074,
                744782143325768
              ],
              [
                744782143270151,
                744782143300087
              ]
            ],
            "start_record_envelope_span_ns": 55763,
            "variant": 1
          },
          "reference": {
            "collective_only": {
              "local_ms": 0.03711999952793121,
              "rank_max_ms": 0.05443200096487999,
              "rank_ms": [
                0.03711999952793121,
                0.05443200096487999,
                0.0432640016078949,
                0.04665600135922432
              ]
            },
            "pair_attempt_id": 26,
            "pair_retry_ordinal": 0,
            "position": 1,
            "readiness_probe_exact": true,
            "ready_region": {
              "local_ms": 0.1927040070295334,
              "rank_max_ms": 0.1927040070295334,
              "rank_ms": [
                0.1927040070295334,
                0.16995200514793396,
                0.1648000031709671,
                0.1541759967803955
              ]
            },
            "sample_index": 21,
            "scheduled_start_arrival_ns_by_rank": [
              744782148217426,
              744782148288938,
              744782148180146,
              744782147619955
            ],
            "scheduled_start_target_ns_by_rank": [
              744782153288938,
              744782153288938,
              744782153288938,
              744782153288938
            ],
            "start_record_bracket_ns_by_rank": [
              [
                744782153290194,
                744782153332097
              ],
              [
                744782153289545,
                744782153317314
              ],
              [
                744782153290004,
                744782153328768
              ],
              [
                744782153289715,
                744782153320214
              ]
            ],
            "start_record_envelope_span_ns": 42552,
            "variant": 1
          }
        },
        "variant": 1
      },
      {
        "accepted": true,
        "attempt_id": 27,
        "logical_pair_index": 22,
        "order": [
          "reference",
          "candidate"
        ],
        "rejection_reasons": [],
        "retry_ordinal": 0,
        "samples": {
          "candidate": {
            "collective_only": {
              "local_ms": 0.04713600128889084,
              "rank_max_ms": 0.06224000081419945,
              "rank_ms": [
                0.04713600128889084,
                0.06224000081419945,
                0.041728001087903976,
                0.0560000017285347
              ]
            },
            "pair_attempt_id": 27,
            "pair_retry_ordinal": 0,
            "position": 1,
            "readiness_probe_exact": true,
            "ready_region": {
              "local_ms": 0.18307200074195862,
              "rank_max_ms": 0.18307200074195862,
              "rank_ms": [
                0.18307200074195862,
                0.1582079976797104,
                0.1810240000486374,
                0.152319997549057
              ]
            },
            "sample_index": 22,
            "scheduled_start_arrival_ns_by_rank": [
              744782167450106,
              744782166964893,
              744782167539864,
              744782166806486
            ],
            "scheduled_start_target_ns_by_rank": [
              744782172539864,
              744782172539864,
              744782172539864,
              744782172539864
            ],
            "start_record_bracket_ns_by_rank": [
              [
                744782172541487,
                744782172581201
              ],
              [
                744782172540485,
                744782172565303
              ],
              [
                744782172541346,
                744782172587871
              ],
              [
                744782172540563,
                744782172572230
              ]
            ],
            "start_record_envelope_span_ns": 47386,
            "variant": 0
          },
          "reference": {
            "collective_only": {
              "local_ms": 0.034912001341581345,
              "rank_max_ms": 0.05478399991989136,
              "rank_ms": [
                0.034912001341581345,
                0.05478399991989136,
                0.044863998889923096,
                0.0395519994199276
              ]
            },
            "pair_attempt_id": 27,
            "pair_retry_ordinal": 0,
            "position": 0,
            "readiness_probe_exact": true,
            "ready_region": {
              "local_ms": 0.17363199591636658,
              "rank_max_ms": 0.17721599340438843,
              "rank_ms": [
                0.17363199591636658,
                0.14368000626564026,
                0.1470080018043518,
                0.17721599340438843
              ]
            },
            "sample_index": 22,
            "scheduled_start_arrival_ns_by_rank": [
              744782158271234,
              744782157880595,
              744782158127584,
              744782158076489
            ],
            "scheduled_start_target_ns_by_rank": [
              744782163271234,
              744782163271234,
              744782163271234,
              744782163271234
            ],
            "start_record_bracket_ns_by_rank": [
              [
                744782163272089,
                744782163311182
              ],
              [
                744782163271754,
                744782163292833
              ],
              [
                744782163271844,
                744782163303118
              ],
              [
                744782163272350,
                744782163307623
              ]
            ],
            "start_record_envelope_span_ns": 39428,
            "variant": 0
          }
        },
        "variant": 0
      },
      {
        "accepted": true,
        "attempt_id": 28,
        "logical_pair_index": 23,
        "order": [
          "candidate",
          "reference"
        ],
        "rejection_reasons": [],
        "retry_ordinal": 0,
        "samples": {
          "candidate": {
            "collective_only": {
              "local_ms": 0.06335999816656113,
              "rank_max_ms": 0.08076799660921097,
              "rank_ms": [
                0.06335999816656113,
                0.07923199981451035,
                0.06176000088453293,
                0.08076799660921097
              ]
            },
            "pair_attempt_id": 28,
            "pair_retry_ordinal": 0,
            "position": 0,
            "readiness_probe_exact": true,
            "ready_region": {
              "local_ms": 0.1971520036458969,
              "rank_max_ms": 0.197952002286911,
              "rank_ms": [
                0.1971520036458969,
                0.15065599977970123,
                0.197952002286911,
                0.13836799561977386
              ]
            },
            "sample_index": 23,
            "scheduled_start_arrival_ns_by_rank": [
              744782176954362,
              744782176423795,
              744782177143800,
              744782176285435
            ],
            "scheduled_start_target_ns_by_rank": [
              744782182143800,
              744782182143800,
              744782182143800,
              744782182143800
            ],
            "start_record_bracket_ns_by_rank": [
              [
                744782182145433,
                744782182184306
              ],
              [
                744782182144313,
                744782182167376
              ],
              [
                744782182144916,
                744782182186244
              ],
              [
                744782182144235,
                744782182166696
              ]
            ],
            "start_record_envelope_span_ns": 42009,
            "variant": 1
          },
          "reference": {
            "collective_only": {
              "local_ms": 0.048128001391887665,
              "rank_max_ms": 0.0674239993095398,
              "rank_ms": [
                0.048128001391887665,
                0.066880002617836,
                0.047488000243902206,
                0.0674239993095398
              ]
            },
            "pair_attempt_id": 28,
            "pair_retry_ordinal": 0,
            "position": 1,
            "readiness_probe_exact": true,
            "ready_region": {
              "local_ms": 0.18956799805164337,
              "rank_max_ms": 0.18956799805164337,
              "rank_ms": [
                0.18956799805164337,
                0.1566080003976822,
                0.1785919964313507,
                0.14326399564743042
              ]
            },
            "sample_index": 23,
            "scheduled_start_arrival_ns_by_rank": [
              744782185935002,
              744782185741785,
              744782185485902,
              744782185514502
            ],
            "scheduled_start_target_ns_by_rank": [
              744782190935002,
              744782190935002,
              744782190935002,
              744782190935002
            ],
            "start_record_bracket_ns_by_rank": [
              [
                744782190936128,
                744782190974384
              ],
              [
                744782190935540,
                744782190959925
              ],
              [
                744782190936383,
                744782190978985
              ],
              [
                744782190935500,
                744782190957258
              ]
            ],
            "start_record_envelope_span_ns": 43485,
            "variant": 1
          }
        },
        "variant": 1
      },
      {
        "accepted": true,
        "attempt_id": 29,
        "logical_pair_index": 24,
        "order": [
          "reference",
          "candidate"
        ],
        "rejection_reasons": [],
        "retry_ordinal": 0,
        "samples": {
          "candidate": {
            "collective_only": {
              "local_ms": 0.04508800059556961,
              "rank_max_ms": 0.06505600363016129,
              "rank_ms": [
                0.04508800059556961,
                0.06505600363016129,
                0.03996799886226654,
                0.05833600088953972
              ]
            },
            "pair_attempt_id": 29,
            "pair_retry_ordinal": 0,
            "position": 1,
            "readiness_probe_exact": true,
            "ready_region": {
              "local_ms": 0.21011200547218323,
              "rank_max_ms": 0.22256000339984894,
              "rank_ms": [
                0.21011200547218323,
                0.14006400108337402,
                0.22256000339984894,
                0.14054399728775024
              ]
            },
            "sample_index": 24,
            "scheduled_start_arrival_ns_by_rank": [
              744782204544904,
              744782203629129,
              744782204812625,
              744782204298678
            ],
            "scheduled_start_target_ns_by_rank": [
              744782209812625,
              744782209812625,
              744782209812625,
              744782209812625
            ],
            "start_record_bracket_ns_by_rank": [
              [
                744782209814142,
                744782209853660
              ],
              [
                744782209813154,
                744782209834906
              ],
              [
                744782209813901,
                744782209861082
              ],
              [
                744782209813043,
                744782209841079
              ]
            ],
            "start_record_envelope_span_ns": 48039,
            "variant": 0
          },
          "reference": {
            "collective_only": {
              "local_ms": 0.04473600164055824,
              "rank_max_ms": 0.05875200033187866,
              "rank_ms": [
                0.04473600164055824,
                0.05363199859857559,
                0.03670400008559227,
                0.05875200033187866
              ]
            },
            "pair_attempt_id": 29,
            "pair_retry_ordinal": 0,
            "position": 0,
            "readiness_probe_exact": true,
            "ready_region": {
              "local_ms": 0.1857600063085556,
              "rank_max_ms": 0.1857600063085556,
              "rank_ms": [
                0.1857600063085556,
                0.15939199924468994,
                0.18041600286960602,
                0.1382720023393631
              ]
            },
            "sample_index": 24,
            "scheduled_start_arrival_ns_by_rank": [
              744782196056479,
              744782195775097,
              744782195749344,
              744782195291331
            ],
            "scheduled_start_target_ns_by_rank": [
              744782201056479,
              744782201056479,
              744782201056479,
              744782201056479
            ],
            "start_record_bracket_ns_by_rank": [
              [
                744782201057289,
                744782201090435
              ],
              [
                744782201057054,
                744782201081875
              ],
              [
                744782201057312,
                744782201097380
              ],
              [
                744782201057013,
                744782201076980
              ]
            ],
            "start_record_envelope_span_ns": 40367,
            "variant": 0
          }
        },
        "variant": 0
      },
      {
        "accepted": true,
        "attempt_id": 30,
        "logical_pair_index": 25,
        "order": [
          "candidate",
          "reference"
        ],
        "rejection_reasons": [],
        "retry_ordinal": 0,
        "samples": {
          "candidate": {
            "collective_only": {
              "local_ms": 0.05135999992489815,
              "rank_max_ms": 0.06716799736022949,
              "rank_ms": [
                0.05135999992489815,
                0.06716799736022949,
                0.042367998510599136,
                0.0514880008995533
              ]
            },
            "pair_attempt_id": 30,
            "pair_retry_ordinal": 0,
            "position": 0,
            "readiness_probe_exact": true,
            "ready_region": {
              "local_ms": 0.2022400051355362,
              "rank_max_ms": 0.2022400051355362,
              "rank_ms": [
                0.2022400051355362,
                0.16780799627304077,
                0.19123199582099915,
                0.2022079974412918
              ]
            },
            "sample_index": 25,
            "scheduled_start_arrival_ns_by_rank": [
              744782214349534,
              744782213873189,
              744782214372512,
              744782214629276
            ],
            "scheduled_start_target_ns_by_rank": [
              744782219629276,
              744782219629276,
              744782219629276,
              744782219629276
            ],
            "start_record_bracket_ns_by_rank": [
              [
                744782219630358,
                744782219672415
              ],
              [
                744782219629820,
                744782219656782
              ],
              [
                744782219630773,
                744782219682884
              ],
              [
                744782219630269,
                744782219671657
              ]
            ],
            "start_record_envelope_span_ns": 53064,
            "variant": 1
          },
          "reference": {
            "collective_only": {
              "local_ms": 0.04681599885225296,
              "rank_max_ms": 0.06233600154519081,
              "rank_ms": [
                0.04681599885225296,
                0.06233600154519081,
                0.04073600098490715,
                0.048128001391887665
              ]
            },
            "pair_attempt_id": 30,
            "pair_retry_ordinal": 0,
            "position": 1,
            "readiness_probe_exact": true,
            "ready_region": {
              "local_ms": 0.1818239986896515,
              "rank_max_ms": 0.1818239986896515,
              "rank_ms": [
                0.1818239986896515,
                0.14032000303268433,
                0.17481599748134613,
                0.17497600615024567
              ]
            },
            "sample_index": 25,
            "scheduled_start_arrival_ns_by_rank": [
              744782224121570,
              744782223877565,
              744782224697520,
              744782224503700
            ],
            "scheduled_start_target_ns_by_rank": [
              744782229697520,
              744782229697520,
              744782229697520,
              744782229697520
            ],
            "start_record_bracket_ns_by_rank": [
              [
                744782229698760,
                744782229734787
              ],
              [
                744782229698060,
                744782229720705
              ],
              [
                744782229698597,
                744782229742510
              ],
              [
                744782229698568,
                744782229734048
              ]
            ],
            "start_record_envelope_span_ns": 44450,
            "variant": 1
          }
        },
        "variant": 1
      },
      {
        "accepted": true,
        "attempt_id": 31,
        "logical_pair_index": 26,
        "order": [
          "reference",
          "candidate"
        ],
        "rejection_reasons": [],
        "retry_ordinal": 0,
        "samples": {
          "candidate": {
            "collective_only": {
              "local_ms": 0.045471999794244766,
              "rank_max_ms": 0.06620799750089645,
              "rank_ms": [
                0.045471999794244766,
                0.06620799750089645,
                0.04009599983692169,
                0.05257600173354149
              ]
            },
            "pair_attempt_id": 31,
            "pair_retry_ordinal": 0,
            "position": 1,
            "readiness_probe_exact": true,
            "ready_region": {
              "local_ms": 0.18323199450969696,
              "rank_max_ms": 0.18323199450969696,
              "rank_ms": [
                0.18323199450969696,
                0.14553600549697876,
                0.17584000527858734,
                0.16572800278663635
              ]
            },
            "sample_index": 26,
            "scheduled_start_arrival_ns_by_rank": [
              744782244539202,
              744782244102913,
              744782244100158,
              744782244493844
            ],
            "scheduled_start_target_ns_by_rank": [
              744782249539202,
              744782249539202,
              744782249539202,
              744782249539202
            ],
            "start_record_bracket_ns_by_rank": [
              [
                744782249540550,
                744782249579657
              ],
              [
                744782249539697,
                744782249559646
              ],
              [
                744782249541057,
                744782249586544
              ],
              [
                744782249540166,
                744782249573346
              ]
            ],
            "start_record_envelope_span_ns": 46847,
            "variant": 0
          },
          "reference": {
            "collective_only": {
              "local_ms": 0.061503998935222626,
              "rank_max_ms": 0.0923520028591156,
              "rank_ms": [
                0.061503998935222626,
                0.0923520028591156,
                0.05145600065588951,
                0.061983998864889145
              ]
            },
            "pair_attempt_id": 31,
            "pair_retry_ordinal": 0,
            "position": 0,
            "readiness_probe_exact": true,
            "ready_region": {
              "local_ms": 0.2146880030632019,
              "rank_max_ms": 0.22537599503993988,
              "rank_ms": [
                0.2146880030632019,
                0.16438399255275726,
                0.22537599503993988,
                0.20895999670028687
              ]
            },
            "sample_index": 26,
            "scheduled_start_arrival_ns_by_rank": [
              744782233971950,
              744782233584621,
              744782233690929,
              744782233945320
            ],
            "scheduled_start_target_ns_by_rank": [
              744782238971950,
              744782238971950,
              744782238971950,
              744782238971950
            ],
            "start_record_bracket_ns_by_rank": [
              [
                744782238973103,
                744782239026727
              ],
              [
                744782238972559,
                744782238995919
              ],
              [
                744782238972979,
                744782239040375
              ],
              [
                744782238973129,
                744782239025618
              ]
            ],
            "start_record_envelope_span_ns": 67816,
            "variant": 0
          }
        },
        "variant": 0
      },
      {
        "accepted": true,
        "attempt_id": 32,
        "logical_pair_index": 27,
        "order": [
          "candidate",
          "reference"
        ],
        "rejection_reasons": [],
        "retry_ordinal": 0,
        "samples": {
          "candidate": {
            "collective_only": {
              "local_ms": 0.05478399991989136,
              "rank_max_ms": 0.07487999647855759,
              "rank_ms": [
                0.05478399991989136,
                0.07487999647855759,
                0.04390399903059006,
                0.056832000613212585
              ]
            },
            "pair_attempt_id": 32,
            "pair_retry_ordinal": 0,
            "position": 0,
            "readiness_probe_exact": true,
            "ready_region": {
              "local_ms": 0.21855999529361725,
              "rank_max_ms": 0.22550399601459503,
              "rank_ms": [
                0.21855999529361725,
                0.16153599321842194,
                0.22550399601459503,
                0.22224000096321106
              ]
            },
            "sample_index": 27,
            "scheduled_start_arrival_ns_by_rank": [
              744782253694692,
              744782253496795,
              744782253720901,
              744782253772646
            ],
            "scheduled_start_target_ns_by_rank": [
              744782258772646,
              744782258772646,
              744782258772646,
              744782258772646
            ],
            "start_record_bracket_ns_by_rank": [
              [
                744782258773885,
                744782258816536
              ],
              [
                744782258773139,
                744782258797930
              ],
              [
                744782258774038,
                744782258829508
              ],
              [
                744782258773776,
                744782258815968
              ]
            ],
            "start_record_envelope_span_ns": 56369,
            "variant": 1
          },
          "reference": {
            "collective_only": {
              "local_ms": 0.042527999728918076,
              "rank_max_ms": 0.062431998550891876,
              "rank_ms": [
                0.042527999728918076,
                0.062431998550891876,
                0.04044799879193306,
                0.05104000121355057
              ]
            },
            "pair_attempt_id": 32,
            "pair_retry_ordinal": 0,
            "position": 1,
            "readiness_probe_exact": true,
            "ready_region": {
              "local_ms": 0.1788800060749054,
              "rank_max_ms": 0.1788800060749054,
              "rank_ms": [
                0.1788800060749054,
                0.1425279974937439,
                0.17369599640369415,
                0.16569599509239197
              ]
            },
            "sample_index": 27,
            "scheduled_start_arrival_ns_by_rank": [
              744782264272873,
              744782263404593,
              744782264396369,
              744782264232610
            ],
            "scheduled_start_target_ns_by_rank": [
              744782269396369,
              744782269396369,
              744782269396369,
              744782269396369
            ],
            "start_record_bracket_ns_by_rank": [
              [
                744782269397780,
                744782269436332
              ],
              [
                744782269396830,
                744782269418045
              ],
              [
                744782269397592,
                744782269440332
              ],
              [
                744782269397520,
                744782269429734
              ]
            ],
            "start_record_envelope_span_ns": 43502,
            "variant": 1
          }
        },
        "variant": 1
      },
      {
        "accepted": true,
        "attempt_id": 33,
        "logical_pair_index": 28,
        "order": [
          "reference",
          "candidate"
        ],
        "rejection_reasons": [],
        "retry_ordinal": 0,
        "samples": {
          "candidate": {
            "collective_only": {
              "local_ms": 0.04262400045990944,
              "rank_max_ms": 0.09084799885749817,
              "rank_ms": [
                0.04262400045990944,
                0.09084799885749817,
                0.07014399766921997,
                0.06623999774456024
              ]
            },
            "pair_attempt_id": 33,
            "pair_retry_ordinal": 0,
            "position": 1,
            "readiness_probe_exact": true,
            "ready_region": {
              "local_ms": 0.23811200261116028,
              "rank_max_ms": 0.23811200261116028,
              "rank_ms": [
                0.23811200261116028,
                0.13766400516033173,
                0.12982399761676788,
                0.15343999862670898
              ]
            },
            "sample_index": 28,
            "scheduled_start_arrival_ns_by_rank": [
              744782284977678,
              744782284466846,
              744782284764519,
              744782284959617
            ],
            "scheduled_start_target_ns_by_rank": [
              744782289977678,
              744782289977678,
              744782289977678,
              744782289977678
            ],
            "start_record_bracket_ns_by_rank": [
              [
                744782289980085,
                744782290044769
              ],
              [
                744782289978197,
                744782289996414
              ],
              [
                744782289978307,
                744782290018843
              ],
              [
                744782289978718,
                744782290021859
              ]
            ],
            "start_record_envelope_span_ns": 66572,
            "variant": 0
          },
          "reference": {
            "collective_only": {
              "local_ms": 0.05430399999022484,
              "rank_max_ms": 0.07036799937486649,
              "rank_ms": [
                0.05430399999022484,
                0.07036799937486649,
                0.05132799968123436,
                0.054816000163555145
              ]
            },
            "pair_attempt_id": 33,
            "pair_retry_ordinal": 0,
            "position": 0,
            "readiness_probe_exact": true,
            "ready_region": {
              "local_ms": 0.1817599982023239,
              "rank_max_ms": 0.19065600633621216,
              "rank_ms": [
                0.1817599982023239,
                0.15824000537395477,
                0.1812479943037033,
                0.19065600633621216
              ]
            },
            "sample_index": 28,
            "scheduled_start_arrival_ns_by_rank": [
              744782274768484,
              744782274610071,
              744782274785765,
              744782274933231
            ],
            "scheduled_start_target_ns_by_rank": [
              744782279933231,
              744782279933231,
              744782279933231,
              744782279933231
            ],
            "start_record_bracket_ns_by_rank": [
              [
                744782279934046,
                744782279970709
              ],
              [
                744782279933811,
                744782279955132
              ],
              [
                744782279934216,
                744782279975268
              ],
              [
                744782279934110,
                744782279969320
              ]
            ],
            "start_record_envelope_span_ns": 41457,
            "variant": 0
          }
        },
        "variant": 0
      },
      {
        "accepted": true,
        "attempt_id": 34,
        "logical_pair_index": 29,
        "order": [
          "candidate",
          "reference"
        ],
        "rejection_reasons": [],
        "retry_ordinal": 0,
        "samples": {
          "candidate": {
            "collective_only": {
              "local_ms": 0.055776000022888184,
              "rank_max_ms": 0.06115199998021126,
              "rank_ms": [
                0.055776000022888184,
                0.06115199998021126,
                0.037696000188589096,
                0.0459199994802475
              ]
            },
            "pair_attempt_id": 34,
            "pair_retry_ordinal": 0,
            "position": 0,
            "readiness_probe_exact": true,
            "ready_region": {
              "local_ms": 0.12982399761676788,
              "rank_max_ms": 0.1738560050725937,
              "rank_ms": [
                0.12982399761676788,
                0.13600000739097595,
                0.1642560064792633,
                0.1738560050725937
              ]
            },
            "sample_index": 29,
            "scheduled_start_arrival_ns_by_rank": [
              744782295562563,
              744782295338191,
              744782295727267,
              744782295718969
            ],
            "scheduled_start_target_ns_by_rank": [
              744782300727267,
              744782300727267,
              744782300727267,
              744782300727267
            ],
            "start_record_bracket_ns_by_rank": [
              [
                744782300727699,
                744782300751943
              ],
              [
                744782300727752,
                744782300748304
              ],
              [
                744782300728570,
                744782300771090
              ],
              [
                744782300728317,
                744782300763460
              ]
            ],
            "start_record_envelope_span_ns": 43391,
            "variant": 1
          },
          "reference": {
            "collective_only": {
              "local_ms": 0.047488000243902206,
              "rank_max_ms": 0.06310400366783142,
              "rank_ms": [
                0.047488000243902206,
                0.06310400366783142,
                0.0435199998319149,
                0.04806400090456009
              ]
            },
            "pair_attempt_id": 34,
            "pair_retry_ordinal": 0,
            "position": 1,
            "readiness_probe_exact": true,
            "ready_region": {
              "local_ms": 0.21990400552749634,
              "rank_max_ms": 0.21990400552749634,
              "rank_ms": [
                0.21990400552749634,
                0.1679999977350235,
                0.20073600113391876,
                0.20905600488185883
              ]
            },
            "sample_index": 29,
            "scheduled_start_arrival_ns_by_rank": [
              744782306396342,
              744782306941252,
              744782307598323,
              744782307149112
            ],
            "scheduled_start_target_ns_by_rank": [
              744782312598323,
              744782312598323,
              744782312598323,
              744782312598323
            ],
            "start_record_bracket_ns_by_rank": [
              [
                744782312599585,
                744782312644339
              ],
              [
                744782312598863,
                744782312628746
              ],
              [
                744782312599691,
                744782312650065
              ],
              [
                744782312600446,
                744782312645534
              ]
            ],
            "start_record_envelope_span_ns": 51202,
            "variant": 1
          }
        },
        "variant": 1
      },
      {
        "accepted": true,
        "attempt_id": 35,
        "logical_pair_index": 30,
        "order": [
          "reference",
          "candidate"
        ],
        "rejection_reasons": [],
        "retry_ordinal": 0,
        "samples": {
          "candidate": {
            "collective_only": {
              "local_ms": 0.05260799825191498,
              "rank_max_ms": 0.06752000004053116,
              "rank_ms": [
                0.05260799825191498,
                0.06752000004053116,
                0.040063999593257904,
                0.05612799897789955
              ]
            },
            "pair_attempt_id": 35,
            "pair_retry_ordinal": 0,
            "position": 1,
            "readiness_probe_exact": true,
            "ready_region": {
              "local_ms": 0.18278400599956512,
              "rank_max_ms": 0.1987839937210083,
              "rank_ms": [
                0.18278400599956512,
                0.13929599523544312,
                0.1987839937210083,
                0.18051199615001678
              ]
            },
            "sample_index": 30,
            "scheduled_start_arrival_ns_by_rank": [
              744782328778433,
              744782328827181,
              744782328608574,
              744782328829019
            ],
            "scheduled_start_target_ns_by_rank": [
              744782333829019,
              744782333829019,
              744782333829019,
              744782333829019
            ],
            "start_record_bracket_ns_by_rank": [
              [
                744782333829824,
                744782333863362
              ],
              [
                744782333829570,
                744782333850232
              ],
              [
                744782333830068,
                744782333877283
              ],
              [
                744782333829821,
                744782333861850
              ]
            ],
            "start_record_envelope_span_ns": 47713,
            "variant": 0
          },
          "reference": {
            "collective_only": {
              "local_ms": 0.03916800022125244,
              "rank_max_ms": 0.05651199817657471,
              "rank_ms": [
                0.03916800022125244,
                0.05651199817657471,
                0.03673600032925606,
                0.04211200028657913
              ]
            },
            "pair_attempt_id": 35,
            "pair_retry_ordinal": 0,
            "position": 0,
            "readiness_probe_exact": true,
            "ready_region": {
              "local_ms": 0.1730239987373352,
              "rank_max_ms": 0.1730239987373352,
              "rank_ms": [
                0.1730239987373352,
                0.13740800321102142,
                0.14883199334144592,
                0.171424001455307
              ]
            },
            "sample_index": 30,
            "scheduled_start_arrival_ns_by_rank": [
              744782319527649,
              744782318841879,
              744782319466934,
              744782319343884
            ],
            "scheduled_start_target_ns_by_rank": [
              744782324527649,
              744782324527649,
              744782324527649,
              744782324527649
            ],
            "start_record_bracket_ns_by_rank": [
              [
                744782324528366,
                744782324566797
              ],
              [
                744782324528260,
                744782324549551
              ],
              [
                744782324528292,
                744782324569004
              ],
              [
                744782324528587,
                744782324563569
              ]
            ],
            "start_record_envelope_span_ns": 40744,
            "variant": 0
          }
        },
        "variant": 0
      },
      {
        "accepted": true,
        "attempt_id": 36,
        "logical_pair_index": 31,
        "order": [
          "candidate",
          "reference"
        ],
        "rejection_reasons": [],
        "retry_ordinal": 0,
        "samples": {
          "candidate": {
            "collective_only": {
              "local_ms": 0.051711998879909515,
              "rank_max_ms": 0.09910400211811066,
              "rank_ms": [
                0.051711998879909515,
                0.09910400211811066,
                0.0790719985961914,
                0.08508799970149994
              ]
            },
            "pair_attempt_id": 36,
            "pair_retry_ordinal": 0,
            "position": 0,
            "readiness_probe_exact": true,
            "ready_region": {
              "local_ms": 0.29254400730133057,
              "rank_max_ms": 0.29254400730133057,
              "rank_ms": [
                0.29254400730133057,
                0.1621440052986145,
                0.20185600221157074,
                0.20268799364566803
              ]
            },
            "sample_index": 31,
            "scheduled_start_arrival_ns_by_rank": [
              744782339989239,
              744782339561490,
              744782339860475,
              744782339760481
            ],
            "scheduled_start_target_ns_by_rank": [
              744782344989239,
              744782344989239,
              744782344989239,
              744782344989239
            ],
            "start_record_bracket_ns_by_rank": [
              [
                744782344992287,
                744782345076267
              ],
              [
                744782344989811,
                744782345026458
              ],
              [
                744782344990458,
                744782345048102
              ],
              [
                744782344990195,
                744782345038442
              ]
            ],
            "start_record_envelope_span_ns": 86456,
            "variant": 1
          },
          "reference": {
            "collective_only": {
              "local_ms": 0.0506879985332489,
              "rank_max_ms": 0.06937599927186966,
              "rank_ms": [
                0.0506879985332489,
                0.06937599927186966,
                0.0427200011909008,
                0.05427199974656105
              ]
            },
            "pair_attempt_id": 36,
            "pair_retry_ordinal": 0,
            "position": 1,
            "readiness_probe_exact": true,
            "ready_region": {
              "local_ms": 0.1961279958486557,
              "rank_max_ms": 0.1990080028772354,
              "rank_ms": [
                0.1961279958486557,
                0.15574400126934052,
                0.1961279958486557,
                0.1990080028772354
              ]
            },
            "sample_index": 31,
            "scheduled_start_arrival_ns_by_rank": [
              744782351534214,
              744782350537289,
              744782350878382,
              744782350891842
            ],
            "scheduled_start_target_ns_by_rank": [
              744782356534214,
              744782356534214,
              744782356534214,
              744782356534214
            ],
            "start_record_bracket_ns_by_rank": [
              [
                744782356535544,
                744782356578154
              ],
              [
                744782356534657,
                744782356559642
              ],
              [
                744782356535544,
                744782356586762
              ],
              [
                744782356535254,
                744782356576570
              ]
            ],
            "start_record_envelope_span_ns": 52105,
            "variant": 1
          }
        },
        "variant": 1
      },
      {
        "accepted": true,
        "attempt_id": 37,
        "logical_pair_index": 32,
        "order": [
          "reference",
          "candidate"
        ],
        "rejection_reasons": [],
        "retry_ordinal": 0,
        "samples": {
          "candidate": {
            "collective_only": {
              "local_ms": 0.05212799832224846,
              "rank_max_ms": 0.08640000224113464,
              "rank_ms": [
                0.05212799832224846,
                0.08640000224113464,
                0.055904000997543335,
                0.06726399809122086
              ]
            },
            "pair_attempt_id": 37,
            "pair_retry_ordinal": 0,
            "position": 1,
            "readiness_probe_exact": true,
            "ready_region": {
              "local_ms": 0.2823359966278076,
              "rank_max_ms": 0.2823359966278076,
              "rank_ms": [
                0.2823359966278076,
                0.15411199629306793,
                0.20636799931526184,
                0.20678399503231049
              ]
            },
            "sample_index": 32,
            "scheduled_start_arrival_ns_by_rank": [
              744782373429916,
              744782372499627,
              744782372903864,
              744782372976435
            ],
            "scheduled_start_target_ns_by_rank": [
              744782378429916,
              744782378429916,
              744782378429916,
              744782378429916
            ],
            "start_record_bracket_ns_by_rank": [
              [
                744782378432300,
                744782378490560
              ],
              [
                744782378430372,
                744782378452907
              ],
              [
                744782378432325,
                744782378486455
              ],
              [
                744782378430883,
                744782378473232
              ]
            ],
            "start_record_envelope_span_ns": 60188,
            "variant": 0
          },
          "reference": {
            "collective_only": {
              "local_ms": 0.044224001467227936,
              "rank_max_ms": 0.060127999633550644,
              "rank_ms": [
                0.044224001467227936,
                0.060127999633550644,
                0.03728000074625015,
                0.04633599892258644
              ]
            },
            "pair_attempt_id": 37,
            "pair_retry_ordinal": 0,
            "position": 0,
            "readiness_probe_exact": true,
            "ready_region": {
              "local_ms": 0.16732800006866455,
              "rank_max_ms": 0.16732800006866455,
              "rank_ms": [
                0.16732800006866455,
                0.1377599984407425,
                0.16678400337696075,
                0.16409599781036377
              ]
            },
            "sample_index": 32,
            "scheduled_start_arrival_ns_by_rank": [
              744782362536666,
              744782362319439,
              744782362383004,
              744782362648235
            ],
            "scheduled_start_target_ns_by_rank": [
              744782367648235,
              744782367648235,
              744782367648235,
              744782367648235
            ],
            "start_record_bracket_ns_by_rank": [
              [
                744782367649033,
                744782367683633
              ],
              [
                744782367648843,
                744782367669527
              ],
              [
                744782367649218,
                744782367691027
              ],
              [
                744782367649030,
                744782367681601
              ]
            ],
            "start_record_envelope_span_ns": 42184,
            "variant": 0
          }
        },
        "variant": 0
      },
      {
        "accepted": false,
        "attempt_id": 38,
        "logical_pair_index": 33,
        "order": [
          "candidate",
          "reference"
        ],
        "rejection_reasons": [
          {
            "limit_ns": 500000,
            "side": "candidate",
            "start_record_envelope_span_ns": 928084
          }
        ],
        "retry_ordinal": 0,
        "samples": {
          "candidate": {
            "collective_only": {
              "local_ms": 0.5060799717903137,
              "rank_max_ms": 0.9431040287017822,
              "rank_ms": [
                0.5060799717903137,
                0.9431040287017822,
                0.037856001406908035,
                0.4182080030441284
              ]
            },
            "pair_attempt_id": 38,
            "pair_retry_ordinal": 0,
            "position": 0,
            "readiness_probe_exact": true,
            "ready_region": {
              "local_ms": 0.5155199766159058,
              "rank_max_ms": 0.9533119797706604,
              "rank_ms": [
                0.5155199766159058,
                0.9533119797706604,
                0.1661120057106018,
                0.4275520145893097
              ]
            },
            "sample_index": 33,
            "scheduled_start_arrival_ns_by_rank": [
              744782384923434,
              744782384823649,
              744782385338990,
              744782385247525
            ],
            "scheduled_start_target_ns_by_rank": [
              744782390338990,
              744782390338990,
              744782390338990,
              744782390338990
            ],
            "start_record_bracket_ns_by_rank": [
              [
                744782391869853,
                744782391911078
              ],
              [
                744782391452470,
                744782391474511
              ],
              [
                744782392337986,
                744782392380554
              ],
              [
                744782391960036,
                744782392022755
              ]
            ],
            "start_record_envelope_span_ns": 928084,
            "variant": 1
          },
          "reference": {
            "collective_only": {
              "local_ms": 0.0759039968252182,
              "rank_max_ms": 0.09308800101280212,
              "rank_ms": [
                0.0759039968252182,
                0.09308800101280212,
                0.0748480036854744,
                0.0790719985961914
              ]
            },
            "pair_attempt_id": 38,
            "pair_retry_ordinal": 0,
            "position": 1,
            "readiness_probe_exact": true,
            "ready_region": {
              "local_ms": 0.18716800212860107,
              "rank_max_ms": 0.20819200575351715,
              "rank_ms": [
                0.18716800212860107,
                0.14006400108337402,
                0.20819200575351715,
                0.18220800161361694
              ]
            },
            "sample_index": 33,
            "scheduled_start_arrival_ns_by_rank": [
              744782397939293,
              744782397620484,
              744782397654073,
              744782397587720
            ],
            "scheduled_start_target_ns_by_rank": [
              744782402939293,
              744782402939293,
              744782402939293,
              744782402939293
            ],
            "start_record_bracket_ns_by_rank": [
              [
                744782402939995,
                744782402975012
              ],
              [
                744782402939730,
                744782402957647
              ],
              [
                744782402940178,
                744782402979666
              ],
              [
                744782402939933,
                744782402972016
              ]
            ],
            "start_record_envelope_span_ns": 39936,
            "variant": 1
          }
        },
        "variant": 1
      },
      {
        "accepted": true,
        "attempt_id": 39,
        "logical_pair_index": 33,
        "order": [
          "candidate",
          "reference"
        ],
        "rejection_reasons": [],
        "retry_ordinal": 1,
        "samples": {
          "candidate": {
            "collective_only": {
              "local_ms": 0.04467200115323067,
              "rank_max_ms": 0.06441599875688553,
              "rank_ms": [
                0.04467200115323067,
                0.06441599875688553,
                0.03903999924659729,
                0.05104000121355057
              ]
            },
            "pair_attempt_id": 39,
            "pair_retry_ordinal": 1,
            "position": 0,
            "readiness_probe_exact": true,
            "ready_region": {
              "local_ms": 0.1889919936656952,
              "rank_max_ms": 0.1889919936656952,
              "rank_ms": [
                0.1889919936656952,
                0.1496960073709488,
                0.17945599555969238,
                0.1552319973707199
              ]
            },
            "sample_index": 33,
            "scheduled_start_arrival_ns_by_rank": [
              744782408506360,
              744782408107581,
              744782408231896,
              744782408614627
            ],
            "scheduled_start_target_ns_by_rank": [
              744782413614627,
              744782413614627,
              744782413614627,
              744782413614627
            ],
            "start_record_bracket_ns_by_rank": [
              [
                744782413615523,
                744782413656793
              ],
              [
                744782413615098,
                744782413637610
              ],
              [
                744782413615738,
                744782413663081
              ],
              [
                744782413615291,
                744782413650306
              ]
            ],
            "start_record_envelope_span_ns": 47983,
            "variant": 0
          },
          "reference": {
            "collective_only": {
              "local_ms": 0.05363199859857559,
              "rank_max_ms": 0.07353600114583969,
              "rank_ms": [
                0.05363199859857559,
                0.07264000177383423,
                0.04390399903059006,
                0.07353600114583969
              ]
            },
            "pair_attempt_id": 39,
            "pair_retry_ordinal": 1,
            "position": 1,
            "readiness_probe_exact": true,
            "ready_region": {
              "local_ms": 0.1842239946126938,
              "rank_max_ms": 0.20377600193023682,
              "rank_ms": [
                0.1842239946126938,
                0.16038399934768677,
                0.20377600193023682,
                0.14188799262046814
              ]
            },
            "sample_index": 33,
            "scheduled_start_arrival_ns_by_rank": [
              744782419821723,
              744782419711745,
              744782420086852,
              744782419690113
            ],
            "scheduled_start_target_ns_by_rank": [
              744782425086852,
              744782425086852,
              744782425086852,
              744782425086852
            ],
            "start_record_bracket_ns_by_rank": [
              [
                744782425087924,
                744782425124921
              ],
              [
                744782425087304,
                744782425107529
              ],
              [
                744782425088436,
                744782425138004
              ],
              [
                744782425087338,
                744782425107681
              ]
            ],
            "start_record_envelope_span_ns": 50700,
            "variant": 0
          }
        },
        "variant": 0
      },
      {
        "accepted": true,
        "attempt_id": 40,
        "logical_pair_index": 34,
        "order": [
          "reference",
          "candidate"
        ],
        "rejection_reasons": [],
        "retry_ordinal": 0,
        "samples": {
          "candidate": {
            "collective_only": {
              "local_ms": 0.037856001406908035,
              "rank_max_ms": 0.17321600019931793,
              "rank_ms": [
                0.037856001406908035,
                0.17321600019931793,
                0.14927999675273895,
                0.17270399630069733
              ]
            },
            "pair_attempt_id": 40,
            "pair_retry_ordinal": 0,
            "position": 1,
            "readiness_probe_exact": true,
            "ready_region": {
              "local_ms": 0.20108799636363983,
              "rank_max_ms": 0.20108799636363983,
              "rank_ms": [
                0.20108799636363983,
                0.18361599743366241,
                0.1905599981546402,
                0.18211199343204498
              ]
            },
            "sample_index": 34,
            "scheduled_start_arrival_ns_by_rank": [
              744782442537286,
              744782442175307,
              744782442475025,
              744782442260838
            ],
            "scheduled_start_target_ns_by_rank": [
              744782447537286,
              744782447537286,
              744782447537286,
              744782447537286
            ],
            "start_record_bracket_ns_by_rank": [
              [
                744782447649692,
                744782447695558
              ],
              [
                744782447537775,
                744782447561795
              ],
              [
                744782447538255,
                744782447588874
              ],
              [
                744782447537641,
                744782447563735
              ]
            ],
            "start_record_envelope_span_ns": 157917,
            "variant": 1
          },
          "reference": {
            "collective_only": {
              "local_ms": 0.04134399816393852,
              "rank_max_ms": 0.056671999394893646,
              "rank_ms": [
                0.04134399816393852,
                0.056671999394893646,
                0.03596799820661545,
                0.054496001452207565
              ]
            },
            "pair_attempt_id": 40,
            "pair_retry_ordinal": 0,
            "position": 0,
            "readiness_probe_exact": true,
            "ready_region": {
              "local_ms": 0.1807039976119995,
              "rank_max_ms": 0.1807039976119995,
              "rank_ms": [
                0.1807039976119995,
                0.15984000265598297,
                0.17219200730323792,
                0.13526399433612823
              ]
            },
            "sample_index": 34,
            "scheduled_start_arrival_ns_by_rank": [
              744782431258411,
              744782430901912,
              744782430740559,
              744782430697589
            ],
            "scheduled_start_target_ns_by_rank": [
              744782436258411,
              744782436258411,
              744782436258411,
              744782436258411
            ],
            "start_record_bracket_ns_by_rank": [
              [
                744782436259299,
                744782436296038
              ],
              [
                744782436258980,
                744782436280394
              ],
              [
                744782436259408,
                744782436300078
              ],
              [
                744782436258865,
                744782436282148
              ]
            ],
            "start_record_envelope_span_ns": 41213,
            "variant": 1
          }
        },
        "variant": 1
      },
      {
        "accepted": true,
        "attempt_id": 41,
        "logical_pair_index": 35,
        "order": [
          "candidate",
          "reference"
        ],
        "rejection_reasons": [],
        "retry_ordinal": 0,
        "samples": {
          "candidate": {
            "collective_only": {
              "local_ms": 0.04387199878692627,
              "rank_max_ms": 0.07478400319814682,
              "rank_ms": [
                0.04387199878692627,
                0.049984000623226166,
                0.06329599767923355,
                0.07478400319814682
              ]
            },
            "pair_attempt_id": 41,
            "pair_retry_ordinal": 0,
            "position": 0,
            "readiness_probe_exact": true,
            "ready_region": {
              "local_ms": 0.24156799912452698,
              "rank_max_ms": 0.24156799912452698,
              "rank_ms": [
                0.24156799912452698,
                0.16291199624538422,
                0.1831039935350418,
                0.19724799692630768
              ]
            },
            "sample_index": 35,
            "scheduled_start_arrival_ns_by_rank": [
              744782454957278,
              744782454349851,
              744782454754288,
              744782454277097
            ],
            "scheduled_start_target_ns_by_rank": [
              744782459957278,
              744782459957278,
              744782459957278,
              744782459957278
            ],
            "start_record_bracket_ns_by_rank": [
              [
                744782460229699,
                744782460282429
              ],
              [
                744782460252588,
                744782460276894
              ],
              [
                744782460218166,
                744782460264467
              ],
              [
                744782460188878,
                744782460252045
              ]
            ],
            "start_record_envelope_span_ns": 93551,
            "variant": 0
          },
          "reference": {
            "collective_only": {
              "local_ms": 0.0517439991235733,
              "rank_max_ms": 0.07145600020885468,
              "rank_ms": [
                0.0517439991235733,
                0.07145600020885468,
                0.042847998440265656,
                0.056352000683546066
              ]
            },
            "pair_attempt_id": 41,
            "pair_retry_ordinal": 0,
            "position": 1,
            "readiness_probe_exact": true,
            "ready_region": {
              "local_ms": 0.20720000565052032,
              "rank_max_ms": 0.20720000565052032,
              "rank_ms": [
                0.20720000565052032,
                0.1661120057106018,
                0.20179200172424316,
                0.1955839991569519
              ]
            },
            "sample_index": 35,
            "scheduled_start_arrival_ns_by_rank": [
              744782467181639,
              744782466640819,
              744782467235416,
              744782467048846
            ],
            "scheduled_start_target_ns_by_rank": [
              744782472235416,
              744782472235416,
              744782472235416,
              744782472235416
            ],
            "start_record_bracket_ns_by_rank": [
              [
                744782472236676,
                744782472281709
              ],
              [
                744782472235934,
                744782472260945
              ],
              [
                744782472237161,
                744782472289548
              ],
              [
                744782472236515,
                744782472276567
              ]
            ],
            "start_record_envelope_span_ns": 53614,
            "variant": 0
          }
        },
        "variant": 0
      },
      {
        "accepted": true,
        "attempt_id": 42,
        "logical_pair_index": 36,
        "order": [
          "reference",
          "candidate"
        ],
        "rejection_reasons": [],
        "retry_ordinal": 0,
        "samples": {
          "candidate": {
            "collective_only": {
              "local_ms": 0.043136000633239746,
              "rank_max_ms": 0.060127999633550644,
              "rank_ms": [
                0.043136000633239746,
                0.060127999633550644,
                0.03830400109291077,
                0.04540799930691719
              ]
            },
            "pair_attempt_id": 42,
            "pair_retry_ordinal": 0,
            "position": 1,
            "readiness_probe_exact": true,
            "ready_region": {
              "local_ms": 0.20313599705696106,
              "rank_max_ms": 0.20313599705696106,
              "rank_ms": [
                0.20313599705696106,
                0.15436799824237823,
                0.19203199446201324,
                0.1980160027742386
              ]
            },
            "sample_index": 36,
            "scheduled_start_arrival_ns_by_rank": [
              744782490026796,
              744782489425447,
              744782489569068,
              744782490097982
            ],
            "scheduled_start_target_ns_by_rank": [
              744782495097982,
              744782495097982,
              744782495097982,
              744782495097982
            ],
            "start_record_bracket_ns_by_rank": [
              [
                744782495099009,
                744782495136761
              ],
              [
                744782495098585,
                744782495120261
              ],
              [
                744782495099245,
                744782495141514
              ],
              [
                744782495098895,
                744782495135013
              ]
            ],
            "start_record_envelope_span_ns": 42929,
            "variant": 1
          },
          "reference": {
            "collective_only": {
              "local_ms": 0.04524800181388855,
              "rank_max_ms": 0.06428799778223038,
              "rank_ms": [
                0.04524800181388855,
                0.06428799778223038,
                0.040192000567913055,
                0.04739199951291084
              ]
            },
            "pair_attempt_id": 42,
            "pair_retry_ordinal": 0,
            "position": 0,
            "readiness_probe_exact": true,
            "ready_region": {
              "local_ms": 0.1907840073108673,
              "rank_max_ms": 0.1907840073108673,
              "rank_ms": [
                0.1907840073108673,
                0.1525759994983673,
                0.1796800047159195,
                0.18185600638389587
              ]
            },
            "sample_index": 36,
            "scheduled_start_arrival_ns_by_rank": [
              744782478116808,
              744782477618343,
              744782478252202,
              744782478343933
            ],
            "scheduled_start_target_ns_by_rank": [
              744782483343933,
              744782483343933,
              744782483343933,
              744782483343933
            ],
            "start_record_bracket_ns_by_rank": [
              [
                744782483344741,
                744782483384627
              ],
              [
                744782483344343,
                744782483365993
              ],
              [
                744782483344882,
                744782483389694
              ],
              [
                744782483344686,
                744782483381325
              ]
            ],
            "start_record_envelope_span_ns": 45351,
            "variant": 1
          }
        },
        "variant": 1
      },
      {
        "accepted": true,
        "attempt_id": 43,
        "logical_pair_index": 37,
        "order": [
          "candidate",
          "reference"
        ],
        "rejection_reasons": [],
        "retry_ordinal": 0,
        "samples": {
          "candidate": {
            "collective_only": {
              "local_ms": 0.041152000427246094,
              "rank_max_ms": 0.1762239933013916,
              "rank_ms": [
                0.041152000427246094,
                0.1762239933013916,
                0.15692800283432007,
                0.16476799547672272
              ]
            },
            "pair_attempt_id": 43,
            "pair_retry_ordinal": 0,
            "position": 0,
            "readiness_probe_exact": true,
            "ready_region": {
              "local_ms": 0.21852800250053406,
              "rank_max_ms": 0.21852800250053406,
              "rank_ms": [
                0.21852800250053406,
                0.1863040030002594,
                0.21660800278186798,
                0.2146880030632019
              ]
            },
            "sample_index": 37,
            "scheduled_start_arrival_ns_by_rank": [
              744782502068669,
              744782501333516,
              744782501636025,
              744782501725267
            ],
            "scheduled_start_target_ns_by_rank": [
              744782507068669,
              744782507068669,
              744782507068669,
              744782507068669
            ],
            "start_record_bracket_ns_by_rank": [
              [
                744782507153555,
                744782507230809
              ],
              [
                744782507069097,
                744782507093905
              ],
              [
                744782507069906,
                744782507116435
              ],
              [
                744782507069519,
                744782507107175
              ]
            ],
            "start_record_envelope_span_ns": 161712,
            "variant": 0
          },
          "reference": {
            "collective_only": {
              "local_ms": 0.04399999976158142,
              "rank_max_ms": 0.04761600121855736,
              "rank_ms": [
                0.04399999976158142,
                0.04761600121855736,
                0.03606399893760681,
                0.03411199897527695
              ]
            },
            "pair_attempt_id": 43,
            "pair_retry_ordinal": 0,
            "position": 1,
            "readiness_probe_exact": true,
            "ready_region": {
              "local_ms": 0.14707200229167938,
              "rank_max_ms": 0.1807360053062439,
              "rank_ms": [
                0.14707200229167938,
                0.158720001578331,
                0.15068799257278442,
                0.1807360053062439
              ]
            },
            "sample_index": 37,
            "scheduled_start_arrival_ns_by_rank": [
              744782514484215,
              744782513675969,
              744782514169914,
              744782514908216
            ],
            "scheduled_start_target_ns_by_rank": [
              744782519908216,
              744782519908216,
              744782519908216,
              744782519908216
            ],
            "start_record_bracket_ns_by_rank": [
              [
                744782519908705,
                744782519932559
              ],
              [
                744782519908807,
                744782519929827
              ],
              [
                744782519908878,
                744782519941490
              ],
              [
                744782519909190,
                744782519942453
              ]
            ],
            "start_record_envelope_span_ns": 33748,
            "variant": 0
          }
        },
        "variant": 0
      },
      {
        "accepted": true,
        "attempt_id": 44,
        "logical_pair_index": 38,
        "order": [
          "reference",
          "candidate"
        ],
        "rejection_reasons": [],
        "retry_ordinal": 0,
        "samples": {
          "candidate": {
            "collective_only": {
              "local_ms": 0.039264000952243805,
              "rank_max_ms": 0.06345599889755249,
              "rank_ms": [
                0.039264000952243805,
                0.06345599889755249,
                0.04320000112056732,
                0.050144001841545105
              ]
            },
            "pair_attempt_id": 44,
            "pair_retry_ordinal": 0,
            "position": 1,
            "readiness_probe_exact": true,
            "ready_region": {
              "local_ms": 0.22208000719547272,
              "rank_max_ms": 0.22208000719547272,
              "rank_ms": [
                0.22208000719547272,
                0.16908800601959229,
                0.21158400177955627,
                0.21264000236988068
              ]
            },
            "sample_index": 38,
            "scheduled_start_arrival_ns_by_rank": [
              744782537914407,
              744782537051760,
              744782537136458,
              744782537333302
            ],
            "scheduled_start_target_ns_by_rank": [
              744782542914407,
              744782542914407,
              744782542914407,
              744782542914407
            ],
            "start_record_bracket_ns_by_rank": [
              [
                744782542915654,
                744782542961719
              ],
              [
                744782542914910,
                744782542938542
              ],
              [
                744782542915678,
                744782542962176
              ],
              [
                744782542915641,
                744782542953828
              ]
            ],
            "start_record_envelope_span_ns": 47266,
            "variant": 1
          },
          "reference": {
            "collective_only": {
              "local_ms": 0.04886399954557419,
              "rank_max_ms": 0.0997759997844696,
              "rank_ms": [
                0.04886399954557419,
                0.0997759997844696,
                0.07145600020885468,
                0.07491199672222137
              ]
            },
            "pair_attempt_id": 44,
            "pair_retry_ordinal": 0,
            "position": 0,
            "readiness_probe_exact": true,
            "ready_region": {
              "local_ms": 0.2548159956932068,
              "rank_max_ms": 0.2548159956932068,
              "rank_ms": [
                0.2548159956932068,
                0.16991999745368958,
                0.15564799308776855,
                0.1759359985589981
              ]
            },
            "sample_index": 38,
            "scheduled_start_arrival_ns_by_rank": [
              744782526172237,
              744782525930976,
              744782526119286,
              744782525914691
            ],
            "scheduled_start_target_ns_by_rank": [
              744782531172237,
              744782531172237,
              744782531172237,
              744782531172237
            ],
            "start_record_bracket_ns_by_rank": [
              [
                744782531175219,
                744782531249056
              ],
              [
                744782531172689,
                744782531209920
              ],
              [
                744782531173019,
                744782531225394
              ],
              [
                744782531173126,
                744782531221039
              ]
            ],
            "start_record_envelope_span_ns": 76367,
            "variant": 1
          }
        },
        "variant": 1
      },
      {
        "accepted": true,
        "attempt_id": 45,
        "logical_pair_index": 39,
        "order": [
          "candidate",
          "reference"
        ],
        "rejection_reasons": [],
        "retry_ordinal": 0,
        "samples": {
          "candidate": {
            "collective_only": {
              "local_ms": 0.050175998359918594,
              "rank_max_ms": 0.06726399809122086,
              "rank_ms": [
                0.050175998359918594,
                0.06726399809122086,
                0.04131200164556503,
                0.054976001381874084
              ]
            },
            "pair_attempt_id": 45,
            "pair_retry_ordinal": 0,
            "position": 0,
            "readiness_probe_exact": true,
            "ready_region": {
              "local_ms": 0.17983999848365784,
              "rank_max_ms": 0.18681600689888,
              "rank_ms": [
                0.17983999848365784,
                0.15452800691127777,
                0.18681600689888,
                0.1520960032939911
              ]
            },
            "sample_index": 39,
            "scheduled_start_arrival_ns_by_rank": [
              744782550249488,
              744782549207415,
              744782549061923,
              744782549727196
            ],
            "scheduled_start_target_ns_by_rank": [
              744782555249488,
              744782555249488,
              744782555249488,
              744782555249488
            ],
            "start_record_bracket_ns_by_rank": [
              [
                744782555250658,
                744782555289209
              ],
              [
                744782555249935,
                744782555274049
              ],
              [
                744782555250769,
                744782555297814
              ],
              [
                744782555250124,
                744782555285992
              ]
            ],
            "start_record_envelope_span_ns": 47879,
            "variant": 0
          },
          "reference": {
            "collective_only": {
              "local_ms": 0.03759999945759773,
              "rank_max_ms": 0.06390400230884552,
              "rank_ms": [
                0.03759999945759773,
                0.06390400230884552,
                0.037567999213933945,
                0.0597120001912117
              ]
            },
            "pair_attempt_id": 45,
            "pair_retry_ordinal": 0,
            "position": 1,
            "readiness_probe_exact": true,
            "ready_region": {
              "local_ms": 0.1902720034122467,
              "rank_max_ms": 0.1902720034122467,
              "rank_ms": [
                0.1902720034122467,
                0.1403840035200119,
                0.16073599457740784,
                0.1327040046453476
              ]
            },
            "sample_index": 39,
            "scheduled_start_arrival_ns_by_rank": [
              744782559980521,
              744782559016104,
              744782559650270,
              744782559376013
            ],
            "scheduled_start_target_ns_by_rank": [
              744782564980521,
              744782564980521,
              744782564980521,
              744782564980521
            ],
            "start_record_bracket_ns_by_rank": [
              [
                744782564981605,
                744782565032965
              ],
              [
                744782564981179,
                744782565011811
              ],
              [
                744782564982198,
                744782565036077
              ],
              [
                744782564981169,
                744782565014148
              ]
            ],
            "start_record_envelope_span_ns": 54908,
            "variant": 0
          }
        },
        "variant": 0
      },
      {
        "accepted": true,
        "attempt_id": 46,
        "logical_pair_index": 40,
        "order": [
          "reference",
          "candidate"
        ],
        "rejection_reasons": [],
        "retry_ordinal": 0,
        "samples": {
          "candidate": {
            "collective_only": {
              "local_ms": 0.043487999588251114,
              "rank_max_ms": 0.06537599861621857,
              "rank_ms": [
                0.043487999588251114,
                0.06393600255250931,
                0.04073600098490715,
                0.06537599861621857
              ]
            },
            "pair_attempt_id": 46,
            "pair_retry_ordinal": 0,
            "position": 1,
            "readiness_probe_exact": true,
            "ready_region": {
              "local_ms": 0.210207998752594,
              "rank_max_ms": 0.210207998752594,
              "rank_ms": [
                0.210207998752594,
                0.16713599860668182,
                0.17900800704956055,
                0.14803199470043182
              ]
            },
            "sample_index": 40,
            "scheduled_start_arrival_ns_by_rank": [
              744782578618252,
              744782578017295,
              744782577600949,
              744782578148796
            ],
            "scheduled_start_target_ns_by_rank": [
              744782583618252,
              744782583618252,
              744782583618252,
              744782583618252
            ],
            "start_record_bracket_ns_by_rank": [
              [
                744782583619586,
                744782583664977
              ],
              [
                744782583618779,
                744782583644473
              ],
              [
                744782583619286,
                744782583667262
              ],
              [
                744782583618791,
                744782583642930
              ]
            ],
            "start_record_envelope_span_ns": 48483,
            "variant": 1
          },
          "reference": {
            "collective_only": {
              "local_ms": 0.045024000108242035,
              "rank_max_ms": 0.06054399907588959,
              "rank_ms": [
                0.045024000108242035,
                0.05993599817156792,
                0.037087999284267426,
                0.06054399907588959
              ]
            },
            "pair_attempt_id": 46,
            "pair_retry_ordinal": 0,
            "position": 0,
            "readiness_probe_exact": true,
            "ready_region": {
              "local_ms": 0.1679680049419403,
              "rank_max_ms": 0.1679680049419403,
              "rank_ms": [
                0.1679680049419403,
                0.1355839967727661,
                0.16524800658226013,
                0.12086399644613266
              ]
            },
            "sample_index": 40,
            "scheduled_start_arrival_ns_by_rank": [
              744782568633895,
              744782568331666,
              744782568545844,
              744782568343804
            ],
            "scheduled_start_target_ns_by_rank": [
              744782573633895,
              744782573633895,
              744782573633895,
              744782573633895
            ],
            "start_record_bracket_ns_by_rank": [
              [
                744782573634709,
                744782573669600
              ],
              [
                744782573634474,
                744782573655210
              ],
              [
                744782573635023,
                744782573677378
              ],
              [
                744782573634350,
                744782573652878
              ]
            ],
            "start_record_envelope_span_ns": 43028,
            "variant": 1
          }
        },
        "variant": 1
      },
      {
        "accepted": true,
        "attempt_id": 47,
        "logical_pair_index": 41,
        "order": [
          "candidate",
          "reference"
        ],
        "rejection_reasons": [],
        "retry_ordinal": 0,
        "samples": {
          "candidate": {
            "collective_only": {
              "local_ms": 0.04467200115323067,
              "rank_max_ms": 0.06294400244951248,
              "rank_ms": [
                0.04467200115323067,
                0.06294400244951248,
                0.040800001472234726,
                0.061503998935222626
              ]
            },
            "pair_attempt_id": 47,
            "pair_retry_ordinal": 0,
            "position": 0,
            "readiness_probe_exact": true,
            "ready_region": {
              "local_ms": 0.1903039962053299,
              "rank_max_ms": 0.1903039962053299,
              "rank_ms": [
                0.1903039962053299,
                0.14975999295711517,
                0.18243199586868286,
                0.13734400272369385
              ]
            },
            "sample_index": 41,
            "scheduled_start_arrival_ns_by_rank": [
              744782589294197,
              744782588767073,
              744782589647648,
              744782588523508
            ],
            "scheduled_start_target_ns_by_rank": [
              744782594647648,
              744782594647648,
              744782594647648,
              744782594647648
            ],
            "start_record_bracket_ns_by_rank": [
              [
                744782594648637,
                744782594689937
              ],
              [
                744782594648104,
                744782594670614
              ],
              [
                744782594649276,
                744782594693201
              ],
              [
                744782594648155,
                744782594671085
              ]
            ],
            "start_record_envelope_span_ns": 45097,
            "variant": 0
          },
          "reference": {
            "collective_only": {
              "local_ms": 0.32790398597717285,
              "rank_max_ms": 0.34966400265693665,
              "rank_ms": [
                0.32790398597717285,
                0.34966400265693665,
                0.3245759904384613,
                0.03734400123357773
              ]
            },
            "pair_attempt_id": 47,
            "pair_retry_ordinal": 0,
            "position": 1,
            "readiness_probe_exact": true,
            "ready_region": {
              "local_ms": 0.3381440043449402,
              "rank_max_ms": 0.3598400056362152,
              "rank_ms": [
                0.3381440043449402,
                0.3598400056362152,
                0.33478400111198425,
                0.19865599274635315
              ]
            },
            "sample_index": 41,
            "scheduled_start_arrival_ns_by_rank": [
              744782600854796,
              744782600458226,
              744782601232183,
              744782600834607
            ],
            "scheduled_start_target_ns_by_rank": [
              744782606232183,
              744782606232183,
              744782606232183,
              744782606232183
            ],
            "start_record_bracket_ns_by_rank": [
              [
                744782606233279,
                744782606278923
              ],
              [
                744782606232699,
                744782606256711
              ],
              [
                744782606233848,
                744782606285260
              ],
              [
                744782606526430,
                744782606567569
              ]
            ],
            "start_record_envelope_span_ns": 334870,
            "variant": 0
          }
        },
        "variant": 0
      },
      {
        "accepted": true,
        "attempt_id": 48,
        "logical_pair_index": 42,
        "order": [
          "reference",
          "candidate"
        ],
        "rejection_reasons": [],
        "retry_ordinal": 0,
        "samples": {
          "candidate": {
            "collective_only": {
              "local_ms": 0.05209600180387497,
              "rank_max_ms": 0.09004800021648407,
              "rank_ms": [
                0.05209600180387497,
                0.09004800021648407,
                0.05951999872922897,
                0.07168000191450119
              ]
            },
            "pair_attempt_id": 48,
            "pair_retry_ordinal": 0,
            "position": 1,
            "readiness_probe_exact": true,
            "ready_region": {
              "local_ms": 0.3086400032043457,
              "rank_max_ms": 0.3086400032043457,
              "rank_ms": [
                0.3086400032043457,
                0.1528320014476776,
                0.20015999674797058,
                0.18982400000095367
              ]
            },
            "sample_index": 42,
            "scheduled_start_arrival_ns_by_rank": [
              744782625694619,
              744782624671216,
              744782624893685,
              744782625230037
            ],
            "scheduled_start_target_ns_by_rank": [
              744782630694619,
              744782630694619,
              744782630694619,
              744782630694619
            ],
            "start_record_bracket_ns_by_rank": [
              [
                744782630697576,
                744782630755922
              ],
              [
                744782630695195,
                744782630717538
              ],
              [
                744782630696547,
                744782630749735
              ],
              [
                744782630695532,
                744782630733341
              ]
            ],
            "start_record_envelope_span_ns": 60727,
            "variant": 1
          },
          "reference": {
            "collective_only": {
              "local_ms": 0.06169600039720535,
              "rank_max_ms": 0.39024001359939575,
              "rank_ms": [
                0.06169600039720535,
                0.21196800470352173,
                0.042399998754262924,
                0.39024001359939575
              ]
            },
            "pair_attempt_id": 48,
            "pair_retry_ordinal": 0,
            "position": 0,
            "readiness_probe_exact": true,
            "ready_region": {
              "local_ms": 0.20284800231456757,
              "rank_max_ms": 0.40041598677635193,
              "rank_ms": [
                0.20284800231456757,
                0.22224000096321106,
                0.1913280040025711,
                0.40041598677635193
              ]
            },
            "sample_index": 42,
            "scheduled_start_arrival_ns_by_rank": [
              744782613857887,
              744782613555075,
              744782614051397,
              744782613586924
            ],
            "scheduled_start_target_ns_by_rank": [
              744782619051397,
              744782619051397,
              744782619051397,
              744782619051397
            ],
            "start_record_bracket_ns_by_rank": [
              [
                744782619377798,
                744782619422930
              ],
              [
                744782619248710,
                744782619272381
              ],
              [
                744782619391979,
                744782619440878
              ],
              [
                744782619052516,
                744782619094148
              ]
            ],
            "start_record_envelope_span_ns": 388362,
            "variant": 1
          }
        },
        "variant": 1
      },
      {
        "accepted": false,
        "attempt_id": 49,
        "logical_pair_index": 43,
        "order": [
          "candidate",
          "reference"
        ],
        "rejection_reasons": [
          {
            "limit_ns": 500000,
            "side": "candidate",
            "start_record_envelope_span_ns": 937104
          },
          {
            "limit_ns": 500000,
            "side": "reference",
            "start_record_envelope_span_ns": 684229
          }
        ],
        "retry_ordinal": 0,
        "samples": {
          "candidate": {
            "collective_only": {
              "local_ms": 0.11500799655914307,
              "rank_max_ms": 0.9535999894142151,
              "rank_ms": [
                0.11500799655914307,
                0.9535999894142151,
                0.6547200083732605,
                0.0416640006005764
              ]
            },
            "pair_attempt_id": 49,
            "pair_retry_ordinal": 0,
            "position": 0,
            "readiness_probe_exact": true,
            "ready_region": {
              "local_ms": 0.22032000124454498,
              "rank_max_ms": 0.9637759923934937,
              "rank_ms": [
                0.22032000124454498,
                0.9637759923934937,
                0.6652160286903381,
                0.23945599794387817
              ]
            },
            "sample_index": 43,
            "scheduled_start_arrival_ns_by_rank": [
              744782637569981,
              744782637479753,
              744782637742429,
              744782637619945
            ],
            "scheduled_start_target_ns_by_rank": [
              744782642742429,
              744782642742429,
              744782642742429,
              744782642742429
            ],
            "start_record_bracket_ns_by_rank": [
              [
                744782643909903,
                744782643954552
              ],
              [
                744782643092284,
                744782643116633
              ],
              [
                744782643366799,
                744782643416467
              ],
              [
                744782643962811,
                744782644029388
              ]
            ],
            "start_record_envelope_span_ns": 937104,
            "variant": 0
          },
          "reference": {
            "collective_only": {
              "local_ms": 0.2694079875946045,
              "rank_max_ms": 0.6973119974136353,
              "rank_ms": [
                0.2694079875946045,
                0.6973119974136353,
                0.643231987953186,
                0.035551998764276505
              ]
            },
            "pair_attempt_id": 49,
            "pair_retry_ordinal": 0,
            "position": 1,
            "readiness_probe_exact": true,
            "ready_region": {
              "local_ms": 0.27859199047088623,
              "rank_max_ms": 0.7075200080871582,
              "rank_ms": [
                0.27859199047088623,
                0.7075200080871582,
                0.6534720063209534,
                0.18281599879264832
              ]
            },
            "sample_index": 43,
            "scheduled_start_arrival_ns_by_rank": [
              744782650788197,
              744782650335156,
              744782650963255,
              744782650523340
            ],
            "scheduled_start_target_ns_by_rank": [
              744782655963255,
              744782655963255,
              744782655963255,
              744782655963255
            ],
            "start_record_bracket_ns_by_rank": [
              [
                744782658306850,
                744782658347944
              ],
              [
                744782657895701,
                744782657919030
              ],
              [
                744782657924827,
                744782657976260
              ],
              [
                744782658541719,
                744782658579930
              ]
            ],
            "start_record_envelope_span_ns": 684229,
            "variant": 0
          }
        },
        "variant": 0
      },
      {
        "accepted": true,
        "attempt_id": 50,
        "logical_pair_index": 43,
        "order": [
          "candidate",
          "reference"
        ],
        "rejection_reasons": [],
        "retry_ordinal": 1,
        "samples": {
          "candidate": {
            "collective_only": {
              "local_ms": 0.033824000507593155,
              "rank_max_ms": 0.1977279931306839,
              "rank_ms": [
                0.033824000507593155,
                0.1977279931306839,
                0.14156800508499146,
                0.16390399634838104
              ]
            },
            "pair_attempt_id": 50,
            "pair_retry_ordinal": 1,
            "position": 0,
            "readiness_probe_exact": true,
            "ready_region": {
              "local_ms": 0.19280000030994415,
              "rank_max_ms": 0.20787200331687927,
              "rank_ms": [
                0.19280000030994415,
                0.20787200331687927,
                0.1974720060825348,
                0.20441600680351257
              ]
            },
            "sample_index": 43,
            "scheduled_start_arrival_ns_by_rank": [
              744782664876179,
              744782664773809,
              744782664533210,
              744782664977084
            ],
            "scheduled_start_target_ns_by_rank": [
              744782669977084,
              744782669977084,
              744782669977084,
              744782669977084
            ],
            "start_record_bracket_ns_by_rank": [
              [
                744782670123533,
                744782670160192
              ],
              [
                744782669977630,
                744782670008331
              ],
              [
                744782669978030,
                744782670056478
              ],
              [
                744782669977552,
                744782670033538
              ]
            ],
            "start_record_envelope_span_ns": 182640,
            "variant": 1
          },
          "reference": {
            "collective_only": {
              "local_ms": 0.04156799986958504,
              "rank_max_ms": 0.0631679967045784,
              "rank_ms": [
                0.04156799986958504,
                0.0631679967045784,
                0.04495999962091446,
                0.04729599878191948
              ]
            },
            "pair_attempt_id": 50,
            "pair_retry_ordinal": 1,
            "position": 1,
            "readiness_probe_exact": true,
            "ready_region": {
              "local_ms": 0.20441600680351257,
              "rank_max_ms": 0.20441600680351257,
              "rank_ms": [
                0.20441600680351257,
                0.15465599298477173,
                0.17212800681591034,
                0.18035200238227844
              ]
            },
            "sample_index": 43,
            "scheduled_start_arrival_ns_by_rank": [
              744782676282493,
              744782675801417,
              744782676191248,
              744782676381104
            ],
            "scheduled_start_target_ns_by_rank": [
              744782681381104,
              744782681381104,
              744782681381104,
              744782681381104
            ],
            "start_record_bracket_ns_by_rank": [
              [
                744782681382222,
                744782681426928
              ],
              [
                744782681381666,
                744782681404692
              ],
              [
                744782681381994,
                744782681424537
              ],
              [
                744782681382157,
                744782681421101
              ]
            ],
            "start_record_envelope_span_ns": 45262,
            "variant": 1
          }
        },
        "variant": 1
      },
      {
        "accepted": true,
        "attempt_id": 51,
        "logical_pair_index": 44,
        "order": [
          "reference",
          "candidate"
        ],
        "rejection_reasons": [],
        "retry_ordinal": 0,
        "samples": {
          "candidate": {
            "collective_only": {
              "local_ms": 0.2576639950275421,
              "rank_max_ms": 0.2576639950275421,
              "rank_ms": [
                0.2576639950275421,
                0.23686400055885315,
                0.036320000886917114,
                0.07996799796819687
              ]
            },
            "pair_attempt_id": 51,
            "pair_retry_ordinal": 0,
            "position": 1,
            "readiness_probe_exact": true,
            "ready_region": {
              "local_ms": 0.26688000559806824,
              "rank_max_ms": 0.26688000559806824,
              "rank_ms": [
                0.26688000559806824,
                0.2452480047941208,
                0.162432000041008,
                0.17705599963665009
              ]
            },
            "sample_index": 44,
            "scheduled_start_arrival_ns_by_rank": [
              744782699865035,
              744782699334996,
              744782700054647,
              744782699271819
            ],
            "scheduled_start_target_ns_by_rank": [
              744782705054647,
              744782705054647,
              744782705054647,
              744782705054647
            ],
            "start_record_bracket_ns_by_rank": [
              [
                744782705055838,
                744782705096787
              ],
              [
                744782705094620,
                744782705117414
              ],
              [
                744782705275793,
                744782705317333
              ],
              [
                744782705236936,
                744782705274830
              ]
            ],
            "start_record_envelope_span_ns": 261495,
            "variant": 0
          },
          "reference": {
            "collective_only": {
              "local_ms": 0.044319998472929,
              "rank_max_ms": 0.059487998485565186,
              "rank_ms": [
                0.044319998472929,
                0.059487998485565186,
                0.038015998899936676,
                0.047839999198913574
              ]
            },
            "pair_attempt_id": 51,
            "pair_retry_ordinal": 0,
            "position": 0,
            "readiness_probe_exact": true,
            "ready_region": {
              "local_ms": 0.1751679927110672,
              "rank_max_ms": 0.1751679927110672,
              "rank_ms": [
                0.1751679927110672,
                0.13872000575065613,
                0.1637440025806427,
                0.16121600568294525
              ]
            },
            "sample_index": 44,
            "scheduled_start_arrival_ns_by_rank": [
              744782687478477,
              744782686950298,
              744782686914811,
              744782686982152
            ],
            "scheduled_start_target_ns_by_rank": [
              744782692478477,
              744782692478477,
              744782692478477,
              744782692478477
            ],
            "start_record_bracket_ns_by_rank": [
              [
                744782692479417,
                744782692512235
              ],
              [
                744782692479038,
                744782692497657
              ],
              [
                744782692479652,
                744782692519103
              ],
              [
                744782692479334,
                744782692509610
              ]
            ],
            "start_record_envelope_span_ns": 40065,
            "variant": 0
          }
        },
        "variant": 0
      },
      {
        "accepted": true,
        "attempt_id": 52,
        "logical_pair_index": 45,
        "order": [
          "candidate",
          "reference"
        ],
        "rejection_reasons": [],
        "retry_ordinal": 0,
        "samples": {
          "candidate": {
            "collective_only": {
              "local_ms": 0.0344959981739521,
              "rank_max_ms": 0.05135999992489815,
              "rank_ms": [
                0.0344959981739521,
                0.05135999992489815,
                0.04025600105524063,
                0.03532800078392029
              ]
            },
            "pair_attempt_id": 52,
            "pair_retry_ordinal": 0,
            "position": 0,
            "readiness_probe_exact": true,
            "ready_region": {
              "local_ms": 0.16816000640392303,
              "rank_max_ms": 0.17164799571037292,
              "rank_ms": [
                0.16816000640392303,
                0.13648000359535217,
                0.14156800508499146,
                0.17164799571037292
              ]
            },
            "sample_index": 45,
            "scheduled_start_arrival_ns_by_rank": [
              744782710072044,
              744782709787083,
              744782710413456,
              744782710031862
            ],
            "scheduled_start_target_ns_by_rank": [
              744782715413456,
              744782715413456,
              744782715413456,
              744782715413456
            ],
            "start_record_bracket_ns_by_rank": [
              [
                744782715414441,
                744782715449630
              ],
              [
                744782715413971,
                744782715434387
              ],
              [
                744782715414361,
                744782715446740
              ],
              [
                744782715414480,
                744782715449792
              ]
            ],
            "start_record_envelope_span_ns": 35821,
            "variant": 1
          },
          "reference": {
            "collective_only": {
              "local_ms": 0.043616000562906265,
              "rank_max_ms": 0.060736000537872314,
              "rank_ms": [
                0.043616000562906265,
                0.060736000537872314,
                0.03766399994492531,
                0.04614400118589401
              ]
            },
            "pair_attempt_id": 52,
            "pair_retry_ordinal": 0,
            "position": 1,
            "readiness_probe_exact": true,
            "ready_region": {
              "local_ms": 0.16527999937534332,
              "rank_max_ms": 0.16527999937534332,
              "rank_ms": [
                0.16527999937534332,
                0.13155199587345123,
                0.16432000696659088,
                0.16143999993801117
              ]
            },
            "sample_index": 45,
            "scheduled_start_arrival_ns_by_rank": [
              744782721342846,
              744782721164070,
              744782720692272,
              744782721119177
            ],
            "scheduled_start_target_ns_by_rank": [
              744782726342846,
              744782726342846,
              744782726342846,
              744782726342846
            ],
            "start_record_bracket_ns_by_rank": [
              [
                744782726343900,
                744782726379252
              ],
              [
                744782726343434,
                744782726363853
              ],
              [
                744782726344540,
                744782726386100
              ],
              [
                744782726343886,
                744782726377059
              ]
            ],
            "start_record_envelope_span_ns": 42666,
            "variant": 1
          }
        },
        "variant": 1
      },
      {
        "accepted": true,
        "attempt_id": 53,
        "logical_pair_index": 46,
        "order": [
          "reference",
          "candidate"
        ],
        "rejection_reasons": [],
        "retry_ordinal": 0,
        "samples": {
          "candidate": {
            "collective_only": {
              "local_ms": 0.08857599645853043,
              "rank_max_ms": 0.11558400094509125,
              "rank_ms": [
                0.08857599645853043,
                0.11558400094509125,
                0.05539200082421303,
                0.08982399851083755
              ]
            },
            "pair_attempt_id": 53,
            "pair_retry_ordinal": 0,
            "position": 1,
            "readiness_probe_exact": true,
            "ready_region": {
              "local_ms": 0.2791680097579956,
              "rank_max_ms": 0.2791680097579956,
              "rank_ms": [
                0.2791680097579956,
                0.17126399278640747,
                0.25388801097869873,
                0.26361599564552307
              ]
            },
            "sample_index": 46,
            "scheduled_start_arrival_ns_by_rank": [
              744782743500424,
              744782743590272,
              744782743719339,
              744782743944464
            ],
            "scheduled_start_target_ns_by_rank": [
              744782748944464,
              744782748944464,
              744782748944464,
              744782748944464
            ],
            "start_record_bracket_ns_by_rank": [
              [
                744782748945524,
                744782748992300
              ],
              [
                744782748944802,
                744782748966626
              ],
              [
                744782748945888,
                744782749032204
              ],
              [
                744782748945228,
                744782748986280
              ]
            ],
            "start_record_envelope_span_ns": 87402,
            "variant": 0
          },
          "reference": {
            "collective_only": {
              "local_ms": 0.04412800073623657,
              "rank_max_ms": 0.06159999966621399,
              "rank_ms": [
                0.04412800073623657,
                0.06159999966621399,
                0.038176000118255615,
                0.04995200037956238
              ]
            },
            "pair_attempt_id": 53,
            "pair_retry_ordinal": 0,
            "position": 0,
            "readiness_probe_exact": true,
            "ready_region": {
              "local_ms": 0.15558399260044098,
              "rank_max_ms": 0.16326400637626648,
              "rank_ms": [
                0.15558399260044098,
                0.12867200374603271,
                0.16326400637626648,
                0.1520960032939911
              ]
            },
            "sample_index": 46,
            "scheduled_start_arrival_ns_by_rank": [
              744782733117264,
              744782732927485,
              744782733472295,
              744782733387331
            ],
            "scheduled_start_target_ns_by_rank": [
              744782738472295,
              744782738472295,
              744782738472295,
              744782738472295
            ],
            "start_record_bracket_ns_by_rank": [
              [
                744782738473140,
                744782738508150
              ],
              [
                744782738472855,
                744782738492118
              ],
              [
                744782738473505,
                744782738514460
              ],
              [
                744782738473096,
                744782738503135
              ]
            ],
            "start_record_envelope_span_ns": 41605,
            "variant": 0
          }
        },
        "variant": 0
      },
      {
        "accepted": true,
        "attempt_id": 54,
        "logical_pair_index": 47,
        "order": [
          "candidate",
          "reference"
        ],
        "rejection_reasons": [],
        "retry_ordinal": 0,
        "samples": {
          "candidate": {
            "collective_only": {
              "local_ms": 0.057023998349905014,
              "rank_max_ms": 0.07264000177383423,
              "rank_ms": [
                0.057023998349905014,
                0.07264000177383423,
                0.04342399910092354,
                0.058079998940229416
              ]
            },
            "pair_attempt_id": 54,
            "pair_retry_ordinal": 0,
            "position": 0,
            "readiness_probe_exact": true,
            "ready_region": {
              "local_ms": 0.19500799477100372,
              "rank_max_ms": 0.20931200683116913,
              "rank_ms": [
                0.19500799477100372,
                0.15408000349998474,
                0.20931200683116913,
                0.19843199849128723
              ]
            },
            "sample_index": 47,
            "scheduled_start_arrival_ns_by_rank": [
              744782754946995,
              744782754746150,
              744782754994121,
              744782754969009
            ],
            "scheduled_start_target_ns_by_rank": [
              744782759994121,
              744782759994121,
              744782759994121,
              744782759994121
            ],
            "start_record_bracket_ns_by_rank": [
              [
                744782759994961,
                744782760042590
              ],
              [
                744782759994623,
                744782760026438
              ],
              [
                744782759995744,
                744782760057449
              ],
              [
                744782759995066,
                744782760037893
              ]
            ],
            "start_record_envelope_span_ns": 62826,
            "variant": 1
          },
          "reference": {
            "collective_only": {
              "local_ms": 0.04726399853825569,
              "rank_max_ms": 0.07539200037717819,
              "rank_ms": [
                0.04726399853825569,
                0.07539200037717819,
                0.0453759990632534,
                0.05875200033187866
              ]
            },
            "pair_attempt_id": 54,
            "pair_retry_ordinal": 0,
            "position": 1,
            "readiness_probe_exact": true,
            "ready_region": {
              "local_ms": 0.2553600072860718,
              "rank_max_ms": 0.2553600072860718,
              "rank_ms": [
                0.2553600072860718,
                0.16236799955368042,
                0.20137600600719452,
                0.1987839937210083
              ]
            },
            "sample_index": 47,
            "scheduled_start_arrival_ns_by_rank": [
              744782767824636,
              744782767787734,
              744782768405352,
              744782768139232
            ],
            "scheduled_start_target_ns_by_rank": [
              744782773405352,
              744782773405352,
              744782773405352,
              744782773405352
            ],
            "start_record_bracket_ns_by_rank": [
              [
                744782773406823,
                744782773458529
              ],
              [
                744782773405828,
                744782773429416
              ],
              [
                744782773407844,
                744782773461345
              ],
              [
                744782773406343,
                744782773447456
              ]
            ],
            "start_record_envelope_span_ns": 55517,
            "variant": 1
          }
        },
        "variant": 1
      },
      {
        "accepted": true,
        "attempt_id": 55,
        "logical_pair_index": 48,
        "order": [
          "reference",
          "candidate"
        ],
        "rejection_reasons": [],
        "retry_ordinal": 0,
        "samples": {
          "candidate": {
            "collective_only": {
              "local_ms": 0.04598399996757507,
              "rank_max_ms": 0.06371200084686279,
              "rank_ms": [
                0.04598399996757507,
                0.06371200084686279,
                0.03999999910593033,
                0.048448000103235245
              ]
            },
            "pair_attempt_id": 55,
            "pair_retry_ordinal": 0,
            "position": 1,
            "readiness_probe_exact": true,
            "ready_region": {
              "local_ms": 0.22012799978256226,
              "rank_max_ms": 0.22012799978256226,
              "rank_ms": [
                0.22012799978256226,
                0.15084800124168396,
                0.18083199858665466,
                0.18092800676822662
              ]
            },
            "sample_index": 48,
            "scheduled_start_arrival_ns_by_rank": [
              744782791065353,
              744782790963040,
              744782791074378,
              744782791368736
            ],
            "scheduled_start_target_ns_by_rank": [
              744782796368736,
              744782796368736,
              744782796368736,
              744782796368736
            ],
            "start_record_bracket_ns_by_rank": [
              [
                744782796369827,
                744782796410628
              ],
              [
                744782796369214,
                744782796392424
              ],
              [
                744782796369934,
                744782796416094
              ],
              [
                744782796369658,
                744782796407802
              ]
            ],
            "start_record_envelope_span_ns": 46880,
            "variant": 0
          },
          "reference": {
            "collective_only": {
              "local_ms": 0.07184000313282013,
              "rank_max_ms": 0.08601599931716919,
              "rank_ms": [
                0.07184000313282013,
                0.08601599931716919,
                0.06716799736022949,
                0.07273600250482559
              ]
            },
            "pair_attempt_id": 55,
            "pair_retry_ordinal": 0,
            "position": 0,
            "readiness_probe_exact": true,
            "ready_region": {
              "local_ms": 0.18281599879264832,
              "rank_max_ms": 0.2311680018901825,
              "rank_ms": [
                0.18281599879264832,
                0.15744000673294067,
                0.2197760045528412,
                0.2311680018901825
              ]
            },
            "sample_index": 48,
            "scheduled_start_arrival_ns_by_rank": [
              744782779826079,
              744782779615464,
              744782779831463,
              744782779955962
            ],
            "scheduled_start_target_ns_by_rank": [
              744782784955962,
              744782784955962,
              744782784955962,
              744782784955962
            ],
            "start_record_bracket_ns_by_rank": [
              [
                744782784956837,
                744782784991381
              ],
              [
                744782784956513,
                744782784979009
              ],
              [
                744782784957060,
                744782785019409
              ],
              [
                744782784956705,
                744782784990669
              ]
            ],
            "start_record_envelope_span_ns": 62896,
            "variant": 0
          }
        },
        "variant": 0
      },
      {
        "accepted": true,
        "attempt_id": 56,
        "logical_pair_index": 49,
        "order": [
          "candidate",
          "reference"
        ],
        "rejection_reasons": [],
        "retry_ordinal": 0,
        "samples": {
          "candidate": {
            "collective_only": {
              "local_ms": 0.07036799937486649,
              "rank_max_ms": 0.07491199672222137,
              "rank_ms": [
                0.07036799937486649,
                0.07491199672222137,
                0.049984000623226166,
                0.06147199869155884
              ]
            },
            "pair_attempt_id": 56,
            "pair_retry_ordinal": 0,
            "position": 0,
            "readiness_probe_exact": true,
            "ready_region": {
              "local_ms": 0.18031999468803406,
              "rank_max_ms": 0.2850880026817322,
              "rank_ms": [
                0.18031999468803406,
                0.1722559928894043,
                0.2850880026817322,
                0.2359360009431839
              ]
            },
            "sample_index": 49,
            "scheduled_start_arrival_ns_by_rank": [
              744782800592150,
              744782800499787,
              744782800900267,
              744782800784928
            ],
            "scheduled_start_target_ns_by_rank": [
              744782805900267,
              744782805900267,
              744782805900267,
              744782805900267
            ],
            "start_record_bracket_ns_by_rank": [
              [
                744782805900621,
                744782805929947
              ],
              [
                744782805900768,
                744782805927844
              ],
              [
                744782805901298,
                744782805951484
              ],
              [
                744782805901053,
                744782805941916
              ]
            ],
            "start_record_envelope_span_ns": 50863,
            "variant": 1
          },
          "reference": {
            "collective_only": {
              "local_ms": 0.0697920024394989,
              "rank_max_ms": 0.09590400010347366,
              "rank_ms": [
                0.0697920024394989,
                0.09590400010347366,
                0.04630399867892265,
                0.06233600154519081
              ]
            },
            "pair_attempt_id": 56,
            "pair_retry_ordinal": 0,
            "position": 1,
            "readiness_probe_exact": true,
            "ready_region": {
              "local_ms": 0.15753600001335144,
              "rank_max_ms": 0.21247999370098114,
              "rank_ms": [
                0.15753600001335144,
                0.1483200043439865,
                0.21247999370098114,
                0.19404800236225128
              ]
            },
            "sample_index": 49,
            "scheduled_start_arrival_ns_by_rank": [
              744782810856244,
              744782810181233,
              744782810933906,
              744782810977476
            ],
            "scheduled_start_target_ns_by_rank": [
              744782815977476,
              744782815977476,
              744782815977476,
              744782815977476
            ],
            "start_record_bracket_ns_by_rank": [
              [
                744782815978315,
                744782816024699
              ],
              [
                744782815977954,
                744782816007176
              ],
              [
                744782815978959,
                744782816051865
              ],
              [
                744782815978236,
                744782816034644
              ]
            ],
            "start_record_envelope_span_ns": 73911,
            "variant": 1
          }
        },
        "variant": 1
      },
      {
        "accepted": true,
        "attempt_id": 57,
        "logical_pair_index": 50,
        "order": [
          "reference",
          "candidate"
        ],
        "rejection_reasons": [],
        "retry_ordinal": 0,
        "samples": {
          "candidate": {
            "collective_only": {
              "local_ms": 0.04838399961590767,
              "rank_max_ms": 0.06483200192451477,
              "rank_ms": [
                0.04838399961590767,
                0.06483200192451477,
                0.039135999977588654,
                0.044319998472929
              ]
            },
            "pair_attempt_id": 57,
            "pair_retry_ordinal": 0,
            "position": 1,
            "readiness_probe_exact": true,
            "ready_region": {
              "local_ms": 0.16617600619792938,
              "rank_max_ms": 0.17388799786567688,
              "rank_ms": [
                0.16617600619792938,
                0.12963199615478516,
                0.17388799786567688,
                0.16198399662971497
              ]
            },
            "sample_index": 50,
            "scheduled_start_arrival_ns_by_rank": [
              744782831352237,
              744782830675769,
              744782831523194,
              744782831166435
            ],
            "scheduled_start_target_ns_by_rank": [
              744782836523194,
              744782836523194,
              744782836523194,
              744782836523194
            ],
            "start_record_bracket_ns_by_rank": [
              [
                744782836524353,
                744782836559888
              ],
              [
                744782836523668,
                744782836543206
              ],
              [
                744782836524797,
                744782836569319
              ],
              [
                744782836524008,
                744782836562413
              ]
            ],
            "start_record_envelope_span_ns": 45651,
            "variant": 0
          },
          "reference": {
            "collective_only": {
              "local_ms": 0.044895999133586884,
              "rank_max_ms": 0.07433599978685379,
              "rank_ms": [
                0.044895999133586884,
                0.07433599978685379,
                0.055743999779224396,
                0.06032000109553337
              ]
            },
            "pair_attempt_id": 57,
            "pair_retry_ordinal": 0,
            "position": 0,
            "readiness_probe_exact": true,
            "ready_region": {
              "local_ms": 0.24771200120449066,
              "rank_max_ms": 0.24771200120449066,
              "rank_ms": [
                0.24771200120449066,
                0.1457280069589615,
                0.17919999361038208,
                0.17875200510025024
              ]
            },
            "sample_index": 50,
            "scheduled_start_arrival_ns_by_rank": [
              744782820809568,
              744782820062587,
              744782820874674,
              744782820720871
            ],
            "scheduled_start_target_ns_by_rank": [
              744782825874674,
              744782825874674,
              744782825874674,
              744782825874674
            ],
            "start_record_bracket_ns_by_rank": [
              [
                744782825877320,
                744782825926322
              ],
              [
                744782825875250,
                744782825895493
              ],
              [
                744782825875930,
                744782825915483
              ],
              [
                744782825875507,
                744782825908411
              ]
            ],
            "start_record_envelope_span_ns": 51072,
            "variant": 0
          }
        },
        "variant": 0
      },
      {
        "accepted": true,
        "attempt_id": 58,
        "logical_pair_index": 51,
        "order": [
          "candidate",
          "reference"
        ],
        "rejection_reasons": [],
        "retry_ordinal": 0,
        "samples": {
          "candidate": {
            "collective_only": {
              "local_ms": 0.044704001396894455,
              "rank_max_ms": 0.06361600011587143,
              "rank_ms": [
                0.044704001396894455,
                0.06361600011587143,
                0.039103999733924866,
                0.05158400163054466
              ]
            },
            "pair_attempt_id": 58,
            "pair_retry_ordinal": 0,
            "position": 0,
            "readiness_probe_exact": true,
            "ready_region": {
              "local_ms": 0.17078399658203125,
              "rank_max_ms": 0.17078399658203125,
              "rank_ms": [
                0.17078399658203125,
                0.13571199774742126,
                0.16921600699424744,
                0.16444799304008484
              ]
            },
            "sample_index": 51,
            "scheduled_start_arrival_ns_by_rank": [
              744782843655993,
              744782842847151,
              744782843024548,
              744782843382151
            ],
            "scheduled_start_target_ns_by_rank": [
              744782848655993,
              744782848655993,
              744782848655993,
              744782848655993
            ],
            "start_record_bracket_ns_by_rank": [
              [
                744782848656951,
                744782848694879
              ],
              [
                744782848656576,
                744782848676659
              ],
              [
                744782848657112,
                744782848701378
              ],
              [
                744782848656841,
                744782848689061
              ]
            ],
            "start_record_envelope_span_ns": 44802,
            "variant": 1
          },
          "reference": {
            "collective_only": {
              "local_ms": 0.04118400067090988,
              "rank_max_ms": 0.06841599941253662,
              "rank_ms": [
                0.04118400067090988,
                0.06841599941253662,
                0.05004800111055374,
                0.05286400020122528
              ]
            },
            "pair_attempt_id": 58,
            "pair_retry_ordinal": 0,
            "position": 1,
            "readiness_probe_exact": true,
            "ready_region": {
              "local_ms": 0.21779200434684753,
              "rank_max_ms": 0.21779200434684753,
              "rank_ms": [
                0.21779200434684753,
                0.1382720023393631,
                0.14528000354766846,
                0.16816000640392303
              ]
            },
            "sample_index": 51,
            "scheduled_start_arrival_ns_by_rank": [
              744782854121820,
              744782853606522,
              744782854148134,
              744782854291318
            ],
            "scheduled_start_target_ns_by_rank": [
              744782859291318,
              744782859291318,
              744782859291318,
              744782859291318
            ],
            "start_record_bracket_ns_by_rank": [
              [
                744782859293233,
                744782859338290
              ],
              [
                744782859291913,
                744782859313127
              ],
              [
                744782859292029,
                744782859331427
              ],
              [
                744782859292262,
                744782859327473
              ]
            ],
            "start_record_envelope_span_ns": 46377,
            "variant": 1
          }
        },
        "variant": 1
      },
      {
        "accepted": true,
        "attempt_id": 59,
        "logical_pair_index": 52,
        "order": [
          "reference",
          "candidate"
        ],
        "rejection_reasons": [],
        "retry_ordinal": 0,
        "samples": {
          "candidate": {
            "collective_only": {
              "local_ms": 0.03385600075125694,
              "rank_max_ms": 0.3503040075302124,
              "rank_ms": [
                0.03385600075125694,
                0.3503040075302124,
                0.18723200261592865,
                0.05788800120353699
              ]
            },
            "pair_attempt_id": 59,
            "pair_retry_ordinal": 0,
            "position": 1,
            "readiness_probe_exact": true,
            "ready_region": {
              "local_ms": 0.17155200242996216,
              "rank_max_ms": 0.35865598917007446,
              "rank_ms": [
                0.17155200242996216,
                0.35865598917007446,
                0.1974399983882904,
                0.16790400445461273
              ]
            },
            "sample_index": 52,
            "scheduled_start_arrival_ns_by_rank": [
              744782879603481,
              744782879456496,
              744782879667123,
              744782879504926
            ],
            "scheduled_start_target_ns_by_rank": [
              744782884667123,
              744782884667123,
              744782884667123,
              744782884667123
            ],
            "start_record_bracket_ns_by_rank": [
              [
                744782885739076,
                744782885777860
              ],
              [
                744782885443407,
                744782885463826
              ],
              [
                744782885586776,
                744782885628521
              ],
              [
                744782885722704,
                744782885757489
              ]
            ],
            "start_record_envelope_span_ns": 334453,
            "variant": 0
          },
          "reference": {
            "collective_only": {
              "local_ms": 0.0647680014371872,
              "rank_max_ms": 0.0695360004901886,
              "rank_ms": [
                0.0647680014371872,
                0.0695360004901886,
                0.042080000042915344,
                0.052319999784231186
              ]
            },
            "pair_attempt_id": 59,
            "pair_retry_ordinal": 0,
            "position": 0,
            "readiness_probe_exact": true,
            "ready_region": {
              "local_ms": 0.14988799393177032,
              "rank_max_ms": 0.19395199418067932,
              "rank_ms": [
                0.14988799393177032,
                0.15481600165367126,
                0.1897599995136261,
                0.19395199418067932
              ]
            },
            "sample_index": 52,
            "scheduled_start_arrival_ns_by_rank": [
              744782864929095,
              744782865304384,
              744782865471808,
              744782865744908
            ],
            "scheduled_start_target_ns_by_rank": [
              744782870744908,
              744782870744908,
              744782870744908,
              744782870744908
            ],
            "start_record_bracket_ns_by_rank": [
              [
                744782870745337,
                744782870773285
              ],
              [
                744782870745492,
                744782870768688
              ],
              [
                744782870745939,
                744782870795726
              ],
              [
                744782870745724,
                744782870786661
              ]
            ],
            "start_record_envelope_span_ns": 50389,
            "variant": 0
          }
        },
        "variant": 0
      },
      {
        "accepted": true,
        "attempt_id": 60,
        "logical_pair_index": 53,
        "order": [
          "candidate",
          "reference"
        ],
        "rejection_reasons": [],
        "retry_ordinal": 0,
        "samples": {
          "candidate": {
            "collective_only": {
              "local_ms": 0.054048001766204834,
              "rank_max_ms": 0.09046400338411331,
              "rank_ms": [
                0.054048001766204834,
                0.09046400338411331,
                0.06329599767923355,
                0.07571200281381607
              ]
            },
            "pair_attempt_id": 60,
            "pair_retry_ordinal": 0,
            "position": 0,
            "readiness_probe_exact": true,
            "ready_region": {
              "local_ms": 0.2683520019054413,
              "rank_max_ms": 0.2683520019054413,
              "rank_ms": [
                0.2683520019054413,
                0.14467200636863708,
                0.18086400628089905,
                0.18086400628089905
              ]
            },
            "sample_index": 53,
            "scheduled_start_arrival_ns_by_rank": [
              744782891471756,
              744782891171978,
              744782891074971,
              744782891551568
            ],
            "scheduled_start_target_ns_by_rank": [
              744782896551568,
              744782896551568,
              744782896551568,
              744782896551568
            ],
            "start_record_bracket_ns_by_rank": [
              [
                744782896555758,
                744782896613807
              ],
              [
                744782896552077,
                744782896573468
              ],
              [
                744782896552546,
                744782896603193
              ],
              [
                744782896552496,
                744782896590060
              ]
            ],
            "start_record_envelope_span_ns": 61730,
            "variant": 1
          },
          "reference": {
            "collective_only": {
              "local_ms": 0.33907198905944824,
              "rank_max_ms": 0.3854080140590668,
              "rank_ms": [
                0.33907198905944824,
                0.3854080140590668,
                0.04249599948525429,
                0.054207999259233475
              ]
            },
            "pair_attempt_id": 60,
            "pair_retry_ordinal": 0,
            "position": 1,
            "readiness_probe_exact": true,
            "ready_region": {
              "local_ms": 0.34883201122283936,
              "rank_max_ms": 0.39552000164985657,
              "rank_ms": [
                0.34883201122283936,
                0.39552000164985657,
                0.2337920069694519,
                0.22790400683879852
              ]
            },
            "sample_index": 53,
            "scheduled_start_arrival_ns_by_rank": [
              744782902222462,
              744782902288364,
              744782902477979,
              744782902311279
            ],
            "scheduled_start_target_ns_by_rank": [
              744782907477979,
              744782907477979,
              744782907477979,
              744782907477979
            ],
            "start_record_bracket_ns_by_rank": [
              [
                744782907505945,
                744782907548827
              ],
              [
                744782907478336,
                744782907502229
              ],
              [
                744782907793970,
                744782907845089
              ],
              [
                744782907790861,
                744782907831982
              ]
            ],
            "start_record_envelope_span_ns": 366753,
            "variant": 1
          }
        },
        "variant": 1
      },
      {
        "accepted": false,
        "attempt_id": 61,
        "logical_pair_index": 54,
        "order": [
          "reference",
          "candidate"
        ],
        "rejection_reasons": [
          {
            "limit_ns": 500000,
            "side": "candidate",
            "start_record_envelope_span_ns": 633770
          }
        ],
        "retry_ordinal": 0,
        "samples": {
          "candidate": {
            "collective_only": {
              "local_ms": 0.21692800521850586,
              "rank_max_ms": 0.5826240181922913,
              "rank_ms": [
                0.21692800521850586,
                0.5559999942779541,
                0.5826240181922913,
                0.038336001336574554
              ]
            },
            "pair_attempt_id": 61,
            "pair_retry_ordinal": 0,
            "position": 1,
            "readiness_probe_exact": true,
            "ready_region": {
              "local_ms": 0.22675199806690216,
              "rank_max_ms": 0.5928959846496582,
              "rank_ms": [
                0.22675199806690216,
                0.5659199953079224,
                0.5928959846496582,
                0.19542400538921356
              ]
            },
            "sample_index": 54,
            "scheduled_start_arrival_ns_by_rank": [
              744782924592721,
              744782923527216,
              744782924507714,
              744782924974456
            ],
            "scheduled_start_target_ns_by_rank": [
              744782929974456,
              744782929974456,
              744782929974456,
              744782929974456
            ],
            "start_record_bracket_ns_by_rank": [
              [
                744782930385450,
                744782930430336
              ],
              [
                744782930069219,
                744782930092723
              ],
              [
                744782929975467,
                744782930069196
              ],
              [
                744782930569360,
                744782930609237
              ]
            ],
            "start_record_envelope_span_ns": 633770,
            "variant": 0
          },
          "reference": {
            "collective_only": {
              "local_ms": 0.039744000881910324,
              "rank_max_ms": 0.060256000608205795,
              "rank_ms": [
                0.039744000881910324,
                0.060256000608205795,
                0.0390079990029335,
                0.0461760014295578
              ]
            },
            "pair_attempt_id": 61,
            "pair_retry_ordinal": 0,
            "position": 0,
            "readiness_probe_exact": true,
            "ready_region": {
              "local_ms": 0.17427200078964233,
              "rank_max_ms": 0.17427200078964233,
              "rank_ms": [
                0.17427200078964233,
                0.13529600203037262,
                0.16502399742603302,
                0.16767999529838562
              ]
            },
            "sample_index": 54,
            "scheduled_start_arrival_ns_by_rank": [
              744782912921165,
              744782912333308,
              744782913412603,
              744782912870119
            ],
            "scheduled_start_target_ns_by_rank": [
              744782918412603,
              744782918412603,
              744782918412603,
              744782918412603
            ],
            "start_record_bracket_ns_by_rank": [
              [
                744782918413439,
                744782918450315
              ],
              [
                744782918413218,
                744782918433518
              ],
              [
                744782918413868,
                744782918455541
              ],
              [
                744782918413519,
                744782918447407
              ]
            ],
            "start_record_envelope_span_ns": 42323,
            "variant": 0
          }
        },
        "variant": 0
      },
      {
        "accepted": false,
        "attempt_id": 62,
        "logical_pair_index": 54,
        "order": [
          "reference",
          "candidate"
        ],
        "rejection_reasons": [
          {
            "limit_ns": 500000,
            "side": "reference",
            "start_record_envelope_span_ns": 539583
          }
        ],
        "retry_ordinal": 1,
        "samples": {
          "candidate": {
            "collective_only": {
              "local_ms": 0.04918399825692177,
              "rank_max_ms": 0.0729919970035553,
              "rank_ms": [
                0.04918399825692177,
                0.0729919970035553,
                0.0427200011909008,
                0.0525440014898777
              ]
            },
            "pair_attempt_id": 62,
            "pair_retry_ordinal": 1,
            "position": 1,
            "readiness_probe_exact": true,
            "ready_region": {
              "local_ms": 0.20643199980258942,
              "rank_max_ms": 0.20643199980258942,
              "rank_ms": [
                0.20643199980258942,
                0.15859200060367584,
                0.1985280066728592,
                0.2043199986219406
              ]
            },
            "sample_index": 54,
            "scheduled_start_arrival_ns_by_rank": [
              744782948440891,
              744782948058669,
              744782948162583,
              744782948443987
            ],
            "scheduled_start_target_ns_by_rank": [
              744782953443987,
              744782953443987,
              744782953443987,
              744782953443987
            ],
            "start_record_bracket_ns_by_rank": [
              [
                744782953445199,
                744782953490068
              ],
              [
                744782953444564,
                744782953469080
              ],
              [
                744782953445494,
                744782953498107
              ],
              [
                744782953445171,
                744782953488053
              ]
            ],
            "start_record_envelope_span_ns": 53543,
            "variant": 1
          },
          "reference": {
            "collective_only": {
              "local_ms": 0.5344319939613342,
              "rank_max_ms": 0.5344319939613342,
              "rank_ms": [
                0.5344319939613342,
                0.48873600363731384,
                0.04124800115823746,
                0.1266240030527115
              ]
            },
            "pair_attempt_id": 62,
            "pair_retry_ordinal": 1,
            "position": 0,
            "readiness_probe_exact": true,
            "ready_region": {
              "local_ms": 0.5444160103797913,
              "rank_max_ms": 0.5444160103797913,
              "rank_ms": [
                0.5444160103797913,
                0.49849599599838257,
                0.1809920072555542,
                0.22832000255584717
              ]
            },
            "sample_index": 54,
            "scheduled_start_arrival_ns_by_rank": [
              744782937450843,
              744782936870844,
              744782937639035,
              744782937701477
            ],
            "scheduled_start_target_ns_by_rank": [
              744782942701477,
              744782942701477,
              744782942701477,
              744782942701477
            ],
            "start_record_bracket_ns_by_rank": [
              [
                744782942702454,
                744782942747116
              ],
              [
                744782942768892,
                744782942793476
              ],
              [
                744782943166064,
                744782943242037
              ],
              [
                744782943115775,
                744782943156727
              ]
            ],
            "start_record_envelope_span_ns": 539583,
            "variant": 1
          }
        },
        "variant": 1
      },
      {
        "accepted": true,
        "attempt_id": 63,
        "logical_pair_index": 54,
        "order": [
          "reference",
          "candidate"
        ],
        "rejection_reasons": [],
        "retry_ordinal": 2,
        "samples": {
          "candidate": {
            "collective_only": {
              "local_ms": 0.045504000037908554,
              "rank_max_ms": 0.06496000289916992,
              "rank_ms": [
                0.045504000037908554,
                0.06496000289916992,
                0.03471999987959862,
                0.0522879995405674
              ]
            },
            "pair_attempt_id": 63,
            "pair_retry_ordinal": 2,
            "position": 1,
            "readiness_probe_exact": true,
            "ready_region": {
              "local_ms": 0.15561600029468536,
              "rank_max_ms": 0.1582079976797104,
              "rank_ms": [
                0.15561600029468536,
                0.12668800354003906,
                0.1542080044746399,
                0.1582079976797104
              ]
            },
            "sample_index": 54,
            "scheduled_start_arrival_ns_by_rank": [
              744782973505429,
              744782973417204,
              744782971761074,
              744782973733388
            ],
            "scheduled_start_target_ns_by_rank": [
              744782978733388,
              744782978733388,
              744782978733388,
              744782978733388
            ],
            "start_record_bracket_ns_by_rank": [
              [
                744782978734247,
                744782978772937
              ],
              [
                744782978733918,
                744782978753567
              ],
              [
                744782978744539,
                744782978782996
              ],
              [
                744782978734083,
                744782978766842
              ]
            ],
            "start_record_envelope_span_ns": 49078,
            "variant": 0
          },
          "reference": {
            "collective_only": {
              "local_ms": 0.04745600000023842,
              "rank_max_ms": 0.07734400033950806,
              "rank_ms": [
                0.04745600000023842,
                0.07734400033950806,
                0.05011200159788132,
                0.03587200120091438
              ]
            },
            "pair_attempt_id": 63,
            "pair_retry_ordinal": 2,
            "position": 0,
            "readiness_probe_exact": true,
            "ready_region": {
              "local_ms": 0.19200000166893005,
              "rank_max_ms": 0.19200000166893005,
              "rank_ms": [
                0.19200000166893005,
                0.15408000349998474,
                0.1494079977273941,
                0.17475199699401855
              ]
            },
            "sample_index": 54,
            "scheduled_start_arrival_ns_by_rank": [
              744782961163175,
              744782960177406,
              744782960414617,
              744782960786869
            ],
            "scheduled_start_target_ns_by_rank": [
              744782966163175,
              744782966163175,
              744782966163175,
              744782966163175
            ],
            "start_record_bracket_ns_by_rank": [
              [
                744782966164107,
                744782966217655
              ],
              [
                744782966163637,
                744782966185669
              ],
              [
                744782966163838,
                744782966215100
              ],
              [
                744782966164069,
                744782966226712
              ]
            ],
            "start_record_envelope_span_ns": 63075,
            "variant": 0
          }
        },
        "variant": 0
      },
      {
        "accepted": true,
        "attempt_id": 64,
        "logical_pair_index": 55,
        "order": [
          "candidate",
          "reference"
        ],
        "rejection_reasons": [],
        "retry_ordinal": 0,
        "samples": {
          "candidate": {
            "collective_only": {
              "local_ms": 0.03232000023126602,
              "rank_max_ms": 0.09603200107812881,
              "rank_ms": [
                0.03232000023126602,
                0.09603200107812881,
                0.0799039974808693,
                0.08342400193214417
              ]
            },
            "pair_attempt_id": 64,
            "pair_retry_ordinal": 0,
            "position": 0,
            "readiness_probe_exact": true,
            "ready_region": {
              "local_ms": 0.160288006067276,
              "rank_max_ms": 0.160288006067276,
              "rank_ms": [
                0.160288006067276,
                0.1302720010280609,
                0.1536960005760193,
                0.15695999562740326
              ]
            },
            "sample_index": 55,
            "scheduled_start_arrival_ns_by_rank": [
              744782983641317,
              744782983337071,
              744782983669814,
              744782983670798
            ],
            "scheduled_start_target_ns_by_rank": [
              744782988670798,
              744782988670798,
              744782988670798,
              744782988670798
            ],
            "start_record_bracket_ns_by_rank": [
              [
                744782988717286,
                744782988752939
              ],
              [
                744782988671293,
                744782988691585
              ],
              [
                744782988671776,
                744782988711432
              ],
              [
                744782988671439,
                744782988703595
              ]
            ],
            "start_record_envelope_span_ns": 81646,
            "variant": 1
          },
          "reference": {
            "collective_only": {
              "local_ms": 0.03824000060558319,
              "rank_max_ms": 0.05910399928689003,
              "rank_ms": [
                0.03824000060558319,
                0.05910399928689003,
                0.04016000032424927,
                0.0451200008392334
              ]
            },
            "pair_attempt_id": 64,
            "pair_retry_ordinal": 0,
            "position": 1,
            "readiness_probe_exact": true,
            "ready_region": {
              "local_ms": 0.22499200701713562,
              "rank_max_ms": 0.22499200701713562,
              "rank_ms": [
                0.22499200701713562,
                0.15011200308799744,
                0.2168000042438507,
                0.19200000166893005
              ]
            },
            "sample_index": 55,
            "scheduled_start_arrival_ns_by_rank": [
              744782993860342,
              744782993524369,
              744782993672232,
              744782993755989
            ],
            "scheduled_start_target_ns_by_rank": [
              744782998860342,
              744782998860342,
              744782998860342,
              744782998860342
            ],
            "start_record_bracket_ns_by_rank": [
              [
                744782998861359,
                744782998902275
              ],
              [
                744782998860902,
                744782998881799
              ],
              [
                744782998861231,
                744782998903078
              ],
              [
                744782998861238,
                744782998896830
              ]
            ],
            "start_record_envelope_span_ns": 42176,
            "variant": 1
          }
        },
        "variant": 1
      },
      {
        "accepted": true,
        "attempt_id": 65,
        "logical_pair_index": 56,
        "order": [
          "reference",
          "candidate"
        ],
        "rejection_reasons": [],
        "retry_ordinal": 0,
        "samples": {
          "candidate": {
            "collective_only": {
              "local_ms": 0.05708799883723259,
              "rank_max_ms": 0.27689599990844727,
              "rank_ms": [
                0.05708799883723259,
                0.27689599990844727,
                0.25462400913238525,
                0.25779199600219727
              ]
            },
            "pair_attempt_id": 65,
            "pair_retry_ordinal": 0,
            "position": 1,
            "readiness_probe_exact": true,
            "ready_region": {
              "local_ms": 0.2202560007572174,
              "rank_max_ms": 0.2869440019130707,
              "rank_ms": [
                0.2202560007572174,
                0.2869440019130707,
                0.26470398902893066,
                0.2670080065727234
              ]
            },
            "sample_index": 56,
            "scheduled_start_arrival_ns_by_rank": [
              744783014325780,
              744783014297667,
              744783014676382,
              744783014913076
            ],
            "scheduled_start_target_ns_by_rank": [
              744783019913076,
              744783019913076,
              744783019913076,
              744783019913076
            ],
            "start_record_bracket_ns_by_rank": [
              [
                744783020129386,
                744783020171327
              ],
              [
                744783019913477,
                744783019932898
              ],
              [
                744783019913953,
                744783019954908
              ],
              [
                744783019913776,
                744783019948110
              ]
            ],
            "start_record_envelope_span_ns": 257850,
            "variant": 0
          },
          "reference": {
            "collective_only": {
              "local_ms": 0.04057599976658821,
              "rank_max_ms": 0.05398400127887726,
              "rank_ms": [
                0.04057599976658821,
                0.05398400127887726,
                0.034623999148607254,
                0.04169600084424019
              ]
            },
            "pair_attempt_id": 65,
            "pair_retry_ordinal": 0,
            "position": 0,
            "readiness_probe_exact": true,
            "ready_region": {
              "local_ms": 0.16732800006866455,
              "rank_max_ms": 0.16915200650691986,
              "rank_ms": [
                0.16732800006866455,
                0.11923199892044067,
                0.16915200650691986,
                0.16889600455760956
              ]
            },
            "sample_index": 56,
            "scheduled_start_arrival_ns_by_rank": [
              744783003492819,
              744783003268210,
              744783003660943,
              744783003850692
            ],
            "scheduled_start_target_ns_by_rank": [
              744783008850692,
              744783008850692,
              744783008850692,
              744783008850692
            ],
            "start_record_bracket_ns_by_rank": [
              [
                744783008851446,
                744783008882432
              ],
              [
                744783008851159,
                744783008869044
              ],
              [
                744783008851813,
                744783008889542
              ],
              [
                744783008851596,
                744783008882344
              ]
            ],
            "start_record_envelope_span_ns": 38383,
            "variant": 0
          }
        },
        "variant": 0
      },
      {
        "accepted": true,
        "attempt_id": 66,
        "logical_pair_index": 57,
        "order": [
          "candidate",
          "reference"
        ],
        "rejection_reasons": [],
        "retry_ordinal": 0,
        "samples": {
          "candidate": {
            "collective_only": {
              "local_ms": 0.07248000055551529,
              "rank_max_ms": 0.09923200309276581,
              "rank_ms": [
                0.07248000055551529,
                0.09923200309276581,
                0.07344000041484833,
                0.0796160027384758
              ]
            },
            "pair_attempt_id": 66,
            "pair_retry_ordinal": 0,
            "position": 0,
            "readiness_probe_exact": true,
            "ready_region": {
              "local_ms": 0.28326401114463806,
              "rank_max_ms": 0.28326401114463806,
              "rank_ms": [
                0.28326401114463806,
                0.1897599995136261,
                0.21728000044822693,
                0.23430399596691132
              ]
            },
            "sample_index": 57,
            "scheduled_start_arrival_ns_by_rank": [
              744783025853326,
              744783025812917,
              744783026147156,
              744783025729542
            ],
            "scheduled_start_target_ns_by_rank": [
              744783031147156,
              744783031147156,
              744783031147156,
              744783031147156
            ],
            "start_record_bracket_ns_by_rank": [
              [
                744783031148716,
                744783031225487
              ],
              [
                744783031147657,
                744783031172513
              ],
              [
                744783031148329,
                744783031221968
              ],
              [
                744783031148212,
                744783031190044
              ]
            ],
            "start_record_envelope_span_ns": 77830,
            "variant": 1
          },
          "reference": {
            "collective_only": {
              "local_ms": 0.050624001771211624,
              "rank_max_ms": 0.0791039988398552,
              "rank_ms": [
                0.050624001771211624,
                0.0791039988398552,
                0.05769599974155426,
                0.06732799857854843
              ]
            },
            "pair_attempt_id": 66,
            "pair_retry_ordinal": 0,
            "position": 1,
            "readiness_probe_exact": true,
            "ready_region": {
              "local_ms": 0.2640959918498993,
              "rank_max_ms": 0.2640959918498993,
              "rank_ms": [
                0.2640959918498993,
                0.160863995552063,
                0.16729600727558136,
                0.19353599846363068
              ]
            },
            "sample_index": 57,
            "scheduled_start_arrival_ns_by_rank": [
              744783038478502,
              744783037763563,
              744783037905179,
              744783038476834
            ],
            "scheduled_start_target_ns_by_rank": [
              744783043478502,
              744783043478502,
              744783043478502,
              744783043478502
            ],
            "start_record_bracket_ns_by_rank": [
              [
                744783043481710,
                744783043535874
              ],
              [
                744783043479057,
                744783043504671
              ],
              [
                744783043479387,
                744783043527001
              ],
              [
                744783043479386,
                744783043517231
              ]
            ],
            "start_record_envelope_span_ns": 56817,
            "variant": 1
          }
        },
        "variant": 1
      },
      {
        "accepted": true,
        "attempt_id": 67,
        "logical_pair_index": 58,
        "order": [
          "reference",
          "candidate"
        ],
        "rejection_reasons": [],
        "retry_ordinal": 0,
        "samples": {
          "candidate": {
            "collective_only": {
              "local_ms": 0.04710400104522705,
              "rank_max_ms": 0.07599999755620956,
              "rank_ms": [
                0.04710400104522705,
                0.07599999755620956,
                0.050655998289585114,
                0.06137600168585777
              ]
            },
            "pair_attempt_id": 67,
            "pair_retry_ordinal": 0,
            "position": 1,
            "readiness_probe_exact": true,
            "ready_region": {
              "local_ms": 0.24345600605010986,
              "rank_max_ms": 0.24345600605010986,
              "rank_ms": [
                0.24345600605010986,
                0.15849600732326508,
                0.1841599941253662,
                0.1847040057182312
              ]
            },
            "sample_index": 58,
            "scheduled_start_arrival_ns_by_rank": [
              744783060352263,
              744783059781280,
              744783060068308,
              744783060182538
            ],
            "scheduled_start_target_ns_by_rank": [
              744783065352263,
              744783065352263,
              744783065352263,
              744783065352263
            ],
            "start_record_bracket_ns_by_rank": [
              [
                744783065354410,
                744783065410403
              ],
              [
                744783065353032,
                744783065380433
              ],
              [
                744783065353831,
                744783065406948
              ],
              [
                744783065353517,
                744783065396893
              ]
            ],
            "start_record_envelope_span_ns": 57371,
            "variant": 0
          },
          "reference": {
            "collective_only": {
              "local_ms": 0.041152000427246094,
              "rank_max_ms": 0.06169600039720535,
              "rank_ms": [
                0.041152000427246094,
                0.06169600039720535,
                0.04742399975657463,
                0.050175998359918594
              ]
            },
            "pair_attempt_id": 67,
            "pair_retry_ordinal": 0,
            "position": 0,
            "readiness_probe_exact": true,
            "ready_region": {
              "local_ms": 0.2306240051984787,
              "rank_max_ms": 0.2306240051984787,
              "rank_ms": [
                0.2306240051984787,
                0.14425599575042725,
                0.15929600596427917,
                0.16633599996566772
              ]
            },
            "sample_index": 58,
            "scheduled_start_arrival_ns_by_rank": [
              744783049629647,
              744783049254590,
              744783049673297,
              744783049769665
            ],
            "scheduled_start_target_ns_by_rank": [
              744783054769665,
              744783054769665,
              744783054769665,
              744783054769665
            ],
            "start_record_bracket_ns_by_rank": [
              [
                744783054770423,
                744783054812170
              ],
              [
                744783054770231,
                744783054794060
              ],
              [
                744783054770365,
                744783054808738
              ],
              [
                744783054770401,
                744783054804191
              ]
            ],
            "start_record_envelope_span_ns": 41939,
            "variant": 0
          }
        },
        "variant": 0
      },
      {
        "accepted": false,
        "attempt_id": 68,
        "logical_pair_index": 59,
        "order": [
          "candidate",
          "reference"
        ],
        "rejection_reasons": [
          {
            "limit_ns": 500000,
            "side": "reference",
            "start_record_envelope_span_ns": 574701
          }
        ],
        "retry_ordinal": 0,
        "samples": {
          "candidate": {
            "collective_only": {
              "local_ms": 0.2754560112953186,
              "rank_max_ms": 0.38886401057243347,
              "rank_ms": [
                0.2754560112953186,
                0.38886401057243347,
                0.039872001856565475,
                0.03862399980425835
              ]
            },
            "pair_attempt_id": 68,
            "pair_retry_ordinal": 0,
            "position": 0,
            "readiness_probe_exact": true,
            "ready_region": {
              "local_ms": 0.28515198826789856,
              "rank_max_ms": 0.39907199144363403,
              "rank_ms": [
                0.28515198826789856,
                0.39907199144363403,
                0.17472000420093536,
                0.17705599963665009
              ]
            },
            "sample_index": 59,
            "scheduled_start_arrival_ns_by_rank": [
              744783072602156,
              744783072367123,
              744783072528530,
              744783072226622
            ],
            "scheduled_start_target_ns_by_rank": [
              744783077602156,
              744783077602156,
              744783077602156,
              744783077602156
            ],
            "start_record_bracket_ns_by_rank": [
              [
                744783078092554,
                744783078138653
              ],
              [
                744783077990583,
                744783078023941
              ],
              [
                744783078326871,
                744783078372513
              ],
              [
                744783078336261,
                744783078373639
              ]
            ],
            "start_record_envelope_span_ns": 383056,
            "variant": 1
          },
          "reference": {
            "collective_only": {
              "local_ms": 0.2547520101070404,
              "rank_max_ms": 0.5929279923439026,
              "rank_ms": [
                0.2547520101070404,
                0.5929279923439026,
                0.043296001851558685,
                0.11865600198507309
              ]
            },
            "pair_attempt_id": 68,
            "pair_retry_ordinal": 0,
            "position": 1,
            "readiness_probe_exact": true,
            "ready_region": {
              "local_ms": 0.2648639976978302,
              "rank_max_ms": 0.602944016456604,
              "rank_ms": [
                0.2648639976978302,
                0.602944016456604,
                0.1894720047712326,
                0.19327999651432037
              ]
            },
            "sample_index": 59,
            "scheduled_start_arrival_ns_by_rank": [
              744783084821595,
              744783084602962,
              744783084687991,
              744783084817830
            ],
            "scheduled_start_target_ns_by_rank": [
              744783089821595,
              744783089821595,
              744783089821595,
              744783089821595
            ],
            "start_record_bracket_ns_by_rank": [
              [
                744783090246726,
                744783090297567
              ],
              [
                744783089935281,
                744783089958710
              ],
              [
                744783090459124,
                744783090509982
              ],
              [
                744783090392076,
                744783090433438
              ]
            ],
            "start_record_envelope_span_ns": 574701,
            "variant": 1
          }
        },
        "variant": 1
      },
      {
        "accepted": false,
        "attempt_id": 69,
        "logical_pair_index": 59,
        "order": [
          "candidate",
          "reference"
        ],
        "rejection_reasons": [
          {
            "limit_ns": 500000,
            "side": "candidate",
            "start_record_envelope_span_ns": 667006
          }
        ],
        "retry_ordinal": 1,
        "samples": {
          "candidate": {
            "collective_only": {
              "local_ms": 0.6608319878578186,
              "rank_max_ms": 0.6868159770965576,
              "rank_ms": [
                0.6608319878578186,
                0.6868159770965576,
                0.04483199864625931,
                0.6022719740867615
              ]
            },
            "pair_attempt_id": 69,
            "pair_retry_ordinal": 1,
            "position": 0,
            "readiness_probe_exact": true,
            "ready_region": {
              "local_ms": 0.6707519888877869,
              "rank_max_ms": 0.6970880031585693,
              "rank_ms": [
                0.6707519888877869,
                0.6970880031585693,
                0.2202879935503006,
                0.6123200058937073
              ]
            },
            "sample_index": 59,
            "scheduled_start_arrival_ns_by_rank": [
              744783096309384,
              744783095950092,
              744783096271738,
              744783096443703
            ],
            "scheduled_start_target_ns_by_rank": [
              744783101443703,
              744783101443703,
              744783101443703,
              744783101443703
            ],
            "start_record_bracket_ns_by_rank": [
              [
                744783101444794,
                744783101493670
              ],
              [
                744783101444157,
                744783101468953
              ],
              [
                744783102051746,
                744783102111163
              ],
              [
                744783101511840,
                744783101552911
              ]
            ],
            "start_record_envelope_span_ns": 667006,
            "variant": 0
          },
          "reference": {
            "collective_only": {
              "local_ms": 0.04320000112056732,
              "rank_max_ms": 0.0658240020275116,
              "rank_ms": [
                0.04320000112056732,
                0.0658240020275116,
                0.04479999840259552,
                0.05289600044488907
              ]
            },
            "pair_attempt_id": 69,
            "pair_retry_ordinal": 1,
            "position": 1,
            "readiness_probe_exact": true,
            "ready_region": {
              "local_ms": 0.22947199642658234,
              "rank_max_ms": 0.22947199642658234,
              "rank_ms": [
                0.22947199642658234,
                0.14032000303268433,
                0.17350399494171143,
                0.17001600563526154
              ]
            },
            "sample_index": 59,
            "scheduled_start_arrival_ns_by_rank": [
              744783109562959,
              744783109243615,
              744783109664555,
              744783109717095
            ],
            "scheduled_start_target_ns_by_rank": [
              744783114717095,
              744783114717095,
              744783114717095,
              744783114717095
            ],
            "start_record_bracket_ns_by_rank": [
              [
                744783114718674,
                744783114762448
              ],
              [
                744783114717657,
                744783114740128
              ],
              [
                744783114718471,
                744783114762313
              ],
              [
                744783114718000,
                744783114753172
              ]
            ],
            "start_record_envelope_span_ns": 44791,
            "variant": 0
          }
        },
        "variant": 0
      },
      {
        "accepted": true,
        "attempt_id": 70,
        "logical_pair_index": 59,
        "order": [
          "candidate",
          "reference"
        ],
        "rejection_reasons": [],
        "retry_ordinal": 2,
        "samples": {
          "candidate": {
            "collective_only": {
              "local_ms": 0.05241600051522255,
              "rank_max_ms": 0.08364800363779068,
              "rank_ms": [
                0.05241600051522255,
                0.08364800363779068,
                0.05305600166320801,
                0.06800000369548798
              ]
            },
            "pair_attempt_id": 70,
            "pair_retry_ordinal": 2,
            "position": 0,
            "readiness_probe_exact": true,
            "ready_region": {
              "local_ms": 0.2707520127296448,
              "rank_max_ms": 0.2707520127296448,
              "rank_ms": [
                0.2707520127296448,
                0.16489599645137787,
                0.20192000269889832,
                0.19574399292469025
              ]
            },
            "sample_index": 59,
            "scheduled_start_arrival_ns_by_rank": [
              744783120441100,
              744783120142079,
              744783120541441,
              744783120612307
            ],
            "scheduled_start_target_ns_by_rank": [
              744783125612307,
              744783125612307,
              744783125612307,
              744783125612307
            ],
            "start_record_bracket_ns_by_rank": [
              [
                744783125614599,
                744783125668877
              ],
              [
                744783125612777,
                744783125637099
              ],
              [
                744783125614259,
                744783125668471
              ],
              [
                744783125613309,
                744783125651065
              ]
            ],
            "start_record_envelope_span_ns": 56100,
            "variant": 1
          },
          "reference": {
            "collective_only": {
              "local_ms": 0.04960000142455101,
              "rank_max_ms": 0.06854400038719177,
              "rank_ms": [
                0.04960000142455101,
                0.06854400038719177,
                0.0416640006005764,
                0.05548800155520439
              ]
            },
            "pair_attempt_id": 70,
            "pair_retry_ordinal": 2,
            "position": 1,
            "readiness_probe_exact": true,
            "ready_region": {
              "local_ms": 0.21635200083255768,
              "rank_max_ms": 0.21635200083255768,
              "rank_ms": [
                0.21635200083255768,
                0.14662399888038635,
                0.1823039948940277,
                0.17440000176429749
              ]
            },
            "sample_index": 59,
            "scheduled_start_arrival_ns_by_rank": [
              744783131055058,
              744783130961973,
              744783131438767,
              744783131430583
            ],
            "scheduled_start_target_ns_by_rank": [
              744783136438767,
              744783136438767,
              744783136438767,
              744783136438767
            ],
            "start_record_bracket_ns_by_rank": [
              [
                744783136440650,
                744783136481656
              ],
              [
                744783136439229,
                744783136461610
              ],
              [
                744783136440354,
                744783136488291
              ],
              [
                744783136439619,
                744783136474952
              ]
            ],
            "start_record_envelope_span_ns": 49062,
            "variant": 1
          }
        },
        "variant": 1
      },
      {
        "accepted": true,
        "attempt_id": 71,
        "logical_pair_index": 60,
        "order": [
          "reference",
          "candidate"
        ],
        "rejection_reasons": [],
        "retry_ordinal": 0,
        "samples": {
          "candidate": {
            "collective_only": {
              "local_ms": 0.04854400083422661,
              "rank_max_ms": 0.07622399926185608,
              "rank_ms": [
                0.04854400083422661,
                0.07622399926185608,
                0.06380800157785416,
                0.06518399715423584
              ]
            },
            "pair_attempt_id": 71,
            "pair_retry_ordinal": 0,
            "position": 1,
            "readiness_probe_exact": true,
            "ready_region": {
              "local_ms": 0.248416006565094,
              "rank_max_ms": 0.248416006565094,
              "rank_ms": [
                0.248416006565094,
                0.1518400013446808,
                0.15084800124168396,
                0.174112007021904
              ]
            },
            "sample_index": 60,
            "scheduled_start_arrival_ns_by_rank": [
              744783151495649,
              744783151148351,
              744783151378642,
              744783151544142
            ],
            "scheduled_start_target_ns_by_rank": [
              744783156544142,
              744783156544142,
              744783156544142,
              744783156544142
            ],
            "start_record_bracket_ns_by_rank": [
              [
                744783156547748,
                744783156597919
              ],
              [
                744783156544782,
                744783156568153
              ],
              [
                744783156545013,
                744783156581132
              ],
              [
                744783156544930,
                744783156579128
              ]
            ],
            "start_record_envelope_span_ns": 53137,
            "variant": 0
          },
          "reference": {
            "collective_only": {
              "local_ms": 0.04633599892258644,
              "rank_max_ms": 0.07472000271081924,
              "rank_ms": [
                0.04633599892258644,
                0.07472000271081924,
                0.055296000093221664,
                0.06454399973154068
              ]
            },
            "pair_attempt_id": 71,
            "pair_retry_ordinal": 0,
            "position": 0,
            "readiness_probe_exact": true,
            "ready_region": {
              "local_ms": 0.23583999276161194,
              "rank_max_ms": 0.23583999276161194,
              "rank_ms": [
                0.23583999276161194,
                0.13315199315547943,
                0.16543999314308167,
                0.1462080031633377
              ]
            },
            "sample_index": 60,
            "scheduled_start_arrival_ns_by_rank": [
              744783141693855,
              744783141707971,
              744783141895792,
              744783141882277
            ],
            "scheduled_start_target_ns_by_rank": [
              744783146895792,
              744783146895792,
              744783146895792,
              744783146895792
            ],
            "start_record_bracket_ns_by_rank": [
              [
                744783146898546,
                744783146944304
              ],
              [
                744783146896255,
                744783146914316
              ],
              [
                744783146896639,
                744783146934851
              ],
              [
                744783146896512,
                744783146924396
              ]
            ],
            "start_record_envelope_span_ns": 48049,
            "variant": 0
          }
        },
        "variant": 0
      },
      {
        "accepted": true,
        "attempt_id": 72,
        "logical_pair_index": 61,
        "order": [
          "candidate",
          "reference"
        ],
        "rejection_reasons": [],
        "retry_ordinal": 0,
        "samples": {
          "candidate": {
            "collective_only": {
              "local_ms": 0.03840000182390213,
              "rank_max_ms": 0.060575999319553375,
              "rank_ms": [
                0.03840000182390213,
                0.060575999319553375,
                0.04412800073623657,
                0.05366399884223938
              ]
            },
            "pair_attempt_id": 72,
            "pair_retry_ordinal": 0,
            "position": 0,
            "readiness_probe_exact": true,
            "ready_region": {
              "local_ms": 0.1924159973859787,
              "rank_max_ms": 0.1924159973859787,
              "rank_ms": [
                0.1924159973859787,
                0.12591999769210815,
                0.14582400023937225,
                0.14060799777507782
              ]
            },
            "sample_index": 61,
            "scheduled_start_arrival_ns_by_rank": [
              744783162428339,
              744783161896108,
              744783162132704,
              744783162147231
            ],
            "scheduled_start_target_ns_by_rank": [
              744783167428339,
              744783167428339,
              744783167428339,
              744783167428339
            ],
            "start_record_bracket_ns_by_rank": [
              [
                744783167430585,
                744783167471109
              ],
              [
                744783167428842,
                744783167449009
              ],
              [
                744783167429395,
                744783167465595
              ],
              [
                744783167429000,
                744783167455763
              ]
            ],
            "start_record_envelope_span_ns": 42267,
            "variant": 1
          },
          "reference": {
            "collective_only": {
              "local_ms": 0.03510399907827377,
              "rank_max_ms": 0.049984000623226166,
              "rank_ms": [
                0.03510399907827377,
                0.049984000623226166,
                0.03932800143957138,
                0.03667199984192848
              ]
            },
            "pair_attempt_id": 72,
            "pair_retry_ordinal": 0,
            "position": 1,
            "readiness_probe_exact": true,
            "ready_region": {
              "local_ms": 0.17241600155830383,
              "rank_max_ms": 0.1748799979686737,
              "rank_ms": [
                0.17241600155830383,
                0.146464005112648,
                0.14582400023937225,
                0.1748799979686737
              ]
            },
            "sample_index": 61,
            "scheduled_start_arrival_ns_by_rank": [
              744783173322714,
              744783172725724,
              744783173165394,
              744783173477079
            ],
            "scheduled_start_target_ns_by_rank": [
              744783178477079,
              744783178477079,
              744783178477079,
              744783178477079
            ],
            "start_record_bracket_ns_by_rank": [
              [
                744783178478010,
                744783178513019
              ],
              [
                744783178477566,
                744783178499156
              ],
              [
                744783178477741,
                744783178512269
              ],
              [
                744783178478009,
                744783178512775
              ]
            ],
            "start_record_envelope_span_ns": 35453,
            "variant": 1
          }
        },
        "variant": 1
      },
      {
        "accepted": false,
        "attempt_id": 73,
        "logical_pair_index": 62,
        "order": [
          "reference",
          "candidate"
        ],
        "rejection_reasons": [
          {
            "limit_ns": 500000,
            "side": "reference",
            "start_record_envelope_span_ns": 656249
          }
        ],
        "retry_ordinal": 0,
        "samples": {
          "candidate": {
            "collective_only": {
              "local_ms": 0.04022400081157684,
              "rank_max_ms": 0.05478399991989136,
              "rank_ms": [
                0.04022400081157684,
                0.05478399991989136,
                0.03420799970626831,
                0.04073600098490715
              ]
            },
            "pair_attempt_id": 73,
            "pair_retry_ordinal": 0,
            "position": 1,
            "readiness_probe_exact": true,
            "ready_region": {
              "local_ms": 0.14547200500965118,
              "rank_max_ms": 0.1599999964237213,
              "rank_ms": [
                0.14547200500965118,
                0.13471999764442444,
                0.1539520025253296,
                0.1599999964237213
              ]
            },
            "sample_index": 62,
            "scheduled_start_arrival_ns_by_rank": [
              744783197781080,
              744783197393025,
              744783197456639,
              744783197747723
            ],
            "scheduled_start_target_ns_by_rank": [
              744783202781080,
              744783202781080,
              744783202781080,
              744783202781080
            ],
            "start_record_bracket_ns_by_rank": [
              [
                744783202781778,
                744783202814857
              ],
              [
                744783202781571,
                744783202801479
              ],
              [
                744783202782049,
                744783202820219
              ],
              [
                744783202782035,
                744783202814804
              ]
            ],
            "start_record_envelope_span_ns": 38648,
            "variant": 0
          },
          "reference": {
            "collective_only": {
              "local_ms": 0.28143998980522156,
              "rank_max_ms": 0.6498879790306091,
              "rank_ms": [
                0.28143998980522156,
                0.2818880081176758,
                0.6498879790306091,
                0.03404799848794937
              ]
            },
            "pair_attempt_id": 73,
            "pair_retry_ordinal": 0,
            "position": 0,
            "readiness_probe_exact": true,
            "ready_region": {
              "local_ms": 0.29123198986053467,
              "rank_max_ms": 0.6602240204811096,
              "rank_ms": [
                0.29123198986053467,
                0.2916800081729889,
                0.6602240204811096,
                0.1783680021762848
              ]
            },
            "sample_index": 62,
            "scheduled_start_arrival_ns_by_rank": [
              744783184961094,
              744783184535538,
              744783184381834,
              744783185281297
            ],
            "scheduled_start_target_ns_by_rank": [
              744783190281297,
              744783190281297,
              744783190281297,
              744783190281297
            ],
            "start_record_bracket_ns_by_rank": [
              [
                744783191113342,
                744783191138896
              ],
              [
                744783191117382,
                744783191137994
              ],
              [
                744783190727309,
                744783190773170
              ],
              [
                744783191346424,
                744783191383558
              ]
            ],
            "start_record_envelope_span_ns": 656249,
            "variant": 0
          }
        },
        "variant": 0
      },
      {
        "accepted": true,
        "attempt_id": 74,
        "logical_pair_index": 62,
        "order": [
          "reference",
          "candidate"
        ],
        "rejection_reasons": [],
        "retry_ordinal": 1,
        "samples": {
          "candidate": {
            "collective_only": {
              "local_ms": 0.04492799937725067,
              "rank_max_ms": 0.05955199897289276,
              "rank_ms": [
                0.04492799937725067,
                0.05955199897289276,
                0.03811199963092804,
                0.049984000623226166
              ]
            },
            "pair_attempt_id": 74,
            "pair_retry_ordinal": 1,
            "position": 1,
            "readiness_probe_exact": true,
            "ready_region": {
              "local_ms": 0.16457599401474,
              "rank_max_ms": 0.17260800302028656,
              "rank_ms": [
                0.16457599401474,
                0.13488000631332397,
                0.17260800302028656,
                0.14975999295711517
              ]
            },
            "sample_index": 62,
            "scheduled_start_arrival_ns_by_rank": [
              744783218455100,
              744783218032597,
              744783218134805,
              744783218537553
            ],
            "scheduled_start_target_ns_by_rank": [
              744783223537553,
              744783223537553,
              744783223537553,
              744783223537553
            ],
            "start_record_bracket_ns_by_rank": [
              [
                744783223538673,
                744783223574509
              ],
              [
                744783223538186,
                744783223558971
              ],
              [
                744783223539508,
                744783223582311
              ],
              [
                744783223538278,
                744783223568027
              ]
            ],
            "start_record_envelope_span_ns": 44125,
            "variant": 1
          },
          "reference": {
            "collective_only": {
              "local_ms": 0.046592000871896744,
              "rank_max_ms": 0.06003199890255928,
              "rank_ms": [
                0.046592000871896744,
                0.06003199890255928,
                0.04105599969625473,
                0.047040000557899475
              ]
            },
            "pair_attempt_id": 74,
            "pair_retry_ordinal": 1,
            "position": 0,
            "readiness_probe_exact": true,
            "ready_region": {
              "local_ms": 0.15324799716472626,
              "rank_max_ms": 0.18534399569034576,
              "rank_ms": [
                0.15324799716472626,
                0.133760005235672,
                0.18534399569034576,
                0.1624639928340912
              ]
            },
            "sample_index": 62,
            "scheduled_start_arrival_ns_by_rank": [
              744783208512311,
              744783207868200,
              744783208165907,
              744783208145237
            ],
            "scheduled_start_target_ns_by_rank": [
              744783213512311,
              744783213512311,
              744783213512311,
              744783213512311
            ],
            "start_record_bracket_ns_by_rank": [
              [
                744783213513322,
                744783213546155
              ],
              [
                744783213512965,
                744783213533806
              ],
              [
                744783213513553,
                744783213552582
              ],
              [
                744783213513149,
                744783213545765
              ]
            ],
            "start_record_envelope_span_ns": 39617,
            "variant": 1
          }
        },
        "variant": 1
      },
      {
        "accepted": true,
        "attempt_id": 75,
        "logical_pair_index": 63,
        "order": [
          "candidate",
          "reference"
        ],
        "rejection_reasons": [],
        "retry_ordinal": 0,
        "samples": {
          "candidate": {
            "collective_only": {
              "local_ms": 0.03791999816894531,
              "rank_max_ms": 0.05967999994754791,
              "rank_ms": [
                0.03791999816894531,
                0.05967999994754791,
                0.04131200164556503,
                0.05104000121355057
              ]
            },
            "pair_attempt_id": 75,
            "pair_retry_ordinal": 0,
            "position": 0,
            "readiness_probe_exact": true,
            "ready_region": {
              "local_ms": 0.18080000579357147,
              "rank_max_ms": 0.18080000579357147,
              "rank_ms": [
                0.18080000579357147,
                0.13843199610710144,
                0.15695999562740326,
                0.15529599785804749
              ]
            },
            "sample_index": 63,
            "scheduled_start_arrival_ns_by_rank": [
              744783230394129,
              744783229590385,
              744783230411923,
              744783230273573
            ],
            "scheduled_start_target_ns_by_rank": [
              744783235411923,
              744783235411923,
              744783235411923,
              744783235411923
            ],
            "start_record_bracket_ns_by_rank": [
              [
                744783235414027,
                744783235454944
              ],
              [
                744783235412544,
                744783235434025
              ],
              [
                744783235413068,
                744783235453420
              ],
              [
                744783235412751,
                744783235443379
              ]
            ],
            "start_record_envelope_span_ns": 42400,
            "variant": 0
          },
          "reference": {
            "collective_only": {
              "local_ms": 0.040832001715898514,
              "rank_max_ms": 0.05510399863123894,
              "rank_ms": [
                0.040832001715898514,
                0.05510399863123894,
                0.03619199991226196,
                0.03923200070858002
              ]
            },
            "pair_attempt_id": 75,
            "pair_retry_ordinal": 0,
            "position": 1,
            "readiness_probe_exact": true,
            "ready_region": {
              "local_ms": 0.15807999670505524,
              "rank_max_ms": 0.16892799735069275,
              "rank_ms": [
                0.15807999670505524,
                0.14963200688362122,
                0.15827199816703796,
                0.16892799735069275
              ]
            },
            "sample_index": 63,
            "scheduled_start_arrival_ns_by_rank": [
              744783241144694,
              744783240532746,
              744783241425796,
              744783241704235
            ],
            "scheduled_start_target_ns_by_rank": [
              744783246704235,
              744783246704235,
              744783246704235,
              744783246704235
            ],
            "start_record_bracket_ns_by_rank": [
              [
                744783246705012,
                744783246741553
              ],
              [
                744783246704713,
                744783246729462
              ],
              [
                744783246705466,
                744783246745241
              ],
              [
                744783246705195,
                744783246741881
              ]
            ],
            "start_record_envelope_span_ns": 40528,
            "variant": 0
          }
        },
        "variant": 0
      },
      {
        "accepted": true,
        "attempt_id": 76,
        "logical_pair_index": 64,
        "order": [
          "reference",
          "candidate"
        ],
        "rejection_reasons": [],
        "retry_ordinal": 0,
        "samples": {
          "candidate": {
            "collective_only": {
              "local_ms": 0.03977600112557411,
              "rank_max_ms": 0.05612799897789955,
              "rank_ms": [
                0.03977600112557411,
                0.05612799897789955,
                0.03484800085425377,
                0.044096000492572784
              ]
            },
            "pair_attempt_id": 76,
            "pair_retry_ordinal": 0,
            "position": 1,
            "readiness_probe_exact": true,
            "ready_region": {
              "local_ms": 0.18860800564289093,
              "rank_max_ms": 0.18860800564289093,
              "rank_ms": [
                0.18860800564289093,
                0.1438080072402954,
                0.17286400496959686,
                0.1801919937133789
              ]
            },
            "sample_index": 64,
            "scheduled_start_arrival_ns_by_rank": [
              744783262074150,
              744783261430918,
              744783261672455,
              744783261777929
            ],
            "scheduled_start_target_ns_by_rank": [
              744783267074150,
              744783267074150,
              744783267074150,
              744783267074150
            ],
            "start_record_bracket_ns_by_rank": [
              [
                744783267075143,
                744783267110829
              ],
              [
                744783267074631,
                744783267093285
              ],
              [
                744783267075183,
                744783267114637
              ],
              [
                744783267074935,
                744783267107747
              ]
            ],
            "start_record_envelope_span_ns": 40006,
            "variant": 1
          },
          "reference": {
            "collective_only": {
              "local_ms": 0.050783999264240265,
              "rank_max_ms": 0.07372800260782242,
              "rank_ms": [
                0.050783999264240265,
                0.07372800260782242,
                0.04297599941492081,
                0.05686400085687637
              ]
            },
            "pair_attempt_id": 76,
            "pair_retry_ordinal": 0,
            "position": 0,
            "readiness_probe_exact": true,
            "ready_region": {
              "local_ms": 0.22777600586414337,
              "rank_max_ms": 0.22777600586414337,
              "rank_ms": [
                0.22777600586414337,
                0.1682559996843338,
                0.2054399996995926,
                0.21939200162887573
              ]
            },
            "sample_index": 64,
            "scheduled_start_arrival_ns_by_rank": [
              744783249494060,
              744783249496011,
              744783249564131,
              744783250073095
            ],
            "scheduled_start_target_ns_by_rank": [
              744783255073095,
              744783255073095,
              744783255073095,
              744783255073095
            ],
            "start_record_bracket_ns_by_rank": [
              [
                744783255074252,
                744783255119359
              ],
              [
                744783255073598,
                744783255096652
              ],
              [
                744783255074829,
                744783255127115
              ],
              [
                744783255074019,
                744783255114606
              ]
            ],
            "start_record_envelope_span_ns": 53517,
            "variant": 1
          }
        },
        "variant": 1
      },
      {
        "accepted": true,
        "attempt_id": 77,
        "logical_pair_index": 65,
        "order": [
          "candidate",
          "reference"
        ],
        "rejection_reasons": [],
        "retry_ordinal": 0,
        "samples": {
          "candidate": {
            "collective_only": {
              "local_ms": 0.04374400153756142,
              "rank_max_ms": 0.057920001447200775,
              "rank_ms": [
                0.04374400153756142,
                0.057920001447200775,
                0.038816001266241074,
                0.050335999578237534
              ]
            },
            "pair_attempt_id": 77,
            "pair_retry_ordinal": 0,
            "position": 0,
            "readiness_probe_exact": true,
            "ready_region": {
              "local_ms": 0.17030400037765503,
              "rank_max_ms": 0.17030400037765503,
              "rank_ms": [
                0.17030400037765503,
                0.14211200177669525,
                0.15919999778270721,
                0.15830400586128235
              ]
            },
            "sample_index": 65,
            "scheduled_start_arrival_ns_by_rank": [
              744783272110026,
              744783271968354,
              744783272079059,
              744783272312332
            ],
            "scheduled_start_target_ns_by_rank": [
              744783277312332,
              744783277312332,
              744783277312332,
              744783277312332
            ],
            "start_record_bracket_ns_by_rank": [
              [
                744783277313210,
                744783277351205
              ],
              [
                744783277312946,
                744783277338565
              ],
              [
                744783277313447,
                744783277357974
              ],
              [
                744783277313158,
                744783277346362
              ]
            ],
            "start_record_envelope_span_ns": 45028,
            "variant": 0
          },
          "reference": {
            "collective_only": {
              "local_ms": 0.05737600103020668,
              "rank_max_ms": 0.07561600208282471,
              "rank_ms": [
                0.05737600103020668,
                0.07561600208282471,
                0.0544000007212162,
                0.06454399973154068
              ]
            },
            "pair_attempt_id": 77,
            "pair_retry_ordinal": 0,
            "position": 1,
            "readiness_probe_exact": true,
            "ready_region": {
              "local_ms": 0.19910399615764618,
              "rank_max_ms": 0.19910399615764618,
              "rank_ms": [
                0.19910399615764618,
                0.15225599706172943,
                0.18627199530601501,
                0.1900479942560196
              ]
            },
            "sample_index": 65,
            "scheduled_start_arrival_ns_by_rank": [
              744783281636196,
              744783281455960,
              744783282151541,
              744783281706247
            ],
            "scheduled_start_target_ns_by_rank": [
              744783287151541,
              744783287151541,
              744783287151541,
              744783287151541
            ],
            "start_record_bracket_ns_by_rank": [
              [
                744783287152793,
                744783287191173
              ],
              [
                744783287152051,
                744783287172566
              ],
              [
                744783287152667,
                744783287194179
              ],
              [
                744783287152508,
                744783287184810
              ]
            ],
            "start_record_envelope_span_ns": 42128,
            "variant": 0
          }
        },
        "variant": 0
      },
      {
        "accepted": true,
        "attempt_id": 78,
        "logical_pair_index": 66,
        "order": [
          "reference",
          "candidate"
        ],
        "rejection_reasons": [],
        "retry_ordinal": 0,
        "samples": {
          "candidate": {
            "collective_only": {
              "local_ms": 0.05100800096988678,
              "rank_max_ms": 0.07081600278615952,
              "rank_ms": [
                0.05100800096988678,
                0.07081600278615952,
                0.0424639992415905,
                0.06723199784755707
              ]
            },
            "pair_attempt_id": 78,
            "pair_retry_ordinal": 0,
            "position": 1,
            "readiness_probe_exact": true,
            "ready_region": {
              "local_ms": 0.1863040030002594,
              "rank_max_ms": 0.19254399836063385,
              "rank_ms": [
                0.1863040030002594,
                0.1579200029373169,
                0.19254399836063385,
                0.14681600034236908
              ]
            },
            "sample_index": 66,
            "scheduled_start_arrival_ns_by_rank": [
              744783303427377,
              744783303624856,
              744783303466895,
              744783303489659
            ],
            "scheduled_start_target_ns_by_rank": [
              744783308624856,
              744783308624856,
              744783308624856,
              744783308624856
            ],
            "start_record_bracket_ns_by_rank": [
              [
                744783308625956,
                744783308667457
              ],
              [
                744783308625376,
                744783308649028
              ],
              [
                744783308626088,
                744783308676801
              ],
              [
                744783308625334,
                744783308652348
              ]
            ],
            "start_record_envelope_span_ns": 51467,
            "variant": 1
          },
          "reference": {
            "collective_only": {
              "local_ms": 0.035711999982595444,
              "rank_max_ms": 0.05593600124120712,
              "rank_ms": [
                0.035711999982595444,
                0.05593600124120712,
                0.039872001856565475,
                0.04364800080657005
              ]
            },
            "pair_attempt_id": 78,
            "pair_retry_ordinal": 0,
            "position": 0,
            "readiness_probe_exact": true,
            "ready_region": {
              "local_ms": 0.1828799992799759,
              "rank_max_ms": 0.1828799992799759,
              "rank_ms": [
                0.1828799992799759,
                0.1382720023393631,
                0.1443520039319992,
                0.16291199624538422
              ]
            },
            "sample_index": 66,
            "scheduled_start_arrival_ns_by_rank": [
              744783294343539,
              744783293889892,
              744783294128090,
              744783294231996
            ],
            "scheduled_start_target_ns_by_rank": [
              744783299343539,
              744783299343539,
              744783299343539,
              744783299343539
            ],
            "start_record_bracket_ns_by_rank": [
              [
                744783299344416,
                744783299384008
              ],
              [
                744783299344235,
                744783299364505
              ],
              [
                744783299344305,
                744783299382316
              ],
              [
                744783299344319,
                744783299380179
              ]
            ],
            "start_record_envelope_span_ns": 39773,
            "variant": 1
          }
        },
        "variant": 1
      },
      {
        "accepted": true,
        "attempt_id": 79,
        "logical_pair_index": 67,
        "order": [
          "candidate",
          "reference"
        ],
        "rejection_reasons": [],
        "retry_ordinal": 0,
        "samples": {
          "candidate": {
            "collective_only": {
              "local_ms": 0.054368000477552414,
              "rank_max_ms": 0.08329600095748901,
              "rank_ms": [
                0.054368000477552414,
                0.08329600095748901,
                0.041152000427246094,
                0.058687999844551086
              ]
            },
            "pair_attempt_id": 79,
            "pair_retry_ordinal": 0,
            "position": 0,
            "readiness_probe_exact": true,
            "ready_region": {
              "local_ms": 0.1603199988603592,
              "rank_max_ms": 0.1849599927663803,
              "rank_ms": [
                0.1603199988603592,
                0.16540800034999847,
                0.18435199558734894,
                0.1849599927663803
              ]
            },
            "sample_index": 67,
            "scheduled_start_arrival_ns_by_rank": [
              744783313168295,
              744783312601563,
              744783313043689,
              744783312348072
            ],
            "scheduled_start_target_ns_by_rank": [
              744783318168295,
              744783318168295,
              744783318168295,
              744783318168295
            ],
            "start_record_bracket_ns_by_rank": [
              [
                744783318168995,
                744783318219905
              ],
              [
                744783318168765,
                744783318191696
              ],
              [
                744783318169445,
                744783318233718
              ],
              [
                744783318169025,
                744783318216742
              ]
            ],
            "start_record_envelope_span_ns": 64953,
            "variant": 0
          },
          "reference": {
            "collective_only": {
              "local_ms": 0.03574400022625923,
              "rank_max_ms": 0.05619199946522713,
              "rank_ms": [
                0.03574400022625923,
                0.05619199946522713,
                0.03996799886226654,
                0.05443200096487999
              ]
            },
            "pair_attempt_id": 79,
            "pair_retry_ordinal": 0,
            "position": 1,
            "readiness_probe_exact": true,
            "ready_region": {
              "local_ms": 0.17174400389194489,
              "rank_max_ms": 0.17174400389194489,
              "rank_ms": [
                0.17174400389194489,
                0.1332480013370514,
                0.15136000514030457,
                0.12707200646400452
              ]
            },
            "sample_index": 67,
            "scheduled_start_arrival_ns_by_rank": [
              744783323435411,
              744783323048934,
              744783323480426,
              744783323084804
            ],
            "scheduled_start_target_ns_by_rank": [
              744783328480426,
              744783328480426,
              744783328480426,
              744783328480426
            ],
            "start_record_bracket_ns_by_rank": [
              [
                744783328482617,
                744783328519533
              ],
              [
                744783328481020,
                744783328500275
              ],
              [
                744783328481385,
                744783328519022
              ],
              [
                744783328480920,
                744783328502227
              ]
            ],
            "start_record_envelope_span_ns": 38613,
            "variant": 0
          }
        },
        "variant": 0
      },
      {
        "accepted": true,
        "attempt_id": 80,
        "logical_pair_index": 68,
        "order": [
          "reference",
          "candidate"
        ],
        "rejection_reasons": [],
        "retry_ordinal": 0,
        "samples": {
          "candidate": {
            "collective_only": {
              "local_ms": 0.03347200155258179,
              "rank_max_ms": 0.04940799996256828,
              "rank_ms": [
                0.03347200155258179,
                0.04831999912858009,
                0.03417599946260452,
                0.04940799996256828
              ]
            },
            "pair_attempt_id": 80,
            "pair_retry_ordinal": 0,
            "position": 1,
            "readiness_probe_exact": true,
            "ready_region": {
              "local_ms": 0.16486400365829468,
              "rank_max_ms": 0.16486400365829468,
              "rank_ms": [
                0.16486400365829468,
                0.13132800161838531,
                0.14230400323867798,
                0.11590400338172913
              ]
            },
            "sample_index": 68,
            "scheduled_start_arrival_ns_by_rank": [
              744783343626505,
              744783342841685,
              744783343136270,
              744783343138658
            ],
            "scheduled_start_target_ns_by_rank": [
              744783348626505,
              744783348626505,
              744783348626505,
              744783348626505
            ],
            "start_record_bracket_ns_by_rank": [
              [
                744783348627520,
                744783348660289
              ],
              [
                744783348627744,
                744783348646295
              ],
              [
                744783348627675,
                744783348661597
              ],
              [
                744783348627015,
                744783348644231
              ]
            ],
            "start_record_envelope_span_ns": 34582,
            "variant": 1
          },
          "reference": {
            "collective_only": {
              "local_ms": 0.0427200011909008,
              "rank_max_ms": 0.06095999851822853,
              "rank_ms": [
                0.0427200011909008,
                0.06095999851822853,
                0.037856001406908035,
                0.060095999389886856
              ]
            },
            "pair_attempt_id": 80,
            "pair_retry_ordinal": 0,
            "position": 0,
            "readiness_probe_exact": true,
            "ready_region": {
              "local_ms": 0.1616639941930771,
              "rank_max_ms": 0.1616639941930771,
              "rank_ms": [
                0.1616639941930771,
                0.1409599930047989,
                0.16150400042533875,
                0.12812800705432892
              ]
            },
            "sample_index": 68,
            "scheduled_start_arrival_ns_by_rank": [
              744783333192737,
              744783332613186,
              744783332224714,
              744783332437042
            ],
            "scheduled_start_target_ns_by_rank": [
              744783338192737,
              744783338192737,
              744783338192737,
              744783338192737
            ],
            "start_record_bracket_ns_by_rank": [
              [
                744783338193603,
                744783338247122
              ],
              [
                744783338193417,
                744783338234069
              ],
              [
                744783338193756,
                744783338256204
              ],
              [
                744783338193298,
                744783338232804
              ]
            ],
            "start_record_envelope_span_ns": 62906,
            "variant": 1
          }
        },
        "variant": 1
      },
      {
        "accepted": true,
        "attempt_id": 81,
        "logical_pair_index": 69,
        "order": [
          "candidate",
          "reference"
        ],
        "rejection_reasons": [],
        "retry_ordinal": 0,
        "samples": {
          "candidate": {
            "collective_only": {
              "local_ms": 0.04134399816393852,
              "rank_max_ms": 0.05859199911355972,
              "rank_ms": [
                0.04134399816393852,
                0.05859199911355972,
                0.03811199963092804,
                0.048767998814582825
              ]
            },
            "pair_attempt_id": 81,
            "pair_retry_ordinal": 0,
            "position": 0,
            "readiness_probe_exact": true,
            "ready_region": {
              "local_ms": 0.18377600610256195,
              "rank_max_ms": 0.18377600610256195,
              "rank_ms": [
                0.18377600610256195,
                0.14767999947071075,
                0.17846399545669556,
                0.16704000532627106
              ]
            },
            "sample_index": 69,
            "scheduled_start_arrival_ns_by_rank": [
              744783352920488,
              744783352703933,
              744783352602898,
              744783352439551
            ],
            "scheduled_start_target_ns_by_rank": [
              744783357920488,
              744783357920488,
              744783357920488,
              744783357920488
            ],
            "start_record_bracket_ns_by_rank": [
              [
                744783357921432,
                744783357958736
              ],
              [
                744783357920958,
                744783357941843
              ],
              [
                744783357921597,
                744783357961612
              ],
              [
                744783357921241,
                744783357951121
              ]
            ],
            "start_record_envelope_span_ns": 40654,
            "variant": 0
          },
          "reference": {
            "collective_only": {
              "local_ms": 0.0350399985909462,
              "rank_max_ms": 0.04774399846792221,
              "rank_ms": [
                0.0350399985909462,
                0.04774399846792221,
                0.03468799963593483,
                0.04396799951791763
              ]
            },
            "pair_attempt_id": 81,
            "pair_retry_ordinal": 0,
            "position": 1,
            "readiness_probe_exact": true,
            "ready_region": {
              "local_ms": 0.1459839940071106,
              "rank_max_ms": 0.1459839940071106,
              "rank_ms": [
                0.1459839940071106,
                0.1289920061826706,
                0.13052800297737122,
                0.12134400010108948
              ]
            },
            "sample_index": 69,
            "scheduled_start_arrival_ns_by_rank": [
              744783362383267,
              744783361828973,
              744783362454124,
              744783362278240
            ],
            "scheduled_start_target_ns_by_rank": [
              744783367454124,
              744783367454124,
              744783367454124,
              744783367454124
            ],
            "start_record_bracket_ns_by_rank": [
              [
                744783367454974,
                744783367485250
              ],
              [
                744783367454631,
                744783367474041
              ],
              [
                744783367454974,
                744783367486358
              ],
              [
                744783367454660,
                744783367477310
              ]
            ],
            "start_record_envelope_span_ns": 31727,
            "variant": 0
          }
        },
        "variant": 0
      },
      {
        "accepted": true,
        "attempt_id": 82,
        "logical_pair_index": 70,
        "order": [
          "reference",
          "candidate"
        ],
        "rejection_reasons": [],
        "retry_ordinal": 0,
        "samples": {
          "candidate": {
            "collective_only": {
              "local_ms": 0.04070400074124336,
              "rank_max_ms": 0.07158400118350983,
              "rank_ms": [
                0.04070400074124336,
                0.07158400118350983,
                0.05318399891257286,
                0.06809599697589874
              ]
            },
            "pair_attempt_id": 82,
            "pair_retry_ordinal": 0,
            "position": 1,
            "readiness_probe_exact": true,
            "ready_region": {
              "local_ms": 0.20742399990558624,
              "rank_max_ms": 0.20742399990558624,
              "rank_ms": [
                0.20742399990558624,
                0.15744000673294067,
                0.1754560023546219,
                0.14988799393177032
              ]
            },
            "sample_index": 70,
            "scheduled_start_arrival_ns_by_rank": [
              744783382603826,
              744783382309642,
              744783382519476,
              744783382190980
            ],
            "scheduled_start_target_ns_by_rank": [
              744783387603826,
              744783387603826,
              744783387603826,
              744783387603826
            ],
            "start_record_bracket_ns_by_rank": [
              [
                744783387612878,
                744783387658071
              ],
              [
                744783387604413,
                744783387627029
              ],
              [
                744783387604678,
                744783387649725
              ],
              [
                744783387604477,
                744783387630742
              ]
            ],
            "start_record_envelope_span_ns": 53658,
            "variant": 1
          },
          "reference": {
            "collective_only": {
              "local_ms": 0.03452799841761589,
              "rank_max_ms": 0.05644800141453743,
              "rank_ms": [
                0.03452799841761589,
                0.05644800141453743,
                0.03872000053524971,
                0.05164799839258194
              ]
            },
            "pair_attempt_id": 82,
            "pair_retry_ordinal": 0,
            "position": 0,
            "readiness_probe_exact": true,
            "ready_region": {
              "local_ms": 0.17158399522304535,
              "rank_max_ms": 0.17158399522304535,
              "rank_ms": [
                0.17158399522304535,
                0.12969599664211273,
                0.14918400347232819,
                0.12966400384902954
              ]
            },
            "sample_index": 70,
            "scheduled_start_arrival_ns_by_rank": [
              744783372381583,
              744783371749302,
              744783371777178,
              744783371558339
            ],
            "scheduled_start_target_ns_by_rank": [
              744783377381583,
              744783377381583,
              744783377381583,
              744783377381583
            ],
            "start_record_bracket_ns_by_rank": [
              [
                744783377382652,
                744783377419406
              ],
              [
                744783377382122,
                744783377400877
              ],
              [
                744783377382509,
                744783377419505
              ],
              [
                744783377382032,
                744783377405292
              ]
            ],
            "start_record_envelope_span_ns": 37473,
            "variant": 1
          }
        },
        "variant": 1
      },
      {
        "accepted": true,
        "attempt_id": 83,
        "logical_pair_index": 71,
        "order": [
          "candidate",
          "reference"
        ],
        "rejection_reasons": [],
        "retry_ordinal": 0,
        "samples": {
          "candidate": {
            "collective_only": {
              "local_ms": 0.048448000103235245,
              "rank_max_ms": 0.07062400132417679,
              "rank_ms": [
                0.048448000103235245,
                0.07062400132417679,
                0.04374400153756142,
                0.052799999713897705
              ]
            },
            "pair_attempt_id": 83,
            "pair_retry_ordinal": 0,
            "position": 0,
            "readiness_probe_exact": true,
            "ready_region": {
              "local_ms": 0.20627200603485107,
              "rank_max_ms": 0.20627200603485107,
              "rank_ms": [
                0.20627200603485107,
                0.15644800662994385,
                0.19379200041294098,
                0.1950400024652481
              ]
            },
            "sample_index": 71,
            "scheduled_start_arrival_ns_by_rank": [
              744783394642500,
              744783394088488,
              744783394535521,
              744783394153371
            ],
            "scheduled_start_target_ns_by_rank": [
              744783399642500,
              744783399642500,
              744783399642500,
              744783399642500
            ],
            "start_record_bracket_ns_by_rank": [
              [
                744783399643366,
                744783399688803
              ],
              [
                744783399643218,
                744783399667705
              ],
              [
                744783399643714,
                744783399695858
              ],
              [
                744783399643433,
                744783399684735
              ]
            ],
            "start_record_envelope_span_ns": 52640,
            "variant": 0
          },
          "reference": {
            "collective_only": {
              "local_ms": 0.04499199986457825,
              "rank_max_ms": 0.07807999849319458,
              "rank_ms": [
                0.04499199986457825,
                0.07807999849319458,
                0.05036799982190132,
                0.060256000608205795
              ]
            },
            "pair_attempt_id": 83,
            "pair_retry_ordinal": 0,
            "position": 1,
            "readiness_probe_exact": true,
            "ready_region": {
              "local_ms": 0.23868800699710846,
              "rank_max_ms": 0.23868800699710846,
              "rank_ms": [
                0.23868800699710846,
                0.15830400586128235,
                0.20175999402999878,
                0.2109760046005249
              ]
            },
            "sample_index": 71,
            "scheduled_start_arrival_ns_by_rank": [
              744783406305632,
              744783405817265,
              744783406108586,
              744783406135101
            ],
            "scheduled_start_target_ns_by_rank": [
              744783411305632,
              744783411305632,
              744783411305632,
              744783411305632
            ],
            "start_record_bracket_ns_by_rank": [
              [
                744783411308160,
                744783411361755
              ],
              [
                744783411306299,
                744783411330068
              ],
              [
                744783411306965,
                744783411359283
              ],
              [
                744783411306636,
                744783411348901
              ]
            ],
            "start_record_envelope_span_ns": 55456,
            "variant": 0
          }
        },
        "variant": 0
      },
      {
        "accepted": true,
        "attempt_id": 84,
        "logical_pair_index": 72,
        "order": [
          "reference",
          "candidate"
        ],
        "rejection_reasons": [],
        "retry_ordinal": 0,
        "samples": {
          "candidate": {
            "collective_only": {
              "local_ms": 0.05657599866390228,
              "rank_max_ms": 0.09318400174379349,
              "rank_ms": [
                0.05657599866390228,
                0.09318400174379349,
                0.06579200178384781,
                0.08953599631786346
              ]
            },
            "pair_attempt_id": 84,
            "pair_retry_ordinal": 0,
            "position": 1,
            "readiness_probe_exact": true,
            "ready_region": {
              "local_ms": 0.34006398916244507,
              "rank_max_ms": 0.34006398916244507,
              "rank_ms": [
                0.34006398916244507,
                0.1542080044746399,
                0.2181439995765686,
                0.14351999759674072
              ]
            },
            "sample_index": 72,
            "scheduled_start_arrival_ns_by_rank": [
              744783429912946,
              744783429682627,
              744783430651750,
              744783430306169
            ],
            "scheduled_start_target_ns_by_rank": [
              744783435651750,
              744783435651750,
              744783435651750,
              744783435651750
            ],
            "start_record_bracket_ns_by_rank": [
              [
                744783435656030,
                744783435715954
              ],
              [
                744783435652333,
                744783435675301
              ],
              [
                744783435653386,
                744783435703612
              ],
              [
                744783435652209,
                744783435676678
              ]
            ],
            "start_record_envelope_span_ns": 63745,
            "variant": 1
          },
          "reference": {
            "collective_only": {
              "local_ms": 0.04323200136423111,
              "rank_max_ms": 0.07100799679756165,
              "rank_ms": [
                0.04323200136423111,
                0.07100799679756165,
                0.05145600065588951,
                0.06054399907588959
              ]
            },
            "pair_attempt_id": 84,
            "pair_retry_ordinal": 0,
            "position": 0,
            "readiness_probe_exact": true,
            "ready_region": {
              "local_ms": 0.21641600131988525,
              "rank_max_ms": 0.21641600131988525,
              "rank_ms": [
                0.21641600131988525,
                0.12947200238704681,
                0.1510079950094223,
                0.13792000710964203
              ]
            },
            "sample_index": 72,
            "scheduled_start_arrival_ns_by_rank": [
              744783417491239,
              744783417164325,
              744783417551927,
              744783417605145
            ],
            "scheduled_start_target_ns_by_rank": [
              744783422605145,
              744783422605145,
              744783422605145,
              744783422605145
            ],
            "start_record_bracket_ns_by_rank": [
              [
                744783422607756,
                744783422651640
              ],
              [
                744783422605681,
                744783422623643
              ],
              [
                744783422606203,
                744783422643886
              ],
              [
                744783422605875,
                744783422633563
              ]
            ],
            "start_record_envelope_span_ns": 45959,
            "variant": 1
          }
        },
        "variant": 1
      },
      {
        "accepted": true,
        "attempt_id": 85,
        "logical_pair_index": 73,
        "order": [
          "candidate",
          "reference"
        ],
        "rejection_reasons": [],
        "retry_ordinal": 0,
        "samples": {
          "candidate": {
            "collective_only": {
              "local_ms": 0.05750399827957153,
              "rank_max_ms": 0.09241600334644318,
              "rank_ms": [
                0.05750399827957153,
                0.09241600334644318,
                0.07129599899053574,
                0.07443200051784515
              ]
            },
            "pair_attempt_id": 85,
            "pair_retry_ordinal": 0,
            "position": 0,
            "readiness_probe_exact": true,
            "ready_region": {
              "local_ms": 0.3030720055103302,
              "rank_max_ms": 0.3030720055103302,
              "rank_ms": [
                0.3030720055103302,
                0.1536639928817749,
                0.16624000668525696,
                0.2003519982099533
              ]
            },
            "sample_index": 73,
            "scheduled_start_arrival_ns_by_rank": [
              744783442062196,
              744783441749453,
              744783442290001,
              744783442163645
            ],
            "scheduled_start_target_ns_by_rank": [
              744783447290001,
              744783447290001,
              744783447290001,
              744783447290001
            ],
            "start_record_bracket_ns_by_rank": [
              [
                744783447293425,
                744783447355153
              ],
              [
                744783447290605,
                744783447315407
              ],
              [
                744783447290838,
                744783447336441
              ],
              [
                744783447290963,
                744783447331901
              ]
            ],
            "start_record_envelope_span_ns": 64548,
            "variant": 0
          },
          "reference": {
            "collective_only": {
              "local_ms": 0.053408000618219376,
              "rank_max_ms": 0.10239999741315842,
              "rank_ms": [
                0.053408000618219376,
                0.10239999741315842,
                0.07667200267314911,
                0.08902399986982346
              ]
            },
            "pair_attempt_id": 85,
            "pair_retry_ordinal": 0,
            "position": 1,
            "readiness_probe_exact": true,
            "ready_region": {
              "local_ms": 0.25145599246025085,
              "rank_max_ms": 0.25145599246025085,
              "rank_ms": [
                0.25145599246025085,
                0.15891200304031372,
                0.19129599630832672,
                0.19049599766731262
              ]
            },
            "sample_index": 73,
            "scheduled_start_arrival_ns_by_rank": [
              744783453823084,
              744783454044651,
              744783454144499,
              744783453882692
            ],
            "scheduled_start_target_ns_by_rank": [
              744783459144499,
              744783459144499,
              744783459144499,
              744783459144499
            ],
            "start_record_bracket_ns_by_rank": [
              [
                744783459147301,
                744783459218126
              ],
              [
                744783459145137,
                744783459166410
              ],
              [
                744783459146062,
                744783459191810
              ],
              [
                744783459145283,
                744783459179164
              ]
            ],
            "start_record_envelope_span_ns": 72989,
            "variant": 0
          }
        },
        "variant": 0
      },
      {
        "accepted": true,
        "attempt_id": 86,
        "logical_pair_index": 74,
        "order": [
          "reference",
          "candidate"
        ],
        "rejection_reasons": [],
        "retry_ordinal": 0,
        "samples": {
          "candidate": {
            "collective_only": {
              "local_ms": 0.041728001087903976,
              "rank_max_ms": 0.27875199913978577,
              "rank_ms": [
                0.041728001087903976,
                0.27875199913978577,
                0.25494399666786194,
                0.25782400369644165
              ]
            },
            "pair_attempt_id": 86,
            "pair_retry_ordinal": 0,
            "position": 1,
            "readiness_probe_exact": true,
            "ready_region": {
              "local_ms": 0.2685439884662628,
              "rank_max_ms": 0.2889600098133087,
              "rank_ms": [
                0.2685439884662628,
                0.2889600098133087,
                0.2651520073413849,
                0.2680320143699646
              ]
            },
            "sample_index": 74,
            "scheduled_start_arrival_ns_by_rank": [
              744783478857011,
              744783478142778,
              744783478779835,
              744783478538743
            ],
            "scheduled_start_target_ns_by_rank": [
              744783483857011,
              744783483857011,
              744783483857011,
              744783483857011
            ],
            "start_record_bracket_ns_by_rank": [
              [
                744783484065028,
                744783484117292
              ],
              [
                744783483857361,
                744783483880548
              ],
              [
                744783483858086,
                744783483907188
              ],
              [
                744783483857796,
                744783483898253
              ]
            ],
            "start_record_envelope_span_ns": 259931,
            "variant": 1
          },
          "reference": {
            "collective_only": {
              "local_ms": 0.08515200018882751,
              "rank_max_ms": 0.36476799845695496,
              "rank_ms": [
                0.08515200018882751,
                0.36476799845695496,
                0.04022400081157684,
                0.20735999941825867
              ]
            },
            "pair_attempt_id": 86,
            "pair_retry_ordinal": 0,
            "position": 0,
            "readiness_probe_exact": true,
            "ready_region": {
              "local_ms": 0.2210559993982315,
              "rank_max_ms": 0.3750079870223999,
              "rank_ms": [
                0.2210559993982315,
                0.3750079870223999,
                0.1772480010986328,
                0.21753600239753723
              ]
            },
            "sample_index": 74,
            "scheduled_start_arrival_ns_by_rank": [
              744783466431228,
              744783465677968,
              744783465787394,
              744783466215572
            ],
            "scheduled_start_target_ns_by_rank": [
              744783471431228,
              744783471431228,
              744783471431228,
              744783471431228
            ],
            "start_record_bracket_ns_by_rank": [
              [
                744783471691111,
                744783471736358
              ],
              [
                744783471431567,
                744783471454284
              ],
              [
                744783471733940,
                744783471780537
              ],
              [
                744783471571912,
                744783471612624
              ]
            ],
            "start_record_envelope_span_ns": 348970,
            "variant": 1
          }
        },
        "variant": 1
      },
      {
        "accepted": false,
        "attempt_id": 87,
        "logical_pair_index": 75,
        "order": [
          "candidate",
          "reference"
        ],
        "rejection_reasons": [
          {
            "limit_ns": 500000,
            "side": "reference",
            "start_record_envelope_span_ns": 988145
          }
        ],
        "retry_ordinal": 0,
        "samples": {
          "candidate": {
            "collective_only": {
              "local_ms": 0.038975998759269714,
              "rank_max_ms": 0.06419199705123901,
              "rank_ms": [
                0.038975998759269714,
                0.06419199705123901,
                0.047648001462221146,
                0.05177599936723709
              ]
            },
            "pair_attempt_id": 87,
            "pair_retry_ordinal": 0,
            "position": 0,
            "readiness_probe_exact": true,
            "ready_region": {
              "local_ms": 0.21910400688648224,
              "rank_max_ms": 0.21910400688648224,
              "rank_ms": [
                0.21910400688648224,
                0.14486399292945862,
                0.1552640050649643,
                0.1812479943037033
              ]
            },
            "sample_index": 75,
            "scheduled_start_arrival_ns_by_rank": [
              744783491697607,
              744783491545117,
              744783491306189,
              744783491544733
            ],
            "scheduled_start_target_ns_by_rank": [
              744783496697607,
              744783496697607,
              744783496697607,
              744783496697607
            ],
            "start_record_bracket_ns_by_rank": [
              [
                744783496698855,
                744783496745972
              ],
              [
                744783496698200,
                744783496721499
              ],
              [
                744783496698249,
                744783496739870
              ],
              [
                744783496698353,
                744783496735798
              ]
            ],
            "start_record_envelope_span_ns": 47772,
            "variant": 0
          },
          "reference": {
            "collective_only": {
              "local_ms": 0.5811200141906738,
              "rank_max_ms": 1.002784013748169,
              "rank_ms": [
                0.5811200141906738,
                1.002784013748169,
                0.8553280234336853,
                0.035360001027584076
              ]
            },
            "pair_attempt_id": 87,
            "pair_retry_ordinal": 0,
            "position": 1,
            "readiness_probe_exact": true,
            "ready_region": {
              "local_ms": 0.5911359786987305,
              "rank_max_ms": 1.0111680030822754,
              "rank_ms": [
                0.5911359786987305,
                1.0111680030822754,
                0.8655359745025635,
                0.25942400097846985
              ]
            },
            "sample_index": 75,
            "scheduled_start_arrival_ns_by_rank": [
              744783501826174,
              744783501579919,
              744783501029764,
              744783501353720
            ],
            "scheduled_start_target_ns_by_rank": [
              744783506826174,
              744783506826174,
              744783506826174,
              744783506826174
            ],
            "start_record_bracket_ns_by_rank": [
              [
                744783507277113,
                744783507319995
              ],
              [
                744783506876756,
                744783506898951
              ],
              [
                744783506976462,
                744783507050181
              ],
              [
                744783507826815,
                744783507864901
              ]
            ],
            "start_record_envelope_span_ns": 988145,
            "variant": 0
          }
        },
        "variant": 0
      },
      {
        "accepted": true,
        "attempt_id": 88,
        "logical_pair_index": 75,
        "order": [
          "candidate",
          "reference"
        ],
        "rejection_reasons": [],
        "retry_ordinal": 1,
        "samples": {
          "candidate": {
            "collective_only": {
              "local_ms": 0.04572800174355507,
              "rank_max_ms": 0.05939200147986412,
              "rank_ms": [
                0.04572800174355507,
                0.05939200147986412,
                0.0360959991812706,
                0.04585599899291992
              ]
            },
            "pair_attempt_id": 88,
            "pair_retry_ordinal": 1,
            "position": 0,
            "readiness_probe_exact": true,
            "ready_region": {
              "local_ms": 0.15849600732326508,
              "rank_max_ms": 0.1884160041809082,
              "rank_ms": [
                0.15849600732326508,
                0.150751993060112,
                0.1754239946603775,
                0.1884160041809082
              ]
            },
            "sample_index": 75,
            "scheduled_start_arrival_ns_by_rank": [
              744783513891252,
              744783513635756,
              744783514090214,
              744783513812188
            ],
            "scheduled_start_target_ns_by_rank": [
              744783519090214,
              744783519090214,
              744783519090214,
              744783519090214
            ],
            "start_record_bracket_ns_by_rank": [
              [
                744783519090897,
                744783519123580
              ],
              [
                744783519090689,
                744783519110489
              ],
              [
                744783519091347,
                744783519132945
              ],
              [
                744783519091293,
                744783519124339
              ]
            ],
            "start_record_envelope_span_ns": 42256,
            "variant": 1
          },
          "reference": {
            "collective_only": {
              "local_ms": 0.03561599925160408,
              "rank_max_ms": 0.3670400083065033,
              "rank_ms": [
                0.03561599925160408,
                0.09324800223112106,
                0.3670400083065033,
                0.35414400696754456
              ]
            },
            "pair_attempt_id": 88,
            "pair_retry_ordinal": 1,
            "position": 1,
            "readiness_probe_exact": true,
            "ready_region": {
              "local_ms": 0.19302399456501007,
              "rank_max_ms": 0.37724798917770386,
              "rank_ms": [
                0.19302399456501007,
                0.1319359987974167,
                0.37724798917770386,
                0.3633919954299927
              ]
            },
            "sample_index": 75,
            "scheduled_start_arrival_ns_by_rank": [
              744783526125111,
              744783525586408,
              744783525442919,
              744783525524283
            ],
            "scheduled_start_target_ns_by_rank": [
              744783531125111,
              744783531125111,
              744783531125111,
              744783531125111
            ],
            "start_record_bracket_ns_by_rank": [
              [
                744783533553596,
                744783533595199
              ],
              [
                744783533520224,
                744783533539529
              ],
              [
                744783533224236,
                744783533265721
              ],
              [
                744783533242355,
                744783533277774
              ]
            ],
            "start_record_envelope_span_ns": 370963,
            "variant": 1
          }
        },
        "variant": 1
      },
      {
        "accepted": false,
        "attempt_id": 89,
        "logical_pair_index": 76,
        "order": [
          "reference",
          "candidate"
        ],
        "rejection_reasons": [
          {
            "limit_ns": 500000,
            "side": "candidate",
            "start_record_envelope_span_ns": 848405
          }
        ],
        "retry_ordinal": 0,
        "samples": {
          "candidate": {
            "collective_only": {
              "local_ms": 0.8403519988059998,
              "rank_max_ms": 0.8403519988059998,
              "rank_ms": [
                0.8403519988059998,
                0.785152018070221,
                0.04444799944758415,
                0.25887998938560486
              ]
            },
            "pair_attempt_id": 89,
            "pair_retry_ordinal": 0,
            "position": 1,
            "readiness_probe_exact": true,
            "ready_region": {
              "local_ms": 0.8495360016822815,
              "rank_max_ms": 0.8495360016822815,
              "rank_ms": [
                0.8495360016822815,
                0.7954559922218323,
                0.24054400622844696,
                0.26892799139022827
              ]
            },
            "sample_index": 76,
            "scheduled_start_arrival_ns_by_rank": [
              744783550029157,
              744783549322107,
              744783549599428,
              744783549936544
            ],
            "scheduled_start_target_ns_by_rank": [
              744783555029157,
              744783555029157,
              744783555029157,
              744783555029157
            ],
            "start_record_bracket_ns_by_rank": [
              [
                744783555031087,
                744783555084612
              ],
              [
                744783555115067,
                744783555136964
              ],
              [
                744783555829539,
                744783555879492
              ],
              [
                744783555624494,
                744783555665501
              ]
            ],
            "start_record_envelope_span_ns": 848405,
            "variant": 0
          },
          "reference": {
            "collective_only": {
              "local_ms": 0.03728000074625015,
              "rank_max_ms": 0.05283199995756149,
              "rank_ms": [
                0.03728000074625015,
                0.05283199995756149,
                0.035232000052928925,
                0.03753599897027016
              ]
            },
            "pair_attempt_id": 89,
            "pair_retry_ordinal": 0,
            "position": 0,
            "readiness_probe_exact": true,
            "ready_region": {
              "local_ms": 0.14323200285434723,
              "rank_max_ms": 0.16726399958133698,
              "rank_ms": [
                0.14323200285434723,
                0.1343040019273758,
                0.1417279988527298,
                0.16726399958133698
              ]
            },
            "sample_index": 76,
            "scheduled_start_arrival_ns_by_rank": [
              744783539597785,
              744783538894086,
              744783538744258,
              744783539407160
            ],
            "scheduled_start_target_ns_by_rank": [
              744783544597785,
              744783544597785,
              744783544597785,
              744783544597785
            ],
            "start_record_bracket_ns_by_rank": [
              [
                744783544598776,
                744783544631766
              ],
              [
                744783544598203,
                744783544618076
              ],
              [
                744783544598446,
                744783544633591
              ],
              [
                744783544598464,
                744783544631925
              ]
            ],
            "start_record_envelope_span_ns": 35388,
            "variant": 0
          }
        },
        "variant": 0
      },
      {
        "accepted": false,
        "attempt_id": 90,
        "logical_pair_index": 76,
        "order": [
          "reference",
          "candidate"
        ],
        "rejection_reasons": [
          {
            "limit_ns": 500000,
            "side": "reference",
            "start_record_envelope_span_ns": 565432
          }
        ],
        "retry_ordinal": 1,
        "samples": {
          "candidate": {
            "collective_only": {
              "local_ms": 0.04992000013589859,
              "rank_max_ms": 0.06639999896287918,
              "rank_ms": [
                0.04992000013589859,
                0.06639999896287918,
                0.0459199994802475,
                0.05580800026655197
              ]
            },
            "pair_attempt_id": 90,
            "pair_retry_ordinal": 1,
            "position": 1,
            "readiness_probe_exact": true,
            "ready_region": {
              "local_ms": 0.1823039948940277,
              "rank_max_ms": 0.1823039948940277,
              "rank_ms": [
                0.1823039948940277,
                0.1449279934167862,
                0.1589439958333969,
                0.1727679967880249
              ]
            },
            "sample_index": 76,
            "scheduled_start_arrival_ns_by_rank": [
              744783573612168,
              744783573430872,
              744783573953650,
              744783573727052
            ],
            "scheduled_start_target_ns_by_rank": [
              744783578953650,
              744783578953650,
              744783578953650,
              744783578953650
            ],
            "start_record_bracket_ns_by_rank": [
              [
                744783578954804,
                744783578990631
              ],
              [
                744783578954148,
                744783578975547
              ],
              [
                744783578954311,
                744783578993880
              ],
              [
                744783578954628,
                744783578986037
              ]
            ],
            "start_record_envelope_span_ns": 39732,
            "variant": 1
          },
          "reference": {
            "collective_only": {
              "local_ms": 0.03363199904561043,
              "rank_max_ms": 0.5817599892616272,
              "rank_ms": [
                0.03363199904561043,
                0.5817599892616272,
                0.2982720136642456,
                0.14812800288200378
              ]
            },
            "pair_attempt_id": 90,
            "pair_retry_ordinal": 1,
            "position": 0,
            "readiness_probe_exact": true,
            "ready_region": {
              "local_ms": 0.17049600183963776,
              "rank_max_ms": 0.5920000076293945,
              "rank_ms": [
                0.17049600183963776,
                0.5920000076293945,
                0.30851200222969055,
                0.16607999801635742
              ]
            },
            "sample_index": 76,
            "scheduled_start_arrival_ns_by_rank": [
              744783561640294,
              744783561507886,
              744783561887510,
              744783561740033
            ],
            "scheduled_start_target_ns_by_rank": [
              744783566887510,
              744783566887510,
              744783566887510,
              744783566887510
            ],
            "start_record_bracket_ns_by_rank": [
              [
                744783567414091,
                744783567453319
              ],
              [
                744783566887887,
                744783566907329
              ],
              [
                744783567149357,
                744783567191647
              ],
              [
                744783567307415,
                744783567341497
              ]
            ],
            "start_record_envelope_span_ns": 565432,
            "variant": 1
          }
        },
        "variant": 1
      },
      {
        "accepted": true,
        "attempt_id": 91,
        "logical_pair_index": 76,
        "order": [
          "reference",
          "candidate"
        ],
        "rejection_reasons": [],
        "retry_ordinal": 2,
        "samples": {
          "candidate": {
            "collective_only": {
              "local_ms": 0.044576000422239304,
              "rank_max_ms": 0.06454399973154068,
              "rank_ms": [
                0.044576000422239304,
                0.06454399973154068,
                0.03961599990725517,
                0.047807998955249786
              ]
            },
            "pair_attempt_id": 91,
            "pair_retry_ordinal": 2,
            "position": 1,
            "readiness_probe_exact": true,
            "ready_region": {
              "local_ms": 0.2134079933166504,
              "rank_max_ms": 0.2134079933166504,
              "rank_ms": [
                0.2134079933166504,
                0.15036800503730774,
                0.19568000733852386,
                0.20377600193023682
              ]
            },
            "sample_index": 76,
            "scheduled_start_arrival_ns_by_rank": [
              744783596786664,
              744783596374102,
              744783596445655,
              744783596815452
            ],
            "scheduled_start_target_ns_by_rank": [
              744783601815452,
              744783601815452,
              744783601815452,
              744783601815452
            ],
            "start_record_bracket_ns_by_rank": [
              [
                744783601816638,
                744783601858046
              ],
              [
                744783601816050,
                744783601837871
              ],
              [
                744783601817204,
                744783601862790
              ],
              [
                744783601816580,
                744783601854479
              ]
            ],
            "start_record_envelope_span_ns": 46740,
            "variant": 0
          },
          "reference": {
            "collective_only": {
              "local_ms": 0.04217600077390671,
              "rank_max_ms": 0.06111999973654747,
              "rank_ms": [
                0.04217600077390671,
                0.06111999973654747,
                0.039264000952243805,
                0.045184001326560974
              ]
            },
            "pair_attempt_id": 91,
            "pair_retry_ordinal": 2,
            "position": 0,
            "readiness_probe_exact": true,
            "ready_region": {
              "local_ms": 0.1895039975643158,
              "rank_max_ms": 0.1895039975643158,
              "rank_ms": [
                0.1895039975643158,
                0.14815999567508698,
                0.169855996966362,
                0.18265600502490997
              ]
            },
            "sample_index": 76,
            "scheduled_start_arrival_ns_by_rank": [
              744783585412069,
              744783584834687,
              744783585514339,
              744783585131592
            ],
            "scheduled_start_target_ns_by_rank": [
              744783590514339,
              744783590514339,
              744783590514339,
              744783590514339
            ],
            "start_record_bracket_ns_by_rank": [
              [
                744783590515474,
                744783590556228
              ],
              [
                744783590514855,
                744783590537325
              ],
              [
                744783590515458,
                744783590559375
              ],
              [
                744783590515255,
                744783590552970
              ]
            ],
            "start_record_envelope_span_ns": 44520,
            "variant": 0
          }
        },
        "variant": 0
      },
      {
        "accepted": false,
        "attempt_id": 92,
        "logical_pair_index": 77,
        "order": [
          "candidate",
          "reference"
        ],
        "rejection_reasons": [
          {
            "limit_ns": 500000,
            "side": "reference",
            "start_record_envelope_span_ns": 507095
          }
        ],
        "retry_ordinal": 0,
        "samples": {
          "candidate": {
            "collective_only": {
              "local_ms": 0.05299200117588043,
              "rank_max_ms": 0.0732479989528656,
              "rank_ms": [
                0.05299200117588043,
                0.0732479989528656,
                0.04451199993491173,
                0.05728000029921532
              ]
            },
            "pair_attempt_id": 92,
            "pair_retry_ordinal": 0,
            "position": 0,
            "readiness_probe_exact": true,
            "ready_region": {
              "local_ms": 0.19923199713230133,
              "rank_max_ms": 0.19923199713230133,
              "rank_ms": [
                0.19923199713230133,
                0.16432000696659088,
                0.19804799556732178,
                0.18547199666500092
              ]
            },
            "sample_index": 77,
            "scheduled_start_arrival_ns_by_rank": [
              744783608544627,
              744783608389208,
              744783608162353,
              744783608325350
            ],
            "scheduled_start_target_ns_by_rank": [
              744783613544627,
              744783613544627,
              744783613544627,
              744783613544627
            ],
            "start_record_bracket_ns_by_rank": [
              [
                744783613545818,
                744783613587915
              ],
              [
                744783613545245,
                744783613570458
              ],
              [
                744783613545835,
                744783613598273
              ],
              [
                744783613545508,
                744783613584085
              ]
            ],
            "start_record_envelope_span_ns": 53028,
            "variant": 1
          },
          "reference": {
            "collective_only": {
              "local_ms": 0.3198400139808655,
              "rank_max_ms": 0.5231040120124817,
              "rank_ms": [
                0.3198400139808655,
                0.5231040120124817,
                0.29734399914741516,
                0.03836800158023834
              ]
            },
            "pair_attempt_id": 92,
            "pair_retry_ordinal": 0,
            "position": 1,
            "readiness_probe_exact": true,
            "ready_region": {
              "local_ms": 0.32902398705482483,
              "rank_max_ms": 0.5333439707756042,
              "rank_ms": [
                0.32902398705482483,
                0.5333439707756042,
                0.30745598673820496,
                0.194240003824234
              ]
            },
            "sample_index": 77,
            "scheduled_start_arrival_ns_by_rank": [
              744783620337353,
              744783620290865,
              744783620312230,
              744783620116429
            ],
            "scheduled_start_target_ns_by_rank": [
              744783625337353,
              744783625337353,
              744783625337353,
              744783625337353
            ],
            "start_record_bracket_ns_by_rank": [
              [
                744783626131561,
                744783626165137
              ],
              [
                744783625939941,
                744783625963753
              ],
              [
                744783626136761,
                744783626191407
              ],
              [
                744783626398386,
                744783626447036
              ]
            ],
            "start_record_envelope_span_ns": 507095,
            "variant": 1
          }
        },
        "variant": 1
      },
      {
        "accepted": true,
        "attempt_id": 93,
        "logical_pair_index": 77,
        "order": [
          "candidate",
          "reference"
        ],
        "rejection_reasons": [],
        "retry_ordinal": 1,
        "samples": {
          "candidate": {
            "collective_only": {
              "local_ms": 0.03977600112557411,
              "rank_max_ms": 0.1380160003900528,
              "rank_ms": [
                0.03977600112557411,
                0.1380160003900528,
                0.12086399644613266,
                0.13574400544166565
              ]
            },
            "pair_attempt_id": 93,
            "pair_retry_ordinal": 1,
            "position": 0,
            "readiness_probe_exact": true,
            "ready_region": {
              "local_ms": 0.24537600576877594,
              "rank_max_ms": 0.2704960107803345,
              "rank_ms": [
                0.24537600576877594,
                0.16569599509239197,
                0.2704960107803345,
                0.22518399357795715
              ]
            },
            "sample_index": 77,
            "scheduled_start_arrival_ns_by_rank": [
              744783632904101,
              744783632340942,
              744783632779644,
              744783632517220
            ],
            "scheduled_start_target_ns_by_rank": [
              744783637904101,
              744783637904101,
              744783637904101,
              744783637904101
            ],
            "start_record_bracket_ns_by_rank": [
              [
                744783637968505,
                744783638040139
              ],
              [
                744783637921574,
                744783637943726
              ],
              [
                744783637905165,
                744783637965192
              ],
              [
                744783637904896,
                744783637945832
              ]
            ],
            "start_record_envelope_span_ns": 135243,
            "variant": 0
          },
          "reference": {
            "collective_only": {
              "local_ms": 0.04032000154256821,
              "rank_max_ms": 0.0655359998345375,
              "rank_ms": [
                0.04032000154256821,
                0.0655359998345375,
                0.045152001082897186,
                0.04886399954557419
              ]
            },
            "pair_attempt_id": 93,
            "pair_retry_ordinal": 1,
            "position": 1,
            "readiness_probe_exact": true,
            "ready_region": {
              "local_ms": 0.2417919933795929,
              "rank_max_ms": 0.2417919933795929,
              "rank_ms": [
                0.2417919933795929,
                0.1703999936580658,
                0.19324800372123718,
                0.21247999370098114
              ]
            },
            "sample_index": 77,
            "scheduled_start_arrival_ns_by_rank": [
              744783643885982,
              744783643220104,
              744783643612709,
              744783643662998
            ],
            "scheduled_start_target_ns_by_rank": [
              744783648885982,
              744783648885982,
              744783648885982,
              744783648885982
            ],
            "start_record_bracket_ns_by_rank": [
              [
                744783648886769,
                744783648930614
              ],
              [
                744783648886385,
                744783648907294
              ],
              [
                744783648886822,
                744783648928688
              ],
              [
                744783648886729,
                744783648924047
              ]
            ],
            "start_record_envelope_span_ns": 44229,
            "variant": 0
          }
        },
        "variant": 0
      },
      {
        "accepted": true,
        "attempt_id": 94,
        "logical_pair_index": 78,
        "order": [
          "reference",
          "candidate"
        ],
        "rejection_reasons": [],
        "retry_ordinal": 0,
        "samples": {
          "candidate": {
            "collective_only": {
              "local_ms": 0.053888000547885895,
              "rank_max_ms": 0.07327999919652939,
              "rank_ms": [
                0.053888000547885895,
                0.07327999919652939,
                0.04464000090956688,
                0.05398400127887726
              ]
            },
            "pair_attempt_id": 94,
            "pair_retry_ordinal": 0,
            "position": 1,
            "readiness_probe_exact": true,
            "ready_region": {
              "local_ms": 0.185248002409935,
              "rank_max_ms": 0.2022400051355362,
              "rank_ms": [
                0.185248002409935,
                0.15539200603961945,
                0.19750399887561798,
                0.2022400051355362
              ]
            },
            "sample_index": 78,
            "scheduled_start_arrival_ns_by_rank": [
              744783666538882,
              744783666236626,
              744783666307013,
              744783666153041
            ],
            "scheduled_start_target_ns_by_rank": [
              744783671538882,
              744783671538882,
              744783671538882,
              744783671538882
            ],
            "start_record_bracket_ns_by_rank": [
              [
                744783671539894,
                744783671580370
              ],
              [
                744783671539506,
                744783671562777
              ],
              [
                744783671540481,
                744783671592558
              ],
              [
                744783671539979,
                744783671582006
              ]
            ],
            "start_record_envelope_span_ns": 53052,
            "variant": 1
          },
          "reference": {
            "collective_only": {
              "local_ms": 0.04255999997258186,
              "rank_max_ms": 0.05961599946022034,
              "rank_ms": [
                0.04255999997258186,
                0.05961599946022034,
                0.03859199956059456,
                0.045343998819589615
              ]
            },
            "pair_attempt_id": 94,
            "pair_retry_ordinal": 0,
            "position": 0,
            "readiness_probe_exact": true,
            "ready_region": {
              "local_ms": 0.21952000260353088,
              "rank_max_ms": 0.21952000260353088,
              "rank_ms": [
                0.21952000260353088,
                0.14195199310779572,
                0.1568319946527481,
                0.17283199727535248
              ]
            },
            "sample_index": 78,
            "scheduled_start_arrival_ns_by_rank": [
              744783654733829,
              744783654146779,
              744783654285323,
              744783654458652
            ],
            "scheduled_start_target_ns_by_rank": [
              744783659733829,
              744783659733829,
              744783659733829,
              744783659733829
            ],
            "start_record_bracket_ns_by_rank": [
              [
                744783659734942,
                744783659773881
              ],
              [
                744783659734310,
                744783659756950
              ],
              [
                744783659734650,
                744783659776793
              ],
              [
                744783659734813,
                744783659770459
              ]
            ],
            "start_record_envelope_span_ns": 42483,
            "variant": 1
          }
        },
        "variant": 1
      },
      {
        "accepted": true,
        "attempt_id": 95,
        "logical_pair_index": 79,
        "order": [
          "candidate",
          "reference"
        ],
        "rejection_reasons": [],
        "retry_ordinal": 0,
        "samples": {
          "candidate": {
            "collective_only": {
              "local_ms": 0.03993599861860275,
              "rank_max_ms": 0.05241600051522255,
              "rank_ms": [
                0.03993599861860275,
                0.05241600051522255,
                0.03372799977660179,
                0.041600000113248825
              ]
            },
            "pair_attempt_id": 95,
            "pair_retry_ordinal": 0,
            "position": 0,
            "readiness_probe_exact": true,
            "ready_region": {
              "local_ms": 0.1488640010356903,
              "rank_max_ms": 0.1528960019350052,
              "rank_ms": [
                0.1488640010356903,
                0.12787200510501862,
                0.1528960019350052,
                0.15199999511241913
              ]
            },
            "sample_index": 79,
            "scheduled_start_arrival_ns_by_rank": [
              744783678404695,
              744783678092806,
              744783678672323,
              744783678607919
            ],
            "scheduled_start_target_ns_by_rank": [
              744783683672323,
              744783683672323,
              744783683672323,
              744783683672323
            ],
            "start_record_bracket_ns_by_rank": [
              [
                744783683673057,
                744783683704927
              ],
              [
                744783683672830,
                744783683691546
              ],
              [
                744783683673316,
                744783683710022
              ],
              [
                744783683673101,
                744783683704192
              ]
            ],
            "start_record_envelope_span_ns": 37192,
            "variant": 0
          },
          "reference": {
            "collective_only": {
              "local_ms": 0.05209600180387497,
              "rank_max_ms": 0.07635200023651123,
              "rank_ms": [
                0.05209600180387497,
                0.07635200023651123,
                0.043776001781225204,
                0.0605119988322258
              ]
            },
            "pair_attempt_id": 95,
            "pair_retry_ordinal": 0,
            "position": 1,
            "readiness_probe_exact": true,
            "ready_region": {
              "local_ms": 0.2072640061378479,
              "rank_max_ms": 0.2072640061378479,
              "rank_ms": [
                0.2072640061378479,
                0.1586879938840866,
                0.20044800639152527,
                0.19324800372123718
              ]
            },
            "sample_index": 79,
            "scheduled_start_arrival_ns_by_rank": [
              744783689419436,
              744783689259760,
              744783689481547,
              744783689528930
            ],
            "scheduled_start_target_ns_by_rank": [
              744783694528930,
              744783694528930,
              744783694528930,
              744783694528930
            ],
            "start_record_bracket_ns_by_rank": [
              [
                744783694530317,
                744783694575888
              ],
              [
                744783694529410,
                744783694551434
              ],
              [
                744783694530998,
                744783694584001
              ],
              [
                744783694529714,
                744783694567839
              ]
            ],
            "start_record_envelope_span_ns": 54591,
            "variant": 0
          }
        },
        "variant": 0
      },
      {
        "accepted": true,
        "attempt_id": 96,
        "logical_pair_index": 80,
        "order": [
          "reference",
          "candidate"
        ],
        "rejection_reasons": [],
        "retry_ordinal": 0,
        "samples": {
          "candidate": {
            "collective_only": {
              "local_ms": 0.044576000422239304,
              "rank_max_ms": 0.06284800171852112,
              "rank_ms": [
                0.044576000422239304,
                0.06284800171852112,
                0.03868800029158592,
                0.04771199822425842
              ]
            },
            "pair_attempt_id": 96,
            "pair_retry_ordinal": 0,
            "position": 1,
            "readiness_probe_exact": true,
            "ready_region": {
              "local_ms": 0.17472000420093536,
              "rank_max_ms": 0.17472000420093536,
              "rank_ms": [
                0.17472000420093536,
                0.13849599659442902,
                0.1674560010433197,
                0.1706559956073761
              ]
            },
            "sample_index": 80,
            "scheduled_start_arrival_ns_by_rank": [
              744783711492921,
              744783710872563,
              744783711297175,
              744783711452404
            ],
            "scheduled_start_target_ns_by_rank": [
              744783716492921,
              744783716492921,
              744783716492921,
              744783716492921
            ],
            "start_record_bracket_ns_by_rank": [
              [
                744783716494018,
                744783716531758
              ],
              [
                744783716493445,
                744783716513762
              ],
              [
                744783716494321,
                744783716538575
              ],
              [
                744783716493746,
                744783716529255
              ]
            ],
            "start_record_envelope_span_ns": 45130,
            "variant": 1
          },
          "reference": {
            "collective_only": {
              "local_ms": 0.06534399837255478,
              "rank_max_ms": 0.08883199840784073,
              "rank_ms": [
                0.06534399837255478,
                0.08883199840784073,
                0.055456001311540604,
                0.07142399996519089
              ]
            },
            "pair_attempt_id": 96,
            "pair_retry_ordinal": 0,
            "position": 0,
            "readiness_probe_exact": true,
            "ready_region": {
              "local_ms": 0.22473600506782532,
              "rank_max_ms": 0.22473600506782532,
              "rank_ms": [
                0.22473600506782532,
                0.1700800061225891,
                0.21423999965190887,
                0.20876799523830414
              ]
            },
            "sample_index": 80,
            "scheduled_start_arrival_ns_by_rank": [
              744783700085654,
              744783699749257,
              744783700127272,
              744783699974862
            ],
            "scheduled_start_target_ns_by_rank": [
              744783705127272,
              744783705127272,
              744783705127272,
              744783705127272
            ],
            "start_record_bracket_ns_by_rank": [
              [
                744783705128201,
                744783705172305
              ],
              [
                744783705127709,
                744783705149918
              ],
              [
                744783705128573,
                744783705182377
              ],
              [
                744783705128185,
                744783705166334
              ]
            ],
            "start_record_envelope_span_ns": 54668,
            "variant": 1
          }
        },
        "variant": 1
      },
      {
        "accepted": false,
        "attempt_id": 97,
        "logical_pair_index": 81,
        "order": [
          "candidate",
          "reference"
        ],
        "rejection_reasons": [
          {
            "limit_ns": 500000,
            "side": "candidate",
            "start_record_envelope_span_ns": 1727541
          }
        ],
        "retry_ordinal": 0,
        "samples": {
          "candidate": {
            "collective_only": {
              "local_ms": 0.03471999987959862,
              "rank_max_ms": 1.7425600290298462,
              "rank_ms": [
                0.03471999987959862,
                1.7425600290298462,
                1.7230720520019531,
                1.7292799949645996
              ]
            },
            "pair_attempt_id": 97,
            "pair_retry_ordinal": 0,
            "position": 0,
            "readiness_probe_exact": true,
            "ready_region": {
              "local_ms": 0.16816000640392303,
              "rank_max_ms": 1.7526719570159912,
              "rank_ms": [
                0.16816000640392303,
                1.7526719570159912,
                1.733247995376587,
                1.7390719652175903
              ]
            },
            "sample_index": 81,
            "scheduled_start_arrival_ns_by_rank": [
              744783723889384,
              744783723624570,
              744783723548173,
              744783723602109
            ],
            "scheduled_start_target_ns_by_rank": [
              744783728889384,
              744783728889384,
              744783728889384,
              744783728889384
            ],
            "start_record_bracket_ns_by_rank": [
              [
                744783730578666,
                744783730617430
              ],
              [
                744783728889889,
                744783728911104
              ],
              [
                744783728890435,
                744783728931520
              ],
              [
                744783728890153,
                744783728923597
              ]
            ],
            "start_record_envelope_span_ns": 1727541,
            "variant": 0
          },
          "reference": {
            "collective_only": {
              "local_ms": 0.03782400116324425,
              "rank_max_ms": 0.06326399743556976,
              "rank_ms": [
                0.03782400116324425,
                0.06326399743556976,
                0.042847998440265656,
                0.04198399931192398
              ]
            },
            "pair_attempt_id": 97,
            "pair_retry_ordinal": 0,
            "position": 1,
            "readiness_probe_exact": true,
            "ready_region": {
              "local_ms": 0.22368000447750092,
              "rank_max_ms": 0.22368000447750092,
              "rank_ms": [
                0.22368000447750092,
                0.169855996966362,
                0.17660799622535706,
                0.20812800526618958
              ]
            },
            "sample_index": 81,
            "scheduled_start_arrival_ns_by_rank": [
              744783736868921,
              744783736480559,
              744783736314002,
              744783736110540
            ],
            "scheduled_start_target_ns_by_rank": [
              744783741868921,
              744783741868921,
              744783741868921,
              744783741868921
            ],
            "start_record_bracket_ns_by_rank": [
              [
                744783741870036,
                744783741915024
              ],
              [
                744783741869474,
                744783741892331
              ],
              [
                744783741869702,
                744783741912955
              ],
              [
                744783741869824,
                744783741908883
              ]
            ],
            "start_record_envelope_span_ns": 45550,
            "variant": 0
          }
        },
        "variant": 0
      },
      {
        "accepted": false,
        "attempt_id": 98,
        "logical_pair_index": 81,
        "order": [
          "candidate",
          "reference"
        ],
        "rejection_reasons": [
          {
            "limit_ns": 500000,
            "side": "reference",
            "start_record_envelope_span_ns": 566253
          }
        ],
        "retry_ordinal": 1,
        "samples": {
          "candidate": {
            "collective_only": {
              "local_ms": 0.08352000266313553,
              "rank_max_ms": 0.27616000175476074,
              "rank_ms": [
                0.08352000266313553,
                0.27616000175476074,
                0.037728000432252884,
                0.07817599922418594
              ]
            },
            "pair_attempt_id": 98,
            "pair_retry_ordinal": 1,
            "position": 0,
            "readiness_probe_exact": true,
            "ready_region": {
              "local_ms": 0.1701119989156723,
              "rank_max_ms": 0.28627198934555054,
              "rank_ms": [
                0.1701119989156723,
                0.28627198934555054,
                0.16512000560760498,
                0.16633599996566772
              ]
            },
            "sample_index": 81,
            "scheduled_start_arrival_ns_by_rank": [
              744783749094634,
              744783748580085,
              744783748604739,
              744783748614514
            ],
            "scheduled_start_target_ns_by_rank": [
              744783754094634,
              744783754094634,
              744783754094634,
              744783754094634
            ],
            "start_record_bracket_ns_by_rank": [
              [
                744783754269207,
                744783754307225
              ],
              [
                744783754095208,
                744783754115758
              ],
              [
                744783754313485,
                744783754354799
              ],
              [
                744783754279001,
                744783754313682
              ]
            ],
            "start_record_envelope_span_ns": 259591,
            "variant": 1
          },
          "reference": {
            "collective_only": {
              "local_ms": 0.04179200157523155,
              "rank_max_ms": 0.5879359841346741,
              "rank_ms": [
                0.04179200157523155,
                0.5879359841346741,
                0.22623999416828156,
                0.048576001077890396
              ]
            },
            "pair_attempt_id": 98,
            "pair_retry_ordinal": 1,
            "position": 1,
            "readiness_probe_exact": true,
            "ready_region": {
              "local_ms": 0.21007999777793884,
              "rank_max_ms": 0.5978559851646423,
              "rank_ms": [
                0.21007999777793884,
                0.5978559851646423,
                0.23628799617290497,
                0.1708800047636032
              ]
            },
            "sample_index": 81,
            "scheduled_start_arrival_ns_by_rank": [
              744783760267616,
              744783760146271,
              744783760326378,
              744783760703492
            ],
            "scheduled_start_target_ns_by_rank": [
              744783765703492,
              744783765703492,
              744783765703492,
              744783765703492
            ],
            "start_record_bracket_ns_by_rank": [
              [
                744783769186002,
                744783769252486
              ],
              [
                744783768686233,
                744783768707017
              ],
              [
                744783769025628,
                744783769068086
              ],
              [
                744783769189925,
                744783769244800
              ]
            ],
            "start_record_envelope_span_ns": 566253,
            "variant": 1
          }
        },
        "variant": 1
      },
      {
        "accepted": true,
        "attempt_id": 99,
        "logical_pair_index": 81,
        "order": [
          "candidate",
          "reference"
        ],
        "rejection_reasons": [],
        "retry_ordinal": 2,
        "samples": {
          "candidate": {
            "collective_only": {
              "local_ms": 0.059647999703884125,
              "rank_max_ms": 0.09657599776983261,
              "rank_ms": [
                0.059647999703884125,
                0.09657599776983261,
                0.0761599987745285,
                0.0740479975938797
              ]
            },
            "pair_attempt_id": 99,
            "pair_retry_ordinal": 2,
            "position": 0,
            "readiness_probe_exact": true,
            "ready_region": {
              "local_ms": 0.34297600388526917,
              "rank_max_ms": 0.34297600388526917,
              "rank_ms": [
                0.34297600388526917,
                0.16278399527072906,
                0.1695999950170517,
                0.1953279972076416
              ]
            },
            "sample_index": 81,
            "scheduled_start_arrival_ns_by_rank": [
              744783775653358,
              744783774123570,
              744783775158621,
              744783775693384
            ],
            "scheduled_start_target_ns_by_rank": [
              744783780693384,
              744783780693384,
              744783780693384,
              744783780693384
            ],
            "start_record_bracket_ns_by_rank": [
              [
                744783780697641,
                744783780757499
              ],
              [
                744783780694007,
                744783780719722
              ],
              [
                744783780694275,
                744783780738575
              ],
              [
                744783780694442,
                744783780736076
              ]
            ],
            "start_record_envelope_span_ns": 63492,
            "variant": 0
          },
          "reference": {
            "collective_only": {
              "local_ms": 0.03440000116825104,
              "rank_max_ms": 0.05587200075387955,
              "rank_ms": [
                0.03440000116825104,
                0.05587200075387955,
                0.038656000047922134,
                0.03872000053524971
              ]
            },
            "pair_attempt_id": 99,
            "pair_retry_ordinal": 2,
            "position": 1,
            "readiness_probe_exact": true,
            "ready_region": {
              "local_ms": 0.20054399967193604,
              "rank_max_ms": 0.20054399967193604,
              "rank_ms": [
                0.20054399967193604,
                0.16025599837303162,
                0.18409599363803864,
                0.18960000574588776
              ]
            },
            "sample_index": 81,
            "scheduled_start_arrival_ns_by_rank": [
              744783786546211,
              744783786402199,
              744783786880558,
              744783786924537
            ],
            "scheduled_start_target_ns_by_rank": [
              744783791924537,
              744783791924537,
              744783791924537,
              744783791924537
            ],
            "start_record_bracket_ns_by_rank": [
              [
                744783791925870,
                744783791964625
              ],
              [
                744783791925050,
                744783791946718
              ],
              [
                744783791925805,
                744783791965136
              ],
              [
                744783791925605,
                744783791960235
              ]
            ],
            "start_record_envelope_span_ns": 40086,
            "variant": 0
          }
        },
        "variant": 0
      },
      {
        "accepted": true,
        "attempt_id": 100,
        "logical_pair_index": 82,
        "order": [
          "reference",
          "candidate"
        ],
        "rejection_reasons": [],
        "retry_ordinal": 0,
        "samples": {
          "candidate": {
            "collective_only": {
              "local_ms": 0.03836800158023834,
              "rank_max_ms": 0.06035200133919716,
              "rank_ms": [
                0.03836800158023834,
                0.06035200133919716,
                0.041919998824596405,
                0.041600000113248825
              ]
            },
            "pair_attempt_id": 100,
            "pair_retry_ordinal": 0,
            "position": 1,
            "readiness_probe_exact": true,
            "ready_region": {
              "local_ms": 0.19116799533367157,
              "rank_max_ms": 0.19116799533367157,
              "rank_ms": [
                0.19116799533367157,
                0.14166399836540222,
                0.16147199273109436,
                0.18403199315071106
              ]
            },
            "sample_index": 82,
            "scheduled_start_arrival_ns_by_rank": [
              744783808509308,
              744783807707322,
              744783808364900,
              744783808331907
            ],
            "scheduled_start_target_ns_by_rank": [
              744783813509308,
              744783813509308,
              744783813509308,
              744783813509308
            ],
            "start_record_bracket_ns_by_rank": [
              [
                744783813510533,
                744783813552314
              ],
              [
                744783813509769,
                744783813530298
              ],
              [
                744783813510312,
                744783813550695
              ],
              [
                744783813510369,
                744783813549041
              ]
            ],
            "start_record_envelope_span_ns": 42545,
            "variant": 1
          },
          "reference": {
            "collective_only": {
              "local_ms": 0.04560000076889992,
              "rank_max_ms": 0.05615999922156334,
              "rank_ms": [
                0.04560000076889992,
                0.05615999922156334,
                0.03564799949526787,
                0.04307200014591217
              ]
            },
            "pair_attempt_id": 100,
            "pair_retry_ordinal": 0,
            "position": 0,
            "readiness_probe_exact": true,
            "ready_region": {
              "local_ms": 0.1404159963130951,
              "rank_max_ms": 0.17123199999332428,
              "rank_ms": [
                0.1404159963130951,
                0.12329600006341934,
                0.17123199999332428,
                0.14390400052070618
              ]
            },
            "sample_index": 82,
            "scheduled_start_arrival_ns_by_rank": [
              744783797672000,
              744783797178744,
              744783797660261,
              744783797812524
            ],
            "scheduled_start_target_ns_by_rank": [
              744783802812524,
              744783802812524,
              744783802812524,
              744783802812524
            ],
            "start_record_bracket_ns_by_rank": [
              [
                744783802813274,
                744783802843173
              ],
              [
                744783802813127,
                744783802831061
              ],
              [
                744783802813736,
                744783802852440
              ],
              [
                744783802813446,
                744783802842365
              ]
            ],
            "start_record_envelope_span_ns": 39313,
            "variant": 1
          }
        },
        "variant": 1
      },
      {
        "accepted": false,
        "attempt_id": 101,
        "logical_pair_index": 83,
        "order": [
          "candidate",
          "reference"
        ],
        "rejection_reasons": [
          {
            "limit_ns": 500000,
            "side": "candidate",
            "start_record_envelope_span_ns": 634563
          }
        ],
        "retry_ordinal": 0,
        "samples": {
          "candidate": {
            "collective_only": {
              "local_ms": 0.24563199281692505,
              "rank_max_ms": 0.6549760103225708,
              "rank_ms": [
                0.24563199281692505,
                0.6549760103225708,
                0.041280001401901245,
                0.5335040092468262
              ]
            },
            "pair_attempt_id": 101,
            "pair_retry_ordinal": 0,
            "position": 0,
            "readiness_probe_exact": true,
            "ready_region": {
              "local_ms": 0.2547839879989624,
              "rank_max_ms": 0.6649919748306274,
              "rank_ms": [
                0.2547839879989624,
                0.6649919748306274,
                0.22492800652980804,
                0.5432959794998169
              ]
            },
            "sample_index": 83,
            "scheduled_start_arrival_ns_by_rank": [
              744783819601304,
              744783819410321,
              744783820269055,
              744783820434473
            ],
            "scheduled_start_target_ns_by_rank": [
              744783825434473,
              744783825434473,
              744783825434473,
              744783825434473
            ],
            "start_record_bracket_ns_by_rank": [
              [
                744783825884485,
                744783825930134
              ],
              [
                744783825499346,
                744783825521741
              ],
              [
                744783826078228,
                744783826133909
              ],
              [
                744783825599574,
                744783825640932
              ]
            ],
            "start_record_envelope_span_ns": 634563,
            "variant": 0
          },
          "reference": {
            "collective_only": {
              "local_ms": 0.17155200242996216,
              "rank_max_ms": 0.190528005361557,
              "rank_ms": [
                0.17155200242996216,
                0.190528005361557,
                0.037408001720905304,
                0.17657600343227386
              ]
            },
            "pair_attempt_id": 101,
            "pair_retry_ordinal": 0,
            "position": 1,
            "readiness_probe_exact": true,
            "ready_region": {
              "local_ms": 0.19539199769496918,
              "rank_max_ms": 0.20044800639152527,
              "rank_ms": [
                0.19539199769496918,
                0.20044800639152527,
                0.16288000345230103,
                0.18902400135993958
              ]
            },
            "sample_index": 83,
            "scheduled_start_arrival_ns_by_rank": [
              744783832119524,
              744783832469412,
              744783833123726,
              744783832506537
            ],
            "scheduled_start_target_ns_by_rank": [
              744783838123726,
              744783838123726,
              744783838123726,
              744783838123726
            ],
            "start_record_bracket_ns_by_rank": [
              [
                744783838125231,
                744783838164512
              ],
              [
                744783838124372,
                744783838146236
              ],
              [
                744783838257649,
                744783838299326
              ],
              [
                744783838124448,
                744783838160326
              ]
            ],
            "start_record_envelope_span_ns": 174954,
            "variant": 0
          }
        },
        "variant": 0
      },
      {
        "accepted": true,
        "attempt_id": 102,
        "logical_pair_index": 83,
        "order": [
          "candidate",
          "reference"
        ],
        "rejection_reasons": [],
        "retry_ordinal": 1,
        "samples": {
          "candidate": {
            "collective_only": {
              "local_ms": 0.046911999583244324,
              "rank_max_ms": 0.07552000135183334,
              "rank_ms": [
                0.046911999583244324,
                0.07552000135183334,
                0.046751998364925385,
                0.05894400179386139
              ]
            },
            "pair_attempt_id": 102,
            "pair_retry_ordinal": 1,
            "position": 0,
            "readiness_probe_exact": true,
            "ready_region": {
              "local_ms": 0.2476159930229187,
              "rank_max_ms": 0.2476159930229187,
              "rank_ms": [
                0.2476159930229187,
                0.1592639982700348,
                0.1971520036458969,
                0.195360004901886
              ]
            },
            "sample_index": 83,
            "scheduled_start_arrival_ns_by_rank": [
              744783843695368,
              744783843102465,
              744783843684641,
              744783843129752
            ],
            "scheduled_start_target_ns_by_rank": [
              744783848695368,
              744783848695368,
              744783848695368,
              744783848695368
            ],
            "start_record_bracket_ns_by_rank": [
              [
                744783848696468,
                744783848746658
              ],
              [
                744783848695922,
                744783848719166
              ],
              [
                744783848696821,
                744783848750212
              ],
              [
                744783848696122,
                744783848736231
              ]
            ],
            "start_record_envelope_span_ns": 54290,
            "variant": 1
          },
          "reference": {
            "collective_only": {
              "local_ms": 0.03951999917626381,
              "rank_max_ms": 0.06313599646091461,
              "rank_ms": [
                0.03951999917626381,
                0.06313599646091461,
                0.038336001336574554,
                0.049375999718904495
              ]
            },
            "pair_attempt_id": 102,
            "pair_retry_ordinal": 1,
            "position": 1,
            "readiness_probe_exact": true,
            "ready_region": {
              "local_ms": 0.19337600469589233,
              "rank_max_ms": 0.19337600469589233,
              "rank_ms": [
                0.19337600469589233,
                0.15436799824237823,
                0.15955199301242828,
                0.17958399653434753
              ]
            },
            "sample_index": 83,
            "scheduled_start_arrival_ns_by_rank": [
              744783854069227,
              744783853798342,
              744783854145545,
              744783854175866
            ],
            "scheduled_start_target_ns_by_rank": [
              744783859175866,
              744783859175866,
              744783859175866,
              744783859175866
            ],
            "start_record_bracket_ns_by_rank": [
              [
                744783859177113,
                744783859231831
              ],
              [
                744783859176413,
                744783859210379
              ],
              [
                744783859176694,
                744783859234440
              ],
              [
                744783859176736,
                744783859222481
              ]
            ],
            "start_record_envelope_span_ns": 58027,
            "variant": 1
          }
        },
        "variant": 1
      },
      {
        "accepted": false,
        "attempt_id": 103,
        "logical_pair_index": 84,
        "order": [
          "reference",
          "candidate"
        ],
        "rejection_reasons": [
          {
            "limit_ns": 500000,
            "side": "candidate",
            "start_record_envelope_span_ns": 573769
          }
        ],
        "retry_ordinal": 0,
        "samples": {
          "candidate": {
            "collective_only": {
              "local_ms": 0.03139200061559677,
              "rank_max_ms": 0.5889599919319153,
              "rank_ms": [
                0.03139200061559677,
                0.5889599919319153,
                0.29257598519325256,
                0.1727360039949417
              ]
            },
            "pair_attempt_id": 103,
            "pair_retry_ordinal": 0,
            "position": 1,
            "readiness_probe_exact": true,
            "ready_region": {
              "local_ms": 0.1613440066576004,
              "rank_max_ms": 0.5971840023994446,
              "rank_ms": [
                0.1613440066576004,
                0.5971840023994446,
                0.3028480112552643,
                0.18281599879264832
              ]
            },
            "sample_index": 84,
            "scheduled_start_arrival_ns_by_rank": [
              744783878707670,
              744783878145719,
              744783878771548,
              744783876687609
            ],
            "scheduled_start_target_ns_by_rank": [
              744783883771548,
              744783883771548,
              744783883771548,
              744783883771548
            ],
            "start_record_bracket_ns_by_rank": [
              [
                744783884558951,
                744783884593414
              ],
              [
                744783884019645,
                744783884040525
              ],
              [
                744783884297508,
                744783884336507
              ],
              [
                744783884423731,
                744783884456239
              ]
            ],
            "start_record_envelope_span_ns": 573769,
            "variant": 0
          },
          "reference": {
            "collective_only": {
              "local_ms": 0.04614400118589401,
              "rank_max_ms": 0.07203199714422226,
              "rank_ms": [
                0.04614400118589401,
                0.07203199714422226,
                0.043168000876903534,
                0.05615999922156334
              ]
            },
            "pair_attempt_id": 103,
            "pair_retry_ordinal": 0,
            "position": 0,
            "readiness_probe_exact": true,
            "ready_region": {
              "local_ms": 0.2242559939622879,
              "rank_max_ms": 0.2242559939622879,
              "rank_ms": [
                0.2242559939622879,
                0.16393600404262543,
                0.22144000232219696,
                0.19571200013160706
              ]
            },
            "sample_index": 84,
            "scheduled_start_arrival_ns_by_rank": [
              744783865348049,
              744783864669611,
              744783865513077,
              744783865376380
            ],
            "scheduled_start_target_ns_by_rank": [
              744783870513077,
              744783870513077,
              744783870513077,
              744783870513077
            ],
            "start_record_bracket_ns_by_rank": [
              [
                744783870514186,
                744783870563384
              ],
              [
                744783870513666,
                744783870537727
              ],
              [
                744783870514414,
                744783870565970
              ],
              [
                744783870513813,
                744783870553329
              ]
            ],
            "start_record_envelope_span_ns": 52304,
            "variant": 0
          }
        },
        "variant": 0
      },
      {
        "accepted": true,
        "attempt_id": 104,
        "logical_pair_index": 84,
        "order": [
          "reference",
          "candidate"
        ],
        "rejection_reasons": [],
        "retry_ordinal": 1,
        "samples": {
          "candidate": {
            "collective_only": {
              "local_ms": 0.054976001381874084,
              "rank_max_ms": 0.07744000107049942,
              "rank_ms": [
                0.054976001381874084,
                0.07744000107049942,
                0.05500800162553787,
                0.034143999218940735
              ]
            },
            "pair_attempt_id": 104,
            "pair_retry_ordinal": 1,
            "position": 1,
            "readiness_probe_exact": true,
            "ready_region": {
              "local_ms": 0.21542400121688843,
              "rank_max_ms": 0.21542400121688843,
              "rank_ms": [
                0.21542400121688843,
                0.16390399634838104,
                0.19174399971961975,
                0.1979839950799942
              ]
            },
            "sample_index": 84,
            "scheduled_start_arrival_ns_by_rank": [
              744783900514509,
              744783900502588,
              744783901078912,
              744783900889026
            ],
            "scheduled_start_target_ns_by_rank": [
              744783906078912,
              744783906078912,
              744783906078912,
              744783906078912
            ],
            "start_record_bracket_ns_by_rank": [
              [
                744783906079881,
                744783906122708
              ],
              [
                744783906079557,
                744783906099732
              ],
              [
                744783906080628,
                744783906124062
              ],
              [
                744783906106888,
                744783906141644
              ]
            ],
            "start_record_envelope_span_ns": 62087,
            "variant": 1
          },
          "reference": {
            "collective_only": {
              "local_ms": 0.06623999774456024,
              "rank_max_ms": 0.07820799946784973,
              "rank_ms": [
                0.06623999774456024,
                0.07820799946784973,
                0.0634239986538887,
                0.06592000275850296
              ]
            },
            "pair_attempt_id": 104,
            "pair_retry_ordinal": 1,
            "position": 0,
            "readiness_probe_exact": true,
            "ready_region": {
              "local_ms": 0.15667200088500977,
              "rank_max_ms": 0.1881919950246811,
              "rank_ms": [
                0.15667200088500977,
                0.14480000734329224,
                0.1881919950246811,
                0.18092800676822662
              ]
            },
            "sample_index": 84,
            "scheduled_start_arrival_ns_by_rank": [
              744783890665562,
              744783890726377,
              744783890945944,
              744783890763265
            ],
            "scheduled_start_target_ns_by_rank": [
              744783895945944,
              744783895945944,
              744783895945944,
              744783895945944
            ],
            "start_record_bracket_ns_by_rank": [
              [
                744783895946469,
                744783895978657
              ],
              [
                744783895946465,
                744783895966201
              ],
              [
                744783895946611,
                744783895980848
              ],
              [
                744783895946622,
                744783895978265
              ]
            ],
            "start_record_envelope_span_ns": 34383,
            "variant": 1
          }
        },
        "variant": 1
      },
      {
        "accepted": true,
        "attempt_id": 105,
        "logical_pair_index": 85,
        "order": [
          "candidate",
          "reference"
        ],
        "rejection_reasons": [],
        "retry_ordinal": 0,
        "samples": {
          "candidate": {
            "collective_only": {
              "local_ms": 0.06115199998021126,
              "rank_max_ms": 0.23529599606990814,
              "rank_ms": [
                0.06115199998021126,
                0.23529599606990814,
                0.03683200106024742,
                0.08022399991750717
              ]
            },
            "pair_attempt_id": 105,
            "pair_retry_ordinal": 0,
            "position": 0,
            "readiness_probe_exact": true,
            "ready_region": {
              "local_ms": 0.17132799327373505,
              "rank_max_ms": 0.24480000138282776,
              "rank_ms": [
                0.17132799327373505,
                0.24480000138282776,
                0.1635199934244156,
                0.17046399414539337
              ]
            },
            "sample_index": 85,
            "scheduled_start_arrival_ns_by_rank": [
              744783911536345,
              744783911497610,
              744783911525375,
              744783911585420
            ],
            "scheduled_start_target_ns_by_rank": [
              744783916585420,
              744783916585420,
              744783916585420,
              744783916585420
            ],
            "start_record_bracket_ns_by_rank": [
              [
                744783916744611,
                744783916782254
              ],
              [
                744783916585837,
                744783916606304
              ],
              [
                744783916762386,
                744783916804170
              ],
              [
                744783916725665,
                744783916760906
              ]
            ],
            "start_record_envelope_span_ns": 218333,
            "variant": 0
          },
          "reference": {
            "collective_only": {
              "local_ms": 0.03420799970626831,
              "rank_max_ms": 0.47654399275779724,
              "rank_ms": [
                0.03420799970626831,
                0.47654399275779724,
                0.34143999218940735,
                0.34595200419425964
              ]
            },
            "pair_attempt_id": 105,
            "pair_retry_ordinal": 0,
            "position": 1,
            "readiness_probe_exact": true,
            "ready_region": {
              "local_ms": 0.19788800179958344,
              "rank_max_ms": 0.4868159890174866,
              "rank_ms": [
                0.19788800179958344,
                0.4868159890174866,
                0.3517119884490967,
                0.35555198788642883
              ]
            },
            "sample_index": 85,
            "scheduled_start_arrival_ns_by_rank": [
              744783920387593,
              744783920118172,
              744783920333064,
              744783920361278
            ],
            "scheduled_start_target_ns_by_rank": [
              744783925387593,
              744783925387593,
              744783925387593,
              744783925387593
            ],
            "start_record_bracket_ns_by_rank": [
              [
                744783927089564,
                744783927127828
              ],
              [
                744783926665828,
                744783926688161
              ],
              [
                744783926784546,
                744783926823814
              ],
              [
                744783926782551,
                744783926817349
              ]
            ],
            "start_record_envelope_span_ns": 462000,
            "variant": 0
          }
        },
        "variant": 0
      },
      {
        "accepted": true,
        "attempt_id": 106,
        "logical_pair_index": 86,
        "order": [
          "reference",
          "candidate"
        ],
        "rejection_reasons": [],
        "retry_ordinal": 0,
        "samples": {
          "candidate": {
            "collective_only": {
              "local_ms": 0.05084799975156784,
              "rank_max_ms": 0.07878399640321732,
              "rank_ms": [
                0.05084799975156784,
                0.07878399640321732,
                0.049855999648571014,
                0.03759999945759773
              ]
            },
            "pair_attempt_id": 106,
            "pair_retry_ordinal": 0,
            "position": 1,
            "readiness_probe_exact": true,
            "ready_region": {
              "local_ms": 0.24428799748420715,
              "rank_max_ms": 0.5135040283203125,
              "rank_ms": [
                0.24428799748420715,
                0.15929600596427917,
                0.5135040283203125,
                0.1927040070295334
              ]
            },
            "sample_index": 86,
            "scheduled_start_arrival_ns_by_rank": [
              744783944293772,
              744783943652394,
              744783943710745,
              744783943979885
            ],
            "scheduled_start_target_ns_by_rank": [
              744783949293772,
              744783949293772,
              744783949293772,
              744783949293772
            ],
            "start_record_bracket_ns_by_rank": [
              [
                744783949295264,
                744783949346646
              ],
              [
                744783949294232,
                744783949317477
              ],
              [
                744783949296066,
                744783949348677
              ],
              [
                744783949316575,
                744783949357343
              ]
            ],
            "start_record_envelope_span_ns": 63111,
            "variant": 1
          },
          "reference": {
            "collective_only": {
              "local_ms": 0.04495999962091446,
              "rank_max_ms": 0.060447998344898224,
              "rank_ms": [
                0.04495999962091446,
                0.060447998344898224,
                0.03827200084924698,
                0.04652800038456917
              ]
            },
            "pair_attempt_id": 106,
            "pair_retry_ordinal": 0,
            "position": 0,
            "readiness_probe_exact": true,
            "ready_region": {
              "local_ms": 0.1555200070142746,
              "rank_max_ms": 0.1690240055322647,
              "rank_ms": [
                0.1555200070142746,
                0.1390720009803772,
                0.1690240055322647,
                0.16579200327396393
              ]
            },
            "sample_index": 86,
            "scheduled_start_arrival_ns_by_rank": [
              744783933576853,
              744783933277912,
              744783933324867,
              744783933370697
            ],
            "scheduled_start_target_ns_by_rank": [
              744783938576853,
              744783938576853,
              744783938576853,
              744783938576853
            ],
            "start_record_bracket_ns_by_rank": [
              [
                744783938577786,
                744783938611138
              ],
              [
                744783938577303,
                744783938599107
              ],
              [
                744783938578045,
                744783938621191
              ],
              [
                744783938577814,
                744783938612117
              ]
            ],
            "start_record_envelope_span_ns": 43888,
            "variant": 1
          }
        },
        "variant": 1
      },
      {
        "accepted": true,
        "attempt_id": 107,
        "logical_pair_index": 87,
        "order": [
          "candidate",
          "reference"
        ],
        "rejection_reasons": [],
        "retry_ordinal": 0,
        "samples": {
          "candidate": {
            "collective_only": {
              "local_ms": 0.04934399947524071,
              "rank_max_ms": 0.06860800087451935,
              "rank_ms": [
                0.04934399947524071,
                0.06860800087451935,
                0.04217600077390671,
                0.052032001316547394
              ]
            },
            "pair_attempt_id": 107,
            "pair_retry_ordinal": 0,
            "position": 0,
            "readiness_probe_exact": true,
            "ready_region": {
              "local_ms": 0.23296000063419342,
              "rank_max_ms": 0.25574401021003723,
              "rank_ms": [
                0.23296000063419342,
                0.15520000457763672,
                0.25574401021003723,
                0.22444799542427063
              ]
            },
            "sample_index": 87,
            "scheduled_start_arrival_ns_by_rank": [
              744783954820903,
              744783954440105,
              744783954637800,
              744783954782863
            ],
            "scheduled_start_target_ns_by_rank": [
              744783959820903,
              744783959820903,
              744783959820903,
              744783959820903
            ],
            "start_record_bracket_ns_by_rank": [
              [
                744783959821811,
                744783959865362
              ],
              [
                744783959821268,
                744783959844586
              ],
              [
                744783959821781,
                744783959873098
              ],
              [
                744783959821730,
                744783959862278
              ]
            ],
            "start_record_envelope_span_ns": 51830,
            "variant": 0
          },
          "reference": {
            "collective_only": {
              "local_ms": 0.054496001452207565,
              "rank_max_ms": 0.08915200084447861,
              "rank_ms": [
                0.054496001452207565,
                0.08915200084447861,
                0.06188800185918808,
                0.07056000083684921
              ]
            },
            "pair_attempt_id": 107,
            "pair_retry_ordinal": 0,
            "position": 1,
            "readiness_probe_exact": true,
            "ready_region": {
              "local_ms": 0.3250240087509155,
              "rank_max_ms": 0.3250240087509155,
              "rank_ms": [
                0.3250240087509155,
                0.1687999963760376,
                0.19631999731063843,
                0.19881600141525269
              ]
            },
            "sample_index": 87,
            "scheduled_start_arrival_ns_by_rank": [
              744783967459484,
              744783966877364,
              744783966988906,
              744783967401693
            ],
            "scheduled_start_target_ns_by_rank": [
              744783972459484,
              744783972459484,
              744783972459484,
              744783972459484
            ],
            "start_record_bracket_ns_by_rank": [
              [
                744783972462367,
                744783972521336
              ],
              [
                744783972459940,
                744783972485036
              ],
              [
                744783972461137,
                744783972513970
              ],
              [
                744783972460497,
                744783972502029
              ]
            ],
            "start_record_envelope_span_ns": 61396,
            "variant": 0
          }
        },
        "variant": 0
      },
      {
        "accepted": false,
        "attempt_id": 108,
        "logical_pair_index": 88,
        "order": [
          "reference",
          "candidate"
        ],
        "rejection_reasons": [
          {
            "limit_ns": 500000,
            "side": "reference",
            "start_record_envelope_span_ns": 1073908
          },
          {
            "limit_ns": 500000,
            "side": "candidate",
            "start_record_envelope_span_ns": 511308
          }
        ],
        "retry_ordinal": 0,
        "samples": {
          "candidate": {
            "collective_only": {
              "local_ms": 0.5145279765129089,
              "rank_max_ms": 0.5145279765129089,
              "rank_ms": [
                0.5145279765129089,
                0.27456000447273254,
                0.03702399879693985,
                0.3277440071105957
              ]
            },
            "pair_attempt_id": 108,
            "pair_retry_ordinal": 0,
            "position": 1,
            "readiness_probe_exact": true,
            "ready_region": {
              "local_ms": 0.5243520140647888,
              "rank_max_ms": 0.5243520140647888,
              "rank_ms": [
                0.5243520140647888,
                0.2845759987831116,
                0.19840000569820404,
                0.3375999927520752
              ]
            },
            "sample_index": 88,
            "scheduled_start_arrival_ns_by_rank": [
              744783990043724,
              744783989815953,
              744783990352057,
              744783990564635
            ],
            "scheduled_start_target_ns_by_rank": [
              744783995564635,
              744783995564635,
              744783995564635,
              744783995564635
            ],
            "start_record_bracket_ns_by_rank": [
              [
                744783995593144,
                744783995628152
              ],
              [
                744783995850067,
                744783995868122
              ],
              [
                744783996059462,
                744783996104452
              ],
              [
                744783995781163,
                744783995815900
              ]
            ],
            "start_record_envelope_span_ns": 511308,
            "variant": 1
          },
          "reference": {
            "collective_only": {
              "local_ms": 0.13180799782276154,
              "rank_max_ms": 1.0645439624786377,
              "rank_ms": [
                0.13180799782276154,
                0.8345280289649963,
                1.0645439624786377,
                0.03680000081658363
              ]
            },
            "pair_attempt_id": 108,
            "pair_retry_ordinal": 0,
            "position": 0,
            "readiness_probe_exact": true,
            "ready_region": {
              "local_ms": 0.23904000222682953,
              "rank_max_ms": 1.0746560096740723,
              "rank_ms": [
                0.23904000222682953,
                0.8444160223007202,
                1.0746560096740723,
                0.19308799505233765
              ]
            },
            "sample_index": 88,
            "scheduled_start_arrival_ns_by_rank": [
              744783978611101,
              744783977699072,
              744783977837541,
              744783978489205
            ],
            "scheduled_start_target_ns_by_rank": [
              744783983611101,
              744783983611101,
              744783983611101,
              744783983611101
            ],
            "start_record_bracket_ns_by_rank": [
              [
                744783985149530,
                744783985222310
              ],
              [
                744783984493097,
                744783984519336
              ],
              [
                744783984239986,
                744783984290467
              ],
              [
                744783985273200,
                744783985313894
              ]
            ],
            "start_record_envelope_span_ns": 1073908,
            "variant": 1
          }
        },
        "variant": 1
      },
      {
        "accepted": false,
        "attempt_id": 109,
        "logical_pair_index": 88,
        "order": [
          "reference",
          "candidate"
        ],
        "rejection_reasons": [
          {
            "limit_ns": 500000,
            "side": "reference",
            "start_record_envelope_span_ns": 858297
          }
        ],
        "retry_ordinal": 1,
        "samples": {
          "candidate": {
            "collective_only": {
              "local_ms": 0.05257600173354149,
              "rank_max_ms": 0.07711999863386154,
              "rank_ms": [
                0.05257600173354149,
                0.07711999863386154,
                0.04399999976158142,
                0.0578560009598732
              ]
            },
            "pair_attempt_id": 109,
            "pair_retry_ordinal": 1,
            "position": 1,
            "readiness_probe_exact": true,
            "ready_region": {
              "local_ms": 0.22710399329662323,
              "rank_max_ms": 0.22710399329662323,
              "rank_ms": [
                0.22710399329662323,
                0.17484800517559052,
                0.218176007270813,
                0.2216320037841797
              ]
            },
            "sample_index": 88,
            "scheduled_start_arrival_ns_by_rank": [
              744784012959319,
              744784012759935,
              744784012935282,
              744784013093066
            ],
            "scheduled_start_target_ns_by_rank": [
              744784018093066,
              744784018093066,
              744784018093066,
              744784018093066
            ],
            "start_record_bracket_ns_by_rank": [
              [
                744784018094399,
                744784018140167
              ],
              [
                744784018093593,
                744784018116677
              ],
              [
                744784018094680,
                744784018148523
              ],
              [
                744784018093911,
                744784018134174
              ]
            ],
            "start_record_envelope_span_ns": 54930,
            "variant": 0
          },
          "reference": {
            "collective_only": {
              "local_ms": 0.8515520095825195,
              "rank_max_ms": 0.8515520095825195,
              "rank_ms": [
                0.8515520095825195,
                0.5106880068778992,
                0.03551999852061272,
                0.4052479863166809
              ]
            },
            "pair_attempt_id": 109,
            "pair_retry_ordinal": 1,
            "position": 0,
            "readiness_probe_exact": true,
            "ready_region": {
              "local_ms": 0.8612800240516663,
              "rank_max_ms": 0.8612800240516663,
              "rank_ms": [
                0.8612800240516663,
                0.5208320021629333,
                0.15465599298477173,
                0.4151040017604828
              ]
            },
            "sample_index": 88,
            "scheduled_start_arrival_ns_by_rank": [
              744784002160419,
              744784002319552,
              744784001902172,
              744784002461390
            ],
            "scheduled_start_target_ns_by_rank": [
              744784007461390,
              744784007461390,
              744784007461390,
              744784007461390
            ],
            "start_record_bracket_ns_by_rank": [
              [
                744784008494789,
                744784008537052
              ],
              [
                744784008853609,
                744784008877305
              ],
              [
                744784009313723,
                744784009353086
              ],
              [
                744784008951994,
                744784008983387
              ]
            ],
            "start_record_envelope_span_ns": 858297,
            "variant": 0
          }
        },
        "variant": 0
      },
      {
        "accepted": true,
        "attempt_id": 110,
        "logical_pair_index": 88,
        "order": [
          "reference",
          "candidate"
        ],
        "rejection_reasons": [],
        "retry_ordinal": 2,
        "samples": {
          "candidate": {
            "collective_only": {
              "local_ms": 0.04383999854326248,
              "rank_max_ms": 0.06067200005054474,
              "rank_ms": [
                0.04383999854326248,
                0.06067200005054474,
                0.04416000097990036,
                0.047968000173568726
              ]
            },
            "pair_attempt_id": 110,
            "pair_retry_ordinal": 2,
            "position": 1,
            "readiness_probe_exact": true,
            "ready_region": {
              "local_ms": 0.18377600610256195,
              "rank_max_ms": 0.18377600610256195,
              "rank_ms": [
                0.18377600610256195,
                0.14351999759674072,
                0.17472000420093536,
                0.173567995429039
              ]
            },
            "sample_index": 88,
            "scheduled_start_arrival_ns_by_rank": [
              744784035120219,
              744784034756154,
              744784035122712,
              744784034981050
            ],
            "scheduled_start_target_ns_by_rank": [
              744784040122712,
              744784040122712,
              744784040122712,
              744784040122712
            ],
            "start_record_bracket_ns_by_rank": [
              [
                744784040123791,
                744784040159095
              ],
              [
                744784040123190,
                744784040142829
              ],
              [
                744784040124569,
                744784040165611
              ],
              [
                744784040123677,
                744784040155640
              ]
            ],
            "start_record_envelope_span_ns": 42421,
            "variant": 1
          },
          "reference": {
            "collective_only": {
              "local_ms": 0.03993599861860275,
              "rank_max_ms": 0.05766399949789047,
              "rank_ms": [
                0.03993599861860275,
                0.05766399949789047,
                0.03699199855327606,
                0.043136000633239746
              ]
            },
            "pair_attempt_id": 110,
            "pair_retry_ordinal": 2,
            "position": 0,
            "readiness_probe_exact": true,
            "ready_region": {
              "local_ms": 0.16566400229930878,
              "rank_max_ms": 0.16566400229930878,
              "rank_ms": [
                0.16566400229930878,
                0.12691199779510498,
                0.1563519984483719,
                0.16233600676059723
              ]
            },
            "sample_index": 88,
            "scheduled_start_arrival_ns_by_rank": [
              744784024541114,
              744784024155037,
              744784025241833,
              744784024918498
            ],
            "scheduled_start_target_ns_by_rank": [
              744784030241833,
              744784030241833,
              744784030241833,
              744784030241833
            ],
            "start_record_bracket_ns_by_rank": [
              [
                744784030242892,
                744784030278305
              ],
              [
                744784030242359,
                744784030261537
              ],
              [
                744784030242880,
                744784030283176
              ],
              [
                744784030242757,
                744784030276809
              ]
            ],
            "start_record_envelope_span_ns": 40817,
            "variant": 1
          }
        },
        "variant": 1
      },
      {
        "accepted": true,
        "attempt_id": 111,
        "logical_pair_index": 89,
        "order": [
          "candidate",
          "reference"
        ],
        "rejection_reasons": [],
        "retry_ordinal": 0,
        "samples": {
          "candidate": {
            "collective_only": {
              "local_ms": 0.06217600032687187,
              "rank_max_ms": 0.39260798692703247,
              "rank_ms": [
                0.06217600032687187,
                0.39260798692703247,
                0.38655999302864075,
                0.03728000074625015
              ]
            },
            "pair_attempt_id": 111,
            "pair_retry_ordinal": 0,
            "position": 0,
            "readiness_probe_exact": true,
            "ready_region": {
              "local_ms": 0.19939200580120087,
              "rank_max_ms": 0.4025599956512451,
              "rank_ms": [
                0.19939200580120087,
                0.4025599956512451,
                0.3965759873390198,
                0.19273599982261658
              ]
            },
            "sample_index": 89,
            "scheduled_start_arrival_ns_by_rank": [
              744784047901162,
              744784047230069,
              744784047835122,
              744784048105296
            ],
            "scheduled_start_target_ns_by_rank": [
              744784053105296,
              744784053105296,
              744784053105296,
              744784053105296
            ],
            "start_record_bracket_ns_by_rank": [
              [
                744784053438434,
                744784053482575
              ],
              [
                744784053127805,
                744784053153416
              ],
              [
                744784053106291,
                744784053161319
              ],
              [
                744784053466219,
                744784053507013
              ]
            ],
            "start_record_envelope_span_ns": 400722,
            "variant": 0
          },
          "reference": {
            "collective_only": {
              "local_ms": 0.09788800030946732,
              "rank_max_ms": 0.11948800086975098,
              "rank_ms": [
                0.09788800030946732,
                0.11948800086975098,
                0.05913599953055382,
                0.036448001861572266
              ]
            },
            "pair_attempt_id": 111,
            "pair_retry_ordinal": 0,
            "position": 1,
            "readiness_probe_exact": true,
            "ready_region": {
              "local_ms": 0.20563200116157532,
              "rank_max_ms": 0.20563200116157532,
              "rank_ms": [
                0.20563200116157532,
                0.1621759980916977,
                0.18531200289726257,
                0.1929599940776825
              ]
            },
            "sample_index": 89,
            "scheduled_start_arrival_ns_by_rank": [
              744784059951781,
              744784059565277,
              744784059989955,
              744784060238598
            ],
            "scheduled_start_target_ns_by_rank": [
              744784065238598,
              744784065238598,
              744784065238598,
              744784065238598
            ],
            "start_record_bracket_ns_by_rank": [
              [
                744784065239725,
                744784065284371
              ],
              [
                744784065239291,
                744784065263222
              ],
              [
                744784065279378,
                744784065324575
              ],
              [
                744784065302409,
                744784065344082
              ]
            ],
            "start_record_envelope_span_ns": 104791,
            "variant": 0
          }
        },
        "variant": 0
      },
      {
        "accepted": true,
        "attempt_id": 112,
        "logical_pair_index": 90,
        "order": [
          "reference",
          "candidate"
        ],
        "rejection_reasons": [],
        "retry_ordinal": 0,
        "samples": {
          "candidate": {
            "collective_only": {
              "local_ms": 0.04249599948525429,
              "rank_max_ms": 0.06358399987220764,
              "rank_ms": [
                0.04249599948525429,
                0.06358399987220764,
                0.04649600014090538,
                0.049375999718904495
              ]
            },
            "pair_attempt_id": 112,
            "pair_retry_ordinal": 0,
            "position": 1,
            "readiness_probe_exact": true,
            "ready_region": {
              "local_ms": 0.20547200739383698,
              "rank_max_ms": 0.20547200739383698,
              "rank_ms": [
                0.20547200739383698,
                0.15638400614261627,
                0.16448000073432922,
                0.18611200153827667
              ]
            },
            "sample_index": 90,
            "scheduled_start_arrival_ns_by_rank": [
              744784082938853,
              744784082888622,
              744784083258303,
              744784083077829
            ],
            "scheduled_start_target_ns_by_rank": [
              744784088258303,
              744784088258303,
              744784088258303,
              744784088258303
            ],
            "start_record_bracket_ns_by_rank": [
              [
                744784088259548,
                744784088304797
              ],
              [
                744784088258792,
                744784088283525
              ],
              [
                744784088259208,
                744784088301953
              ],
              [
                744784088259142,
                744784088296613
              ]
            ],
            "start_record_envelope_span_ns": 46005,
            "variant": 1
          },
          "reference": {
            "collective_only": {
              "local_ms": 0.22249600291252136,
              "rank_max_ms": 0.2608639895915985,
              "rank_ms": [
                0.22249600291252136,
                0.2608639895915985,
                0.17971199750900269,
                0.0350399985909462
              ]
            },
            "pair_attempt_id": 112,
            "pair_retry_ordinal": 0,
            "position": 0,
            "readiness_probe_exact": true,
            "ready_region": {
              "local_ms": 0.23257599771022797,
              "rank_max_ms": 0.2710080146789551,
              "rank_ms": [
                0.23257599771022797,
                0.2710080146789551,
                0.18908800184726715,
                0.16764800250530243
              ]
            },
            "sample_index": 90,
            "scheduled_start_arrival_ns_by_rank": [
              744784072047810,
              744784071319925,
              744784071593563,
              744784071297635
            ],
            "scheduled_start_target_ns_by_rank": [
              744784077047810,
              744784077047810,
              744784077047810,
              744784077047810
            ],
            "start_record_bracket_ns_by_rank": [
              [
                744784077066994,
                744784077108319
              ],
              [
                744784077048449,
                744784077069812
              ],
              [
                744784077111107,
                744784077153640
              ],
              [
                744784077260434,
                744784077295432
              ]
            ],
            "start_record_envelope_span_ns": 246983,
            "variant": 1
          }
        },
        "variant": 1
      },
      {
        "accepted": true,
        "attempt_id": 113,
        "logical_pair_index": 91,
        "order": [
          "candidate",
          "reference"
        ],
        "rejection_reasons": [],
        "retry_ordinal": 0,
        "samples": {
          "candidate": {
            "collective_only": {
              "local_ms": 0.03862399980425835,
              "rank_max_ms": 0.05129599943757057,
              "rank_ms": [
                0.03862399980425835,
                0.05129599943757057,
                0.03356799855828285,
                0.03788800165057182
              ]
            },
            "pair_attempt_id": 113,
            "pair_retry_ordinal": 0,
            "position": 0,
            "readiness_probe_exact": true,
            "ready_region": {
              "local_ms": 0.15356799960136414,
              "rank_max_ms": 0.15785600244998932,
              "rank_ms": [
                0.15356799960136414,
                0.1308159977197647,
                0.14905600249767303,
                0.15785600244998932
              ]
            },
            "sample_index": 91,
            "scheduled_start_arrival_ns_by_rank": [
              744784095285117,
              744784095034834,
              744784094786034,
              744784094413457
            ],
            "scheduled_start_target_ns_by_rank": [
              744784100285117,
              744784100285117,
              744784100285117,
              744784100285117
            ],
            "start_record_bracket_ns_by_rank": [
              [
                744784100286018,
                744784100317778
              ],
              [
                744784100285721,
                744784100305974
              ],
              [
                744784100286236,
                744784100322124
              ],
              [
                744784100285999,
                744784100317376
              ]
            ],
            "start_record_envelope_span_ns": 36403,
            "variant": 0
          },
          "reference": {
            "collective_only": {
              "local_ms": 0.04230400174856186,
              "rank_max_ms": 0.07417599856853485,
              "rank_ms": [
                0.04230400174856186,
                0.07417599856853485,
                0.05734400078654289,
                0.06015999987721443
              ]
            },
            "pair_attempt_id": 113,
            "pair_retry_ordinal": 0,
            "position": 1,
            "readiness_probe_exact": true,
            "ready_region": {
              "local_ms": 0.2125760018825531,
              "rank_max_ms": 0.2125760018825531,
              "rank_ms": [
                0.2125760018825531,
                0.15299199521541595,
                0.16873599588871002,
                0.18387199938297272
              ]
            },
            "sample_index": 91,
            "scheduled_start_arrival_ns_by_rank": [
              744784106155953,
              744784105833022,
              744784106122432,
              744784105980277
            ],
            "scheduled_start_target_ns_by_rank": [
              744784111155953,
              744784111155953,
              744784111155953,
              744784111155953
            ],
            "start_record_bracket_ns_by_rank": [
              [
                744784111157900,
                744784111210754
              ],
              [
                744784111156513,
                744784111177682
              ],
              [
                744784111157240,
                744784111205892
              ],
              [
                744784111156738,
                744784111191298
              ]
            ],
            "start_record_envelope_span_ns": 54241,
            "variant": 0
          }
        },
        "variant": 0
      },
      {
        "accepted": false,
        "attempt_id": 114,
        "logical_pair_index": 92,
        "order": [
          "reference",
          "candidate"
        ],
        "rejection_reasons": [
          {
            "limit_ns": 500000,
            "side": "reference",
            "start_record_envelope_span_ns": 710639
          }
        ],
        "retry_ordinal": 0,
        "samples": {
          "candidate": {
            "collective_only": {
              "local_ms": 0.04303999990224838,
              "rank_max_ms": 0.06755200028419495,
              "rank_ms": [
                0.04303999990224838,
                0.06755200028419495,
                0.04259200021624565,
                0.05321599915623665
              ]
            },
            "pair_attempt_id": 114,
            "pair_retry_ordinal": 0,
            "position": 1,
            "readiness_probe_exact": true,
            "ready_region": {
              "local_ms": 0.1812800019979477,
              "rank_max_ms": 0.18143999576568604,
              "rank_ms": [
                0.1812800019979477,
                0.14688000082969666,
                0.18143999576568604,
                0.17395199835300446
              ]
            },
            "sample_index": 92,
            "scheduled_start_arrival_ns_by_rank": [
              744784129417951,
              744784129214313,
              744784129614350,
              744784129220632
            ],
            "scheduled_start_target_ns_by_rank": [
              744784134614350,
              744784134614350,
              744784134614350,
              744784134614350
            ],
            "start_record_bracket_ns_by_rank": [
              [
                744784134615582,
                744784134661481
              ],
              [
                744784134614971,
                744784134635970
              ],
              [
                744784134615912,
                744784134662701
              ],
              [
                744784134615329,
                744784134650887
              ]
            ],
            "start_record_envelope_span_ns": 47730,
            "variant": 1
          },
          "reference": {
            "collective_only": {
              "local_ms": 0.03593600168824196,
              "rank_max_ms": 0.7212479710578918,
              "rank_ms": [
                0.03593600168824196,
                0.7212479710578918,
                0.3694719970226288,
                0.22966399788856506
              ]
            },
            "pair_attempt_id": 114,
            "pair_retry_ordinal": 0,
            "position": 0,
            "readiness_probe_exact": true,
            "ready_region": {
              "local_ms": 0.18409599363803864,
              "rank_max_ms": 0.7316799759864807,
              "rank_ms": [
                0.18409599363803864,
                0.7316799759864807,
                0.37964800000190735,
                0.2399040013551712
              ]
            },
            "sample_index": 92,
            "scheduled_start_arrival_ns_by_rank": [
              744784117391946,
              744784116834075,
              744784117527080,
              744784117683334
            ],
            "scheduled_start_target_ns_by_rank": [
              744784122683334,
              744784122683334,
              744784122683334,
              744784122683334
            ],
            "start_record_bracket_ns_by_rank": [
              [
                744784123464156,
                744784123504265
              ],
              [
                744784122793626,
                744784122819839
              ],
              [
                744784123127367,
                744784123173431
              ],
              [
                744784123275946,
                744784123313412
              ]
            ],
            "start_record_envelope_span_ns": 710639,
            "variant": 1
          }
        },
        "variant": 1
      },
      {
        "accepted": true,
        "attempt_id": 115,
        "logical_pair_index": 92,
        "order": [
          "reference",
          "candidate"
        ],
        "rejection_reasons": [],
        "retry_ordinal": 1,
        "samples": {
          "candidate": {
            "collective_only": {
              "local_ms": 0.07699199765920639,
              "rank_max_ms": 0.08422400057315826,
              "rank_ms": [
                0.07699199765920639,
                0.08422400057315826,
                0.0560000017285347,
                0.03731200098991394
              ]
            },
            "pair_attempt_id": 115,
            "pair_retry_ordinal": 1,
            "position": 1,
            "readiness_probe_exact": true,
            "ready_region": {
              "local_ms": 0.14860799908638,
              "rank_max_ms": 0.2263679951429367,
              "rank_ms": [
                0.14860799908638,
                0.15721599757671356,
                0.19280000030994415,
                0.2263679951429367
              ]
            },
            "sample_index": 92,
            "scheduled_start_arrival_ns_by_rank": [
              744784153506209,
              744784153476547,
              744784153659294,
              744784153754138
            ],
            "scheduled_start_target_ns_by_rank": [
              744784158754138,
              744784158754138,
              744784158754138,
              744784158754138
            ],
            "start_record_bracket_ns_by_rank": [
              [
                744784158754498,
                744784158782363
              ],
              [
                744784158754516,
                744784158777045
              ],
              [
                744784158756899,
                744784158807524
              ],
              [
                744784158780460,
                744784158821371
              ]
            ],
            "start_record_envelope_span_ns": 66873,
            "variant": 0
          },
          "reference": {
            "collective_only": {
              "local_ms": 0.048128001391887665,
              "rank_max_ms": 0.0926079973578453,
              "rank_ms": [
                0.048128001391887665,
                0.0926079973578453,
                0.05353600159287453,
                0.07593599706888199
              ]
            },
            "pair_attempt_id": 115,
            "pair_retry_ordinal": 1,
            "position": 0,
            "readiness_probe_exact": true,
            "ready_region": {
              "local_ms": 0.22700800001621246,
              "rank_max_ms": 0.22700800001621246,
              "rank_ms": [
                0.22700800001621246,
                0.17580799758434296,
                0.20403200387954712,
                0.20707200467586517
              ]
            },
            "sample_index": 92,
            "scheduled_start_arrival_ns_by_rank": [
              744784142149173,
              744784141155029,
              744784141410965,
              744784141550097
            ],
            "scheduled_start_target_ns_by_rank": [
              744784147149173,
              744784147149173,
              744784147149173,
              744784147149173
            ],
            "start_record_bracket_ns_by_rank": [
              [
                744784147150522,
                744784147218889
              ],
              [
                744784147149615,
                744784147173037
              ],
              [
                744784147150576,
                744784147215990
              ],
              [
                744784147150262,
                744784147189395
              ]
            ],
            "start_record_envelope_span_ns": 69274,
            "variant": 0
          }
        },
        "variant": 0
      },
      {
        "accepted": true,
        "attempt_id": 116,
        "logical_pair_index": 93,
        "order": [
          "candidate",
          "reference"
        ],
        "rejection_reasons": [],
        "retry_ordinal": 0,
        "samples": {
          "candidate": {
            "collective_only": {
              "local_ms": 0.06191999837756157,
              "rank_max_ms": 0.10547199845314026,
              "rank_ms": [
                0.06191999837756157,
                0.10547199845314026,
                0.0459199994802475,
                0.0681919977068901
              ]
            },
            "pair_attempt_id": 116,
            "pair_retry_ordinal": 0,
            "position": 0,
            "readiness_probe_exact": true,
            "ready_region": {
              "local_ms": 0.22489599883556366,
              "rank_max_ms": 0.22489599883556366,
              "rank_ms": [
                0.22489599883556366,
                0.1600639969110489,
                0.2126079946756363,
                0.2133760005235672
              ]
            },
            "sample_index": 93,
            "scheduled_start_arrival_ns_by_rank": [
              744784165528414,
              744784164821708,
              744784165424519,
              744784165971139
            ],
            "scheduled_start_target_ns_by_rank": [
              744784170971139,
              744784170971139,
              744784170971139,
              744784170971139
            ],
            "start_record_bracket_ns_by_rank": [
              [
                744784170972044,
                744784171037348
              ],
              [
                744784170971466,
                744784170993691
              ],
              [
                744784170972290,
                744784171056988
              ],
              [
                744784170971833,
                744784171032854
              ]
            ],
            "start_record_envelope_span_ns": 85522,
            "variant": 1
          },
          "reference": {
            "collective_only": {
              "local_ms": 0.05644800141453743,
              "rank_max_ms": 0.06774400174617767,
              "rank_ms": [
                0.05644800141453743,
                0.06774400174617767,
                0.0498879998922348,
                0.05587200075387955
              ]
            },
            "pair_attempt_id": 116,
            "pair_retry_ordinal": 0,
            "position": 1,
            "readiness_probe_exact": true,
            "ready_region": {
              "local_ms": 0.20150400698184967,
              "rank_max_ms": 0.20150400698184967,
              "rank_ms": [
                0.20150400698184967,
                0.15436799824237823,
                0.17843200266361237,
                0.19510400295257568
              ]
            },
            "sample_index": 93,
            "scheduled_start_arrival_ns_by_rank": [
              744784177891583,
              744784177652541,
              744784177727643,
              744784178129565
            ],
            "scheduled_start_target_ns_by_rank": [
              744784183129565,
              744784183129565,
              744784183129565,
              744784183129565
            ],
            "start_record_bracket_ns_by_rank": [
              [
                744784183130640,
                744784183168840
              ],
              [
                744784183130048,
                744784183153739
              ],
              [
                744784183130566,
                744784183171729
              ],
              [
                744784183130454,
                744784183165820
              ]
            ],
            "start_record_envelope_span_ns": 41681,
            "variant": 1
          }
        },
        "variant": 1
      },
      {
        "accepted": false,
        "attempt_id": 117,
        "logical_pair_index": 94,
        "order": [
          "reference",
          "candidate"
        ],
        "rejection_reasons": [
          {
            "limit_ns": 500000,
            "side": "reference",
            "start_record_envelope_span_ns": 607520
          }
        ],
        "retry_ordinal": 0,
        "samples": {
          "candidate": {
            "collective_only": {
              "local_ms": 0.056095998734235764,
              "rank_max_ms": 0.056671999394893646,
              "rank_ms": [
                0.056095998734235764,
                0.056671999394893646,
                0.036928001791238785,
                0.0435199998319149
              ]
            },
            "pair_attempt_id": 117,
            "pair_retry_ordinal": 0,
            "position": 1,
            "readiness_probe_exact": true,
            "ready_region": {
              "local_ms": 0.1316480040550232,
              "rank_max_ms": 0.1802240014076233,
              "rank_ms": [
                0.1316480040550232,
                0.15004800260066986,
                0.15273599326610565,
                0.1802240014076233
              ]
            },
            "sample_index": 94,
            "scheduled_start_arrival_ns_by_rank": [
              744784201554106,
              744784201172752,
              744784201440383,
              744784201146105
            ],
            "scheduled_start_target_ns_by_rank": [
              744784206554106,
              744784206554106,
              744784206554106,
              744784206554106
            ],
            "start_record_bracket_ns_by_rank": [
              [
                744784206554410,
                744784206578505
              ],
              [
                744784206554595,
                744784206580239
              ],
              [
                744784206554544,
                744784206596703
              ],
              [
                744784206554878,
                744784206591295
              ]
            ],
            "start_record_envelope_span_ns": 42293,
            "variant": 0
          },
          "reference": {
            "collective_only": {
              "local_ms": 0.06361600011587143,
              "rank_max_ms": 0.5999680161476135,
              "rank_ms": [
                0.06361600011587143,
                0.41996800899505615,
                0.5999680161476135,
                0.5874879956245422
              ]
            },
            "pair_attempt_id": 117,
            "pair_retry_ordinal": 0,
            "position": 0,
            "readiness_probe_exact": true,
            "ready_region": {
              "local_ms": 0.2551040053367615,
              "rank_max_ms": 0.6102079749107361,
              "rank_ms": [
                0.2551040053367615,
                0.4301759898662567,
                0.6102079749107361,
                0.5966399908065796
              ]
            },
            "sample_index": 94,
            "scheduled_start_arrival_ns_by_rank": [
              744784189056790,
              744784188642302,
              744784189055433,
              744784188743304
            ],
            "scheduled_start_target_ns_by_rank": [
              744784194056790,
              744784194056790,
              744784194056790,
              744784194056790
            ],
            "start_record_bracket_ns_by_rank": [
              [
                744784195126498,
                744784195167789
              ],
              [
                744784194763801,
                744784194786447
              ],
              [
                744784194560269,
                744784194609104
              ],
              [
                744784194581152,
                744784194618310
              ]
            ],
            "start_record_envelope_span_ns": 607520,
            "variant": 0
          }
        },
        "variant": 0
      },
      {
        "accepted": true,
        "attempt_id": 118,
        "logical_pair_index": 94,
        "order": [
          "reference",
          "candidate"
        ],
        "rejection_reasons": [],
        "retry_ordinal": 1,
        "samples": {
          "candidate": {
            "collective_only": {
              "local_ms": 0.04771199822425842,
              "rank_max_ms": 0.06771200150251389,
              "rank_ms": [
                0.04771199822425842,
                0.06771200150251389,
                0.04054399952292442,
                0.053247999399900436
              ]
            },
            "pair_attempt_id": 118,
            "pair_retry_ordinal": 1,
            "position": 1,
            "readiness_probe_exact": true,
            "ready_region": {
              "local_ms": 0.1958400011062622,
              "rank_max_ms": 0.1958400011062622,
              "rank_ms": [
                0.1958400011062622,
                0.13996799290180206,
                0.18214400112628937,
                0.1748799979686737
              ]
            },
            "sample_index": 94,
            "scheduled_start_arrival_ns_by_rank": [
              744784223681145,
              744784223164038,
              744784223353936,
              744784223524046
            ],
            "scheduled_start_target_ns_by_rank": [
              744784228681145,
              744784228681145,
              744784228681145,
              744784228681145
            ],
            "start_record_bracket_ns_by_rank": [
              [
                744784228682275,
                744784228723830
              ],
              [
                744784228681621,
                744784228702663
              ],
              [
                744784228682947,
                744784228730731
              ],
              [
                744784228682005,
                744784228716080
              ]
            ],
            "start_record_envelope_span_ns": 49110,
            "variant": 1
          },
          "reference": {
            "collective_only": {
              "local_ms": 0.04403200000524521,
              "rank_max_ms": 0.0658240020275116,
              "rank_ms": [
                0.04403200000524521,
                0.0658240020275116,
                0.03999999910593033,
                0.05183999985456467
              ]
            },
            "pair_attempt_id": 118,
            "pair_retry_ordinal": 1,
            "position": 0,
            "readiness_probe_exact": true,
            "ready_region": {
              "local_ms": 0.2327360063791275,
              "rank_max_ms": 0.2327360063791275,
              "rank_ms": [
                0.2327360063791275,
                0.15945599973201752,
                0.18252800405025482,
                0.18278400599956512
              ]
            },
            "sample_index": 94,
            "scheduled_start_arrival_ns_by_rank": [
              744784212601081,
              744784212720097,
              744784213324862,
              744784212578603
            ],
            "scheduled_start_target_ns_by_rank": [
              744784218324862,
              744784218324862,
              744784218324862,
              744784218324862
            ],
            "start_record_bracket_ns_by_rank": [
              [
                744784218325848,
                744784218370067
              ],
              [
                744784218325324,
                744784218348437
              ],
              [
                744784218326532,
                744784218373531
              ],
              [
                744784218325869,
                744784218364046
              ]
            ],
            "start_record_envelope_span_ns": 48207,
            "variant": 1
          }
        },
        "variant": 1
      },
      {
        "accepted": true,
        "attempt_id": 119,
        "logical_pair_index": 95,
        "order": [
          "candidate",
          "reference"
        ],
        "rejection_reasons": [],
        "retry_ordinal": 0,
        "samples": {
          "candidate": {
            "collective_only": {
              "local_ms": 0.035711999982595444,
              "rank_max_ms": 0.05833600088953972,
              "rank_ms": [
                0.035711999982595444,
                0.05833600088953972,
                0.04291199892759323,
                0.04214400053024292
              ]
            },
            "pair_attempt_id": 119,
            "pair_retry_ordinal": 0,
            "position": 0,
            "readiness_probe_exact": true,
            "ready_region": {
              "local_ms": 0.18905599415302277,
              "rank_max_ms": 0.18905599415302277,
              "rank_ms": [
                0.18905599415302277,
                0.1472640037536621,
                0.1517760008573532,
                0.18620799481868744
              ]
            },
            "sample_index": 95,
            "scheduled_start_arrival_ns_by_rank": [
              744784234239323,
              744784233864746,
              744784234276557,
              744784234257663
            ],
            "scheduled_start_target_ns_by_rank": [
              744784239276557,
              744784239276557,
              744784239276557,
              744784239276557
            ],
            "start_record_bracket_ns_by_rank": [
              [
                744784239277867,
                744784239319977
              ],
              [
                744784239277152,
                744784239300223
              ],
              [
                744784239277363,
                744784239316363
              ],
              [
                744784239277593,
                744784239316152
              ]
            ],
            "start_record_envelope_span_ns": 42825,
            "variant": 0
          },
          "reference": {
            "collective_only": {
              "local_ms": 0.051231998950242996,
              "rank_max_ms": 0.081727996468544,
              "rank_ms": [
                0.051231998950242996,
                0.081727996468544,
                0.059487998485565186,
                0.06710399687290192
              ]
            },
            "pair_attempt_id": 119,
            "pair_retry_ordinal": 0,
            "position": 1,
            "readiness_probe_exact": true,
            "ready_region": {
              "local_ms": 0.25484800338745117,
              "rank_max_ms": 0.25484800338745117,
              "rank_ms": [
                0.25484800338745117,
                0.1528960019350052,
                0.17446400225162506,
                0.18742400407791138
              ]
            },
            "sample_index": 95,
            "scheduled_start_arrival_ns_by_rank": [
              744784245597372,
              744784245478275,
              744784245351071,
              744784245325717
            ],
            "scheduled_start_target_ns_by_rank": [
              744784250597372,
              744784250597372,
              744784250597372,
              744784250597372
            ],
            "start_record_bracket_ns_by_rank": [
              [
                744784250600476,
                744784250653113
              ],
              [
                744784250597910,
                744784250621597
              ],
              [
                744784250598792,
                744784250644409
              ],
              [
                744784250598477,
                744784250635892
              ]
            ],
            "start_record_envelope_span_ns": 55203,
            "variant": 0
          }
        },
        "variant": 0
      },
      {
        "accepted": true,
        "attempt_id": 120,
        "logical_pair_index": 96,
        "order": [
          "reference",
          "candidate"
        ],
        "rejection_reasons": [],
        "retry_ordinal": 0,
        "samples": {
          "candidate": {
            "collective_only": {
              "local_ms": 0.04016000032424927,
              "rank_max_ms": 0.06339199841022491,
              "rank_ms": [
                0.04016000032424927,
                0.06339199841022491,
                0.04012800008058548,
                0.043296001851558685
              ]
            },
            "pair_attempt_id": 120,
            "pair_retry_ordinal": 0,
            "position": 1,
            "readiness_probe_exact": true,
            "ready_region": {
              "local_ms": 0.19363200664520264,
              "rank_max_ms": 0.19363200664520264,
              "rank_ms": [
                0.19363200664520264,
                0.14822399616241455,
                0.17532800137996674,
                0.17708800733089447
              ]
            },
            "sample_index": 96,
            "scheduled_start_arrival_ns_by_rank": [
              744784268588245,
              744784267709338,
              744784268278886,
              744784268430415
            ],
            "scheduled_start_target_ns_by_rank": [
              744784273588245,
              744784273588245,
              744784273588245,
              744784273588245
            ],
            "start_record_bracket_ns_by_rank": [
              [
                744784273589512,
                744784273631547
              ],
              [
                744784273588657,
                744784273608918
              ],
              [
                744784273589176,
                744784273632647
              ],
              [
                744784273588946,
                744784273625446
              ]
            ],
            "start_record_envelope_span_ns": 43990,
            "variant": 1
          },
          "reference": {
            "collective_only": {
              "local_ms": 0.04137599840760231,
              "rank_max_ms": 0.05817599967122078,
              "rank_ms": [
                0.04137599840760231,
                0.05817599967122078,
                0.037248000502586365,
                0.04793599992990494
              ]
            },
            "pair_attempt_id": 120,
            "pair_retry_ordinal": 0,
            "position": 0,
            "readiness_probe_exact": true,
            "ready_region": {
              "local_ms": 0.23984000086784363,
              "rank_max_ms": 0.23984000086784363,
              "rank_ms": [
                0.23984000086784363,
                0.14441600441932678,
                0.19203199446201324,
                0.1736000031232834
              ]
            },
            "sample_index": 96,
            "scheduled_start_arrival_ns_by_rank": [
              744784256894952,
              744784256311445,
              744784256538844,
              744784256847859
            ],
            "scheduled_start_target_ns_by_rank": [
              744784261894952,
              744784261894952,
              744784261894952,
              744784261894952
            ],
            "start_record_bracket_ns_by_rank": [
              [
                744784261895716,
                744784261930851
              ],
              [
                744784261895414,
                744784261914447
              ],
              [
                744784261895962,
                744784261936189
              ],
              [
                744784261895762,
                744784261925822
              ]
            ],
            "start_record_envelope_span_ns": 40775,
            "variant": 1
          }
        },
        "variant": 1
      },
      {
        "accepted": true,
        "attempt_id": 121,
        "logical_pair_index": 97,
        "order": [
          "candidate",
          "reference"
        ],
        "rejection_reasons": [],
        "retry_ordinal": 0,
        "samples": {
          "candidate": {
            "collective_only": {
              "local_ms": 0.03791999816894531,
              "rank_max_ms": 0.05881600081920624,
              "rank_ms": [
                0.03791999816894531,
                0.05881600081920624,
                0.04278400167822838,
                0.043296001851558685
              ]
            },
            "pair_attempt_id": 121,
            "pair_retry_ordinal": 0,
            "position": 0,
            "readiness_probe_exact": true,
            "ready_region": {
              "local_ms": 0.1871359944343567,
              "rank_max_ms": 0.18771199882030487,
              "rank_ms": [
                0.1871359944343567,
                0.1504960060119629,
                0.1573439985513687,
                0.18771199882030487
              ]
            },
            "sample_index": 97,
            "scheduled_start_arrival_ns_by_rank": [
              744784280922448,
              744784280707376,
              744784280960972,
              744784281246528
            ],
            "scheduled_start_target_ns_by_rank": [
              744784286246528,
              744784286246528,
              744784286246528,
              744784286246528
            ],
            "start_record_bracket_ns_by_rank": [
              [
                744784286247638,
                744784286288964
              ],
              [
                744784286247136,
                744784286270909
              ],
              [
                744784286247592,
                744784286288228
              ],
              [
                744784286247579,
                744784286285739
              ]
            ],
            "start_record_envelope_span_ns": 41828,
            "variant": 0
          },
          "reference": {
            "collective_only": {
              "local_ms": 0.03996799886226654,
              "rank_max_ms": 0.06361600011587143,
              "rank_ms": [
                0.03996799886226654,
                0.06361600011587143,
                0.04620800167322159,
                0.04975999891757965
              ]
            },
            "pair_attempt_id": 121,
            "pair_retry_ordinal": 0,
            "position": 1,
            "readiness_probe_exact": true,
            "ready_region": {
              "local_ms": 0.21913599967956543,
              "rank_max_ms": 0.21913599967956543,
              "rank_ms": [
                0.21913599967956543,
                0.15302400290966034,
                0.16179199516773224,
                0.17043200135231018
              ]
            },
            "sample_index": 97,
            "scheduled_start_arrival_ns_by_rank": [
              744784291416624,
              744784291364833,
              744784291183807,
              744784291558074
            ],
            "scheduled_start_target_ns_by_rank": [
              744784296558074,
              744784296558074,
              744784296558074,
              744784296558074
            ],
            "start_record_bracket_ns_by_rank": [
              [
                744784296559436,
                744784296604306
              ],
              [
                744784296558673,
                744784296583938
              ],
              [
                744784296559053,
                744784296601706
              ],
              [
                744784296558820,
                744784296592167
              ]
            ],
            "start_record_envelope_span_ns": 45633,
            "variant": 0
          }
        },
        "variant": 0
      },
      {
        "accepted": true,
        "attempt_id": 122,
        "logical_pair_index": 98,
        "order": [
          "reference",
          "candidate"
        ],
        "rejection_reasons": [],
        "retry_ordinal": 0,
        "samples": {
          "candidate": {
            "collective_only": {
              "local_ms": 0.056671999394893646,
              "rank_max_ms": 0.24409599602222443,
              "rank_ms": [
                0.056671999394893646,
                0.24409599602222443,
                0.2280000001192093,
                0.2242880016565323
              ]
            },
            "pair_attempt_id": 122,
            "pair_retry_ordinal": 0,
            "position": 1,
            "readiness_probe_exact": true,
            "ready_region": {
              "local_ms": 0.3614400029182434,
              "rank_max_ms": 0.3614400029182434,
              "rank_ms": [
                0.3614400029182434,
                0.2542720139026642,
                0.23824000358581543,
                0.23449599742889404
              ]
            },
            "sample_index": 98,
            "scheduled_start_arrival_ns_by_rank": [
              744784314506868,
              744784314360307,
              744784314342907,
              744784314710634
            ],
            "scheduled_start_target_ns_by_rank": [
              744784319710634,
              744784319710634,
              744784319710634,
              744784319710634
            ],
            "start_record_bracket_ns_by_rank": [
              [
                744784319776345,
                744784319924085
              ],
              [
                744784319711123,
                744784319733539
              ],
              [
                744784319711559,
                744784319751673
              ],
              [
                744784319711837,
                744784319753452
              ]
            ],
            "start_record_envelope_span_ns": 212962,
            "variant": 1
          },
          "reference": {
            "collective_only": {
              "local_ms": 0.17043200135231018,
              "rank_max_ms": 0.18617600202560425,
              "rank_ms": [
                0.17043200135231018,
                0.18617600202560425,
                0.036959998309612274,
                0.12838399410247803
              ]
            },
            "pair_attempt_id": 122,
            "pair_retry_ordinal": 0,
            "position": 0,
            "readiness_probe_exact": true,
            "ready_region": {
              "local_ms": 0.22038400173187256,
              "rank_max_ms": 0.22038400173187256,
              "rank_ms": [
                0.22038400173187256,
                0.1963520050048828,
                0.18963199853897095,
                0.1945279985666275
              ]
            },
            "sample_index": 98,
            "scheduled_start_arrival_ns_by_rank": [
              744784303889059,
              744784303059264,
              744784303959587,
              744784303648943
            ],
            "scheduled_start_target_ns_by_rank": [
              744784308959587,
              744784308959587,
              744784308959587,
              744784308959587
            ],
            "start_record_bracket_ns_by_rank": [
              [
                744784308960403,
                744784309021634
              ],
              [
                744784308960000,
                744784308980659
              ],
              [
                744784309088326,
                744784309130002
              ],
              [
                744784308980385,
                744784309037349
              ]
            ],
            "start_record_envelope_span_ns": 170002,
            "variant": 1
          }
        },
        "variant": 1
      },
      {
        "accepted": true,
        "attempt_id": 123,
        "logical_pair_index": 99,
        "order": [
          "candidate",
          "reference"
        ],
        "rejection_reasons": [],
        "retry_ordinal": 0,
        "samples": {
          "candidate": {
            "collective_only": {
              "local_ms": 0.04156799986958504,
              "rank_max_ms": 0.05878400057554245,
              "rank_ms": [
                0.04156799986958504,
                0.05878400057554245,
                0.03734400123357773,
                0.044096000492572784
              ]
            },
            "pair_attempt_id": 123,
            "pair_retry_ordinal": 0,
            "position": 0,
            "readiness_probe_exact": true,
            "ready_region": {
              "local_ms": 0.20367999374866486,
              "rank_max_ms": 0.22259199619293213,
              "rank_ms": [
                0.20367999374866486,
                0.13254399597644806,
                0.22259199619293213,
                0.19072000682353973
              ]
            },
            "sample_index": 99,
            "scheduled_start_arrival_ns_by_rank": [
              744784325401996,
              744784325436585,
              744784325832896,
              744784325555523
            ],
            "scheduled_start_target_ns_by_rank": [
              744784330832896,
              744784330832896,
              744784330832896,
              744784330832896
            ],
            "start_record_bracket_ns_by_rank": [
              [
                744784330833729,
                744784330870838
              ],
              [
                744784330833335,
                744784330854210
              ],
              [
                744784330833793,
                744784330875369
              ],
              [
                744784330833805,
                744784330868002
              ]
            ],
            "start_record_envelope_span_ns": 42034,
            "variant": 0
          },
          "reference": {
            "collective_only": {
              "local_ms": 0.04371200129389763,
              "rank_max_ms": 0.0658240020275116,
              "rank_ms": [
                0.04371200129389763,
                0.0658240020275116,
                0.04092799872159958,
                0.04851200059056282
              ]
            },
            "pair_attempt_id": 123,
            "pair_retry_ordinal": 0,
            "position": 1,
            "readiness_probe_exact": true,
            "ready_region": {
              "local_ms": 0.19926400482654572,
              "rank_max_ms": 0.20364800095558167,
              "rank_ms": [
                0.19926400482654572,
                0.15532800555229187,
                0.17059199512004852,
                0.20364800095558167
              ]
            },
            "sample_index": 99,
            "scheduled_start_arrival_ns_by_rank": [
              744784335848337,
              744784335739141,
              744784336652092,
              744784335836572
            ],
            "scheduled_start_target_ns_by_rank": [
              744784341652092,
              744784341652092,
              744784341652092,
              744784341652092
            ],
            "start_record_bracket_ns_by_rank": [
              [
                744784341653254,
                744784341698108
              ],
              [
                744784341652787,
                744784341675495
              ],
              [
                744784341653024,
                744784341700341
              ],
              [
                744784341653090,
                744784341695474
              ]
            ],
            "start_record_envelope_span_ns": 47554,
            "variant": 0
          }
        },
        "variant": 0
      }
    ],
    "rank_order": [
      0,
      1,
      2,
      3
    ],
    "reference": [
      {
        "collective_only": {
          "local_ms": 0.43878400325775146,
          "rank_max_ms": 0.5095999836921692,
          "rank_ms": [
            0.43878400325775146,
            0.5095999836921692,
            0.049375999718904495,
            0.0721919983625412
          ]
        },
        "pair_attempt_id": 0,
        "pair_retry_ordinal": 0,
        "position": 0,
        "readiness_probe_exact": true,
        "ready_region": {
          "local_ms": 0.4485760033130646,
          "rank_max_ms": 0.519648015499115,
          "rank_ms": [
            0.4485760033130646,
            0.519648015499115,
            0.23664000630378723,
            0.23532800376415253
          ]
        },
        "sample_index": 0,
        "scheduled_start_arrival_ns_by_rank": [
          744781537996412,
          744781537983674,
          744781537996084,
          744781538362575
        ],
        "scheduled_start_target_ns_by_rank": [
          744781543362575,
          744781543362575,
          744781543362575,
          744781543362575
        ],
        "start_record_bracket_ns_by_rank": [
          [
            744781543654095,
            744781543695356
          ],
          [
            744781543601600,
            744781543624184
          ],
          [
            744781543992354,
            744781544087503
          ],
          [
            744781544022120,
            744781544063096
          ]
        ],
        "start_record_envelope_span_ns": 485903,
        "variant": 1
      },
      {
        "collective_only": {
          "local_ms": 0.06239999830722809,
          "rank_max_ms": 0.06937599927186966,
          "rank_ms": [
            0.06239999830722809,
            0.03407999873161316,
            0.06035200133919716,
            0.06937599927186966
          ]
        },
        "pair_attempt_id": 1,
        "pair_retry_ordinal": 0,
        "position": 1,
        "readiness_probe_exact": true,
        "ready_region": {
          "local_ms": 0.20457600057125092,
          "rank_max_ms": 0.20457600057125092,
          "rank_ms": [
            0.20457600057125092,
            0.14627200365066528,
            0.18643200397491455,
            0.18323199450969696
          ]
        },
        "sample_index": 1,
        "scheduled_start_arrival_ns_by_rank": [
          744781575807127,
          744781575453594,
          744781575431124,
          744781575621245
        ],
        "scheduled_start_target_ns_by_rank": [
          744781580807127,
          744781580807127,
          744781580807127,
          744781580807127
        ],
        "start_record_bracket_ns_by_rank": [
          [
            744781580808193,
            744781580846772
          ],
          [
            744781580807673,
            744781580875991
          ],
          [
            744781580808148,
            744781580849933
          ],
          [
            744781580808128,
            744781580840667
          ]
        ],
        "start_record_envelope_span_ns": 68318,
        "variant": 0
      },
      {
        "collective_only": {
          "local_ms": 0.04230400174856186,
          "rank_max_ms": 0.06140799820423126,
          "rank_ms": [
            0.04230400174856186,
            0.06140799820423126,
            0.03750399872660637,
            0.0459199994802475
          ]
        },
        "pair_attempt_id": 2,
        "pair_retry_ordinal": 0,
        "position": 0,
        "readiness_probe_exact": true,
        "ready_region": {
          "local_ms": 0.20640000700950623,
          "rank_max_ms": 0.20640000700950623,
          "rank_ms": [
            0.20640000700950623,
            0.15001599490642548,
            0.19068799912929535,
            0.1995840072631836
          ]
        },
        "sample_index": 2,
        "scheduled_start_arrival_ns_by_rank": [
          744781585806161,
          744781585587731,
          744781585538049,
          744781585519506
        ],
        "scheduled_start_target_ns_by_rank": [
          744781590806161,
          744781590806161,
          744781590806161,
          744781590806161
        ],
        "start_record_bracket_ns_by_rank": [
          [
            744781590807121,
            744781590846583
          ],
          [
            744781590806722,
            744781590828321
          ],
          [
            744781590807254,
            744781590850656
          ],
          [
            744781590806974,
            744781590842423
          ]
        ],
        "start_record_envelope_span_ns": 43934,
        "variant": 1
      },
      {
        "collective_only": {
          "local_ms": 0.055135998874902725,
          "rank_max_ms": 0.06339199841022491,
          "rank_ms": [
            0.055135998874902725,
            0.06339199841022491,
            0.03993599861860275,
            0.04761600121855736
          ]
        },
        "pair_attempt_id": 3,
        "pair_retry_ordinal": 0,
        "position": 1,
        "readiness_probe_exact": true,
        "ready_region": {
          "local_ms": 0.14611199498176575,
          "rank_max_ms": 0.1730560064315796,
          "rank_ms": [
            0.14611199498176575,
            0.13504000008106232,
            0.1730560064315796,
            0.17103999853134155
          ]
        },
        "sample_index": 3,
        "scheduled_start_arrival_ns_by_rank": [
          744781618279431,
          744781617681555,
          744781617947560,
          744781617979605
        ],
        "scheduled_start_target_ns_by_rank": [
          744781623279431,
          744781623279431,
          744781623279431,
          744781623279431
        ],
        "start_record_bracket_ns_by_rank": [
          [
            744781623280004,
            744781623309535
          ],
          [
            744781623279841,
            744781623300525
          ],
          [
            744781623280819,
            744781623324425
          ],
          [
            744781623280338,
            744781623316435
          ]
        ],
        "start_record_envelope_span_ns": 44584,
        "variant": 0
      },
      {
        "collective_only": {
          "local_ms": 0.09132800251245499,
          "rank_max_ms": 0.11110399663448334,
          "rank_ms": [
            0.09132800251245499,
            0.11110399663448334,
            0.05523199960589409,
            0.09443199634552002
          ]
        },
        "pair_attempt_id": 4,
        "pair_retry_ordinal": 0,
        "position": 0,
        "readiness_probe_exact": true,
        "ready_region": {
          "local_ms": 0.24691200256347656,
          "rank_max_ms": 0.24691200256347656,
          "rank_ms": [
            0.24691200256347656,
            0.15622399747371674,
            0.22281600534915924,
            0.23587200045585632
          ]
        },
        "sample_index": 4,
        "scheduled_start_arrival_ns_by_rank": [
          744781630954497,
          744781629921345,
          744781630449599,
          744781630588859
        ],
        "scheduled_start_target_ns_by_rank": [
          744781635954497,
          744781635954497,
          744781635954497,
          744781635954497
        ],
        "start_record_bracket_ns_by_rank": [
          [
            744781635955378,
            744781635995309
          ],
          [
            744781635954947,
            744781635975489
          ],
          [
            744781635955415,
            744781636038825
          ],
          [
            744781635955236,
            744781635991764
          ]
        ],
        "start_record_envelope_span_ns": 83878,
        "variant": 1
      },
      {
        "collective_only": {
          "local_ms": 0.32211199402809143,
          "rank_max_ms": 0.3441919982433319,
          "rank_ms": [
            0.32211199402809143,
            0.3441919982433319,
            0.09747199714183807,
            0.2415039986371994
          ]
        },
        "pair_attempt_id": 5,
        "pair_retry_ordinal": 0,
        "position": 1,
        "readiness_probe_exact": true,
        "ready_region": {
          "local_ms": 0.33136001229286194,
          "rank_max_ms": 0.35443198680877686,
          "rank_ms": [
            0.33136001229286194,
            0.35443198680877686,
            0.2898559868335724,
            0.2516480088233948
          ]
        },
        "sample_index": 5,
        "scheduled_start_arrival_ns_by_rank": [
          744781668717539,
          744781667741545,
          744781668486559,
          744781668296690
        ],
        "scheduled_start_target_ns_by_rank": [
          744781673717539,
          744781673717539,
          744781673717539,
          744781673717539
        ],
        "start_record_bracket_ns_by_rank": [
          [
            744781673718593,
            744781673764929
          ],
          [
            744781673717949,
            744781673742237
          ],
          [
            744781673943651,
            744781673994550
          ],
          [
            744781673805269,
            744781673846196
          ]
        ],
        "start_record_envelope_span_ns": 276601,
        "variant": 0
      },
      {
        "collective_only": {
          "local_ms": 0.04041599854826927,
          "rank_max_ms": 0.058848001062870026,
          "rank_ms": [
            0.04041599854826927,
            0.058848001062870026,
            0.03612799942493439,
            0.04387199878692627
          ]
        },
        "pair_attempt_id": 6,
        "pair_retry_ordinal": 0,
        "position": 0,
        "readiness_probe_exact": true,
        "ready_region": {
          "local_ms": 0.17020800709724426,
          "rank_max_ms": 0.17020800709724426,
          "rank_ms": [
            0.17020800709724426,
            0.13254399597644806,
            0.16627199947834015,
            0.16176000237464905
          ]
        },
        "sample_index": 6,
        "scheduled_start_arrival_ns_by_rank": [
          744781679389486,
          744781678576483,
          744781678802826,
          744781679562797
        ],
        "scheduled_start_target_ns_by_rank": [
          744781684562797,
          744781684562797,
          744781684562797,
          744781684562797
        ],
        "start_record_bracket_ns_by_rank": [
          [
            744781684563660,
            744781684598652
          ],
          [
            744781684563271,
            744781684582045
          ],
          [
            744781684563966,
            744781684603915
          ],
          [
            744781684563574,
            744781684595606
          ]
        ],
        "start_record_envelope_span_ns": 40644,
        "variant": 1
      },
      {
        "collective_only": {
          "local_ms": 0.07311999797821045,
          "rank_max_ms": 0.08646400272846222,
          "rank_ms": [
            0.07311999797821045,
            0.08646400272846222,
            0.04217600077390671,
            0.07347200065851212
          ]
        },
        "pair_attempt_id": 8,
        "pair_retry_ordinal": 1,
        "position": 1,
        "readiness_probe_exact": true,
        "ready_region": {
          "local_ms": 0.1857919991016388,
          "rank_max_ms": 0.1945600062608719,
          "rank_ms": [
            0.1857919991016388,
            0.16368000209331512,
            0.17689600586891174,
            0.1945600062608719
          ]
        },
        "sample_index": 7,
        "scheduled_start_arrival_ns_by_rank": [
          744781740938753,
          744781741155996,
          744781741137925,
          744781741063799
        ],
        "scheduled_start_target_ns_by_rank": [
          744781746155996,
          744781746155996,
          744781746155996,
          744781746155996
        ],
        "start_record_bracket_ns_by_rank": [
          [
            744781746156817,
            744781746192028
          ],
          [
            744781746156469,
            744781746177822
          ],
          [
            744781746157237,
            744781746224344
          ],
          [
            744781746156855,
            744781746191805
          ]
        ],
        "start_record_envelope_span_ns": 67875,
        "variant": 1
      },
      {
        "collective_only": {
          "local_ms": 0.037408001720905304,
          "rank_max_ms": 0.050912000238895416,
          "rank_ms": [
            0.037408001720905304,
            0.050912000238895416,
            0.03372799977660179,
            0.03824000060558319
          ]
        },
        "pair_attempt_id": 10,
        "pair_retry_ordinal": 1,
        "position": 0,
        "readiness_probe_exact": true,
        "ready_region": {
          "local_ms": 0.13100799918174744,
          "rank_max_ms": 0.15263999998569489,
          "rank_ms": [
            0.13100799918174744,
            0.12099199742078781,
            0.13023999333381653,
            0.15263999998569489
          ]
        },
        "sample_index": 8,
        "scheduled_start_arrival_ns_by_rank": [
          744781774071118,
          744781774039795,
          744781774101131,
          744781774389346
        ],
        "scheduled_start_target_ns_by_rank": [
          744781779389346,
          744781779389346,
          744781779389346,
          744781779389346
        ],
        "start_record_bracket_ns_by_rank": [
          [
            744781779389940,
            744781779418619
          ],
          [
            744781779389930,
            744781779407458
          ],
          [
            744781779389977,
            744781779424141
          ],
          [
            744781779390283,
            744781779420982
          ]
        ],
        "start_record_envelope_span_ns": 34211,
        "variant": 1
      },
      {
        "collective_only": {
          "local_ms": 0.049984000623226166,
          "rank_max_ms": 0.06796800345182419,
          "rank_ms": [
            0.049984000623226166,
            0.06796800345182419,
            0.04179200157523155,
            0.05443200096487999
          ]
        },
        "pair_attempt_id": 11,
        "pair_retry_ordinal": 0,
        "position": 1,
        "readiness_probe_exact": true,
        "ready_region": {
          "local_ms": 0.15907199680805206,
          "rank_max_ms": 0.18563200533390045,
          "rank_ms": [
            0.15907199680805206,
            0.1504639983177185,
            0.18563200533390045,
            0.1775359958410263
          ]
        },
        "sample_index": 9,
        "scheduled_start_arrival_ns_by_rank": [
          744781807116711,
          744781806752094,
          744781807244260,
          744781807168828
        ],
        "scheduled_start_target_ns_by_rank": [
          744781812244260,
          744781812244260,
          744781812244260,
          744781812244260
        ],
        "start_record_bracket_ns_by_rank": [
          [
            744781812244875,
            744781812284088
          ],
          [
            744781812244843,
            744781812267856
          ],
          [
            744781812245974,
            744781812292290
          ],
          [
            744781812245111,
            744781812279971
          ]
        ],
        "start_record_envelope_span_ns": 47447,
        "variant": 0
      },
      {
        "collective_only": {
          "local_ms": 0.04355200007557869,
          "rank_max_ms": 0.06691200286149979,
          "rank_ms": [
            0.04355200007557869,
            0.06691200286149979,
            0.041280001401901245,
            0.05036799982190132
          ]
        },
        "pair_attempt_id": 12,
        "pair_retry_ordinal": 0,
        "position": 0,
        "readiness_probe_exact": true,
        "ready_region": {
          "local_ms": 0.21289600431919098,
          "rank_max_ms": 0.21289600431919098,
          "rank_ms": [
            0.21289600431919098,
            0.15699200332164764,
            0.19036799669265747,
            0.19203199446201324
          ]
        },
        "sample_index": 10,
        "scheduled_start_arrival_ns_by_rank": [
          744781819446893,
          744781818884232,
          744781819054079,
          744781819025228
        ],
        "scheduled_start_target_ns_by_rank": [
          744781824446893,
          744781824446893,
          744781824446893,
          744781824446893
        ],
        "start_record_bracket_ns_by_rank": [
          [
            744781824447938,
            744781824493508
          ],
          [
            744781824447515,
            744781824471787
          ],
          [
            744781824447987,
            744781824496170
          ],
          [
            744781824448022,
            744781824487411
          ]
        ],
        "start_record_envelope_span_ns": 48655,
        "variant": 1
      },
      {
        "collective_only": {
          "local_ms": 0.04303999990224838,
          "rank_max_ms": 0.06092799827456474,
          "rank_ms": [
            0.04303999990224838,
            0.06092799827456474,
            0.03999999910593033,
            0.05212799832224846
          ]
        },
        "pair_attempt_id": 13,
        "pair_retry_ordinal": 0,
        "position": 1,
        "readiness_probe_exact": true,
        "ready_region": {
          "local_ms": 0.18451200425624847,
          "rank_max_ms": 0.18451200425624847,
          "rank_ms": [
            0.18451200425624847,
            0.14895999431610107,
            0.171424001455307,
            0.16572800278663635
          ]
        },
        "sample_index": 11,
        "scheduled_start_arrival_ns_by_rank": [
          744781854723159,
          744781854152908,
          744781854406705,
          744781854504347
        ],
        "scheduled_start_target_ns_by_rank": [
          744781859723159,
          744781859723159,
          744781859723159,
          744781859723159
        ],
        "start_record_bracket_ns_by_rank": [
          [
            744781859725420,
            744781859766974
          ],
          [
            744781859723633,
            744781859747897
          ],
          [
            744781859725015,
            744781859769493
          ],
          [
            744781859724256,
            744781859756800
          ]
        ],
        "start_record_envelope_span_ns": 45860,
        "variant": 0
      },
      {
        "collective_only": {
          "local_ms": 0.04473600164055824,
          "rank_max_ms": 0.06441599875688553,
          "rank_ms": [
            0.04473600164055824,
            0.06441599875688553,
            0.0398080013692379,
            0.049215998500585556
          ]
        },
        "pair_attempt_id": 15,
        "pair_retry_ordinal": 1,
        "position": 0,
        "readiness_probe_exact": true,
        "ready_region": {
          "local_ms": 0.19020800292491913,
          "rank_max_ms": 0.19020800292491913,
          "rank_ms": [
            0.19020800292491913,
            0.14633600413799286,
            0.17820799350738525,
            0.18483200669288635
          ]
        },
        "sample_index": 12,
        "scheduled_start_arrival_ns_by_rank": [
          744781888982769,
          744781888766069,
          744781888743352,
          744781889268157
        ],
        "scheduled_start_target_ns_by_rank": [
          744781894268157,
          744781894268157,
          744781894268157,
          744781894268157
        ],
        "start_record_bracket_ns_by_rank": [
          [
            744781894269102,
            744781894310260
          ],
          [
            744781894268708,
            744781894290361
          ],
          [
            744781894269300,
            744781894315881
          ],
          [
            744781894269065,
            744781894307225
          ]
        ],
        "start_record_envelope_span_ns": 47173,
        "variant": 0
      },
      {
        "collective_only": {
          "local_ms": 0.0390079990029335,
          "rank_max_ms": 0.06307200342416763,
          "rank_ms": [
            0.0390079990029335,
            0.06307200342416763,
            0.045152001082897186,
            0.04726399853825569
          ]
        },
        "pair_attempt_id": 16,
        "pair_retry_ordinal": 0,
        "position": 1,
        "readiness_probe_exact": true,
        "ready_region": {
          "local_ms": 0.23798400163650513,
          "rank_max_ms": 0.23798400163650513,
          "rank_ms": [
            0.23798400163650513,
            0.17715199291706085,
            0.178847998380661,
            0.22854399681091309
          ]
        },
        "sample_index": 13,
        "scheduled_start_arrival_ns_by_rank": [
          744781925892442,
          744781925353204,
          744781925267321,
          744781925567554
        ],
        "scheduled_start_target_ns_by_rank": [
          744781930892442,
          744781930892442,
          744781930892442,
          744781930892442
        ],
        "start_record_bracket_ns_by_rank": [
          [
            744781930893390,
            744781930938104
          ],
          [
            744781930892875,
            744781930915444
          ],
          [
            744781930892913,
            744781930935521
          ],
          [
            744781930893266,
            744781930932710
          ]
        ],
        "start_record_envelope_span_ns": 45229,
        "variant": 1
      },
      {
        "collective_only": {
          "local_ms": 0.03824000060558319,
          "rank_max_ms": 0.057023998349905014,
          "rank_ms": [
            0.03824000060558319,
            0.057023998349905014,
            0.035679999738931656,
            0.04156799986958504
          ]
        },
        "pair_attempt_id": 17,
        "pair_retry_ordinal": 0,
        "position": 0,
        "readiness_probe_exact": true,
        "ready_region": {
          "local_ms": 0.19673599302768707,
          "rank_max_ms": 0.19673599302768707,
          "rank_ms": [
            0.19673599302768707,
            0.15481600165367126,
            0.1603199988603592,
            0.19433599710464478
          ]
        },
        "sample_index": 14,
        "scheduled_start_arrival_ns_by_rank": [
          744781935635292,
          744781935651246,
          744781936112464,
          744781936062760
        ],
        "scheduled_start_target_ns_by_rank": [
          744781941112464,
          744781941112464,
          744781941112464,
          744781941112464
        ],
        "start_record_bracket_ns_by_rank": [
          [
            744781941113291,
            744781941151024
          ],
          [
            744781941113016,
            744781941132498
          ],
          [
            744781941112956,
            744781941152679
          ],
          [
            744781941113311,
            744781941147364
          ]
        ],
        "start_record_envelope_span_ns": 39723,
        "variant": 0
      },
      {
        "collective_only": {
          "local_ms": 0.09401600062847137,
          "rank_max_ms": 0.10812799632549286,
          "rank_ms": [
            0.09401600062847137,
            0.015296000055968761,
            0.09731200337409973,
            0.10812799632549286
          ]
        },
        "pair_attempt_id": 18,
        "pair_retry_ordinal": 0,
        "position": 1,
        "readiness_probe_exact": true,
        "ready_region": {
          "local_ms": 0.19855999946594238,
          "rank_max_ms": 0.19855999946594238,
          "rank_ms": [
            0.19855999946594238,
            0.06403200328350067,
            0.19407999515533447,
            0.19247999787330627
          ]
        },
        "sample_index": 15,
        "scheduled_start_arrival_ns_by_rank": [
          744781968164145,
          744781967803153,
          744781968337906,
          744781968346937
        ],
        "scheduled_start_target_ns_by_rank": [
          744781973346937,
          744781973346937,
          744781973346937,
          744781973346937
        ],
        "start_record_bracket_ns_by_rank": [
          [
            744781973348239,
            744781973396995
          ],
          [
            744781973347407,
            744781973373319
          ],
          [
            744781973348564,
            744781973398787
          ],
          [
            744781973347965,
            744781973386898
          ]
        ],
        "start_record_envelope_span_ns": 51380,
        "variant": 1
      },
      {
        "collective_only": {
          "local_ms": 0.03433600068092346,
          "rank_max_ms": 0.04495999962091446,
          "rank_ms": [
            0.03433600068092346,
            0.04495999962091446,
            0.030751999467611313,
            0.03548799827694893
          ]
        },
        "pair_attempt_id": 20,
        "pair_retry_ordinal": 1,
        "position": 0,
        "readiness_probe_exact": true,
        "ready_region": {
          "local_ms": 0.1446080058813095,
          "rank_max_ms": 0.1446080058813095,
          "rank_ms": [
            0.1446080058813095,
            0.12012799829244614,
            0.12310399860143661,
            0.14348800480365753
          ]
        },
        "sample_index": 16,
        "scheduled_start_arrival_ns_by_rank": [
          744782007181347,
          744782006962606,
          744782007188970,
          744782007096544
        ],
        "scheduled_start_target_ns_by_rank": [
          744782012188970,
          744782012188970,
          744782012188970,
          744782012188970
        ],
        "start_record_bracket_ns_by_rank": [
          [
            744782012189785,
            744782012227213
          ],
          [
            744782012189542,
            744782012217682
          ],
          [
            744782012189507,
            744782012229750
          ],
          [
            744782012189761,
            744782012227593
          ]
        ],
        "start_record_envelope_span_ns": 40243,
        "variant": 1
      },
      {
        "collective_only": {
          "local_ms": 0.05145600065588951,
          "rank_max_ms": 0.06611199676990509,
          "rank_ms": [
            0.05145600065588951,
            0.06611199676990509,
            0.041439998894929886,
            0.055296000093221664
          ]
        },
        "pair_attempt_id": 22,
        "pair_retry_ordinal": 1,
        "position": 1,
        "readiness_probe_exact": true,
        "ready_region": {
          "local_ms": 0.19711999595165253,
          "rank_max_ms": 0.19711999595165253,
          "rank_ms": [
            0.19711999595165253,
            0.15673600137233734,
            0.1966720074415207,
            0.18969599902629852
          ]
        },
        "sample_index": 17,
        "scheduled_start_arrival_ns_by_rank": [
          744782074058313,
          744782073469246,
          744782073788399,
          744782073413762
        ],
        "scheduled_start_target_ns_by_rank": [
          744782079058313,
          744782079058313,
          744782079058313,
          744782079058313
        ],
        "start_record_bracket_ns_by_rank": [
          [
            744782079059504,
            744782079095152
          ],
          [
            744782079058877,
            744782079079788
          ],
          [
            744782079060030,
            744782079105564
          ],
          [
            744782079059167,
            744782079091021
          ]
        ],
        "start_record_envelope_span_ns": 46687,
        "variant": 1
      },
      {
        "collective_only": {
          "local_ms": 0.10742399841547012,
          "rank_max_ms": 0.11257600039243698,
          "rank_ms": [
            0.10742399841547012,
            0.014527999795973301,
            0.10505600273609161,
            0.11257600039243698
          ]
        },
        "pair_attempt_id": 23,
        "pair_retry_ordinal": 0,
        "position": 0,
        "readiness_probe_exact": true,
        "ready_region": {
          "local_ms": 0.15199999511241913,
          "rank_max_ms": 0.15199999511241913,
          "rank_ms": [
            0.15199999511241913,
            0.02864000014960766,
            0.14508800208568573,
            0.13760000467300415
          ]
        },
        "sample_index": 18,
        "scheduled_start_arrival_ns_by_rank": [
          744782083478383,
          744782082923689,
          744782083150656,
          744782083378768
        ],
        "scheduled_start_target_ns_by_rank": [
          744782088478383,
          744782088478383,
          744782088478383,
          744782088478383
        ],
        "start_record_bracket_ns_by_rank": [
          [
            744782088479190,
            744782088510091
          ],
          [
            744782088478965,
            744782088497845
          ],
          [
            744782088479271,
            744782088514437
          ],
          [
            744782088479046,
            744782088505398
          ]
        ],
        "start_record_envelope_span_ns": 35472,
        "variant": 0
      },
      {
        "collective_only": {
          "local_ms": 0.03939199820160866,
          "rank_max_ms": 0.05718399956822395,
          "rank_ms": [
            0.03939199820160866,
            0.05718399956822395,
            0.03606399893760681,
            0.05593600124120712
          ]
        },
        "pair_attempt_id": 24,
        "pair_retry_ordinal": 0,
        "position": 1,
        "readiness_probe_exact": true,
        "ready_region": {
          "local_ms": 0.15481600165367126,
          "rank_max_ms": 0.155008003115654,
          "rank_ms": [
            0.15481600165367126,
            0.12217599898576736,
            0.155008003115654,
            0.12009599804878235
          ]
        },
        "sample_index": 19,
        "scheduled_start_arrival_ns_by_rank": [
          744782111340551,
          744782110355302,
          744782111116338,
          744782111264165
        ],
        "scheduled_start_target_ns_by_rank": [
          744782116340551,
          744782116340551,
          744782116340551,
          744782116340551
        ],
        "start_record_bracket_ns_by_rank": [
          [
            744782116345266,
            744782116378019
          ],
          [
            744782116341026,
            744782116360800
          ],
          [
            744782116342151,
            744782116380713
          ],
          [
            744782116341004,
            744782116361419
          ]
        ],
        "start_record_envelope_span_ns": 39709,
        "variant": 1
      },
      {
        "collective_only": {
          "local_ms": 0.04790399968624115,
          "rank_max_ms": 0.07103999704122543,
          "rank_ms": [
            0.04790399968624115,
            0.07103999704122543,
            0.043327998369932175,
            0.06815999746322632
          ]
        },
        "pair_attempt_id": 25,
        "pair_retry_ordinal": 0,
        "position": 0,
        "readiness_probe_exact": true,
        "ready_region": {
          "local_ms": 0.19465599954128265,
          "rank_max_ms": 0.19881600141525269,
          "rank_ms": [
            0.19465599954128265,
            0.15875199437141418,
            0.19881600141525269,
            0.1348160058259964
          ]
        },
        "sample_index": 20,
        "scheduled_start_arrival_ns_by_rank": [
          744782119662128,
          744782119092167,
          744782119481005,
          744782118722035
        ],
        "scheduled_start_target_ns_by_rank": [
          744782124662128,
          744782124662128,
          744782124662128,
          744782124662128
        ],
        "start_record_bracket_ns_by_rank": [
          [
            744782124663576,
            744782124706801
          ],
          [
            744782124662731,
            744782124682852
          ],
          [
            744782124663189,
            744782124710955
          ],
          [
            744782124662639,
            744782124685607
          ]
        ],
        "start_record_envelope_span_ns": 48316,
        "variant": 0
      },
      {
        "collective_only": {
          "local_ms": 0.03711999952793121,
          "rank_max_ms": 0.05443200096487999,
          "rank_ms": [
            0.03711999952793121,
            0.05443200096487999,
            0.0432640016078949,
            0.04665600135922432
          ]
        },
        "pair_attempt_id": 26,
        "pair_retry_ordinal": 0,
        "position": 1,
        "readiness_probe_exact": true,
        "ready_region": {
          "local_ms": 0.1927040070295334,
          "rank_max_ms": 0.1927040070295334,
          "rank_ms": [
            0.1927040070295334,
            0.16995200514793396,
            0.1648000031709671,
            0.1541759967803955
          ]
        },
        "sample_index": 21,
        "scheduled_start_arrival_ns_by_rank": [
          744782148217426,
          744782148288938,
          744782148180146,
          744782147619955
        ],
        "scheduled_start_target_ns_by_rank": [
          744782153288938,
          744782153288938,
          744782153288938,
          744782153288938
        ],
        "start_record_bracket_ns_by_rank": [
          [
            744782153290194,
            744782153332097
          ],
          [
            744782153289545,
            744782153317314
          ],
          [
            744782153290004,
            744782153328768
          ],
          [
            744782153289715,
            744782153320214
          ]
        ],
        "start_record_envelope_span_ns": 42552,
        "variant": 1
      },
      {
        "collective_only": {
          "local_ms": 0.034912001341581345,
          "rank_max_ms": 0.05478399991989136,
          "rank_ms": [
            0.034912001341581345,
            0.05478399991989136,
            0.044863998889923096,
            0.0395519994199276
          ]
        },
        "pair_attempt_id": 27,
        "pair_retry_ordinal": 0,
        "position": 0,
        "readiness_probe_exact": true,
        "ready_region": {
          "local_ms": 0.17363199591636658,
          "rank_max_ms": 0.17721599340438843,
          "rank_ms": [
            0.17363199591636658,
            0.14368000626564026,
            0.1470080018043518,
            0.17721599340438843
          ]
        },
        "sample_index": 22,
        "scheduled_start_arrival_ns_by_rank": [
          744782158271234,
          744782157880595,
          744782158127584,
          744782158076489
        ],
        "scheduled_start_target_ns_by_rank": [
          744782163271234,
          744782163271234,
          744782163271234,
          744782163271234
        ],
        "start_record_bracket_ns_by_rank": [
          [
            744782163272089,
            744782163311182
          ],
          [
            744782163271754,
            744782163292833
          ],
          [
            744782163271844,
            744782163303118
          ],
          [
            744782163272350,
            744782163307623
          ]
        ],
        "start_record_envelope_span_ns": 39428,
        "variant": 0
      },
      {
        "collective_only": {
          "local_ms": 0.048128001391887665,
          "rank_max_ms": 0.0674239993095398,
          "rank_ms": [
            0.048128001391887665,
            0.066880002617836,
            0.047488000243902206,
            0.0674239993095398
          ]
        },
        "pair_attempt_id": 28,
        "pair_retry_ordinal": 0,
        "position": 1,
        "readiness_probe_exact": true,
        "ready_region": {
          "local_ms": 0.18956799805164337,
          "rank_max_ms": 0.18956799805164337,
          "rank_ms": [
            0.18956799805164337,
            0.1566080003976822,
            0.1785919964313507,
            0.14326399564743042
          ]
        },
        "sample_index": 23,
        "scheduled_start_arrival_ns_by_rank": [
          744782185935002,
          744782185741785,
          744782185485902,
          744782185514502
        ],
        "scheduled_start_target_ns_by_rank": [
          744782190935002,
          744782190935002,
          744782190935002,
          744782190935002
        ],
        "start_record_bracket_ns_by_rank": [
          [
            744782190936128,
            744782190974384
          ],
          [
            744782190935540,
            744782190959925
          ],
          [
            744782190936383,
            744782190978985
          ],
          [
            744782190935500,
            744782190957258
          ]
        ],
        "start_record_envelope_span_ns": 43485,
        "variant": 1
      },
      {
        "collective_only": {
          "local_ms": 0.04473600164055824,
          "rank_max_ms": 0.05875200033187866,
          "rank_ms": [
            0.04473600164055824,
            0.05363199859857559,
            0.03670400008559227,
            0.05875200033187866
          ]
        },
        "pair_attempt_id": 29,
        "pair_retry_ordinal": 0,
        "position": 0,
        "readiness_probe_exact": true,
        "ready_region": {
          "local_ms": 0.1857600063085556,
          "rank_max_ms": 0.1857600063085556,
          "rank_ms": [
            0.1857600063085556,
            0.15939199924468994,
            0.18041600286960602,
            0.1382720023393631
          ]
        },
        "sample_index": 24,
        "scheduled_start_arrival_ns_by_rank": [
          744782196056479,
          744782195775097,
          744782195749344,
          744782195291331
        ],
        "scheduled_start_target_ns_by_rank": [
          744782201056479,
          744782201056479,
          744782201056479,
          744782201056479
        ],
        "start_record_bracket_ns_by_rank": [
          [
            744782201057289,
            744782201090435
          ],
          [
            744782201057054,
            744782201081875
          ],
          [
            744782201057312,
            744782201097380
          ],
          [
            744782201057013,
            744782201076980
          ]
        ],
        "start_record_envelope_span_ns": 40367,
        "variant": 0
      },
      {
        "collective_only": {
          "local_ms": 0.04681599885225296,
          "rank_max_ms": 0.06233600154519081,
          "rank_ms": [
            0.04681599885225296,
            0.06233600154519081,
            0.04073600098490715,
            0.048128001391887665
          ]
        },
        "pair_attempt_id": 30,
        "pair_retry_ordinal": 0,
        "position": 1,
        "readiness_probe_exact": true,
        "ready_region": {
          "local_ms": 0.1818239986896515,
          "rank_max_ms": 0.1818239986896515,
          "rank_ms": [
            0.1818239986896515,
            0.14032000303268433,
            0.17481599748134613,
            0.17497600615024567
          ]
        },
        "sample_index": 25,
        "scheduled_start_arrival_ns_by_rank": [
          744782224121570,
          744782223877565,
          744782224697520,
          744782224503700
        ],
        "scheduled_start_target_ns_by_rank": [
          744782229697520,
          744782229697520,
          744782229697520,
          744782229697520
        ],
        "start_record_bracket_ns_by_rank": [
          [
            744782229698760,
            744782229734787
          ],
          [
            744782229698060,
            744782229720705
          ],
          [
            744782229698597,
            744782229742510
          ],
          [
            744782229698568,
            744782229734048
          ]
        ],
        "start_record_envelope_span_ns": 44450,
        "variant": 1
      },
      {
        "collective_only": {
          "local_ms": 0.061503998935222626,
          "rank_max_ms": 0.0923520028591156,
          "rank_ms": [
            0.061503998935222626,
            0.0923520028591156,
            0.05145600065588951,
            0.061983998864889145
          ]
        },
        "pair_attempt_id": 31,
        "pair_retry_ordinal": 0,
        "position": 0,
        "readiness_probe_exact": true,
        "ready_region": {
          "local_ms": 0.2146880030632019,
          "rank_max_ms": 0.22537599503993988,
          "rank_ms": [
            0.2146880030632019,
            0.16438399255275726,
            0.22537599503993988,
            0.20895999670028687
          ]
        },
        "sample_index": 26,
        "scheduled_start_arrival_ns_by_rank": [
          744782233971950,
          744782233584621,
          744782233690929,
          744782233945320
        ],
        "scheduled_start_target_ns_by_rank": [
          744782238971950,
          744782238971950,
          744782238971950,
          744782238971950
        ],
        "start_record_bracket_ns_by_rank": [
          [
            744782238973103,
            744782239026727
          ],
          [
            744782238972559,
            744782238995919
          ],
          [
            744782238972979,
            744782239040375
          ],
          [
            744782238973129,
            744782239025618
          ]
        ],
        "start_record_envelope_span_ns": 67816,
        "variant": 0
      },
      {
        "collective_only": {
          "local_ms": 0.042527999728918076,
          "rank_max_ms": 0.062431998550891876,
          "rank_ms": [
            0.042527999728918076,
            0.062431998550891876,
            0.04044799879193306,
            0.05104000121355057
          ]
        },
        "pair_attempt_id": 32,
        "pair_retry_ordinal": 0,
        "position": 1,
        "readiness_probe_exact": true,
        "ready_region": {
          "local_ms": 0.1788800060749054,
          "rank_max_ms": 0.1788800060749054,
          "rank_ms": [
            0.1788800060749054,
            0.1425279974937439,
            0.17369599640369415,
            0.16569599509239197
          ]
        },
        "sample_index": 27,
        "scheduled_start_arrival_ns_by_rank": [
          744782264272873,
          744782263404593,
          744782264396369,
          744782264232610
        ],
        "scheduled_start_target_ns_by_rank": [
          744782269396369,
          744782269396369,
          744782269396369,
          744782269396369
        ],
        "start_record_bracket_ns_by_rank": [
          [
            744782269397780,
            744782269436332
          ],
          [
            744782269396830,
            744782269418045
          ],
          [
            744782269397592,
            744782269440332
          ],
          [
            744782269397520,
            744782269429734
          ]
        ],
        "start_record_envelope_span_ns": 43502,
        "variant": 1
      },
      {
        "collective_only": {
          "local_ms": 0.05430399999022484,
          "rank_max_ms": 0.07036799937486649,
          "rank_ms": [
            0.05430399999022484,
            0.07036799937486649,
            0.05132799968123436,
            0.054816000163555145
          ]
        },
        "pair_attempt_id": 33,
        "pair_retry_ordinal": 0,
        "position": 0,
        "readiness_probe_exact": true,
        "ready_region": {
          "local_ms": 0.1817599982023239,
          "rank_max_ms": 0.19065600633621216,
          "rank_ms": [
            0.1817599982023239,
            0.15824000537395477,
            0.1812479943037033,
            0.19065600633621216
          ]
        },
        "sample_index": 28,
        "scheduled_start_arrival_ns_by_rank": [
          744782274768484,
          744782274610071,
          744782274785765,
          744782274933231
        ],
        "scheduled_start_target_ns_by_rank": [
          744782279933231,
          744782279933231,
          744782279933231,
          744782279933231
        ],
        "start_record_bracket_ns_by_rank": [
          [
            744782279934046,
            744782279970709
          ],
          [
            744782279933811,
            744782279955132
          ],
          [
            744782279934216,
            744782279975268
          ],
          [
            744782279934110,
            744782279969320
          ]
        ],
        "start_record_envelope_span_ns": 41457,
        "variant": 0
      },
      {
        "collective_only": {
          "local_ms": 0.047488000243902206,
          "rank_max_ms": 0.06310400366783142,
          "rank_ms": [
            0.047488000243902206,
            0.06310400366783142,
            0.0435199998319149,
            0.04806400090456009
          ]
        },
        "pair_attempt_id": 34,
        "pair_retry_ordinal": 0,
        "position": 1,
        "readiness_probe_exact": true,
        "ready_region": {
          "local_ms": 0.21990400552749634,
          "rank_max_ms": 0.21990400552749634,
          "rank_ms": [
            0.21990400552749634,
            0.1679999977350235,
            0.20073600113391876,
            0.20905600488185883
          ]
        },
        "sample_index": 29,
        "scheduled_start_arrival_ns_by_rank": [
          744782306396342,
          744782306941252,
          744782307598323,
          744782307149112
        ],
        "scheduled_start_target_ns_by_rank": [
          744782312598323,
          744782312598323,
          744782312598323,
          744782312598323
        ],
        "start_record_bracket_ns_by_rank": [
          [
            744782312599585,
            744782312644339
          ],
          [
            744782312598863,
            744782312628746
          ],
          [
            744782312599691,
            744782312650065
          ],
          [
            744782312600446,
            744782312645534
          ]
        ],
        "start_record_envelope_span_ns": 51202,
        "variant": 1
      },
      {
        "collective_only": {
          "local_ms": 0.03916800022125244,
          "rank_max_ms": 0.05651199817657471,
          "rank_ms": [
            0.03916800022125244,
            0.05651199817657471,
            0.03673600032925606,
            0.04211200028657913
          ]
        },
        "pair_attempt_id": 35,
        "pair_retry_ordinal": 0,
        "position": 0,
        "readiness_probe_exact": true,
        "ready_region": {
          "local_ms": 0.1730239987373352,
          "rank_max_ms": 0.1730239987373352,
          "rank_ms": [
            0.1730239987373352,
            0.13740800321102142,
            0.14883199334144592,
            0.171424001455307
          ]
        },
        "sample_index": 30,
        "scheduled_start_arrival_ns_by_rank": [
          744782319527649,
          744782318841879,
          744782319466934,
          744782319343884
        ],
        "scheduled_start_target_ns_by_rank": [
          744782324527649,
          744782324527649,
          744782324527649,
          744782324527649
        ],
        "start_record_bracket_ns_by_rank": [
          [
            744782324528366,
            744782324566797
          ],
          [
            744782324528260,
            744782324549551
          ],
          [
            744782324528292,
            744782324569004
          ],
          [
            744782324528587,
            744782324563569
          ]
        ],
        "start_record_envelope_span_ns": 40744,
        "variant": 0
      },
      {
        "collective_only": {
          "local_ms": 0.0506879985332489,
          "rank_max_ms": 0.06937599927186966,
          "rank_ms": [
            0.0506879985332489,
            0.06937599927186966,
            0.0427200011909008,
            0.05427199974656105
          ]
        },
        "pair_attempt_id": 36,
        "pair_retry_ordinal": 0,
        "position": 1,
        "readiness_probe_exact": true,
        "ready_region": {
          "local_ms": 0.1961279958486557,
          "rank_max_ms": 0.1990080028772354,
          "rank_ms": [
            0.1961279958486557,
            0.15574400126934052,
            0.1961279958486557,
            0.1990080028772354
          ]
        },
        "sample_index": 31,
        "scheduled_start_arrival_ns_by_rank": [
          744782351534214,
          744782350537289,
          744782350878382,
          744782350891842
        ],
        "scheduled_start_target_ns_by_rank": [
          744782356534214,
          744782356534214,
          744782356534214,
          744782356534214
        ],
        "start_record_bracket_ns_by_rank": [
          [
            744782356535544,
            744782356578154
          ],
          [
            744782356534657,
            744782356559642
          ],
          [
            744782356535544,
            744782356586762
          ],
          [
            744782356535254,
            744782356576570
          ]
        ],
        "start_record_envelope_span_ns": 52105,
        "variant": 1
      },
      {
        "collective_only": {
          "local_ms": 0.044224001467227936,
          "rank_max_ms": 0.060127999633550644,
          "rank_ms": [
            0.044224001467227936,
            0.060127999633550644,
            0.03728000074625015,
            0.04633599892258644
          ]
        },
        "pair_attempt_id": 37,
        "pair_retry_ordinal": 0,
        "position": 0,
        "readiness_probe_exact": true,
        "ready_region": {
          "local_ms": 0.16732800006866455,
          "rank_max_ms": 0.16732800006866455,
          "rank_ms": [
            0.16732800006866455,
            0.1377599984407425,
            0.16678400337696075,
            0.16409599781036377
          ]
        },
        "sample_index": 32,
        "scheduled_start_arrival_ns_by_rank": [
          744782362536666,
          744782362319439,
          744782362383004,
          744782362648235
        ],
        "scheduled_start_target_ns_by_rank": [
          744782367648235,
          744782367648235,
          744782367648235,
          744782367648235
        ],
        "start_record_bracket_ns_by_rank": [
          [
            744782367649033,
            744782367683633
          ],
          [
            744782367648843,
            744782367669527
          ],
          [
            744782367649218,
            744782367691027
          ],
          [
            744782367649030,
            744782367681601
          ]
        ],
        "start_record_envelope_span_ns": 42184,
        "variant": 0
      },
      {
        "collective_only": {
          "local_ms": 0.05363199859857559,
          "rank_max_ms": 0.07353600114583969,
          "rank_ms": [
            0.05363199859857559,
            0.07264000177383423,
            0.04390399903059006,
            0.07353600114583969
          ]
        },
        "pair_attempt_id": 39,
        "pair_retry_ordinal": 1,
        "position": 1,
        "readiness_probe_exact": true,
        "ready_region": {
          "local_ms": 0.1842239946126938,
          "rank_max_ms": 0.20377600193023682,
          "rank_ms": [
            0.1842239946126938,
            0.16038399934768677,
            0.20377600193023682,
            0.14188799262046814
          ]
        },
        "sample_index": 33,
        "scheduled_start_arrival_ns_by_rank": [
          744782419821723,
          744782419711745,
          744782420086852,
          744782419690113
        ],
        "scheduled_start_target_ns_by_rank": [
          744782425086852,
          744782425086852,
          744782425086852,
          744782425086852
        ],
        "start_record_bracket_ns_by_rank": [
          [
            744782425087924,
            744782425124921
          ],
          [
            744782425087304,
            744782425107529
          ],
          [
            744782425088436,
            744782425138004
          ],
          [
            744782425087338,
            744782425107681
          ]
        ],
        "start_record_envelope_span_ns": 50700,
        "variant": 0
      },
      {
        "collective_only": {
          "local_ms": 0.04134399816393852,
          "rank_max_ms": 0.056671999394893646,
          "rank_ms": [
            0.04134399816393852,
            0.056671999394893646,
            0.03596799820661545,
            0.054496001452207565
          ]
        },
        "pair_attempt_id": 40,
        "pair_retry_ordinal": 0,
        "position": 0,
        "readiness_probe_exact": true,
        "ready_region": {
          "local_ms": 0.1807039976119995,
          "rank_max_ms": 0.1807039976119995,
          "rank_ms": [
            0.1807039976119995,
            0.15984000265598297,
            0.17219200730323792,
            0.13526399433612823
          ]
        },
        "sample_index": 34,
        "scheduled_start_arrival_ns_by_rank": [
          744782431258411,
          744782430901912,
          744782430740559,
          744782430697589
        ],
        "scheduled_start_target_ns_by_rank": [
          744782436258411,
          744782436258411,
          744782436258411,
          744782436258411
        ],
        "start_record_bracket_ns_by_rank": [
          [
            744782436259299,
            744782436296038
          ],
          [
            744782436258980,
            744782436280394
          ],
          [
            744782436259408,
            744782436300078
          ],
          [
            744782436258865,
            744782436282148
          ]
        ],
        "start_record_envelope_span_ns": 41213,
        "variant": 1
      },
      {
        "collective_only": {
          "local_ms": 0.0517439991235733,
          "rank_max_ms": 0.07145600020885468,
          "rank_ms": [
            0.0517439991235733,
            0.07145600020885468,
            0.042847998440265656,
            0.056352000683546066
          ]
        },
        "pair_attempt_id": 41,
        "pair_retry_ordinal": 0,
        "position": 1,
        "readiness_probe_exact": true,
        "ready_region": {
          "local_ms": 0.20720000565052032,
          "rank_max_ms": 0.20720000565052032,
          "rank_ms": [
            0.20720000565052032,
            0.1661120057106018,
            0.20179200172424316,
            0.1955839991569519
          ]
        },
        "sample_index": 35,
        "scheduled_start_arrival_ns_by_rank": [
          744782467181639,
          744782466640819,
          744782467235416,
          744782467048846
        ],
        "scheduled_start_target_ns_by_rank": [
          744782472235416,
          744782472235416,
          744782472235416,
          744782472235416
        ],
        "start_record_bracket_ns_by_rank": [
          [
            744782472236676,
            744782472281709
          ],
          [
            744782472235934,
            744782472260945
          ],
          [
            744782472237161,
            744782472289548
          ],
          [
            744782472236515,
            744782472276567
          ]
        ],
        "start_record_envelope_span_ns": 53614,
        "variant": 0
      },
      {
        "collective_only": {
          "local_ms": 0.04524800181388855,
          "rank_max_ms": 0.06428799778223038,
          "rank_ms": [
            0.04524800181388855,
            0.06428799778223038,
            0.040192000567913055,
            0.04739199951291084
          ]
        },
        "pair_attempt_id": 42,
        "pair_retry_ordinal": 0,
        "position": 0,
        "readiness_probe_exact": true,
        "ready_region": {
          "local_ms": 0.1907840073108673,
          "rank_max_ms": 0.1907840073108673,
          "rank_ms": [
            0.1907840073108673,
            0.1525759994983673,
            0.1796800047159195,
            0.18185600638389587
          ]
        },
        "sample_index": 36,
        "scheduled_start_arrival_ns_by_rank": [
          744782478116808,
          744782477618343,
          744782478252202,
          744782478343933
        ],
        "scheduled_start_target_ns_by_rank": [
          744782483343933,
          744782483343933,
          744782483343933,
          744782483343933
        ],
        "start_record_bracket_ns_by_rank": [
          [
            744782483344741,
            744782483384627
          ],
          [
            744782483344343,
            744782483365993
          ],
          [
            744782483344882,
            744782483389694
          ],
          [
            744782483344686,
            744782483381325
          ]
        ],
        "start_record_envelope_span_ns": 45351,
        "variant": 1
      },
      {
        "collective_only": {
          "local_ms": 0.04399999976158142,
          "rank_max_ms": 0.04761600121855736,
          "rank_ms": [
            0.04399999976158142,
            0.04761600121855736,
            0.03606399893760681,
            0.03411199897527695
          ]
        },
        "pair_attempt_id": 43,
        "pair_retry_ordinal": 0,
        "position": 1,
        "readiness_probe_exact": true,
        "ready_region": {
          "local_ms": 0.14707200229167938,
          "rank_max_ms": 0.1807360053062439,
          "rank_ms": [
            0.14707200229167938,
            0.158720001578331,
            0.15068799257278442,
            0.1807360053062439
          ]
        },
        "sample_index": 37,
        "scheduled_start_arrival_ns_by_rank": [
          744782514484215,
          744782513675969,
          744782514169914,
          744782514908216
        ],
        "scheduled_start_target_ns_by_rank": [
          744782519908216,
          744782519908216,
          744782519908216,
          744782519908216
        ],
        "start_record_bracket_ns_by_rank": [
          [
            744782519908705,
            744782519932559
          ],
          [
            744782519908807,
            744782519929827
          ],
          [
            744782519908878,
            744782519941490
          ],
          [
            744782519909190,
            744782519942453
          ]
        ],
        "start_record_envelope_span_ns": 33748,
        "variant": 0
      },
      {
        "collective_only": {
          "local_ms": 0.04886399954557419,
          "rank_max_ms": 0.0997759997844696,
          "rank_ms": [
            0.04886399954557419,
            0.0997759997844696,
            0.07145600020885468,
            0.07491199672222137
          ]
        },
        "pair_attempt_id": 44,
        "pair_retry_ordinal": 0,
        "position": 0,
        "readiness_probe_exact": true,
        "ready_region": {
          "local_ms": 0.2548159956932068,
          "rank_max_ms": 0.2548159956932068,
          "rank_ms": [
            0.2548159956932068,
            0.16991999745368958,
            0.15564799308776855,
            0.1759359985589981
          ]
        },
        "sample_index": 38,
        "scheduled_start_arrival_ns_by_rank": [
          744782526172237,
          744782525930976,
          744782526119286,
          744782525914691
        ],
        "scheduled_start_target_ns_by_rank": [
          744782531172237,
          744782531172237,
          744782531172237,
          744782531172237
        ],
        "start_record_bracket_ns_by_rank": [
          [
            744782531175219,
            744782531249056
          ],
          [
            744782531172689,
            744782531209920
          ],
          [
            744782531173019,
            744782531225394
          ],
          [
            744782531173126,
            744782531221039
          ]
        ],
        "start_record_envelope_span_ns": 76367,
        "variant": 1
      },
      {
        "collective_only": {
          "local_ms": 0.03759999945759773,
          "rank_max_ms": 0.06390400230884552,
          "rank_ms": [
            0.03759999945759773,
            0.06390400230884552,
            0.037567999213933945,
            0.0597120001912117
          ]
        },
        "pair_attempt_id": 45,
        "pair_retry_ordinal": 0,
        "position": 1,
        "readiness_probe_exact": true,
        "ready_region": {
          "local_ms": 0.1902720034122467,
          "rank_max_ms": 0.1902720034122467,
          "rank_ms": [
            0.1902720034122467,
            0.1403840035200119,
            0.16073599457740784,
            0.1327040046453476
          ]
        },
        "sample_index": 39,
        "scheduled_start_arrival_ns_by_rank": [
          744782559980521,
          744782559016104,
          744782559650270,
          744782559376013
        ],
        "scheduled_start_target_ns_by_rank": [
          744782564980521,
          744782564980521,
          744782564980521,
          744782564980521
        ],
        "start_record_bracket_ns_by_rank": [
          [
            744782564981605,
            744782565032965
          ],
          [
            744782564981179,
            744782565011811
          ],
          [
            744782564982198,
            744782565036077
          ],
          [
            744782564981169,
            744782565014148
          ]
        ],
        "start_record_envelope_span_ns": 54908,
        "variant": 0
      },
      {
        "collective_only": {
          "local_ms": 0.045024000108242035,
          "rank_max_ms": 0.06054399907588959,
          "rank_ms": [
            0.045024000108242035,
            0.05993599817156792,
            0.037087999284267426,
            0.06054399907588959
          ]
        },
        "pair_attempt_id": 46,
        "pair_retry_ordinal": 0,
        "position": 0,
        "readiness_probe_exact": true,
        "ready_region": {
          "local_ms": 0.1679680049419403,
          "rank_max_ms": 0.1679680049419403,
          "rank_ms": [
            0.1679680049419403,
            0.1355839967727661,
            0.16524800658226013,
            0.12086399644613266
          ]
        },
        "sample_index": 40,
        "scheduled_start_arrival_ns_by_rank": [
          744782568633895,
          744782568331666,
          744782568545844,
          744782568343804
        ],
        "scheduled_start_target_ns_by_rank": [
          744782573633895,
          744782573633895,
          744782573633895,
          744782573633895
        ],
        "start_record_bracket_ns_by_rank": [
          [
            744782573634709,
            744782573669600
          ],
          [
            744782573634474,
            744782573655210
          ],
          [
            744782573635023,
            744782573677378
          ],
          [
            744782573634350,
            744782573652878
          ]
        ],
        "start_record_envelope_span_ns": 43028,
        "variant": 1
      },
      {
        "collective_only": {
          "local_ms": 0.32790398597717285,
          "rank_max_ms": 0.34966400265693665,
          "rank_ms": [
            0.32790398597717285,
            0.34966400265693665,
            0.3245759904384613,
            0.03734400123357773
          ]
        },
        "pair_attempt_id": 47,
        "pair_retry_ordinal": 0,
        "position": 1,
        "readiness_probe_exact": true,
        "ready_region": {
          "local_ms": 0.3381440043449402,
          "rank_max_ms": 0.3598400056362152,
          "rank_ms": [
            0.3381440043449402,
            0.3598400056362152,
            0.33478400111198425,
            0.19865599274635315
          ]
        },
        "sample_index": 41,
        "scheduled_start_arrival_ns_by_rank": [
          744782600854796,
          744782600458226,
          744782601232183,
          744782600834607
        ],
        "scheduled_start_target_ns_by_rank": [
          744782606232183,
          744782606232183,
          744782606232183,
          744782606232183
        ],
        "start_record_bracket_ns_by_rank": [
          [
            744782606233279,
            744782606278923
          ],
          [
            744782606232699,
            744782606256711
          ],
          [
            744782606233848,
            744782606285260
          ],
          [
            744782606526430,
            744782606567569
          ]
        ],
        "start_record_envelope_span_ns": 334870,
        "variant": 0
      },
      {
        "collective_only": {
          "local_ms": 0.06169600039720535,
          "rank_max_ms": 0.39024001359939575,
          "rank_ms": [
            0.06169600039720535,
            0.21196800470352173,
            0.042399998754262924,
            0.39024001359939575
          ]
        },
        "pair_attempt_id": 48,
        "pair_retry_ordinal": 0,
        "position": 0,
        "readiness_probe_exact": true,
        "ready_region": {
          "local_ms": 0.20284800231456757,
          "rank_max_ms": 0.40041598677635193,
          "rank_ms": [
            0.20284800231456757,
            0.22224000096321106,
            0.1913280040025711,
            0.40041598677635193
          ]
        },
        "sample_index": 42,
        "scheduled_start_arrival_ns_by_rank": [
          744782613857887,
          744782613555075,
          744782614051397,
          744782613586924
        ],
        "scheduled_start_target_ns_by_rank": [
          744782619051397,
          744782619051397,
          744782619051397,
          744782619051397
        ],
        "start_record_bracket_ns_by_rank": [
          [
            744782619377798,
            744782619422930
          ],
          [
            744782619248710,
            744782619272381
          ],
          [
            744782619391979,
            744782619440878
          ],
          [
            744782619052516,
            744782619094148
          ]
        ],
        "start_record_envelope_span_ns": 388362,
        "variant": 1
      },
      {
        "collective_only": {
          "local_ms": 0.04156799986958504,
          "rank_max_ms": 0.0631679967045784,
          "rank_ms": [
            0.04156799986958504,
            0.0631679967045784,
            0.04495999962091446,
            0.04729599878191948
          ]
        },
        "pair_attempt_id": 50,
        "pair_retry_ordinal": 1,
        "position": 1,
        "readiness_probe_exact": true,
        "ready_region": {
          "local_ms": 0.20441600680351257,
          "rank_max_ms": 0.20441600680351257,
          "rank_ms": [
            0.20441600680351257,
            0.15465599298477173,
            0.17212800681591034,
            0.18035200238227844
          ]
        },
        "sample_index": 43,
        "scheduled_start_arrival_ns_by_rank": [
          744782676282493,
          744782675801417,
          744782676191248,
          744782676381104
        ],
        "scheduled_start_target_ns_by_rank": [
          744782681381104,
          744782681381104,
          744782681381104,
          744782681381104
        ],
        "start_record_bracket_ns_by_rank": [
          [
            744782681382222,
            744782681426928
          ],
          [
            744782681381666,
            744782681404692
          ],
          [
            744782681381994,
            744782681424537
          ],
          [
            744782681382157,
            744782681421101
          ]
        ],
        "start_record_envelope_span_ns": 45262,
        "variant": 1
      },
      {
        "collective_only": {
          "local_ms": 0.044319998472929,
          "rank_max_ms": 0.059487998485565186,
          "rank_ms": [
            0.044319998472929,
            0.059487998485565186,
            0.038015998899936676,
            0.047839999198913574
          ]
        },
        "pair_attempt_id": 51,
        "pair_retry_ordinal": 0,
        "position": 0,
        "readiness_probe_exact": true,
        "ready_region": {
          "local_ms": 0.1751679927110672,
          "rank_max_ms": 0.1751679927110672,
          "rank_ms": [
            0.1751679927110672,
            0.13872000575065613,
            0.1637440025806427,
            0.16121600568294525
          ]
        },
        "sample_index": 44,
        "scheduled_start_arrival_ns_by_rank": [
          744782687478477,
          744782686950298,
          744782686914811,
          744782686982152
        ],
        "scheduled_start_target_ns_by_rank": [
          744782692478477,
          744782692478477,
          744782692478477,
          744782692478477
        ],
        "start_record_bracket_ns_by_rank": [
          [
            744782692479417,
            744782692512235
          ],
          [
            744782692479038,
            744782692497657
          ],
          [
            744782692479652,
            744782692519103
          ],
          [
            744782692479334,
            744782692509610
          ]
        ],
        "start_record_envelope_span_ns": 40065,
        "variant": 0
      },
      {
        "collective_only": {
          "local_ms": 0.043616000562906265,
          "rank_max_ms": 0.060736000537872314,
          "rank_ms": [
            0.043616000562906265,
            0.060736000537872314,
            0.03766399994492531,
            0.04614400118589401
          ]
        },
        "pair_attempt_id": 52,
        "pair_retry_ordinal": 0,
        "position": 1,
        "readiness_probe_exact": true,
        "ready_region": {
          "local_ms": 0.16527999937534332,
          "rank_max_ms": 0.16527999937534332,
          "rank_ms": [
            0.16527999937534332,
            0.13155199587345123,
            0.16432000696659088,
            0.16143999993801117
          ]
        },
        "sample_index": 45,
        "scheduled_start_arrival_ns_by_rank": [
          744782721342846,
          744782721164070,
          744782720692272,
          744782721119177
        ],
        "scheduled_start_target_ns_by_rank": [
          744782726342846,
          744782726342846,
          744782726342846,
          744782726342846
        ],
        "start_record_bracket_ns_by_rank": [
          [
            744782726343900,
            744782726379252
          ],
          [
            744782726343434,
            744782726363853
          ],
          [
            744782726344540,
            744782726386100
          ],
          [
            744782726343886,
            744782726377059
          ]
        ],
        "start_record_envelope_span_ns": 42666,
        "variant": 1
      },
      {
        "collective_only": {
          "local_ms": 0.04412800073623657,
          "rank_max_ms": 0.06159999966621399,
          "rank_ms": [
            0.04412800073623657,
            0.06159999966621399,
            0.038176000118255615,
            0.04995200037956238
          ]
        },
        "pair_attempt_id": 53,
        "pair_retry_ordinal": 0,
        "position": 0,
        "readiness_probe_exact": true,
        "ready_region": {
          "local_ms": 0.15558399260044098,
          "rank_max_ms": 0.16326400637626648,
          "rank_ms": [
            0.15558399260044098,
            0.12867200374603271,
            0.16326400637626648,
            0.1520960032939911
          ]
        },
        "sample_index": 46,
        "scheduled_start_arrival_ns_by_rank": [
          744782733117264,
          744782732927485,
          744782733472295,
          744782733387331
        ],
        "scheduled_start_target_ns_by_rank": [
          744782738472295,
          744782738472295,
          744782738472295,
          744782738472295
        ],
        "start_record_bracket_ns_by_rank": [
          [
            744782738473140,
            744782738508150
          ],
          [
            744782738472855,
            744782738492118
          ],
          [
            744782738473505,
            744782738514460
          ],
          [
            744782738473096,
            744782738503135
          ]
        ],
        "start_record_envelope_span_ns": 41605,
        "variant": 0
      },
      {
        "collective_only": {
          "local_ms": 0.04726399853825569,
          "rank_max_ms": 0.07539200037717819,
          "rank_ms": [
            0.04726399853825569,
            0.07539200037717819,
            0.0453759990632534,
            0.05875200033187866
          ]
        },
        "pair_attempt_id": 54,
        "pair_retry_ordinal": 0,
        "position": 1,
        "readiness_probe_exact": true,
        "ready_region": {
          "local_ms": 0.2553600072860718,
          "rank_max_ms": 0.2553600072860718,
          "rank_ms": [
            0.2553600072860718,
            0.16236799955368042,
            0.20137600600719452,
            0.1987839937210083
          ]
        },
        "sample_index": 47,
        "scheduled_start_arrival_ns_by_rank": [
          744782767824636,
          744782767787734,
          744782768405352,
          744782768139232
        ],
        "scheduled_start_target_ns_by_rank": [
          744782773405352,
          744782773405352,
          744782773405352,
          744782773405352
        ],
        "start_record_bracket_ns_by_rank": [
          [
            744782773406823,
            744782773458529
          ],
          [
            744782773405828,
            744782773429416
          ],
          [
            744782773407844,
            744782773461345
          ],
          [
            744782773406343,
            744782773447456
          ]
        ],
        "start_record_envelope_span_ns": 55517,
        "variant": 1
      },
      {
        "collective_only": {
          "local_ms": 0.07184000313282013,
          "rank_max_ms": 0.08601599931716919,
          "rank_ms": [
            0.07184000313282013,
            0.08601599931716919,
            0.06716799736022949,
            0.07273600250482559
          ]
        },
        "pair_attempt_id": 55,
        "pair_retry_ordinal": 0,
        "position": 0,
        "readiness_probe_exact": true,
        "ready_region": {
          "local_ms": 0.18281599879264832,
          "rank_max_ms": 0.2311680018901825,
          "rank_ms": [
            0.18281599879264832,
            0.15744000673294067,
            0.2197760045528412,
            0.2311680018901825
          ]
        },
        "sample_index": 48,
        "scheduled_start_arrival_ns_by_rank": [
          744782779826079,
          744782779615464,
          744782779831463,
          744782779955962
        ],
        "scheduled_start_target_ns_by_rank": [
          744782784955962,
          744782784955962,
          744782784955962,
          744782784955962
        ],
        "start_record_bracket_ns_by_rank": [
          [
            744782784956837,
            744782784991381
          ],
          [
            744782784956513,
            744782784979009
          ],
          [
            744782784957060,
            744782785019409
          ],
          [
            744782784956705,
            744782784990669
          ]
        ],
        "start_record_envelope_span_ns": 62896,
        "variant": 0
      },
      {
        "collective_only": {
          "local_ms": 0.0697920024394989,
          "rank_max_ms": 0.09590400010347366,
          "rank_ms": [
            0.0697920024394989,
            0.09590400010347366,
            0.04630399867892265,
            0.06233600154519081
          ]
        },
        "pair_attempt_id": 56,
        "pair_retry_ordinal": 0,
        "position": 1,
        "readiness_probe_exact": true,
        "ready_region": {
          "local_ms": 0.15753600001335144,
          "rank_max_ms": 0.21247999370098114,
          "rank_ms": [
            0.15753600001335144,
            0.1483200043439865,
            0.21247999370098114,
            0.19404800236225128
          ]
        },
        "sample_index": 49,
        "scheduled_start_arrival_ns_by_rank": [
          744782810856244,
          744782810181233,
          744782810933906,
          744782810977476
        ],
        "scheduled_start_target_ns_by_rank": [
          744782815977476,
          744782815977476,
          744782815977476,
          744782815977476
        ],
        "start_record_bracket_ns_by_rank": [
          [
            744782815978315,
            744782816024699
          ],
          [
            744782815977954,
            744782816007176
          ],
          [
            744782815978959,
            744782816051865
          ],
          [
            744782815978236,
            744782816034644
          ]
        ],
        "start_record_envelope_span_ns": 73911,
        "variant": 1
      },
      {
        "collective_only": {
          "local_ms": 0.044895999133586884,
          "rank_max_ms": 0.07433599978685379,
          "rank_ms": [
            0.044895999133586884,
            0.07433599978685379,
            0.055743999779224396,
            0.06032000109553337
          ]
        },
        "pair_attempt_id": 57,
        "pair_retry_ordinal": 0,
        "position": 0,
        "readiness_probe_exact": true,
        "ready_region": {
          "local_ms": 0.24771200120449066,
          "rank_max_ms": 0.24771200120449066,
          "rank_ms": [
            0.24771200120449066,
            0.1457280069589615,
            0.17919999361038208,
            0.17875200510025024
          ]
        },
        "sample_index": 50,
        "scheduled_start_arrival_ns_by_rank": [
          744782820809568,
          744782820062587,
          744782820874674,
          744782820720871
        ],
        "scheduled_start_target_ns_by_rank": [
          744782825874674,
          744782825874674,
          744782825874674,
          744782825874674
        ],
        "start_record_bracket_ns_by_rank": [
          [
            744782825877320,
            744782825926322
          ],
          [
            744782825875250,
            744782825895493
          ],
          [
            744782825875930,
            744782825915483
          ],
          [
            744782825875507,
            744782825908411
          ]
        ],
        "start_record_envelope_span_ns": 51072,
        "variant": 0
      },
      {
        "collective_only": {
          "local_ms": 0.04118400067090988,
          "rank_max_ms": 0.06841599941253662,
          "rank_ms": [
            0.04118400067090988,
            0.06841599941253662,
            0.05004800111055374,
            0.05286400020122528
          ]
        },
        "pair_attempt_id": 58,
        "pair_retry_ordinal": 0,
        "position": 1,
        "readiness_probe_exact": true,
        "ready_region": {
          "local_ms": 0.21779200434684753,
          "rank_max_ms": 0.21779200434684753,
          "rank_ms": [
            0.21779200434684753,
            0.1382720023393631,
            0.14528000354766846,
            0.16816000640392303
          ]
        },
        "sample_index": 51,
        "scheduled_start_arrival_ns_by_rank": [
          744782854121820,
          744782853606522,
          744782854148134,
          744782854291318
        ],
        "scheduled_start_target_ns_by_rank": [
          744782859291318,
          744782859291318,
          744782859291318,
          744782859291318
        ],
        "start_record_bracket_ns_by_rank": [
          [
            744782859293233,
            744782859338290
          ],
          [
            744782859291913,
            744782859313127
          ],
          [
            744782859292029,
            744782859331427
          ],
          [
            744782859292262,
            744782859327473
          ]
        ],
        "start_record_envelope_span_ns": 46377,
        "variant": 1
      },
      {
        "collective_only": {
          "local_ms": 0.0647680014371872,
          "rank_max_ms": 0.0695360004901886,
          "rank_ms": [
            0.0647680014371872,
            0.0695360004901886,
            0.042080000042915344,
            0.052319999784231186
          ]
        },
        "pair_attempt_id": 59,
        "pair_retry_ordinal": 0,
        "position": 0,
        "readiness_probe_exact": true,
        "ready_region": {
          "local_ms": 0.14988799393177032,
          "rank_max_ms": 0.19395199418067932,
          "rank_ms": [
            0.14988799393177032,
            0.15481600165367126,
            0.1897599995136261,
            0.19395199418067932
          ]
        },
        "sample_index": 52,
        "scheduled_start_arrival_ns_by_rank": [
          744782864929095,
          744782865304384,
          744782865471808,
          744782865744908
        ],
        "scheduled_start_target_ns_by_rank": [
          744782870744908,
          744782870744908,
          744782870744908,
          744782870744908
        ],
        "start_record_bracket_ns_by_rank": [
          [
            744782870745337,
            744782870773285
          ],
          [
            744782870745492,
            744782870768688
          ],
          [
            744782870745939,
            744782870795726
          ],
          [
            744782870745724,
            744782870786661
          ]
        ],
        "start_record_envelope_span_ns": 50389,
        "variant": 0
      },
      {
        "collective_only": {
          "local_ms": 0.33907198905944824,
          "rank_max_ms": 0.3854080140590668,
          "rank_ms": [
            0.33907198905944824,
            0.3854080140590668,
            0.04249599948525429,
            0.054207999259233475
          ]
        },
        "pair_attempt_id": 60,
        "pair_retry_ordinal": 0,
        "position": 1,
        "readiness_probe_exact": true,
        "ready_region": {
          "local_ms": 0.34883201122283936,
          "rank_max_ms": 0.39552000164985657,
          "rank_ms": [
            0.34883201122283936,
            0.39552000164985657,
            0.2337920069694519,
            0.22790400683879852
          ]
        },
        "sample_index": 53,
        "scheduled_start_arrival_ns_by_rank": [
          744782902222462,
          744782902288364,
          744782902477979,
          744782902311279
        ],
        "scheduled_start_target_ns_by_rank": [
          744782907477979,
          744782907477979,
          744782907477979,
          744782907477979
        ],
        "start_record_bracket_ns_by_rank": [
          [
            744782907505945,
            744782907548827
          ],
          [
            744782907478336,
            744782907502229
          ],
          [
            744782907793970,
            744782907845089
          ],
          [
            744782907790861,
            744782907831982
          ]
        ],
        "start_record_envelope_span_ns": 366753,
        "variant": 1
      },
      {
        "collective_only": {
          "local_ms": 0.04745600000023842,
          "rank_max_ms": 0.07734400033950806,
          "rank_ms": [
            0.04745600000023842,
            0.07734400033950806,
            0.05011200159788132,
            0.03587200120091438
          ]
        },
        "pair_attempt_id": 63,
        "pair_retry_ordinal": 2,
        "position": 0,
        "readiness_probe_exact": true,
        "ready_region": {
          "local_ms": 0.19200000166893005,
          "rank_max_ms": 0.19200000166893005,
          "rank_ms": [
            0.19200000166893005,
            0.15408000349998474,
            0.1494079977273941,
            0.17475199699401855
          ]
        },
        "sample_index": 54,
        "scheduled_start_arrival_ns_by_rank": [
          744782961163175,
          744782960177406,
          744782960414617,
          744782960786869
        ],
        "scheduled_start_target_ns_by_rank": [
          744782966163175,
          744782966163175,
          744782966163175,
          744782966163175
        ],
        "start_record_bracket_ns_by_rank": [
          [
            744782966164107,
            744782966217655
          ],
          [
            744782966163637,
            744782966185669
          ],
          [
            744782966163838,
            744782966215100
          ],
          [
            744782966164069,
            744782966226712
          ]
        ],
        "start_record_envelope_span_ns": 63075,
        "variant": 0
      },
      {
        "collective_only": {
          "local_ms": 0.03824000060558319,
          "rank_max_ms": 0.05910399928689003,
          "rank_ms": [
            0.03824000060558319,
            0.05910399928689003,
            0.04016000032424927,
            0.0451200008392334
          ]
        },
        "pair_attempt_id": 64,
        "pair_retry_ordinal": 0,
        "position": 1,
        "readiness_probe_exact": true,
        "ready_region": {
          "local_ms": 0.22499200701713562,
          "rank_max_ms": 0.22499200701713562,
          "rank_ms": [
            0.22499200701713562,
            0.15011200308799744,
            0.2168000042438507,
            0.19200000166893005
          ]
        },
        "sample_index": 55,
        "scheduled_start_arrival_ns_by_rank": [
          744782993860342,
          744782993524369,
          744782993672232,
          744782993755989
        ],
        "scheduled_start_target_ns_by_rank": [
          744782998860342,
          744782998860342,
          744782998860342,
          744782998860342
        ],
        "start_record_bracket_ns_by_rank": [
          [
            744782998861359,
            744782998902275
          ],
          [
            744782998860902,
            744782998881799
          ],
          [
            744782998861231,
            744782998903078
          ],
          [
            744782998861238,
            744782998896830
          ]
        ],
        "start_record_envelope_span_ns": 42176,
        "variant": 1
      },
      {
        "collective_only": {
          "local_ms": 0.04057599976658821,
          "rank_max_ms": 0.05398400127887726,
          "rank_ms": [
            0.04057599976658821,
            0.05398400127887726,
            0.034623999148607254,
            0.04169600084424019
          ]
        },
        "pair_attempt_id": 65,
        "pair_retry_ordinal": 0,
        "position": 0,
        "readiness_probe_exact": true,
        "ready_region": {
          "local_ms": 0.16732800006866455,
          "rank_max_ms": 0.16915200650691986,
          "rank_ms": [
            0.16732800006866455,
            0.11923199892044067,
            0.16915200650691986,
            0.16889600455760956
          ]
        },
        "sample_index": 56,
        "scheduled_start_arrival_ns_by_rank": [
          744783003492819,
          744783003268210,
          744783003660943,
          744783003850692
        ],
        "scheduled_start_target_ns_by_rank": [
          744783008850692,
          744783008850692,
          744783008850692,
          744783008850692
        ],
        "start_record_bracket_ns_by_rank": [
          [
            744783008851446,
            744783008882432
          ],
          [
            744783008851159,
            744783008869044
          ],
          [
            744783008851813,
            744783008889542
          ],
          [
            744783008851596,
            744783008882344
          ]
        ],
        "start_record_envelope_span_ns": 38383,
        "variant": 0
      },
      {
        "collective_only": {
          "local_ms": 0.050624001771211624,
          "rank_max_ms": 0.0791039988398552,
          "rank_ms": [
            0.050624001771211624,
            0.0791039988398552,
            0.05769599974155426,
            0.06732799857854843
          ]
        },
        "pair_attempt_id": 66,
        "pair_retry_ordinal": 0,
        "position": 1,
        "readiness_probe_exact": true,
        "ready_region": {
          "local_ms": 0.2640959918498993,
          "rank_max_ms": 0.2640959918498993,
          "rank_ms": [
            0.2640959918498993,
            0.160863995552063,
            0.16729600727558136,
            0.19353599846363068
          ]
        },
        "sample_index": 57,
        "scheduled_start_arrival_ns_by_rank": [
          744783038478502,
          744783037763563,
          744783037905179,
          744783038476834
        ],
        "scheduled_start_target_ns_by_rank": [
          744783043478502,
          744783043478502,
          744783043478502,
          744783043478502
        ],
        "start_record_bracket_ns_by_rank": [
          [
            744783043481710,
            744783043535874
          ],
          [
            744783043479057,
            744783043504671
          ],
          [
            744783043479387,
            744783043527001
          ],
          [
            744783043479386,
            744783043517231
          ]
        ],
        "start_record_envelope_span_ns": 56817,
        "variant": 1
      },
      {
        "collective_only": {
          "local_ms": 0.041152000427246094,
          "rank_max_ms": 0.06169600039720535,
          "rank_ms": [
            0.041152000427246094,
            0.06169600039720535,
            0.04742399975657463,
            0.050175998359918594
          ]
        },
        "pair_attempt_id": 67,
        "pair_retry_ordinal": 0,
        "position": 0,
        "readiness_probe_exact": true,
        "ready_region": {
          "local_ms": 0.2306240051984787,
          "rank_max_ms": 0.2306240051984787,
          "rank_ms": [
            0.2306240051984787,
            0.14425599575042725,
            0.15929600596427917,
            0.16633599996566772
          ]
        },
        "sample_index": 58,
        "scheduled_start_arrival_ns_by_rank": [
          744783049629647,
          744783049254590,
          744783049673297,
          744783049769665
        ],
        "scheduled_start_target_ns_by_rank": [
          744783054769665,
          744783054769665,
          744783054769665,
          744783054769665
        ],
        "start_record_bracket_ns_by_rank": [
          [
            744783054770423,
            744783054812170
          ],
          [
            744783054770231,
            744783054794060
          ],
          [
            744783054770365,
            744783054808738
          ],
          [
            744783054770401,
            744783054804191
          ]
        ],
        "start_record_envelope_span_ns": 41939,
        "variant": 0
      },
      {
        "collective_only": {
          "local_ms": 0.04960000142455101,
          "rank_max_ms": 0.06854400038719177,
          "rank_ms": [
            0.04960000142455101,
            0.06854400038719177,
            0.0416640006005764,
            0.05548800155520439
          ]
        },
        "pair_attempt_id": 70,
        "pair_retry_ordinal": 2,
        "position": 1,
        "readiness_probe_exact": true,
        "ready_region": {
          "local_ms": 0.21635200083255768,
          "rank_max_ms": 0.21635200083255768,
          "rank_ms": [
            0.21635200083255768,
            0.14662399888038635,
            0.1823039948940277,
            0.17440000176429749
          ]
        },
        "sample_index": 59,
        "scheduled_start_arrival_ns_by_rank": [
          744783131055058,
          744783130961973,
          744783131438767,
          744783131430583
        ],
        "scheduled_start_target_ns_by_rank": [
          744783136438767,
          744783136438767,
          744783136438767,
          744783136438767
        ],
        "start_record_bracket_ns_by_rank": [
          [
            744783136440650,
            744783136481656
          ],
          [
            744783136439229,
            744783136461610
          ],
          [
            744783136440354,
            744783136488291
          ],
          [
            744783136439619,
            744783136474952
          ]
        ],
        "start_record_envelope_span_ns": 49062,
        "variant": 1
      },
      {
        "collective_only": {
          "local_ms": 0.04633599892258644,
          "rank_max_ms": 0.07472000271081924,
          "rank_ms": [
            0.04633599892258644,
            0.07472000271081924,
            0.055296000093221664,
            0.06454399973154068
          ]
        },
        "pair_attempt_id": 71,
        "pair_retry_ordinal": 0,
        "position": 0,
        "readiness_probe_exact": true,
        "ready_region": {
          "local_ms": 0.23583999276161194,
          "rank_max_ms": 0.23583999276161194,
          "rank_ms": [
            0.23583999276161194,
            0.13315199315547943,
            0.16543999314308167,
            0.1462080031633377
          ]
        },
        "sample_index": 60,
        "scheduled_start_arrival_ns_by_rank": [
          744783141693855,
          744783141707971,
          744783141895792,
          744783141882277
        ],
        "scheduled_start_target_ns_by_rank": [
          744783146895792,
          744783146895792,
          744783146895792,
          744783146895792
        ],
        "start_record_bracket_ns_by_rank": [
          [
            744783146898546,
            744783146944304
          ],
          [
            744783146896255,
            744783146914316
          ],
          [
            744783146896639,
            744783146934851
          ],
          [
            744783146896512,
            744783146924396
          ]
        ],
        "start_record_envelope_span_ns": 48049,
        "variant": 0
      },
      {
        "collective_only": {
          "local_ms": 0.03510399907827377,
          "rank_max_ms": 0.049984000623226166,
          "rank_ms": [
            0.03510399907827377,
            0.049984000623226166,
            0.03932800143957138,
            0.03667199984192848
          ]
        },
        "pair_attempt_id": 72,
        "pair_retry_ordinal": 0,
        "position": 1,
        "readiness_probe_exact": true,
        "ready_region": {
          "local_ms": 0.17241600155830383,
          "rank_max_ms": 0.1748799979686737,
          "rank_ms": [
            0.17241600155830383,
            0.146464005112648,
            0.14582400023937225,
            0.1748799979686737
          ]
        },
        "sample_index": 61,
        "scheduled_start_arrival_ns_by_rank": [
          744783173322714,
          744783172725724,
          744783173165394,
          744783173477079
        ],
        "scheduled_start_target_ns_by_rank": [
          744783178477079,
          744783178477079,
          744783178477079,
          744783178477079
        ],
        "start_record_bracket_ns_by_rank": [
          [
            744783178478010,
            744783178513019
          ],
          [
            744783178477566,
            744783178499156
          ],
          [
            744783178477741,
            744783178512269
          ],
          [
            744783178478009,
            744783178512775
          ]
        ],
        "start_record_envelope_span_ns": 35453,
        "variant": 1
      },
      {
        "collective_only": {
          "local_ms": 0.046592000871896744,
          "rank_max_ms": 0.06003199890255928,
          "rank_ms": [
            0.046592000871896744,
            0.06003199890255928,
            0.04105599969625473,
            0.047040000557899475
          ]
        },
        "pair_attempt_id": 74,
        "pair_retry_ordinal": 1,
        "position": 0,
        "readiness_probe_exact": true,
        "ready_region": {
          "local_ms": 0.15324799716472626,
          "rank_max_ms": 0.18534399569034576,
          "rank_ms": [
            0.15324799716472626,
            0.133760005235672,
            0.18534399569034576,
            0.1624639928340912
          ]
        },
        "sample_index": 62,
        "scheduled_start_arrival_ns_by_rank": [
          744783208512311,
          744783207868200,
          744783208165907,
          744783208145237
        ],
        "scheduled_start_target_ns_by_rank": [
          744783213512311,
          744783213512311,
          744783213512311,
          744783213512311
        ],
        "start_record_bracket_ns_by_rank": [
          [
            744783213513322,
            744783213546155
          ],
          [
            744783213512965,
            744783213533806
          ],
          [
            744783213513553,
            744783213552582
          ],
          [
            744783213513149,
            744783213545765
          ]
        ],
        "start_record_envelope_span_ns": 39617,
        "variant": 1
      },
      {
        "collective_only": {
          "local_ms": 0.040832001715898514,
          "rank_max_ms": 0.05510399863123894,
          "rank_ms": [
            0.040832001715898514,
            0.05510399863123894,
            0.03619199991226196,
            0.03923200070858002
          ]
        },
        "pair_attempt_id": 75,
        "pair_retry_ordinal": 0,
        "position": 1,
        "readiness_probe_exact": true,
        "ready_region": {
          "local_ms": 0.15807999670505524,
          "rank_max_ms": 0.16892799735069275,
          "rank_ms": [
            0.15807999670505524,
            0.14963200688362122,
            0.15827199816703796,
            0.16892799735069275
          ]
        },
        "sample_index": 63,
        "scheduled_start_arrival_ns_by_rank": [
          744783241144694,
          744783240532746,
          744783241425796,
          744783241704235
        ],
        "scheduled_start_target_ns_by_rank": [
          744783246704235,
          744783246704235,
          744783246704235,
          744783246704235
        ],
        "start_record_bracket_ns_by_rank": [
          [
            744783246705012,
            744783246741553
          ],
          [
            744783246704713,
            744783246729462
          ],
          [
            744783246705466,
            744783246745241
          ],
          [
            744783246705195,
            744783246741881
          ]
        ],
        "start_record_envelope_span_ns": 40528,
        "variant": 0
      },
      {
        "collective_only": {
          "local_ms": 0.050783999264240265,
          "rank_max_ms": 0.07372800260782242,
          "rank_ms": [
            0.050783999264240265,
            0.07372800260782242,
            0.04297599941492081,
            0.05686400085687637
          ]
        },
        "pair_attempt_id": 76,
        "pair_retry_ordinal": 0,
        "position": 0,
        "readiness_probe_exact": true,
        "ready_region": {
          "local_ms": 0.22777600586414337,
          "rank_max_ms": 0.22777600586414337,
          "rank_ms": [
            0.22777600586414337,
            0.1682559996843338,
            0.2054399996995926,
            0.21939200162887573
          ]
        },
        "sample_index": 64,
        "scheduled_start_arrival_ns_by_rank": [
          744783249494060,
          744783249496011,
          744783249564131,
          744783250073095
        ],
        "scheduled_start_target_ns_by_rank": [
          744783255073095,
          744783255073095,
          744783255073095,
          744783255073095
        ],
        "start_record_bracket_ns_by_rank": [
          [
            744783255074252,
            744783255119359
          ],
          [
            744783255073598,
            744783255096652
          ],
          [
            744783255074829,
            744783255127115
          ],
          [
            744783255074019,
            744783255114606
          ]
        ],
        "start_record_envelope_span_ns": 53517,
        "variant": 1
      },
      {
        "collective_only": {
          "local_ms": 0.05737600103020668,
          "rank_max_ms": 0.07561600208282471,
          "rank_ms": [
            0.05737600103020668,
            0.07561600208282471,
            0.0544000007212162,
            0.06454399973154068
          ]
        },
        "pair_attempt_id": 77,
        "pair_retry_ordinal": 0,
        "position": 1,
        "readiness_probe_exact": true,
        "ready_region": {
          "local_ms": 0.19910399615764618,
          "rank_max_ms": 0.19910399615764618,
          "rank_ms": [
            0.19910399615764618,
            0.15225599706172943,
            0.18627199530601501,
            0.1900479942560196
          ]
        },
        "sample_index": 65,
        "scheduled_start_arrival_ns_by_rank": [
          744783281636196,
          744783281455960,
          744783282151541,
          744783281706247
        ],
        "scheduled_start_target_ns_by_rank": [
          744783287151541,
          744783287151541,
          744783287151541,
          744783287151541
        ],
        "start_record_bracket_ns_by_rank": [
          [
            744783287152793,
            744783287191173
          ],
          [
            744783287152051,
            744783287172566
          ],
          [
            744783287152667,
            744783287194179
          ],
          [
            744783287152508,
            744783287184810
          ]
        ],
        "start_record_envelope_span_ns": 42128,
        "variant": 0
      },
      {
        "collective_only": {
          "local_ms": 0.035711999982595444,
          "rank_max_ms": 0.05593600124120712,
          "rank_ms": [
            0.035711999982595444,
            0.05593600124120712,
            0.039872001856565475,
            0.04364800080657005
          ]
        },
        "pair_attempt_id": 78,
        "pair_retry_ordinal": 0,
        "position": 0,
        "readiness_probe_exact": true,
        "ready_region": {
          "local_ms": 0.1828799992799759,
          "rank_max_ms": 0.1828799992799759,
          "rank_ms": [
            0.1828799992799759,
            0.1382720023393631,
            0.1443520039319992,
            0.16291199624538422
          ]
        },
        "sample_index": 66,
        "scheduled_start_arrival_ns_by_rank": [
          744783294343539,
          744783293889892,
          744783294128090,
          744783294231996
        ],
        "scheduled_start_target_ns_by_rank": [
          744783299343539,
          744783299343539,
          744783299343539,
          744783299343539
        ],
        "start_record_bracket_ns_by_rank": [
          [
            744783299344416,
            744783299384008
          ],
          [
            744783299344235,
            744783299364505
          ],
          [
            744783299344305,
            744783299382316
          ],
          [
            744783299344319,
            744783299380179
          ]
        ],
        "start_record_envelope_span_ns": 39773,
        "variant": 1
      },
      {
        "collective_only": {
          "local_ms": 0.03574400022625923,
          "rank_max_ms": 0.05619199946522713,
          "rank_ms": [
            0.03574400022625923,
            0.05619199946522713,
            0.03996799886226654,
            0.05443200096487999
          ]
        },
        "pair_attempt_id": 79,
        "pair_retry_ordinal": 0,
        "position": 1,
        "readiness_probe_exact": true,
        "ready_region": {
          "local_ms": 0.17174400389194489,
          "rank_max_ms": 0.17174400389194489,
          "rank_ms": [
            0.17174400389194489,
            0.1332480013370514,
            0.15136000514030457,
            0.12707200646400452
          ]
        },
        "sample_index": 67,
        "scheduled_start_arrival_ns_by_rank": [
          744783323435411,
          744783323048934,
          744783323480426,
          744783323084804
        ],
        "scheduled_start_target_ns_by_rank": [
          744783328480426,
          744783328480426,
          744783328480426,
          744783328480426
        ],
        "start_record_bracket_ns_by_rank": [
          [
            744783328482617,
            744783328519533
          ],
          [
            744783328481020,
            744783328500275
          ],
          [
            744783328481385,
            744783328519022
          ],
          [
            744783328480920,
            744783328502227
          ]
        ],
        "start_record_envelope_span_ns": 38613,
        "variant": 0
      },
      {
        "collective_only": {
          "local_ms": 0.0427200011909008,
          "rank_max_ms": 0.06095999851822853,
          "rank_ms": [
            0.0427200011909008,
            0.06095999851822853,
            0.037856001406908035,
            0.060095999389886856
          ]
        },
        "pair_attempt_id": 80,
        "pair_retry_ordinal": 0,
        "position": 0,
        "readiness_probe_exact": true,
        "ready_region": {
          "local_ms": 0.1616639941930771,
          "rank_max_ms": 0.1616639941930771,
          "rank_ms": [
            0.1616639941930771,
            0.1409599930047989,
            0.16150400042533875,
            0.12812800705432892
          ]
        },
        "sample_index": 68,
        "scheduled_start_arrival_ns_by_rank": [
          744783333192737,
          744783332613186,
          744783332224714,
          744783332437042
        ],
        "scheduled_start_target_ns_by_rank": [
          744783338192737,
          744783338192737,
          744783338192737,
          744783338192737
        ],
        "start_record_bracket_ns_by_rank": [
          [
            744783338193603,
            744783338247122
          ],
          [
            744783338193417,
            744783338234069
          ],
          [
            744783338193756,
            744783338256204
          ],
          [
            744783338193298,
            744783338232804
          ]
        ],
        "start_record_envelope_span_ns": 62906,
        "variant": 1
      },
      {
        "collective_only": {
          "local_ms": 0.0350399985909462,
          "rank_max_ms": 0.04774399846792221,
          "rank_ms": [
            0.0350399985909462,
            0.04774399846792221,
            0.03468799963593483,
            0.04396799951791763
          ]
        },
        "pair_attempt_id": 81,
        "pair_retry_ordinal": 0,
        "position": 1,
        "readiness_probe_exact": true,
        "ready_region": {
          "local_ms": 0.1459839940071106,
          "rank_max_ms": 0.1459839940071106,
          "rank_ms": [
            0.1459839940071106,
            0.1289920061826706,
            0.13052800297737122,
            0.12134400010108948
          ]
        },
        "sample_index": 69,
        "scheduled_start_arrival_ns_by_rank": [
          744783362383267,
          744783361828973,
          744783362454124,
          744783362278240
        ],
        "scheduled_start_target_ns_by_rank": [
          744783367454124,
          744783367454124,
          744783367454124,
          744783367454124
        ],
        "start_record_bracket_ns_by_rank": [
          [
            744783367454974,
            744783367485250
          ],
          [
            744783367454631,
            744783367474041
          ],
          [
            744783367454974,
            744783367486358
          ],
          [
            744783367454660,
            744783367477310
          ]
        ],
        "start_record_envelope_span_ns": 31727,
        "variant": 0
      },
      {
        "collective_only": {
          "local_ms": 0.03452799841761589,
          "rank_max_ms": 0.05644800141453743,
          "rank_ms": [
            0.03452799841761589,
            0.05644800141453743,
            0.03872000053524971,
            0.05164799839258194
          ]
        },
        "pair_attempt_id": 82,
        "pair_retry_ordinal": 0,
        "position": 0,
        "readiness_probe_exact": true,
        "ready_region": {
          "local_ms": 0.17158399522304535,
          "rank_max_ms": 0.17158399522304535,
          "rank_ms": [
            0.17158399522304535,
            0.12969599664211273,
            0.14918400347232819,
            0.12966400384902954
          ]
        },
        "sample_index": 70,
        "scheduled_start_arrival_ns_by_rank": [
          744783372381583,
          744783371749302,
          744783371777178,
          744783371558339
        ],
        "scheduled_start_target_ns_by_rank": [
          744783377381583,
          744783377381583,
          744783377381583,
          744783377381583
        ],
        "start_record_bracket_ns_by_rank": [
          [
            744783377382652,
            744783377419406
          ],
          [
            744783377382122,
            744783377400877
          ],
          [
            744783377382509,
            744783377419505
          ],
          [
            744783377382032,
            744783377405292
          ]
        ],
        "start_record_envelope_span_ns": 37473,
        "variant": 1
      },
      {
        "collective_only": {
          "local_ms": 0.04499199986457825,
          "rank_max_ms": 0.07807999849319458,
          "rank_ms": [
            0.04499199986457825,
            0.07807999849319458,
            0.05036799982190132,
            0.060256000608205795
          ]
        },
        "pair_attempt_id": 83,
        "pair_retry_ordinal": 0,
        "position": 1,
        "readiness_probe_exact": true,
        "ready_region": {
          "local_ms": 0.23868800699710846,
          "rank_max_ms": 0.23868800699710846,
          "rank_ms": [
            0.23868800699710846,
            0.15830400586128235,
            0.20175999402999878,
            0.2109760046005249
          ]
        },
        "sample_index": 71,
        "scheduled_start_arrival_ns_by_rank": [
          744783406305632,
          744783405817265,
          744783406108586,
          744783406135101
        ],
        "scheduled_start_target_ns_by_rank": [
          744783411305632,
          744783411305632,
          744783411305632,
          744783411305632
        ],
        "start_record_bracket_ns_by_rank": [
          [
            744783411308160,
            744783411361755
          ],
          [
            744783411306299,
            744783411330068
          ],
          [
            744783411306965,
            744783411359283
          ],
          [
            744783411306636,
            744783411348901
          ]
        ],
        "start_record_envelope_span_ns": 55456,
        "variant": 0
      },
      {
        "collective_only": {
          "local_ms": 0.04323200136423111,
          "rank_max_ms": 0.07100799679756165,
          "rank_ms": [
            0.04323200136423111,
            0.07100799679756165,
            0.05145600065588951,
            0.06054399907588959
          ]
        },
        "pair_attempt_id": 84,
        "pair_retry_ordinal": 0,
        "position": 0,
        "readiness_probe_exact": true,
        "ready_region": {
          "local_ms": 0.21641600131988525,
          "rank_max_ms": 0.21641600131988525,
          "rank_ms": [
            0.21641600131988525,
            0.12947200238704681,
            0.1510079950094223,
            0.13792000710964203
          ]
        },
        "sample_index": 72,
        "scheduled_start_arrival_ns_by_rank": [
          744783417491239,
          744783417164325,
          744783417551927,
          744783417605145
        ],
        "scheduled_start_target_ns_by_rank": [
          744783422605145,
          744783422605145,
          744783422605145,
          744783422605145
        ],
        "start_record_bracket_ns_by_rank": [
          [
            744783422607756,
            744783422651640
          ],
          [
            744783422605681,
            744783422623643
          ],
          [
            744783422606203,
            744783422643886
          ],
          [
            744783422605875,
            744783422633563
          ]
        ],
        "start_record_envelope_span_ns": 45959,
        "variant": 1
      },
      {
        "collective_only": {
          "local_ms": 0.053408000618219376,
          "rank_max_ms": 0.10239999741315842,
          "rank_ms": [
            0.053408000618219376,
            0.10239999741315842,
            0.07667200267314911,
            0.08902399986982346
          ]
        },
        "pair_attempt_id": 85,
        "pair_retry_ordinal": 0,
        "position": 1,
        "readiness_probe_exact": true,
        "ready_region": {
          "local_ms": 0.25145599246025085,
          "rank_max_ms": 0.25145599246025085,
          "rank_ms": [
            0.25145599246025085,
            0.15891200304031372,
            0.19129599630832672,
            0.19049599766731262
          ]
        },
        "sample_index": 73,
        "scheduled_start_arrival_ns_by_rank": [
          744783453823084,
          744783454044651,
          744783454144499,
          744783453882692
        ],
        "scheduled_start_target_ns_by_rank": [
          744783459144499,
          744783459144499,
          744783459144499,
          744783459144499
        ],
        "start_record_bracket_ns_by_rank": [
          [
            744783459147301,
            744783459218126
          ],
          [
            744783459145137,
            744783459166410
          ],
          [
            744783459146062,
            744783459191810
          ],
          [
            744783459145283,
            744783459179164
          ]
        ],
        "start_record_envelope_span_ns": 72989,
        "variant": 0
      },
      {
        "collective_only": {
          "local_ms": 0.08515200018882751,
          "rank_max_ms": 0.36476799845695496,
          "rank_ms": [
            0.08515200018882751,
            0.36476799845695496,
            0.04022400081157684,
            0.20735999941825867
          ]
        },
        "pair_attempt_id": 86,
        "pair_retry_ordinal": 0,
        "position": 0,
        "readiness_probe_exact": true,
        "ready_region": {
          "local_ms": 0.2210559993982315,
          "rank_max_ms": 0.3750079870223999,
          "rank_ms": [
            0.2210559993982315,
            0.3750079870223999,
            0.1772480010986328,
            0.21753600239753723
          ]
        },
        "sample_index": 74,
        "scheduled_start_arrival_ns_by_rank": [
          744783466431228,
          744783465677968,
          744783465787394,
          744783466215572
        ],
        "scheduled_start_target_ns_by_rank": [
          744783471431228,
          744783471431228,
          744783471431228,
          744783471431228
        ],
        "start_record_bracket_ns_by_rank": [
          [
            744783471691111,
            744783471736358
          ],
          [
            744783471431567,
            744783471454284
          ],
          [
            744783471733940,
            744783471780537
          ],
          [
            744783471571912,
            744783471612624
          ]
        ],
        "start_record_envelope_span_ns": 348970,
        "variant": 1
      },
      {
        "collective_only": {
          "local_ms": 0.03561599925160408,
          "rank_max_ms": 0.3670400083065033,
          "rank_ms": [
            0.03561599925160408,
            0.09324800223112106,
            0.3670400083065033,
            0.35414400696754456
          ]
        },
        "pair_attempt_id": 88,
        "pair_retry_ordinal": 1,
        "position": 1,
        "readiness_probe_exact": true,
        "ready_region": {
          "local_ms": 0.19302399456501007,
          "rank_max_ms": 0.37724798917770386,
          "rank_ms": [
            0.19302399456501007,
            0.1319359987974167,
            0.37724798917770386,
            0.3633919954299927
          ]
        },
        "sample_index": 75,
        "scheduled_start_arrival_ns_by_rank": [
          744783526125111,
          744783525586408,
          744783525442919,
          744783525524283
        ],
        "scheduled_start_target_ns_by_rank": [
          744783531125111,
          744783531125111,
          744783531125111,
          744783531125111
        ],
        "start_record_bracket_ns_by_rank": [
          [
            744783533553596,
            744783533595199
          ],
          [
            744783533520224,
            744783533539529
          ],
          [
            744783533224236,
            744783533265721
          ],
          [
            744783533242355,
            744783533277774
          ]
        ],
        "start_record_envelope_span_ns": 370963,
        "variant": 1
      },
      {
        "collective_only": {
          "local_ms": 0.04217600077390671,
          "rank_max_ms": 0.06111999973654747,
          "rank_ms": [
            0.04217600077390671,
            0.06111999973654747,
            0.039264000952243805,
            0.045184001326560974
          ]
        },
        "pair_attempt_id": 91,
        "pair_retry_ordinal": 2,
        "position": 0,
        "readiness_probe_exact": true,
        "ready_region": {
          "local_ms": 0.1895039975643158,
          "rank_max_ms": 0.1895039975643158,
          "rank_ms": [
            0.1895039975643158,
            0.14815999567508698,
            0.169855996966362,
            0.18265600502490997
          ]
        },
        "sample_index": 76,
        "scheduled_start_arrival_ns_by_rank": [
          744783585412069,
          744783584834687,
          744783585514339,
          744783585131592
        ],
        "scheduled_start_target_ns_by_rank": [
          744783590514339,
          744783590514339,
          744783590514339,
          744783590514339
        ],
        "start_record_bracket_ns_by_rank": [
          [
            744783590515474,
            744783590556228
          ],
          [
            744783590514855,
            744783590537325
          ],
          [
            744783590515458,
            744783590559375
          ],
          [
            744783590515255,
            744783590552970
          ]
        ],
        "start_record_envelope_span_ns": 44520,
        "variant": 0
      },
      {
        "collective_only": {
          "local_ms": 0.04032000154256821,
          "rank_max_ms": 0.0655359998345375,
          "rank_ms": [
            0.04032000154256821,
            0.0655359998345375,
            0.045152001082897186,
            0.04886399954557419
          ]
        },
        "pair_attempt_id": 93,
        "pair_retry_ordinal": 1,
        "position": 1,
        "readiness_probe_exact": true,
        "ready_region": {
          "local_ms": 0.2417919933795929,
          "rank_max_ms": 0.2417919933795929,
          "rank_ms": [
            0.2417919933795929,
            0.1703999936580658,
            0.19324800372123718,
            0.21247999370098114
          ]
        },
        "sample_index": 77,
        "scheduled_start_arrival_ns_by_rank": [
          744783643885982,
          744783643220104,
          744783643612709,
          744783643662998
        ],
        "scheduled_start_target_ns_by_rank": [
          744783648885982,
          744783648885982,
          744783648885982,
          744783648885982
        ],
        "start_record_bracket_ns_by_rank": [
          [
            744783648886769,
            744783648930614
          ],
          [
            744783648886385,
            744783648907294
          ],
          [
            744783648886822,
            744783648928688
          ],
          [
            744783648886729,
            744783648924047
          ]
        ],
        "start_record_envelope_span_ns": 44229,
        "variant": 0
      },
      {
        "collective_only": {
          "local_ms": 0.04255999997258186,
          "rank_max_ms": 0.05961599946022034,
          "rank_ms": [
            0.04255999997258186,
            0.05961599946022034,
            0.03859199956059456,
            0.045343998819589615
          ]
        },
        "pair_attempt_id": 94,
        "pair_retry_ordinal": 0,
        "position": 0,
        "readiness_probe_exact": true,
        "ready_region": {
          "local_ms": 0.21952000260353088,
          "rank_max_ms": 0.21952000260353088,
          "rank_ms": [
            0.21952000260353088,
            0.14195199310779572,
            0.1568319946527481,
            0.17283199727535248
          ]
        },
        "sample_index": 78,
        "scheduled_start_arrival_ns_by_rank": [
          744783654733829,
          744783654146779,
          744783654285323,
          744783654458652
        ],
        "scheduled_start_target_ns_by_rank": [
          744783659733829,
          744783659733829,
          744783659733829,
          744783659733829
        ],
        "start_record_bracket_ns_by_rank": [
          [
            744783659734942,
            744783659773881
          ],
          [
            744783659734310,
            744783659756950
          ],
          [
            744783659734650,
            744783659776793
          ],
          [
            744783659734813,
            744783659770459
          ]
        ],
        "start_record_envelope_span_ns": 42483,
        "variant": 1
      },
      {
        "collective_only": {
          "local_ms": 0.05209600180387497,
          "rank_max_ms": 0.07635200023651123,
          "rank_ms": [
            0.05209600180387497,
            0.07635200023651123,
            0.043776001781225204,
            0.0605119988322258
          ]
        },
        "pair_attempt_id": 95,
        "pair_retry_ordinal": 0,
        "position": 1,
        "readiness_probe_exact": true,
        "ready_region": {
          "local_ms": 0.2072640061378479,
          "rank_max_ms": 0.2072640061378479,
          "rank_ms": [
            0.2072640061378479,
            0.1586879938840866,
            0.20044800639152527,
            0.19324800372123718
          ]
        },
        "sample_index": 79,
        "scheduled_start_arrival_ns_by_rank": [
          744783689419436,
          744783689259760,
          744783689481547,
          744783689528930
        ],
        "scheduled_start_target_ns_by_rank": [
          744783694528930,
          744783694528930,
          744783694528930,
          744783694528930
        ],
        "start_record_bracket_ns_by_rank": [
          [
            744783694530317,
            744783694575888
          ],
          [
            744783694529410,
            744783694551434
          ],
          [
            744783694530998,
            744783694584001
          ],
          [
            744783694529714,
            744783694567839
          ]
        ],
        "start_record_envelope_span_ns": 54591,
        "variant": 0
      },
      {
        "collective_only": {
          "local_ms": 0.06534399837255478,
          "rank_max_ms": 0.08883199840784073,
          "rank_ms": [
            0.06534399837255478,
            0.08883199840784073,
            0.055456001311540604,
            0.07142399996519089
          ]
        },
        "pair_attempt_id": 96,
        "pair_retry_ordinal": 0,
        "position": 0,
        "readiness_probe_exact": true,
        "ready_region": {
          "local_ms": 0.22473600506782532,
          "rank_max_ms": 0.22473600506782532,
          "rank_ms": [
            0.22473600506782532,
            0.1700800061225891,
            0.21423999965190887,
            0.20876799523830414
          ]
        },
        "sample_index": 80,
        "scheduled_start_arrival_ns_by_rank": [
          744783700085654,
          744783699749257,
          744783700127272,
          744783699974862
        ],
        "scheduled_start_target_ns_by_rank": [
          744783705127272,
          744783705127272,
          744783705127272,
          744783705127272
        ],
        "start_record_bracket_ns_by_rank": [
          [
            744783705128201,
            744783705172305
          ],
          [
            744783705127709,
            744783705149918
          ],
          [
            744783705128573,
            744783705182377
          ],
          [
            744783705128185,
            744783705166334
          ]
        ],
        "start_record_envelope_span_ns": 54668,
        "variant": 1
      },
      {
        "collective_only": {
          "local_ms": 0.03440000116825104,
          "rank_max_ms": 0.05587200075387955,
          "rank_ms": [
            0.03440000116825104,
            0.05587200075387955,
            0.038656000047922134,
            0.03872000053524971
          ]
        },
        "pair_attempt_id": 99,
        "pair_retry_ordinal": 2,
        "position": 1,
        "readiness_probe_exact": true,
        "ready_region": {
          "local_ms": 0.20054399967193604,
          "rank_max_ms": 0.20054399967193604,
          "rank_ms": [
            0.20054399967193604,
            0.16025599837303162,
            0.18409599363803864,
            0.18960000574588776
          ]
        },
        "sample_index": 81,
        "scheduled_start_arrival_ns_by_rank": [
          744783786546211,
          744783786402199,
          744783786880558,
          744783786924537
        ],
        "scheduled_start_target_ns_by_rank": [
          744783791924537,
          744783791924537,
          744783791924537,
          744783791924537
        ],
        "start_record_bracket_ns_by_rank": [
          [
            744783791925870,
            744783791964625
          ],
          [
            744783791925050,
            744783791946718
          ],
          [
            744783791925805,
            744783791965136
          ],
          [
            744783791925605,
            744783791960235
          ]
        ],
        "start_record_envelope_span_ns": 40086,
        "variant": 0
      },
      {
        "collective_only": {
          "local_ms": 0.04560000076889992,
          "rank_max_ms": 0.05615999922156334,
          "rank_ms": [
            0.04560000076889992,
            0.05615999922156334,
            0.03564799949526787,
            0.04307200014591217
          ]
        },
        "pair_attempt_id": 100,
        "pair_retry_ordinal": 0,
        "position": 0,
        "readiness_probe_exact": true,
        "ready_region": {
          "local_ms": 0.1404159963130951,
          "rank_max_ms": 0.17123199999332428,
          "rank_ms": [
            0.1404159963130951,
            0.12329600006341934,
            0.17123199999332428,
            0.14390400052070618
          ]
        },
        "sample_index": 82,
        "scheduled_start_arrival_ns_by_rank": [
          744783797672000,
          744783797178744,
          744783797660261,
          744783797812524
        ],
        "scheduled_start_target_ns_by_rank": [
          744783802812524,
          744783802812524,
          744783802812524,
          744783802812524
        ],
        "start_record_bracket_ns_by_rank": [
          [
            744783802813274,
            744783802843173
          ],
          [
            744783802813127,
            744783802831061
          ],
          [
            744783802813736,
            744783802852440
          ],
          [
            744783802813446,
            744783802842365
          ]
        ],
        "start_record_envelope_span_ns": 39313,
        "variant": 1
      },
      {
        "collective_only": {
          "local_ms": 0.03951999917626381,
          "rank_max_ms": 0.06313599646091461,
          "rank_ms": [
            0.03951999917626381,
            0.06313599646091461,
            0.038336001336574554,
            0.049375999718904495
          ]
        },
        "pair_attempt_id": 102,
        "pair_retry_ordinal": 1,
        "position": 1,
        "readiness_probe_exact": true,
        "ready_region": {
          "local_ms": 0.19337600469589233,
          "rank_max_ms": 0.19337600469589233,
          "rank_ms": [
            0.19337600469589233,
            0.15436799824237823,
            0.15955199301242828,
            0.17958399653434753
          ]
        },
        "sample_index": 83,
        "scheduled_start_arrival_ns_by_rank": [
          744783854069227,
          744783853798342,
          744783854145545,
          744783854175866
        ],
        "scheduled_start_target_ns_by_rank": [
          744783859175866,
          744783859175866,
          744783859175866,
          744783859175866
        ],
        "start_record_bracket_ns_by_rank": [
          [
            744783859177113,
            744783859231831
          ],
          [
            744783859176413,
            744783859210379
          ],
          [
            744783859176694,
            744783859234440
          ],
          [
            744783859176736,
            744783859222481
          ]
        ],
        "start_record_envelope_span_ns": 58027,
        "variant": 1
      },
      {
        "collective_only": {
          "local_ms": 0.06623999774456024,
          "rank_max_ms": 0.07820799946784973,
          "rank_ms": [
            0.06623999774456024,
            0.07820799946784973,
            0.0634239986538887,
            0.06592000275850296
          ]
        },
        "pair_attempt_id": 104,
        "pair_retry_ordinal": 1,
        "position": 0,
        "readiness_probe_exact": true,
        "ready_region": {
          "local_ms": 0.15667200088500977,
          "rank_max_ms": 0.1881919950246811,
          "rank_ms": [
            0.15667200088500977,
            0.14480000734329224,
            0.1881919950246811,
            0.18092800676822662
          ]
        },
        "sample_index": 84,
        "scheduled_start_arrival_ns_by_rank": [
          744783890665562,
          744783890726377,
          744783890945944,
          744783890763265
        ],
        "scheduled_start_target_ns_by_rank": [
          744783895945944,
          744783895945944,
          744783895945944,
          744783895945944
        ],
        "start_record_bracket_ns_by_rank": [
          [
            744783895946469,
            744783895978657
          ],
          [
            744783895946465,
            744783895966201
          ],
          [
            744783895946611,
            744783895980848
          ],
          [
            744783895946622,
            744783895978265
          ]
        ],
        "start_record_envelope_span_ns": 34383,
        "variant": 1
      },
      {
        "collective_only": {
          "local_ms": 0.03420799970626831,
          "rank_max_ms": 0.47654399275779724,
          "rank_ms": [
            0.03420799970626831,
            0.47654399275779724,
            0.34143999218940735,
            0.34595200419425964
          ]
        },
        "pair_attempt_id": 105,
        "pair_retry_ordinal": 0,
        "position": 1,
        "readiness_probe_exact": true,
        "ready_region": {
          "local_ms": 0.19788800179958344,
          "rank_max_ms": 0.4868159890174866,
          "rank_ms": [
            0.19788800179958344,
            0.4868159890174866,
            0.3517119884490967,
            0.35555198788642883
          ]
        },
        "sample_index": 85,
        "scheduled_start_arrival_ns_by_rank": [
          744783920387593,
          744783920118172,
          744783920333064,
          744783920361278
        ],
        "scheduled_start_target_ns_by_rank": [
          744783925387593,
          744783925387593,
          744783925387593,
          744783925387593
        ],
        "start_record_bracket_ns_by_rank": [
          [
            744783927089564,
            744783927127828
          ],
          [
            744783926665828,
            744783926688161
          ],
          [
            744783926784546,
            744783926823814
          ],
          [
            744783926782551,
            744783926817349
          ]
        ],
        "start_record_envelope_span_ns": 462000,
        "variant": 0
      },
      {
        "collective_only": {
          "local_ms": 0.04495999962091446,
          "rank_max_ms": 0.060447998344898224,
          "rank_ms": [
            0.04495999962091446,
            0.060447998344898224,
            0.03827200084924698,
            0.04652800038456917
          ]
        },
        "pair_attempt_id": 106,
        "pair_retry_ordinal": 0,
        "position": 0,
        "readiness_probe_exact": true,
        "ready_region": {
          "local_ms": 0.1555200070142746,
          "rank_max_ms": 0.1690240055322647,
          "rank_ms": [
            0.1555200070142746,
            0.1390720009803772,
            0.1690240055322647,
            0.16579200327396393
          ]
        },
        "sample_index": 86,
        "scheduled_start_arrival_ns_by_rank": [
          744783933576853,
          744783933277912,
          744783933324867,
          744783933370697
        ],
        "scheduled_start_target_ns_by_rank": [
          744783938576853,
          744783938576853,
          744783938576853,
          744783938576853
        ],
        "start_record_bracket_ns_by_rank": [
          [
            744783938577786,
            744783938611138
          ],
          [
            744783938577303,
            744783938599107
          ],
          [
            744783938578045,
            744783938621191
          ],
          [
            744783938577814,
            744783938612117
          ]
        ],
        "start_record_envelope_span_ns": 43888,
        "variant": 1
      },
      {
        "collective_only": {
          "local_ms": 0.054496001452207565,
          "rank_max_ms": 0.08915200084447861,
          "rank_ms": [
            0.054496001452207565,
            0.08915200084447861,
            0.06188800185918808,
            0.07056000083684921
          ]
        },
        "pair_attempt_id": 107,
        "pair_retry_ordinal": 0,
        "position": 1,
        "readiness_probe_exact": true,
        "ready_region": {
          "local_ms": 0.3250240087509155,
          "rank_max_ms": 0.3250240087509155,
          "rank_ms": [
            0.3250240087509155,
            0.1687999963760376,
            0.19631999731063843,
            0.19881600141525269
          ]
        },
        "sample_index": 87,
        "scheduled_start_arrival_ns_by_rank": [
          744783967459484,
          744783966877364,
          744783966988906,
          744783967401693
        ],
        "scheduled_start_target_ns_by_rank": [
          744783972459484,
          744783972459484,
          744783972459484,
          744783972459484
        ],
        "start_record_bracket_ns_by_rank": [
          [
            744783972462367,
            744783972521336
          ],
          [
            744783972459940,
            744783972485036
          ],
          [
            744783972461137,
            744783972513970
          ],
          [
            744783972460497,
            744783972502029
          ]
        ],
        "start_record_envelope_span_ns": 61396,
        "variant": 0
      },
      {
        "collective_only": {
          "local_ms": 0.03993599861860275,
          "rank_max_ms": 0.05766399949789047,
          "rank_ms": [
            0.03993599861860275,
            0.05766399949789047,
            0.03699199855327606,
            0.043136000633239746
          ]
        },
        "pair_attempt_id": 110,
        "pair_retry_ordinal": 2,
        "position": 0,
        "readiness_probe_exact": true,
        "ready_region": {
          "local_ms": 0.16566400229930878,
          "rank_max_ms": 0.16566400229930878,
          "rank_ms": [
            0.16566400229930878,
            0.12691199779510498,
            0.1563519984483719,
            0.16233600676059723
          ]
        },
        "sample_index": 88,
        "scheduled_start_arrival_ns_by_rank": [
          744784024541114,
          744784024155037,
          744784025241833,
          744784024918498
        ],
        "scheduled_start_target_ns_by_rank": [
          744784030241833,
          744784030241833,
          744784030241833,
          744784030241833
        ],
        "start_record_bracket_ns_by_rank": [
          [
            744784030242892,
            744784030278305
          ],
          [
            744784030242359,
            744784030261537
          ],
          [
            744784030242880,
            744784030283176
          ],
          [
            744784030242757,
            744784030276809
          ]
        ],
        "start_record_envelope_span_ns": 40817,
        "variant": 1
      },
      {
        "collective_only": {
          "local_ms": 0.09788800030946732,
          "rank_max_ms": 0.11948800086975098,
          "rank_ms": [
            0.09788800030946732,
            0.11948800086975098,
            0.05913599953055382,
            0.036448001861572266
          ]
        },
        "pair_attempt_id": 111,
        "pair_retry_ordinal": 0,
        "position": 1,
        "readiness_probe_exact": true,
        "ready_region": {
          "local_ms": 0.20563200116157532,
          "rank_max_ms": 0.20563200116157532,
          "rank_ms": [
            0.20563200116157532,
            0.1621759980916977,
            0.18531200289726257,
            0.1929599940776825
          ]
        },
        "sample_index": 89,
        "scheduled_start_arrival_ns_by_rank": [
          744784059951781,
          744784059565277,
          744784059989955,
          744784060238598
        ],
        "scheduled_start_target_ns_by_rank": [
          744784065238598,
          744784065238598,
          744784065238598,
          744784065238598
        ],
        "start_record_bracket_ns_by_rank": [
          [
            744784065239725,
            744784065284371
          ],
          [
            744784065239291,
            744784065263222
          ],
          [
            744784065279378,
            744784065324575
          ],
          [
            744784065302409,
            744784065344082
          ]
        ],
        "start_record_envelope_span_ns": 104791,
        "variant": 0
      },
      {
        "collective_only": {
          "local_ms": 0.22249600291252136,
          "rank_max_ms": 0.2608639895915985,
          "rank_ms": [
            0.22249600291252136,
            0.2608639895915985,
            0.17971199750900269,
            0.0350399985909462
          ]
        },
        "pair_attempt_id": 112,
        "pair_retry_ordinal": 0,
        "position": 0,
        "readiness_probe_exact": true,
        "ready_region": {
          "local_ms": 0.23257599771022797,
          "rank_max_ms": 0.2710080146789551,
          "rank_ms": [
            0.23257599771022797,
            0.2710080146789551,
            0.18908800184726715,
            0.16764800250530243
          ]
        },
        "sample_index": 90,
        "scheduled_start_arrival_ns_by_rank": [
          744784072047810,
          744784071319925,
          744784071593563,
          744784071297635
        ],
        "scheduled_start_target_ns_by_rank": [
          744784077047810,
          744784077047810,
          744784077047810,
          744784077047810
        ],
        "start_record_bracket_ns_by_rank": [
          [
            744784077066994,
            744784077108319
          ],
          [
            744784077048449,
            744784077069812
          ],
          [
            744784077111107,
            744784077153640
          ],
          [
            744784077260434,
            744784077295432
          ]
        ],
        "start_record_envelope_span_ns": 246983,
        "variant": 1
      },
      {
        "collective_only": {
          "local_ms": 0.04230400174856186,
          "rank_max_ms": 0.07417599856853485,
          "rank_ms": [
            0.04230400174856186,
            0.07417599856853485,
            0.05734400078654289,
            0.06015999987721443
          ]
        },
        "pair_attempt_id": 113,
        "pair_retry_ordinal": 0,
        "position": 1,
        "readiness_probe_exact": true,
        "ready_region": {
          "local_ms": 0.2125760018825531,
          "rank_max_ms": 0.2125760018825531,
          "rank_ms": [
            0.2125760018825531,
            0.15299199521541595,
            0.16873599588871002,
            0.18387199938297272
          ]
        },
        "sample_index": 91,
        "scheduled_start_arrival_ns_by_rank": [
          744784106155953,
          744784105833022,
          744784106122432,
          744784105980277
        ],
        "scheduled_start_target_ns_by_rank": [
          744784111155953,
          744784111155953,
          744784111155953,
          744784111155953
        ],
        "start_record_bracket_ns_by_rank": [
          [
            744784111157900,
            744784111210754
          ],
          [
            744784111156513,
            744784111177682
          ],
          [
            744784111157240,
            744784111205892
          ],
          [
            744784111156738,
            744784111191298
          ]
        ],
        "start_record_envelope_span_ns": 54241,
        "variant": 0
      },
      {
        "collective_only": {
          "local_ms": 0.048128001391887665,
          "rank_max_ms": 0.0926079973578453,
          "rank_ms": [
            0.048128001391887665,
            0.0926079973578453,
            0.05353600159287453,
            0.07593599706888199
          ]
        },
        "pair_attempt_id": 115,
        "pair_retry_ordinal": 1,
        "position": 0,
        "readiness_probe_exact": true,
        "ready_region": {
          "local_ms": 0.22700800001621246,
          "rank_max_ms": 0.22700800001621246,
          "rank_ms": [
            0.22700800001621246,
            0.17580799758434296,
            0.20403200387954712,
            0.20707200467586517
          ]
        },
        "sample_index": 92,
        "scheduled_start_arrival_ns_by_rank": [
          744784142149173,
          744784141155029,
          744784141410965,
          744784141550097
        ],
        "scheduled_start_target_ns_by_rank": [
          744784147149173,
          744784147149173,
          744784147149173,
          744784147149173
        ],
        "start_record_bracket_ns_by_rank": [
          [
            744784147150522,
            744784147218889
          ],
          [
            744784147149615,
            744784147173037
          ],
          [
            744784147150576,
            744784147215990
          ],
          [
            744784147150262,
            744784147189395
          ]
        ],
        "start_record_envelope_span_ns": 69274,
        "variant": 0
      },
      {
        "collective_only": {
          "local_ms": 0.05644800141453743,
          "rank_max_ms": 0.06774400174617767,
          "rank_ms": [
            0.05644800141453743,
            0.06774400174617767,
            0.0498879998922348,
            0.05587200075387955
          ]
        },
        "pair_attempt_id": 116,
        "pair_retry_ordinal": 0,
        "position": 1,
        "readiness_probe_exact": true,
        "ready_region": {
          "local_ms": 0.20150400698184967,
          "rank_max_ms": 0.20150400698184967,
          "rank_ms": [
            0.20150400698184967,
            0.15436799824237823,
            0.17843200266361237,
            0.19510400295257568
          ]
        },
        "sample_index": 93,
        "scheduled_start_arrival_ns_by_rank": [
          744784177891583,
          744784177652541,
          744784177727643,
          744784178129565
        ],
        "scheduled_start_target_ns_by_rank": [
          744784183129565,
          744784183129565,
          744784183129565,
          744784183129565
        ],
        "start_record_bracket_ns_by_rank": [
          [
            744784183130640,
            744784183168840
          ],
          [
            744784183130048,
            744784183153739
          ],
          [
            744784183130566,
            744784183171729
          ],
          [
            744784183130454,
            744784183165820
          ]
        ],
        "start_record_envelope_span_ns": 41681,
        "variant": 1
      },
      {
        "collective_only": {
          "local_ms": 0.04403200000524521,
          "rank_max_ms": 0.0658240020275116,
          "rank_ms": [
            0.04403200000524521,
            0.0658240020275116,
            0.03999999910593033,
            0.05183999985456467
          ]
        },
        "pair_attempt_id": 118,
        "pair_retry_ordinal": 1,
        "position": 0,
        "readiness_probe_exact": true,
        "ready_region": {
          "local_ms": 0.2327360063791275,
          "rank_max_ms": 0.2327360063791275,
          "rank_ms": [
            0.2327360063791275,
            0.15945599973201752,
            0.18252800405025482,
            0.18278400599956512
          ]
        },
        "sample_index": 94,
        "scheduled_start_arrival_ns_by_rank": [
          744784212601081,
          744784212720097,
          744784213324862,
          744784212578603
        ],
        "scheduled_start_target_ns_by_rank": [
          744784218324862,
          744784218324862,
          744784218324862,
          744784218324862
        ],
        "start_record_bracket_ns_by_rank": [
          [
            744784218325848,
            744784218370067
          ],
          [
            744784218325324,
            744784218348437
          ],
          [
            744784218326532,
            744784218373531
          ],
          [
            744784218325869,
            744784218364046
          ]
        ],
        "start_record_envelope_span_ns": 48207,
        "variant": 1
      },
      {
        "collective_only": {
          "local_ms": 0.051231998950242996,
          "rank_max_ms": 0.081727996468544,
          "rank_ms": [
            0.051231998950242996,
            0.081727996468544,
            0.059487998485565186,
            0.06710399687290192
          ]
        },
        "pair_attempt_id": 119,
        "pair_retry_ordinal": 0,
        "position": 1,
        "readiness_probe_exact": true,
        "ready_region": {
          "local_ms": 0.25484800338745117,
          "rank_max_ms": 0.25484800338745117,
          "rank_ms": [
            0.25484800338745117,
            0.1528960019350052,
            0.17446400225162506,
            0.18742400407791138
          ]
        },
        "sample_index": 95,
        "scheduled_start_arrival_ns_by_rank": [
          744784245597372,
          744784245478275,
          744784245351071,
          744784245325717
        ],
        "scheduled_start_target_ns_by_rank": [
          744784250597372,
          744784250597372,
          744784250597372,
          744784250597372
        ],
        "start_record_bracket_ns_by_rank": [
          [
            744784250600476,
            744784250653113
          ],
          [
            744784250597910,
            744784250621597
          ],
          [
            744784250598792,
            744784250644409
          ],
          [
            744784250598477,
            744784250635892
          ]
        ],
        "start_record_envelope_span_ns": 55203,
        "variant": 0
      },
      {
        "collective_only": {
          "local_ms": 0.04137599840760231,
          "rank_max_ms": 0.05817599967122078,
          "rank_ms": [
            0.04137599840760231,
            0.05817599967122078,
            0.037248000502586365,
            0.04793599992990494
          ]
        },
        "pair_attempt_id": 120,
        "pair_retry_ordinal": 0,
        "position": 0,
        "readiness_probe_exact": true,
        "ready_region": {
          "local_ms": 0.23984000086784363,
          "rank_max_ms": 0.23984000086784363,
          "rank_ms": [
            0.23984000086784363,
            0.14441600441932678,
            0.19203199446201324,
            0.1736000031232834
          ]
        },
        "sample_index": 96,
        "scheduled_start_arrival_ns_by_rank": [
          744784256894952,
          744784256311445,
          744784256538844,
          744784256847859
        ],
        "scheduled_start_target_ns_by_rank": [
          744784261894952,
          744784261894952,
          744784261894952,
          744784261894952
        ],
        "start_record_bracket_ns_by_rank": [
          [
            744784261895716,
            744784261930851
          ],
          [
            744784261895414,
            744784261914447
          ],
          [
            744784261895962,
            744784261936189
          ],
          [
            744784261895762,
            744784261925822
          ]
        ],
        "start_record_envelope_span_ns": 40775,
        "variant": 1
      },
      {
        "collective_only": {
          "local_ms": 0.03996799886226654,
          "rank_max_ms": 0.06361600011587143,
          "rank_ms": [
            0.03996799886226654,
            0.06361600011587143,
            0.04620800167322159,
            0.04975999891757965
          ]
        },
        "pair_attempt_id": 121,
        "pair_retry_ordinal": 0,
        "position": 1,
        "readiness_probe_exact": true,
        "ready_region": {
          "local_ms": 0.21913599967956543,
          "rank_max_ms": 0.21913599967956543,
          "rank_ms": [
            0.21913599967956543,
            0.15302400290966034,
            0.16179199516773224,
            0.17043200135231018
          ]
        },
        "sample_index": 97,
        "scheduled_start_arrival_ns_by_rank": [
          744784291416624,
          744784291364833,
          744784291183807,
          744784291558074
        ],
        "scheduled_start_target_ns_by_rank": [
          744784296558074,
          744784296558074,
          744784296558074,
          744784296558074
        ],
        "start_record_bracket_ns_by_rank": [
          [
            744784296559436,
            744784296604306
          ],
          [
            744784296558673,
            744784296583938
          ],
          [
            744784296559053,
            744784296601706
          ],
          [
            744784296558820,
            744784296592167
          ]
        ],
        "start_record_envelope_span_ns": 45633,
        "variant": 0
      },
      {
        "collective_only": {
          "local_ms": 0.17043200135231018,
          "rank_max_ms": 0.18617600202560425,
          "rank_ms": [
            0.17043200135231018,
            0.18617600202560425,
            0.036959998309612274,
            0.12838399410247803
          ]
        },
        "pair_attempt_id": 122,
        "pair_retry_ordinal": 0,
        "position": 0,
        "readiness_probe_exact": true,
        "ready_region": {
          "local_ms": 0.22038400173187256,
          "rank_max_ms": 0.22038400173187256,
          "rank_ms": [
            0.22038400173187256,
            0.1963520050048828,
            0.18963199853897095,
            0.1945279985666275
          ]
        },
        "sample_index": 98,
        "scheduled_start_arrival_ns_by_rank": [
          744784303889059,
          744784303059264,
          744784303959587,
          744784303648943
        ],
        "scheduled_start_target_ns_by_rank": [
          744784308959587,
          744784308959587,
          744784308959587,
          744784308959587
        ],
        "start_record_bracket_ns_by_rank": [
          [
            744784308960403,
            744784309021634
          ],
          [
            744784308960000,
            744784308980659
          ],
          [
            744784309088326,
            744784309130002
          ],
          [
            744784308980385,
            744784309037349
          ]
        ],
        "start_record_envelope_span_ns": 170002,
        "variant": 1
      },
      {
        "collective_only": {
          "local_ms": 0.04371200129389763,
          "rank_max_ms": 0.0658240020275116,
          "rank_ms": [
            0.04371200129389763,
            0.0658240020275116,
            0.04092799872159958,
            0.04851200059056282
          ]
        },
        "pair_attempt_id": 123,
        "pair_retry_ordinal": 0,
        "position": 1,
        "readiness_probe_exact": true,
        "ready_region": {
          "local_ms": 0.19926400482654572,
          "rank_max_ms": 0.20364800095558167,
          "rank_ms": [
            0.19926400482654572,
            0.15532800555229187,
            0.17059199512004852,
            0.20364800095558167
          ]
        },
        "sample_index": 99,
        "scheduled_start_arrival_ns_by_rank": [
          744784335848337,
          744784335739141,
          744784336652092,
          744784335836572
        ],
        "scheduled_start_target_ns_by_rank": [
          744784341652092,
          744784341652092,
          744784341652092,
          744784341652092
        ],
        "start_record_bracket_ns_by_rank": [
          [
            744784341653254,
            744784341698108
          ],
          [
            744784341652787,
            744784341675495
          ],
          [
            744784341653024,
            744784341700341
          ],
          [
            744784341653090,
            744784341695474
          ]
        ],
        "start_record_envelope_span_ns": 47554,
        "variant": 0
      }
    ],
    "warmup_order": [
      [
        "reference",
        "candidate"
      ],
      [
        "candidate",
        "reference"
      ],
      [
        "reference",
        "candidate"
      ],
      [
        "candidate",
        "reference"
      ],
      [
        "reference",
        "candidate"
      ],
      [
        "candidate",
        "reference"
      ],
      [
        "reference",
        "candidate"
      ],
      [
        "candidate",
        "reference"
      ],
      [
        "reference",
        "candidate"
      ],
      [
        "candidate",
        "reference"
      ]
    ],
    "warmup_variants": [
      1,
      0,
      1,
      0,
      1,
      0,
      1,
      0,
      1,
      0
    ]
  },
  "readiness_probe": {
    "dtype": "torch.bfloat16",
    "full_tensor_consumer": "preallocated BF16 negation output",
    "full_tensor_validation": "exact on every warmup and measured sample",
    "num_elements": 60,
    "positions": [
      [
        0,
        0
      ],
      [
        0,
        1
      ],
      [
        0,
        2
      ],
      [
        0,
        3
      ],
      [
        0,
        2048
      ],
      [
        0,
        3072
      ],
      [
        0,
        6140
      ],
      [
        0,
        6141
      ],
      [
        0,
        6142
      ],
      [
        0,
        6143
      ],
      [
        1,
        0
      ],
      [
        1,
        1
      ],
      [
        1,
        2
      ],
      [
        1,
        3
      ],
      [
        1,
        2048
      ],
      [
        1,
        3072
      ],
      [
        1,
        6140
      ],
      [
        1,
        6141
      ],
      [
        1,
        6142
      ],
      [
        1,
        6143
      ],
      [
        10,
        0
      ],
      [
        10,
        1
      ],
      [
        10,
        2
      ],
      [
        10,
        3
      ],
      [
        10,
        2048
      ],
      [
        10,
        3072
      ],
      [
        10,
        6140
      ],
      [
        10,
        6141
      ],
      [
        10,
        6142
      ],
      [
        10,
        6143
      ],
      [
        16,
        0
      ],
      [
        16,
        1
      ],
      [
        16,
        2
      ],
      [
        16,
        3
      ],
      [
        16,
        2048
      ],
      [
        16,
        3072
      ],
      [
        16,
        6140
      ],
      [
        16,
        6141
      ],
      [
        16,
        6142
      ],
      [
        16,
        6143
      ],
      [
        30,
        0
      ],
      [
        30,
        1
      ],
      [
        30,
        2
      ],
      [
        30,
        3
      ],
      [
        30,
        2048
      ],
      [
        30,
        3072
      ],
      [
        30,
        6140
      ],
      [
        30,
        6141
      ],
      [
        30,
        6142
      ],
      [
        30,
        6143
      ],
      [
        31,
        0
      ],
      [
        31,
        1
      ],
      [
        31,
        2
      ],
      [
        31,
        3
      ],
      [
        31,
        2048
      ],
      [
        31,
        3072
      ],
      [
        31,
        6140
      ],
      [
        31,
        6141
      ],
      [
        31,
        6142
      ],
      [
        31,
        6143
      ]
    ],
    "validation": "exact on every warmup and measured sample"
  },
  "reference": {
    "collective_only": {
      "median_ms": 0.06596799939870834,
      "min_ms": 0.04495999962091446,
      "p95_ms": 0.36476799845695496
    },
    "gate_metric": "ready_region.rank_max_ms",
    "readiness_probe_overhead_median_ms": 0.1260800026357174,
    "ready_region": {
      "median_ms": 0.1998239979147911,
      "min_ms": 0.1446080058813095,
      "p95_ms": 0.3750079870223999
    }
  },
  "reference_policy": "SGLANG_GLM52_OPT=0 production GroupCoordinator path",
  "result_path": "/tmp/tp_allreduce_reachability_20260722T192433Z/paired/m32_reference_control.json",
  "schema_version": 2,
  "scope": "tp4_allreduce_diagnostic_only",
  "timing_contract": {
    "alignment_retry_admission": "scheduled arrivals, common targets, and start-record brackets only; collective and ready-region latency are excluded",
    "collective_only": "start event through event recorded immediately after run()",
    "gate_metric": "ready_region rank-max paired p50",
    "rank_start_alignment": "selected stream synchronized after restoration; TP CPU-group all-gather selects a common same-host monotonic deadline 5 ms after latest arrival; ranks busy-wait; host timestamps bracket every start-event record call; a host-only 500 us envelope predicate allows at most 10 physical attempts for the whole logical A/B pair; the exact input variant alternates on every physical pair",
    "ready_region": "start event through full-tensor same-stream negation and position-sensitive gather",
    "restoration": "variant source-to-local copy and consumer/probe poison occur before every start event"
  },
  "workload": {
    "distributed": true,
    "family": "allreduce",
    "name": "tp4_allreduce_decode_m32",
    "notes": "TP4/DP4 decode bucket: local M=32; sum reduction. Standalone diagnostic; production caller/ABI not yet proven.",
    "params": {
      "dtype": "bfloat16",
      "hidden": 6144,
      "local_tokens": 32
    },
    "phase": "decode",
    "source_symbol": "sglang.srt.distributed.parallel_state.GroupCoordinator.all_reduce",
    "world_size": 4
  }
}
